,Date,Close,High,Low,Open,Volume,Daily_Return,MA20,MA50,Target
0,2015-03-16,27.73420524597168,27.73420524597168,27.272524673677072,27.496705511084336,143497200,0.011004179818117077,28.34704351425171,26.514825592041017,28.198104858398438
1,2015-03-17,28.198104858398438,28.260254062443913,27.889577243002098,27.945067845676817,204092400,0.01672662361558519,28.33827600479126,26.595352478027344,28.51551628112793
2,2015-03-18,28.51551628112793,28.668670913843595,28.049395473856592,28.18923120800626,261083600,0.011256480686323789,28.335501766204835,26.69584674835205,28.30020523071289
3,2015-03-19,28.30020523071289,28.68863942015405,28.27800933000399,28.57765822317086,183238000,-0.007550662884456938,28.324958515167236,26.79199073791504,27.94507598876953
4,2015-03-20,27.94507598876953,28.499980483775065,27.780824231152863,28.466687467219813,274780400,-0.012548645462046149,28.285005474090575,26.874443588256835,28.2358455657959
5,2015-03-23,28.2358455657959,28.37790141092107,28.08269091981063,28.215869756374822,150838800,0.010405037980330434,28.220747661590575,26.944405517578126,28.12042236328125
6,2015-03-24,28.12042236328125,28.42006962832753,28.0915661619747,28.240282285363186,131369200,-0.004087825251972266,28.15993022918701,27.011528549194335,27.385723114013672
7,2015-03-25,27.385723114013672,28.149274390306743,27.385723114013672,28.08712518287617,206620800,-0.026126892397851265,28.099889278411865,27.076161613464354,27.576614379882812
8,2015-03-26,27.576614379882812,27.718670212747906,27.21259609648612,27.248110901421946,190291600,0.006970466511854179,28.031302738189698,27.140323448181153,27.356861114501953
9,2015-03-27,27.356861114501953,27.678705862003074,27.28139472427791,27.649851364583014,158184800,-0.007968826860093814,27.973481273651124,27.201947288513182,28.049392700195312
10,2015-03-30,28.049392700195312,28.05605130210032,27.52334113499331,27.534439933794285,188398800,0.02531473120380201,27.94329423904419,27.29059871673584,27.61878776550293
11,2015-03-31,27.61878776550293,28.07602987133525,27.603250461715593,27.987244552505132,168362400,-0.01535166694319856,27.888580799102783,27.374308242797852,27.578832626342773
12,2015-04-01,27.578832626342773,27.771940554974115,27.32357548668681,27.70535114691117,162485600,-0.0014466652012171677,27.840969562530518,27.445147018432618,27.816329956054688
13,2015-04-02,27.816329956054688,27.869600461828853,27.565513035155764,27.751960652084765,128880400,0.008611580226389304,27.8288724899292,27.51706558227539,28.266918182373047
14,2015-04-06,28.266918182373047,28.302432987869057,27.596592316307593,27.627666924397037,148776000,0.016198694329202068,27.83719644546509,27.585393829345705,27.969484329223633
15,2015-04-07,27.969484329223633,28.437823465920474,27.96282572773791,28.331282455271303,140049200,-0.010522330422808146,27.82465534210205,27.645208892822264,27.878488540649414
16,2015-04-08,27.878488540649414,28.056059210887202,27.73865278090876,27.933979163418794,149316800,-0.0032533952897780827,27.83675260543823,27.702673301696777,28.09157371520996
17,2015-04-09,28.09157371520996,28.09601391357671,27.669846316101648,27.93398054198031,129936000,0.007643354633442456,27.884697055816652,27.78190986633301,28.211427688598633
18,2015-04-10,28.211427688598633,28.235843694120984,27.80301758429594,27.95617052668988,160752000,0.004266545356402585,27.914107227325438,27.836260948181152,28.155935287475586
19,2015-04-13,28.155935287475586,28.537712650185725,28.1026647758263,28.493317452506428,145460400,-0.001967018533609144,27.9502872467041,27.873627967834473,28.033855438232422
20,2015-04-14,28.033855438232422,28.2535977686083,27.947290226464986,28.189228461035782,102098400,-0.004335847770522094,27.965269756317138,27.916247215270996,28.14039421081543
21,2015-04-15,28.14039421081543,28.218080716019593,27.969483899366274,28.058269202501947,115881600,0.0038003610604950833,27.96238422393799,27.954497299194337,28.004995346069336
22,2015-04-16,28.004995346069336,28.21142044392355,27.991678144091228,28.029411345321673,113476000,-0.004811548258057297,27.93685817718506,27.989950904846193,27.6898136138916
23,2015-04-17,27.6898136138916,27.99834126136886,27.625444304883104,27.867384238290143,207828000,-0.011254482576515512,27.906338596343993,28.015077171325682,28.322406768798828
24,2015-04-20,28.322406768798828,28.437826491521815,27.783037976365403,27.871823290311784,188217200,0.022845699278736253,27.925205135345458,28.04908172607422,28.169254302978516
25,2015-04-21,28.169254302978516,28.45558436268727,28.115982097667967,28.4333901506331,129740400,-0.00540746650065882,27.92187557220459,28.08450695037842,28.548809051513672
26,2015-04-22,28.548809051513672,28.60429966365664,28.038296435861813,28.187010869979588,150618000,0.013474078669346357,27.94329490661621,28.12401626586914,28.78187370300293
27,2015-04-23,28.78187370300293,28.948345559115147,28.442271387484293,28.47778619630576,183083600,0.00816372588673353,28.013102436065672,28.15797668457031,28.917264938354492
28,2015-04-24,28.917264938354492,28.99495314314599,28.68420371085787,28.963878538604966,178103600,0.004704045217787112,28.08013496398926,28.181948623657227,29.443307876586914
29,2015-04-27,29.443307876586914,29.549852255817207,29.11036431196568,29.3678414814566,387816800,0.018191310255442072,28.184457302093506,28.20942741394043,28.979412078857422
30,2015-04-28,28.979412078857422,29.862821533646084,28.759671457744723,29.84506752107098,475696000,-0.015755559792192342,28.230958271026612,28.22487594604492,28.553251266479492
31,2015-04-29,28.553251266479492,29.20803985866045,28.477784841483107,28.890635160475313,253544400,-0.014705640377323026,28.27768144607544,28.228471870422364,27.778602600097656
32,2015-04-30,27.778602600097656,28.55325112227763,27.65208406384798,28.55325112227763,332781600,-0.027129963560095338,28.287669944763184,28.212623901367188,28.622051239013672
33,2015-05-01,28.622051239013672,28.88396863618329,27.811889821412436,27.989458728056526,234050400,0.03036324940668722,28.327956008911134,28.214843521118166,28.566566467285156
34,2015-05-04,28.566566467285156,28.981638549387306,28.468902447967,28.74413710360196,203953200,-0.001938532331773879,28.34293842315674,28.211292114257812,27.922882080078125
35,2015-05-05,27.922882080078125,28.511081327211816,27.9184418819265,28.444491902452814,197085600,-0.022532788038919116,28.340608310699462,28.179329719543457,27.74752426147461
36,2015-05-06,27.74752426147461,28.133738421260357,27.381285907835494,28.09156501703216,288564000,-0.006280075892618031,28.33406009674072,28.1475447845459,27.919153213500977
37,2015-05-07,27.919153213500977,28.101922626916142,27.642768870863186,27.80993607949338,175763600,0.006185378933595942,28.325439071655275,28.134197006225588,28.44516944885254
38,2015-05-08,28.44516944885254,28.44516944885254,28.10860569937123,28.235652694796116,222201600,0.018840694462652685,28.337126159667967,28.124133491516112,28.155414581298828
39,2015-05-11,28.155414581298828,28.431797212859163,28.00162021107372,28.393906388474424,168143200,-0.010186434926138244,28.337100124359132,28.11697597503662,28.055112838745117
40,2015-05-12,28.055112838745117,28.280230096530865,27.821078092933593,27.994931698159256,192640000,-0.003562431739873362,28.338162994384767,28.105015563964844,28.086315155029297
41,2015-05-13,28.086315155029297,28.349324915305054,28.055110751311194,28.117519558747397,138776800,0.0011121793187403028,28.33545904159546,28.092480735778807,28.741607666015625
42,2015-05-14,28.741607666015625,28.741607666015625,28.342636855838087,28.398359245032,180814000,0.02333138068733054,28.372289657592773,28.09669174194336,28.701494216918945
43,2015-05-15,28.701494216918945,28.861974998052265,28.576676587376436,28.768361775895382,152832000,-0.0013956578060214664,28.42287368774414,28.109556198120117,29.017993927001953
44,2015-05-18,29.017993927001953,29.136125128096882,28.61010560206051,28.614564345788143,203531600,0.01102729034561678,28.457653045654297,28.12790729522705,28.991249084472656
45,2015-05-19,28.991249084472656,29.17178909874721,28.895404797262362,29.129439534702552,178532800,-0.000921664074938322,28.498752784729003,28.143326148986816,28.989017486572266
46,2015-05-20,28.989017486572266,29.194075486786016,28.828536721009336,28.97564465627952,145819600,-7.69748793467695e-05,28.520763206481934,28.170375633239747,29.285457611083984
47,2015-05-21,29.285457611083984,29.338952327037514,28.93775045994756,28.991245175901085,158921600,0.010225945899995814,28.545942401885988,28.213431091308593,29.541784286499023
48,2015-05-22,29.541784286499023,29.637628577188966,29.28769029403118,29.33227093213358,182384000,0.00875269489789443,28.57716836929321,28.251802291870117,28.890939712524414
49,2015-05-26,28.890939712524414,29.624248168824646,28.779494947824322,29.555152958874476,282790400,-0.022031322402961795,28.549549961090086,28.28097438812256,29.43034553527832
50,2015-05-27,29.43034553527832,29.479381526437795,28.986797343916543,29.05143384079446,183332800,0.018670414604758268,28.572096633911134,28.314897193908692,29.37238883972168
51,2015-05-28,29.37238883972168,29.410279660533305,29.220825556475184,29.390220414402172,122933200,-0.0019692835575840784,28.61305351257324,28.338382873535156,29.038055419921875
52,2015-05-29,29.038055419921875,29.298835831261886,28.95335628766564,29.249799849537247,203538000,-0.011382575030726483,28.676026153564454,28.348833656311037,29.09600067138672
53,2015-06-01,29.09600067138672,29.285458151320576,28.986786967375732,29.038050612136495,128451200,0.0019954935214114844,28.699723625183104,28.364749565124512,28.96673583984375
54,2015-06-02,28.96673583984375,29.12275789002009,28.824086622393153,28.944445517950438,134670400,-0.004442701009080174,28.719732093811036,28.385182762145995,29.002395629882812
55,2015-06-03,29.002395629882812,29.185166746765926,28.953359642476396,29.122757926616966,123934000,0.001231060007458984,28.773707771301268,28.400513763427735,28.832992553710938
56,2015-06-04,28.832992553710938,29.104918078958935,28.73269293561692,28.882028527183504,153800400,-0.005841002872098211,28.827981185913085,28.41476516723633,28.674747467041016
57,2015-06-05,28.674747467041016,28.906554570065015,28.610110975463048,28.864204999261077,142507200,-0.0054883337681698174,28.86576089859009,28.440545654296876,28.48528289794922
58,2015-06-08,28.48528289794922,28.799557954625577,28.269079779613655,28.73045934277685,210699200,-0.006607366614459931,28.86776657104492,28.458719024658205,28.40058708190918
59,2015-06-09,28.40058708190918,28.54769500648522,27.999386897679972,28.240106328012548,224301600,-0.0029733184094912213,28.88002519607544,28.47959354400635,28.72601318359375
60,2015-06-10,28.72601318359375,28.828540496615886,28.496435463588547,28.51203766781097,156349200,0.011458428684802069,28.913570213317872,28.493125953674316,28.661373138427734
61,2015-06-11,28.661373138427734,29.015766789775782,28.636855146138068,28.79287718751531,141563600,-0.002250226815426415,28.94232311248779,28.513977661132813,28.344867706298828
62,2015-06-12,28.344867706298828,28.603420437404722,28.331494875556302,28.572216031997122,147544800,-0.011042926331556346,28.922486114501954,28.529298362731932,28.289146423339844
63,2015-06-15,28.289146423339844,28.36047102429246,28.019450222846757,28.106377027116736,175955600,-0.001965833234303771,28.901868724822997,28.538754692077635,28.440710067749023
64,2015-06-16,28.440710067749023,28.496432462748732,28.16655683663748,28.31366307517019,125976400,0.005357660572046452,28.873004531860353,28.542230529785158,28.373844146728516
65,2015-06-17,28.373844146728516,28.503118810431552,28.249024825876823,28.46745736198288,131672400,-0.002351063699226441,28.842134284973145,28.550317726135255,28.50311851501465
66,2015-06-18,28.50311851501465,28.598961101213874,28.35601227835567,28.358241650270774,141628800,0.00455611046630211,28.817839336395263,28.562810325622557,28.217815399169922
67,2015-06-19,28.217815399169922,28.48974090981359,28.17323817141388,28.465222924394094,218867600,-0.010009540383956073,28.76445722579956,28.565335159301757,28.44293975830078
68,2015-06-22,28.44293975830078,28.543239390218766,28.32480855166014,28.41619239621679,136157200,0.007978093128268249,28.709514999389647,28.5699654006958,28.313663482666016
69,2015-06-23,28.313663482666016,28.442939849048923,28.280229705082498,28.413964815416577,121075600,-0.004545109497587574,28.68065118789673,28.57311996459961,28.55438804626465
70,2015-06-24,28.55438804626465,28.93107203097419,28.33372780871592,28.353787057350907,221123600,0.008502063455900322,28.636853313446046,28.583530616760253,28.418418884277344
71,2015-06-25,28.418418884277344,28.797330455862753,28.418418884277344,28.721548821750627,127752400,-0.004761760671144644,28.58915481567383,28.589091110229493,28.25124740600586
72,2015-06-26,28.25124740600586,28.527629941960665,28.197754395936702,28.456305361697744,176267200,-0.00588250454580963,28.549814414978027,28.59401615142822,27.75643539428711
73,2015-06-29,27.75643539428711,28.188841665526905,27.745291937092542,27.963722743843967,196645600,-0.017514696063068658,28.482836151123045,28.59534858703613,27.95703887939453
74,2015-06-30,27.95703887939453,28.110833227113076,27.829991892304744,27.988243283205183,177482800,0.007227278368342249,28.432351303100585,28.58804122924805,28.217815399169922
75,2015-07-01,28.217815399169922,28.293598726969876,28.08185264384809,28.28468294131622,120955200,0.009327758955459009,28.393122291564943,28.589012451171875,28.182159423828125
76,2015-07-02,28.182159423828125,28.237881819588296,28.032822110801316,28.1799300518542,108844000,-0.0012635980084710896,28.3605806350708,28.581679458618165,28.084087371826172
77,2015-07-06,28.084087371826172,28.135352723984397,27.827764012060165,27.847824958735146,112241600,-0.003479933901694987,28.33104763031006,28.56772373199463,28.014989852905273
78,2015-07-07,28.014989852905273,28.11751884831885,27.58704059748947,28.05956708551555,187787200,-0.0024603797163164076,28.30753297805786,28.549678230285643,27.319578170776367
79,2015-07-08,27.319578170776367,27.780959574195116,27.312891754866524,27.74529812250506,243046400,-0.02482284254894307,28.25348253250122,28.507203636169432,26.76235580444336
80,2015-07-09,26.76235580444336,27.651684885484176,26.572899973215907,27.604878270746532,314380000,-0.020396448394985334,28.1552996635437,28.462862510681152,27.477832794189453
81,2015-07-10,27.477832794189453,27.604879812864063,27.01645133684347,27.179161511889212,245418000,0.02673445473089875,28.096122646331786,28.44135414123535,28.008298873901367
82,2015-07-13,28.008298873901367,28.030587486574408,27.709626022443757,27.867877383088135,165762000,0.01930523719556554,28.079294204711914,28.445948066711427,27.997159957885742
83,2015-07-14,27.997159957885742,28.166556512881268,27.87011296676723,28.093002544204097,127072400,-0.00039770055531662685,28.06469488143921,28.433450241088867,28.266855239868164
84,2015-07-15,28.266855239868164,28.340409206196515,27.990472648815775,28.021677052619474,134596800,0.009632951427505754,28.056002140045166,28.42745601654053,28.643535614013672
85,2015-07-16,28.643535614013672,28.65691184423295,28.38498461334878,28.471911404138147,144889600,0.013325867732687513,28.069486713409425,28.44186908721924,28.890939712524414
86,2015-07-17,28.890939712524414,28.890939712524414,28.59895497317406,28.770580863099013,184658800,0.008637344978798644,28.088877773284914,28.464737396240235,29.43703269958496
87,2015-07-20,29.43703269958496,29.6376319900446,29.131671618341215,29.191852765889337,235600800,0.018901876937696516,28.149838638305663,28.495094985961913,29.142812728881836
88,2015-07-21,29.142812728881836,29.626482711746768,29.0469718415007,29.61088220960279,307025600,-0.009994892274154843,28.184832286834716,28.5090478515625,27.910232543945312
89,2015-07-22,27.910232543945312,27.97264135217095,27.190298476456775,27.190298476456775,461802400,-0.04229448256773727,28.164660739898682,28.50414421081543,27.89685821533203
90,2015-07-23,27.89685821533203,28.327033434711627,27.874567898866598,28.12866186185851,203998000,-0.00047919086995151794,28.13178424835205,28.500979118347168,27.749752044677734
91,2015-07-24,27.749752044677734,28.02613464110773,27.616018639986606,27.93252142787519,168649200,-0.005273216414508175,28.09835090637207,28.494247856140138,27.364154815673828
92,2015-07-27,27.364154815673828,27.551382959642904,27.2192779394094,27.435479418016175,177822000,-0.013895519800792622,28.053996276855468,28.4666987991333,27.5001163482666
93,2015-07-28,27.5001163482666,27.618249256588875,27.31511928535405,27.5001163482666,134472400,0.004968599743299773,28.041180324554443,28.442671241760255,27.413190841674805
94,2015-07-29,27.413190841674805,27.526865011387642,27.252710061024363,27.448853993158306,148046800,-0.0031609141390878115,28.013987922668456,28.410575180053712,27.275001525878906
95,2015-07-30,27.275001525878906,27.31957876659184,27.12789357060331,27.26385636544431,134513200,-0.005040978870136326,27.966847229003907,28.376250228881837,27.03650665283203
96,2015-07-31,27.03650665283203,27.335177872887087,26.94957985293466,27.326262085652413,171540000,-0.008744082848926249,27.909564590454103,28.33720001220703,26.3990478515625
97,2015-08-03,26.3990478515625,27.319581394895884,26.19398810322195,27.08108956306064,279904000,-0.023577705857304565,27.825312614440918,28.279471817016603,25.55206298828125
98,2015-08-04,25.55206298828125,26.234104603576604,25.2422465878358,26.171695789172148,496554400,-0.03208391711866676,27.702166271209716,28.199677391052248,25.721454620361328
99,2015-08-05,25.721454620361328,26.176149510139687,24.985918419143797,25.17537419809003,397250400,0.006629274206069624,27.622260093688965,28.136287689208984,25.777427673339844
100,2015-08-06,25.777427673339844,26.084169161698966,25.551291471033448,25.965503257710353,211612000,0.0021761231549559668,27.573013687133788,28.063229331970216,25.86475944519043
101,2015-08-07,25.86475944519043,26.028206136412283,25.636383678444787,25.65429597220807,154681600,0.0033879164731749345,27.492360019683836,27.99307674407959,26.805133819580078
102,2015-08-10,26.805133819580078,26.865585674528614,26.090896921360812,26.090896921360812,219806400,0.036357360151845874,27.432201766967772,27.948418312072754,25.41024398803711
103,2015-08-11,25.41024398803711,26.460328652622938,25.374421111088235,26.37748558060016,388331200,-0.05203815959031166,27.302855968475342,27.874703178405763,25.80205726623535
104,2015-08-12,25.80205726623535,25.84235905613625,24.54598680723533,25.195292663101043,404870000,0.015419500827410504,27.179616069793703,27.811409606933594,25.78190803527832
105,2015-08-13,25.78190803527832,26.06178111054576,25.645329837891037,25.981177528211962,194143200,-0.0007809156746348966,27.036534690856932,27.746999855041505,25.96327018737793
106,2015-08-14,25.96327018737793,26.041634321739092,25.526668790072872,25.596076779334183,171718000,0.007034473625902482,26.89015121459961,27.689605407714843,26.23194694519043
107,2015-08-17,26.23194694519043,26.341656722963474,25.86027464549625,25.981180030642193,163538800,0.010348340400629485,26.72989692687988,27.640749397277833,26.084169387817383
108,2015-08-18,26.084169387817383,26.294634477144445,25.974459625772464,26.06849656466811,138242800,-0.005633495587720416,26.57696475982666,27.592727127075197,25.750564575195312
109,2015-08-19,25.750564575195312,26.088650048930123,25.676677667077175,25.994613097621496,193146000,-0.012789550921175952,26.46898136138916,27.53972667694092,25.22216033935547
110,2015-08-20,25.22216033935547,25.602787015113915,24.99378296733273,25.54233518617236,274006400,-0.020520102939756035,26.33524646759033,27.469649620056153,23.679502487182617
111,2015-08-21,23.679502487182617,25.054238945973523,23.654873519011304,24.725107924238447,513102000,-0.06116279618466147,26.131733989715578,27.37001220703125,23.088407516479492
112,2015-08-24,23.088407516479492,24.360150711268858,20.59865627366383,21.241245404982465,648825200,-0.02496230531123178,25.91794662475586,27.264883003234864,23.227224349975586
113,2015-08-25,23.227224349975586,24.8773565148094,23.173489201141187,24.8773565148094,414406400,0.006012403990921067,25.704302024841308,27.16364456176758,24.559423446655273
114,2015-08-26,24.559423446655273,24.60420245687129,23.520534694114033,23.977286064588586,387098400,0.05735507078275104,25.561613655090333,27.086018829345704,25.28261375427246
115,2015-08-27,25.28261375427246,25.35426119331706,24.63330787706283,25.12812497808205,338464400,0.029446550697250995,25.46199426651001,27.024194221496582,25.365453720092773
116,2015-08-28,25.365453720092773,25.369930937147757,24.973631461716586,25.1146868597766,212657600,0.0032765586115997003,25.378441619873048,26.961440925598144,25.246795654296875
117,2015-08-31,25.246795654296875,25.64309525264471,25.076632313868252,25.08334899563872,224917200,-0.004677939811575493,25.320829010009767,26.902020530700682,24.118345260620117
118,2015-09-01,24.118345260620117,25.0497620770223,24.037741668751384,24.662418651629118,307383600,-0.04469677693472762,25.24914312362671,26.815528640747072,25.152755737304688
119,2015-09-02,25.152755737304688,25.152755737304688,24.43404178394238,24.680331491377068,247555200,0.04288894886887329,25.220708179473878,26.752310485839843,24.7116756439209
120,2015-09-03,24.7116756439209,25.25127008789612,24.637788736174347,25.186339324259134,212935600,-0.017536054418467284,25.16742057800293,26.675456237792968,24.465389251708984
121,2015-09-04,24.465389251708984,24.729589559846293,24.295227615302622,24.398220724141225,199985200,-0.009966397898739876,25.097452068328856,26.5963956451416,25.146045684814453
122,2015-09-08,25.146045684814453,25.202020322494626,24.700488047179167,25.02066304303818,219374400,0.027821197778732376,25.014497661590575,26.534291610717773,24.662418365478516
123,2015-09-09,24.662418365478516,25.52890440569898,24.577335848265434,25.470692029743567,340043200,-0.019232738435212338,24.977106380462647,26.472411270141603,25.204248428344727
124,2015-09-10,25.204248428344727,25.36321612273452,24.606439977285298,24.689281310465983,251571200,0.021969867465416293,24.947215938568114,26.417355461120607,25.571441650390625
125,2015-09-11,25.571441650390625,25.571441650390625,25.022891133729885,25.029607813885058,199662000,0.01456870349020023,24.93669261932373,26.36442798614502,25.81773567199707
126,2015-09-14,25.81773567199707,26.171495714483527,25.716982029564473,26.10208772561707,233453600,0.009631604857236686,24.929415893554687,26.317139511108397,26.034914016723633
127,2015-09-15,26.034914016723633,26.09088863465027,25.618462722692676,25.9565498932683,173364800,0.00841198265741494,24.919564247131348,26.27615604400635,26.06401824951172
128,2015-09-16,26.06401824951172,26.093124431788862,25.846836489155123,26.02819367913105,148694000,0.0011178924105295085,24.918556690216064,26.237136611938478,25.506511688232422
129,2015-09-17,25.506511688232422,26.081930651613842,25.46173268033264,25.896096231441064,256450400,-0.021389892991259707,24.90635404586792,26.200875282287598,25.40127944946289
130,2015-09-18,25.40127944946289,25.591594505874923,25.047521183050506,25.123645839047576,297141200,-0.004125700921231101,24.915310001373292,26.17365375518799,25.79534149169922
131,2015-09-21,25.79534149169922,25.83116606540664,25.448299902009456,25.4505376567089,200888000,0.015513472186325705,25.02110195159912,26.140003929138185,25.390087127685547
132,2015-09-22,25.390087127685547,25.56472766295323,25.193055378596025,25.385608201637265,201384800,-0.015710370190062384,25.136185932159425,26.087639694213866,25.596065521240234
133,2015-09-23,25.596065521240234,25.68562522463705,25.36768990037715,25.44157507558596,143026800,0.008112551663128631,25.254627990722657,26.039617805480958,25.748327255249023
134,2015-09-24,25.748327255249023,25.86027650418489,25.15947482080196,25.356504883973493,200878000,0.005948638234358317,25.314073181152345,25.989247245788576,25.683391571044922
135,2015-09-25,25.683391571044922,26.126711263608605,25.528901090449907,26.070736649852112,224607600,-0.0025219379713633527,25.334112071990965,25.9300443649292,25.175148010253906
136,2015-09-28,25.175148010253906,25.65205120264022,25.175148010253906,25.49084400853499,208436000,-0.019788802401159544,25.324596786499022,25.855728530883788,24.418357849121094
137,2015-09-29,24.418357849121094,25.414706708826326,24.14968046459898,25.26245573540802,293461600,-0.030061001461622827,25.283174896240233,25.755355033874512,24.696002960205078
138,2015-09-30,24.696002960205078,24.973636596352218,24.344482415888265,24.666895064629845,265892000,0.011370343280229234,25.312057781219483,25.666418838500977,24.534791946411133
139,2015-10-01,24.534791946411133,24.543748089171945,24.02654152104465,24.420603261472692,255716400,-0.00652781804625302,25.281159591674804,25.598910026550293,24.713916778564453
140,2015-10-02,24.713916778564453,24.854973932318234,24.08028529710069,24.18327840613088,232079200,0.007300849852102553,25.28127164840698,25.53525119781494,24.803478240966797
141,2015-10-05,24.803478240966797,24.93557925853222,24.420611969517466,24.601969227517102,208258800,0.0036239282993792976,25.298176097869874,25.47632572174072,24.922138214111328
142,2015-10-06,24.922138214111328,25.018414624790967,24.577334364426335,24.769887185785613,192787200,0.004784005371816891,25.286980724334718,25.427485389709474,24.803478240966797
143,2015-10-07,24.803478240966797,25.025137301656372,24.496738356025208,25.018420619243077,187062400,-0.004761227633243159,25.29403371810913,25.373552627563477,24.516883850097656
144,2015-10-08,24.516883850097656,24.671374349752824,24.228054602494883,24.671374349752824,247918400,-0.011554604885849695,25.259665489196777,25.315626487731933,25.10349464416504
145,2015-10-09,25.10349464416504,25.139317507632345,24.514640631745525,24.62882931870366,211064400,0.02392680887400167,25.2362681388855,25.272196350097655,24.98706817626953
146,2015-10-12,24.98706817626953,25.24455175084694,24.951245310391037,25.24007453319077,121868800,-0.004637858973255304,25.19473476409912,25.231207580566405,25.029611587524414
147,2015-10-13,25.029611587524414,25.17738369784618,24.78108413505567,24.812429785978768,132197200,0.001702617167999243,25.14446964263916,25.203818855285643,24.67584991455078
148,2015-10-14,24.67584991455078,24.969156360543135,24.53031556893734,24.917660669581448,177849600,-0.014133726036322458,25.075061225891112,25.186294593811034,25.0452880859375
149,2015-10-15,25.0452880859375,25.099023251370365,24.738546504680105,24.83706239814878,150694000,0.014971649311615876,25.052000045776367,25.17277126312256,24.8616886138916
150,2015-10-16,24.8616886138916,25.07663095999206,24.747499905328574,25.027373018721345,156930400,-0.007330699148515141,25.0250205039978,25.154456481933593,25.016176223754883
151,2015-10-19,25.016176223754883,25.020653441438615,24.653460095822826,24.807950583162174,119036800,0.006213882422168249,24.986062240600585,25.137484817504884,25.47292709350586
152,2015-10-20,25.47292709350586,25.562486819326818,24.812427318469453,24.92885376628992,195871200,0.018258220827420235,24.9902042388916,25.110840682983397,25.470699310302734
153,2015-10-21,25.470699310302734,25.878194599518686,25.457264235833613,25.524434483548145,167180800,-8.745689864952944e-05,24.983935928344728,25.11204978942871,25.86026954650879
154,2015-10-22,25.86026954650879,25.86026954650879,25.54681139218193,25.598308784449504,166616400,0.015294838648127529,24.989533042907716,25.11321403503418,26.661832809448242
155,2015-10-23,26.661832809448242,26.695417924855107,26.046111957092148,26.128953305791157,237467600,0.030995936121155587,25.038455104827882,25.130812530517577,25.81102180480957
156,2015-10-26,25.81102180480957,26.449132262288376,25.73041819879012,26.437938360914124,265335200,-0.031911197205361175,25.070248794555663,25.12776756286621,25.647565841674805
157,2015-10-27,25.647565841674805,26.09312323910901,25.52218155928313,25.837879165546948,279537600,-0.006332797065178863,25.13170919418335,25.1160799407959,26.704370498657227
158,2015-10-28,26.704370498657227,26.71108888783793,25.9856565952047,26.1804488844097,342205600,0.0412048715853266,25.232127571105956,25.128483963012695,26.98648452758789
159,2015-10-29,26.98648452758789,27.022309105664743,26.480473465616694,26.57674988393586,204909200,0.010564339232218556,25.354712200164794,25.153202362060547,26.75587272644043
160,2015-10-30,26.75587272644043,27.14097844820156,26.74467711732942,27.08948103778508,197461200,-0.008545455444991745,25.456809997558594,25.183876609802248,27.132020950317383
161,2015-11-02,27.132020950317383,27.172322749614242,26.780500365198655,27.046940133228464,128813200,0.014058529419795018,25.573237133026122,25.25292697906494,27.443235397338867
162,2015-11-03,27.443235397338867,27.649221579751767,27.024544643517416,27.044696394084855,182076000,0.01147037471301382,25.6992919921875,25.34002353668213,27.31561279296875
163,2015-11-04,27.31561279296875,27.72310793187973,27.23053199102812,27.56861744404648,179544400,-0.0046504212248419385,25.824898719787598,25.42179130554199,27.189693450927734
164,2015-11-05,27.189693450927734,27.587691088240014,27.02329984048355,27.398810417433715,158210800,-0.004609793783335037,25.9585391998291,25.47439670562744,27.22117042541504
165,2015-11-06,27.22117042541504,27.389813067334636,27.12223457537694,27.232413954418345,132169200,0.0011576803741504271,26.0644229888916,25.513167839050293,27.110994338989258
166,2015-11-09,27.110994338989258,27.389816393813046,26.994069514554077,27.198688386196107,135485600,-0.004047441190218493,26.17061929702759,25.548078651428224,26.25653839111328
167,2015-11-10,26.25653839111328,26.548853035442512,26.09689020446397,26.285770884859364,236511600,-0.03151695349835082,26.231965637207033,25.56827350616455,26.10813331604004
168,2015-11-11,26.10813331604004,26.402695289372794,25.9057617744091,26.166596587071624,180872000,-0.005652118830846042,26.303579807281494,25.60806926727295,26.020431518554688
169,2015-11-12,26.020431518554688,26.267773677770478,26.004691609755177,26.14185440737438,130102400,-0.003359175335276521,26.352336978912355,25.62542278289795,25.260421752929688
170,2015-11-13,25.260421752929688,25.98671024962961,25.244681839528607,25.903512584211384,183249600,-0.02920819222706017,26.372273635864257,25.636397705078124,25.67416000366211
171,2015-11-16,25.67416000366211,25.687650868218494,24.959115018300725,25.044560019694394,152426800,0.01637891301970984,26.40517282485962,25.66057312011719,25.563980102539062
172,2015-11-17,25.563980102539062,25.869785606944667,25.4807824365316,25.840553113619983,110467600,-0.0042914705333039205,26.40972547531128,25.66893180847168,26.373462677001953
173,2015-11-18,26.373462677001953,26.418433365115245,25.9709686709574,26.02943193792211,186698800,0.031664966535570604,26.45486364364624,25.703152694702148,26.70849609375
174,2015-11-19,26.70849609375,26.926607510489614,26.254286016252248,26.45215942462882,173183200,0.012703429233060115,26.497274971008302,25.733237648010252,26.82542610168457
175,2015-11-20,26.82542610168457,26.964836267435388,26.72423947776155,26.802939041576014,137148400,0.004378007938901973,26.50545463562012,25.758317337036132,26.476896286010742
176,2015-11-23,26.476896286010742,26.922113640808906,26.384704146405184,26.818677971561094,129930000,-0.012992517410634563,26.538748359680177,25.771500549316407,26.730987548828125
177,2015-11-24,26.730987548828125,26.836670565894213,26.33524064156712,26.382460384517966,171212800,0.009596716324776766,26.592919445037843,25.785422019958496,26.53986358642578
178,2015-11-25,26.53986358642578,26.809692935938166,26.51512918649909,26.805194836575716,85553200,-0.007149902788036844,26.58469409942627,25.794938926696776,26.490388870239258
179,2015-11-27,26.490388870239258,26.625304372624704,26.443169130613104,26.59832092904324,52185600,-0.0018641661825204991,26.559889316558838,25.814616470336915,26.600563049316406
180,2015-11-30,26.600563049316406,26.85015426198542,26.47689110951773,26.530856267101957,156721200,0.004159024603860084,26.552123832702637,25.838602142333983,26.384708404541016
181,2015-12-01,26.384708404541016,26.715248329315557,26.27677805085262,26.701757463985018,139409600,-0.008114664504477065,26.51475820541382,25.85038948059082,26.1463565826416
182,2015-12-02,26.1463565826416,26.557845066679683,26.10138589482705,26.384704315997926,133546400,-0.009033710672291972,26.449914264678956,25.865514869689942,25.903512954711914
183,2015-12-03,25.903512954711914,26.26103630068144,25.68315416394497,26.20707112760899,166278000,-0.009287857264629773,26.379309272766115,25.871663818359377,26.76471519470215
184,2015-12-04,26.76471519470215,26.814183984713008,25.88327660248548,25.923750911083282,231108000,0.03324654233176427,26.358060359954834,25.89199157714844,26.5960750579834
185,2015-12-07,26.5960750579834,26.951349387744692,26.490392035729663,26.7534759244012,128336800,-0.006300838080732896,26.326805591583252,25.910245246887207,26.584829330444336
186,2015-12-08,26.584829330444336,26.668025277025105,26.27677479127488,26.42517943806766,137238000,-0.0004228341029473004,26.300497341156007,25.938438873291016,25.997961044311523
187,2015-12-09,25.997961044311523,26.463414859822418,25.87653808606663,26.45217132617067,185445600,-0.022075307644000675,26.287568473815917,25.970030937194824,26.12162208557129
188,2015-12-10,26.12162208557129,26.29476283556294,25.973217443957356,26.092391310160515,116850800,0.004756566911112481,26.288242912292482,25.998543319702147,25.449296951293945
189,2015-12-11,25.449296951293945,25.946230356587993,25.375093783151726,25.901259675271117,187544800,-0.025738261279291463,26.259686183929443,26.016833419799806,25.291902542114258
190,2015-12-14,25.291902542114258,25.336873231771957,24.687036987743678,25.22444479210586,257274800,-0.0061846270048605545,26.26126022338867,26.0283931350708,24.84443473815918
191,2015-12-15,24.84443473815918,25.36385526714267,24.812954914041605,25.170478224407994,213292400,-0.017692136967948024,26.219773960113525,26.02921226501465,25.03557014465332
192,2015-12-16,25.03557014465332,25.18172749448732,24.46443504340053,24.974859527456996,224954000,0.007693288597972137,26.19335346221924,26.03148090362549,24.504905700683594
193,2015-12-17,24.504905700683594,25.24018700836944,24.504905700683594,25.188469166573835,179091200,-0.02119641937066319,26.09992561340332,26.025509452819826,23.841571807861328
194,2015-12-18,23.841571807861328,24.626321743127676,23.792103025803446,24.48916064131487,385813200,-0.027069432583197495,25.956579399108886,26.0120032119751,24.133888244628906
195,2015-12-21,24.133888244628906,24.1428827252825,23.738139673479584,24.122644714931468,190362400,0.01226078712944556,25.822002506256105,25.992611083984375,24.111408233642578
196,2015-12-22,24.111408233642578,24.221587643855155,23.936018395387947,24.149633498233573,131157600,-0.0009314707501113517,25.703728103637694,25.975097885131834,24.42170524597168
197,2015-12-23,24.42170524597168,24.4756704154377,24.104656229874962,24.120396142449295,130629600,0.012869302751721712,25.588263988494873,25.96293975830078,24.291288375854492
198,2015-12-24,24.291288375854492,24.509399823075448,24.273299413800387,24.509399823075448,54281600,-0.005340203266055665,25.475835227966307,25.955248527526855,24.019214630126953
199,2015-12-28,24.019214630126953,24.21484075593349,23.87530634752975,24.19235369291601,106816800,-0.01120046584264256,25.352276515960693,25.934727058410644,24.45093536376953
200,2015-12-29,24.45093536376953,24.606087151769415,24.028205069209697,24.05069041292171,123724800,0.01797397376603138,25.24479513168335,25.9265119934082,24.131641387939453
201,2015-12-30,24.131641387939453,24.441943278831367,24.10016156055282,24.414961549941072,100855200,-0.013058558745494664,25.13214178085327,25.908821296691894,23.668437957763672
202,2015-12-31,23.668437957763672,24.066433919018245,23.569500372029918,24.06193753581308,163649200,-0.019194858017709593,25.008245849609374,25.87273151397705,23.688671112060547
203,2016-01-04,23.688671112060547,23.693169210190845,22.935400934284008,23.072563763387645,270597600,0.0008548580321598998,24.897503757476805,25.837090950012207,23.095050811767578
204,2016-01-05,23.095050811767578,23.801101304409563,23.027594774531327,23.778615958664147,223164000,-0.025059248679878077,24.71402053833008,25.781786575317383,22.643083572387695
205,2016-01-06,22.643083572387695,23.018595806788426,22.4564536951053,22.611603751375167,273829600,-0.01956987421519729,24.516370964050292,25.70141159057617,21.687442779541016
206,2016-01-07,21.687442779541016,22.514916066969125,21.682946397311802,22.188874316419493,324377600,-0.04220453410382874,24.27150163650513,25.6189400100708,21.802122116088867
207,2016-01-08,21.802122116088867,22.285564734277752,21.75715142787112,22.159645434850617,283192000,0.005287821976689422,24.061709690093995,25.542031135559082,22.155141830444336
208,2016-01-11,22.155141830444336,22.274315668572424,21.88756167014223,22.25407937856035,198957600,0.016191988673201596,23.863385677337646,25.451046562194826,22.47669792175293
209,2016-01-12,22.47669792175293,22.640844231136107,22.224857549233676,22.609364399011472,196616800,0.014513835829600863,23.714755725860595,25.360850830078125,21.89881134033203
210,2016-01-13,21.89881134033203,22.753268167980142,21.878575044643163,22.557642065378527,249758400,-0.025710475063226323,23.545101165771484,25.263709602355956,22.377756118774414
211,2016-01-14,22.377756118774414,22.593620234931443,21.52779738017287,22.026979932182503,252680400,0.02187081166183158,23.421767234802246,25.168624305725096,21.840351104736328
212,2016-01-15,21.840351104736328,21.970768524584226,21.44235512788156,21.631234109298173,319335600,-0.02401514303693819,23.262006282806396,25.056566619873045,21.734670639038086
213,2016-01-19,21.734670639038086,22.18213542801755,21.473835789246863,22.12817024774156,212350800,-0.004838771372834061,23.12349452972412,24.944947776794432,21.763898849487305
214,2016-01-20,21.763898849487305,22.07869884236,21.00613050352855,21.383890151871395,289337600,0.0013447735617728718,23.01961088180542,24.836431884765624,21.65372085571289
215,2016-01-21,21.65372085571289,22.00899346539293,21.347915324592353,21.824610870057498,208646000,-0.005062419860355605,22.89560251235962,24.72508289337158,22.80498504638672
216,2016-01-22,22.80498504638672,22.813979527720896,22.119172570994266,22.177634126383563,263202000,0.05316703758883512,22.830281352996828,24.638962707519532,22.359766006469727
217,2016-01-25,22.359766006469727,22.82971600568809,22.308048175461344,22.827466956812515,207178000,-0.019522882343987025,22.72718439102173,24.56102725982666,22.483440399169922
218,2016-01-26,22.483440399169922,22.683562898019467,22.051715573484742,22.469949534467872,300308000,0.005531113011844946,22.6367919921875,24.488533401489256,21.006128311157227
219,2016-01-27,21.006128311157227,21.727918655502844,20.9881393498941,21.59525392611128,533478800,-0.06570667396913321,22.486137676239014,24.38824733734131,21.15678596496582
220,2016-01-28,21.15678596496582,21.253474505464897,20.77452990188878,21.089329920875684,222715200,0.007172081003074426,22.321430206298828,24.30617462158203,21.887575149536133
221,2016-01-29,21.887575149536133,21.887575149536133,21.215253335252957,21.314190944299384,257666000,0.034541597470449936,22.209226894378663,24.230442924499513,21.682945251464844
222,2016-02-01,21.682945251464844,21.745904892476535,21.4513429796626,21.691939730969594,163774000,-0.009349135145088283,22.10995225906372,24.152822227478026,21.244476318359375
223,2016-02-02,21.244476318359375,21.59525246159298,21.199503918251445,21.45584059454087,149428800,-0.020221834627186852,21.987742519378664,24.050242500305174,21.66495704650879
224,2016-02-03,21.66495704650879,21.775136422114066,21.154532754380106,21.361400643624762,183857200,0.01979247319859967,21.916237831115723,23.94937171936035,21.83904266357422
225,2016-02-04,21.83904266357422,22.004079668837694,21.520274920299574,21.671746129691293,185886800,0.008035354821692708,21.87603578567505,23.849644050598144,21.255760192871094
226,2016-02-05,21.255760192871094,21.911383881383404,21.181156088787205,21.820952730410887,185672400,-0.026708243565822354,21.854451656341553,23.74522132873535,21.47957992553711
227,2016-02-08,21.47957992553711,21.635571909323836,21.034207883414375,21.054553988974455,216085600,0.010529839000586794,21.838324546813965,23.64019317626953,21.47505760192871
228,2016-02-09,21.47505760192871,21.689831825380146,21.235416490857723,21.316804363453706,177324800,-0.0002105405982834041,21.804320335388184,23.53889705657959,21.31227684020996
229,2016-02-10,21.31227684020996,21.782517387893716,21.273844166316813,21.685304214332465,169374400,-0.007579991855487744,21.746099281311036,23.435334815979004,21.183422088623047
230,2016-02-11,21.183422088623047,21.414021680292983,20.93247638730467,21.203769923102755,200298800,-0.006046034056004901,21.710329818725587,23.326991996765138,21.248979568481445
231,2016-02-12,21.248979568481445,21.364279336743493,21.027425044968645,21.294196009383647,161405600,0.00309475398186998,21.653890991210936,23.224277420043947,21.848079681396484
232,2016-02-16,21.848079681396484,21.895555641242883,21.38914367805079,21.481834344942182,196231600,0.028194300389073,21.654277420043947,23.138311882019043,22.182676315307617
233,2016-02-17,22.182676315307617,22.203022417805666,21.737304340212145,21.85486362369464,179452800,0.015314693043528171,21.676677703857422,23.06389514923096,21.762176513671875
234,2016-02-18,21.762176513671875,22.35675851231295,21.723742105717225,22.345453970297296,156084000,-0.018956224923390663,21.67659158706665,22.96384437561035,21.712432861328125
235,2016-02-19,21.712432861328125,21.875208559116185,21.65817487034225,21.703389575358738,141496800,-0.0022857848024759875,21.67952718734741,22.866171531677246,21.902339935302734
236,2016-02-22,21.902339935302734,21.906862441372297,21.685306214392327,21.77347610961122,137123200,0.008746466837111111,21.634394931793214,22.772521743774416,21.407241821289062
237,2016-02-23,21.407241821289062,21.816440833156612,21.37559116428447,21.793833467414967,127770400,-0.022604804576868975,21.58676872253418,22.680707359313963,21.725996017456055
238,2016-02-24,21.725996017456055,21.78929729175872,21.09750232997903,21.246713954975633,145022800,0.014890017071232275,21.548896503448486,22.59279483795166,21.875205993652344
239,2016-02-25,21.875205993652344,21.875205993652344,21.533829318873124,21.714691567388925,110330800,0.0068678083194162465,21.59235038757324,22.52131301879883,21.909130096435547
240,2016-02-26,21.909130096435547,22.160074062042128,21.834524247963518,21.974690930125423,115964400,0.0015508015235625727,21.629967594146727,22.453657569885255,21.859384536743164
241,2016-02-29,21.859384536743164,22.207543305482968,21.85034125023726,21.897817210770345,140865200,-0.0022705401571592176,21.62855806350708,22.393956565856932,22.727521896362305
242,2016-03-01,22.727521896362305,22.78177989666207,22.024422246230593,22.076420718272963,201628400,0.0397146295752242,21.680786895751954,22.347795600891114,22.777252197265625
243,2016-03-02,22.777252197265625,22.80890283156325,22.526306650455734,22.72299421344544,132678400,0.002188109250541803,21.757425689697264,22.313242530822755,22.946821212768555
244,2016-03-03,22.946821212768555,22.994297187608346,22.709439613738525,22.738830734947246,147822800,0.007444665143729878,21.821518898010254,22.2953475189209,23.28819465637207
245,2016-03-04,23.28819465637207,23.455491170685054,22.917428476094212,23.143505499426116,184220400,0.014876720415355926,21.893976497650147,22.27843364715576,23.030471801757812
246,2016-03-07,23.030471801757812,23.247505582542733,22.824740839603603,23.148031119537954,143315600,-0.011066673841277797,21.982712078094483,22.256814918518067,22.84055519104004
247,2016-03-08,22.84055519104004,23.00559213219759,22.698127325942952,22.78403595054956,126247600,-0.008246318718632462,22.05076084136963,22.225191917419433,22.86091423034668
248,2016-03-09,22.86091423034668,22.964909476890746,22.668747338535567,22.903867701308265,108806800,0.000891354835132363,22.120053672790526,22.196584434509276,22.872211456298828
249,2016-03-10,22.872211456298828,23.114113796134067,22.641613657275727,22.926471182400185,134054400,0.0004941720982072351,22.19805040359497,22.173644371032715,23.118635177612305
250,2016-03-11,23.118635177612305,23.123155958818757,22.946816169645622,23.114112671575178,109632800,0.010773935077694974,22.294811058044434,22.14699836730957,23.177413940429688
251,2016-03-14,23.177413940429688,23.26558555978219,23.010117438622984,23.039508553350707,100304400,0.0025424841200965,22.391232776641846,22.127913818359374,23.643136978149414
252,2016-03-15,23.643136978149414,23.778782855582488,23.478099981971386,23.50296859406439,160270800,0.020093830956150693,22.480985641479492,22.12740779876709,23.957382202148438
253,2016-03-16,23.957382202148438,24.034247561404328,23.645394809136018,23.6499173154633,153214000,0.013291181465870716,22.569720935821532,22.132782020568847,23.918949127197266
254,2016-03-17,23.918949127197266,24.070420314872738,23.72904353569829,23.8556461134771,137682800,-0.001604226815220433,22.677559566497802,22.149259986877443,23.94607925415039
255,2016-03-18,23.94607925415039,24.077204349071888,23.781043983672387,24.04103119537041,176820800,0.0011342524627169226,22.789241886138917,22.175319900512694,23.943822860717773
256,2016-03-21,23.943822860717773,24.33719647215718,23.76974255419054,23.948343643106927,142010800,-9.422809507431129e-05,22.89131603240967,22.22044750213623,24.126935958862305
257,2016-03-22,24.126935958862305,24.255799770484217,23.78555923077143,23.794602517092503,129777600,0.007647613299250899,23.02730073928833,22.2669437789917,23.993547439575195
258,2016-03-23,23.993547439575195,24.206060336540062,23.94155070403933,24.07267575641469,102814000,-0.005528614139588384,23.140678310394286,22.303711891174316,23.889558792114258
259,2016-03-24,23.889558792114258,24.02068388043272,23.713218988776717,23.844344077095183,104532000,-0.004334025542609754,23.241395950317383,22.331969108581543,23.781038284301758
260,2016-03-28,23.781038284301758,24.007115266261604,23.751647172755465,23.964160087743476,77645600,-0.004542591546241592,23.334991359710692,22.369613647460938,24.343971252441406
261,2016-03-29,24.343971252441406,24.3688398602475,23.710954967100033,23.71321622003621,124760400,0.023671505062554443,23.459220695495606,22.408937950134277,24.768997192382812
262,2016-03-30,24.768997192382812,24.96342356311957,24.55196346512961,24.563268005803202,182404400,0.017459186733914,23.56129446029663,22.467510871887207,24.64012908935547
263,2016-03-31,24.64012908935547,24.845859965083974,24.615260484051355,24.805166040480007,103553600,-0.005202798564124977,23.654438304901124,22.525620040893553,24.866212844848633
264,2016-04-01,24.866212844848633,24.86847409817385,24.461534741180458,24.59265983674843,103496000,0.009175429019600001,23.750407886505126,22.587666320800782,25.12167739868164
265,2016-04-04,25.12167739868164,25.36357972486646,24.92951056470371,24.963422460395734,149424800,0.010273560973155238,23.842082023620605,22.657025451660157,24.825519561767578
266,2016-04-05,24.825519561767578,25.03351175238245,24.73734965290633,24.757697483706366,106314800,-0.011788935595901107,23.931834411621093,22.697436141967774,25.085506439208984
267,2016-04-06,25.085506439208984,25.090028945605624,24.68761039301472,24.92047117717879,105616400,0.01047256540974062,24.04408197402954,22.751950950622557,24.538402557373047
268,2016-04-07,24.538402557373047,24.963426779060946,24.443450612873242,24.857170292431228,127207600,-0.021809560957509966,24.12795639038086,22.79305019378662,24.565528869628906
269,2016-04-08,24.565528869628906,24.816472765264848,24.454749892241516,24.622048122439764,94326800,0.0011054636581349087,24.212622261047365,22.864238204956056,24.64691734313965
270,2016-04-11,24.64691734313965,25.006380722002575,24.60396387981668,24.6356145264045,117630000,0.0033131170895068784,24.289036369323732,22.934040832519532,24.96794891357422
271,2016-04-12,24.96794891357422,24.981512984063105,24.565532057315203,24.71926278907174,108929200,0.013025222017224225,24.378563117980956,22.995648307800295,25.329669952392578
272,2016-04-13,25.329669952392578,25.397492024631045,25.049334925845812,25.049334925845812,133029200,0.014487415048406449,24.462889766693117,23.06858280181885,25.34323501586914
273,2016-04-14,25.34323501586914,25.40879756231934,25.169156459648935,25.234719006099134,101895600,0.0005355404749471937,24.53218240737915,23.150557975769043,24.834562301635742
274,2016-04-15,24.834562301635742,25.388452080131696,24.807434160943167,25.34549689092723,187756000,-0.020071341086285277,24.577963066101074,23.213950080871584,24.298757553100586
275,2016-04-18,24.298757553100586,24.63108930565179,24.17667576192985,24.61752523713194,243286000,-0.021574962426451294,24.595596981048583,23.26314437866211,24.169893264770508
276,2016-04-19,24.169893264770508,24.41631637059203,24.016160833443923,24.389186509241224,129539600,-0.0053033282894595635,24.60690050125122,23.321427040100097,24.219633102416992
277,2016-04-20,24.219633102416992,24.436666857674016,23.977730734333864,24.108855833811326,122444000,0.002057925415789308,24.611535358428956,23.376228103637697,23.957382202148438
278,2016-04-21,23.957382202148438,24.17441593542663,23.85564650775408,24.17441593542663,126210000,-0.010828029440395737,24.609727096557616,23.42587459564209,23.891820907592773
279,2016-04-22,23.891820907592773,24.072683223858203,23.652179804647325,23.74034970949823,134732400,-0.0027365800654874928,24.609840202331544,23.477465476989746,23.756162643432617
280,2016-04-25,23.756162643432617,23.885026415996325,23.62729887086891,23.738076076272453,112126400,-0.005678021138901368,24.608596420288087,23.52892028808594,23.59113883972168
281,2016-04-26,23.59113883972168,23.805913063172742,23.49166611475082,23.49166611475082,224064800,-0.00694656818897299,24.5709547996521,23.575763473510744,22.11485481262207
282,2016-04-27,22.11485481262207,22.31606322957976,21.631050110630447,21.7033946906059,458408400,-0.06257790423469978,24.438247680664062,23.581098976135255,21.438880920410156
283,2016-04-28,21.438880920410156,22.128414690369752,21.307755855035232,22.067374663291364,328970800,-0.030566508256075098,24.278185272216795,23.566223068237306,21.192461013793945
284,2016-04-29,21.192461013793945,21.414017269485193,20.91438722355462,21.248980273172936,274126000,-0.011494065736501025,24.094497680664062,23.554828758239747,21.169857025146484
285,2016-05-02,21.169857025146484,21.269331489435253,20.889521936951365,21.24446287336306,192640400,-0.0010666051777916685,23.896906661987305,23.543977241516114,21.518009185791016
286,2016-05-03,21.518009185791016,21.644611755356102,21.178893681743983,21.29645296422147,227325200,0.016445654792613063,23.731531143188477,23.53629062652588,21.2941951751709
287,2016-05-04,21.2941951751709,21.680786674377792,21.210546056401967,21.522531724666095,164102000,-0.010401241522283056,23.541965579986574,23.534029693603514,21.207763671875
288,2016-05-05,21.207763671875,21.396550491732608,21.080390268275877,21.38062881628272,143562000,-0.004058923222262867,23.37543363571167,23.523665046691896,21.0894832611084
289,2016-05-06,21.0894832611084,21.25552330073232,20.891598143338758,21.237328344361668,174799600,-0.005577222219024458,23.201631355285645,23.507950592041016,21.105409622192383
290,2016-05-09,21.105409622192383,21.328313071417906,21.059917882827285,21.153174647026425,131745600,0.0007551802425314058,23.024555969238282,23.49187618255615,21.24870491027832
291,2016-05-10,21.24870491027832,21.282823281311984,20.950741389604683,21.22823492885758,134747200,0.006789505186161504,22.838593769073487,23.479662590026855,21.041719436645508
292,2016-05-11,21.041719436645508,21.28281954167646,21.030346069855238,21.262349563852535,114876400,-0.009741086551241507,22.624196243286132,23.44594654083252,20.548147201538086
293,2016-05-12,20.548147201538086,21.103134265635397,20.350263778278634,21.0894876117092,305258800,-0.02345683947519206,22.38444185256958,23.40136444091797,20.589092254638672
294,2016-05-13,20.589092254638672,20.850664154631772,20.470817185557383,20.470817185557383,177571200,0.001992639662301121,22.172168350219728,23.354209861755372,21.35333251953125
295,2016-05-16,21.35333251953125,21.469334282624654,20.846112220421773,21.014427313211556,245039200,0.037118696416564845,22.02489709854126,23.315512619018556,21.264625549316406
296,2016-05-17,21.264625549316406,21.53984405433573,21.15544884972697,21.505727420296754,187667600,-0.004154244782808791,21.879633712768555,23.280195693969727,21.507999420166016
297,2016-05-18,21.507999420166016,21.655844521716993,21.35560601279247,21.417019421056718,168249600,0.011445010883694318,21.744052028656007,23.253544578552248,21.426116943359375
298,2016-05-19,21.426116943359375,21.526197029031923,21.282821876872852,21.526197029031923,121768400,-0.0038070708115170993,21.61748876571655,23.2248486328125,21.658124923706055
299,2016-05-20,21.658124923706055,21.705889955706326,21.49890641503914,21.5262014627533,128104000,0.010828279382587125,21.505803966522215,23.200566902160645,21.93333625793457
300,2016-05-23,21.93333625793457,22.106201365867136,21.760471150002004,21.805962881211684,152074400,0.012707071142953996,21.414662647247315,23.17686092376709,22.267690658569336
301,2016-05-24,22.267690658569336,22.3109056293014,22.02658884800029,22.113022260128254,140560800,0.015244119576829585,21.348490238189697,23.158666458129883,22.658916473388672
302,2016-05-25,22.658916473388672,22.686209780582036,22.31546123010262,22.442834624557907,152675200,0.017569213656593474,21.375693321228027,23.138982048034666,22.83860969543457
303,2016-05-26,22.83860969543457,22.91139475535093,22.436015977043528,22.672567855604875,225324800,0.007930353697933157,21.44567975997925,23.11660659790039,22.824954986572266
304,2016-05-27,22.824954986572266,22.85225002723643,22.574756520813573,22.617973234698777,145364800,-0.0005978782878817146,21.527304458618165,23.09472671508789,22.713499069213867
305,2016-05-31,22.713499069213867,22.836324126466405,22.476947299912524,22.654360693055555,169228800,-0.004883072822004064,21.604486560821535,23.07007511138916,22.395071029663086
306,2016-06-01,22.395071029663086,22.640721222061373,22.365502699874064,22.522444432240363,116693200,-0.014019330028387511,21.648339653015135,23.039100074768065,22.22675895690918
307,2016-06-02,22.22675895690918,22.254052269561818,21.97883370987399,22.199463908923846,160766400,-0.007515585573761752,21.694967842102052,23.001096534729005,22.272241592407227
308,2016-06-03,22.272241592407227,22.351849953501652,22.16533819236666,22.24267326838133,114019600,0.0020463008388322823,21.74819173812866,22.966670417785643,22.43373680114746
309,2016-06-06,22.43373680114746,23.175235654761575,22.188088354006602,22.288166708274215,93170000,0.007250963405285971,21.815404415130615,22.93755397796631,22.524717330932617
310,2016-06-07,22.524717330932617,22.715779152130132,22.508795657110518,22.57475737303988,89638000,0.004055522742002715,21.88636980056763,22.912427558898926,22.504247665405273
311,2016-06-08,22.504247665405273,22.645267711132405,22.44510927524069,22.522442624790106,83392400,-0.0009087645907650543,21.949146938323974,22.875633087158203,22.665735244750977
312,2016-06-09,22.665735244750977,22.743068580032585,22.395065100601336,22.40416344628129,106405600,0.007175871050955074,22.030347728729247,22.833567848205565,22.47922706604004
313,2016-06-10,22.47922706604004,22.597502107995926,22.399618697864703,22.410990330271307,126851600,-0.008228640134413046,22.126901721954347,22.790349807739258,22.140321731567383
314,2016-06-13,22.140321731567383,22.545190398665728,22.085733380235403,22.447385329224215,152082000,-0.015076378448289685,22.20446319580078,22.735831985473634,22.16761016845703
315,2016-06-14,22.16761016845703,22.399613629307435,22.00611844803428,22.13576682839237,127727600,0.0012325221476225945,22.24517707824707,22.67675064086914,22.094823837280273
316,2016-06-15,22.094823837280273,22.383690636219207,22.06980382366094,22.249492223594437,117780800,-0.0032834541307626974,22.286686992645265,22.622136726379395,22.188087463378906
317,2016-06-16,22.188087463378906,22.233577464826187,21.851455552539154,21.937887249421912,125307200,0.004221062217353744,22.32069139480591,22.564188346862792,21.68313980102539
318,2016-06-17,21.68313980102539,21.983378313250622,21.676316474550408,21.976554986775636,244032800,-0.022757601942345107,22.33354253768921,22.50708309173584,21.630828857421875
319,2016-06-20,21.630828857421875,21.965185801011977,21.614907180838184,21.835537367306898,137647600,-0.0024125170101537696,22.332177734375,22.4483890914917,21.81507110595703
320,2016-06-21,21.81507110595703,21.915149489272533,21.535302472159422,21.594440881845554,142185600,0.008517576915317404,22.326264476776124,22.39175216674805,21.73318099975586
321,2016-06-22,21.73318099975586,22.037967834086068,21.687689261946034,21.892397743759346,116876400,-0.00375383173419086,22.299538993835448,22.32705680847168,21.858280181884766
322,2016-06-23,21.858280181884766,21.90149690056784,21.664945061213388,21.821888525624615,128960800,0.005756137683218698,22.259507179260254,22.257629013061525,21.244157791137695
323,2016-06-24,21.244157791137695,21.530749694370524,21.073567661768816,21.13270605917647,301245600,-0.02809564090298511,22.17978458404541,22.175647468566893,20.9348201751709
324,2016-06-27,20.9348201751709,21.16454869416482,20.8119950779464,21.153175325125847,181958400,-0.014561067518329307,22.085277843475343,22.097652626037597,21.287368774414062
325,2016-06-28,21.287368774414062,21.303292182746873,20.95756194711633,21.130427064931602,161779600,0.016840297470588794,22.01397132873535,22.037424850463868,21.471609115600586
326,2016-06-29,21.471609115600586,21.505727485074683,21.296468962121974,21.373804048618755,146124000,0.008654913772526251,21.967798233032227,21.98345916748047,21.744550704956055
327,2016-06-30,21.744550704956055,21.78321737716716,21.448862244401933,21.480705590379575,143345600,0.012711743581302448,21.94368782043457,21.93395751953125,21.810510635375977
328,2016-07-01,21.810510635375977,21.942434049551338,21.683137261872627,21.719528910588412,104106000,0.0030334004742111897,21.920601272583006,21.891020088195802,21.605806350708008
329,2016-07-05,21.605806350708008,21.699063113797113,21.485256279657133,21.696788093022835,110820800,-0.00938557964507003,21.879204750061035,21.845299797058104,21.72863006591797
330,2016-07-06,21.72863006591797,21.758200128113007,21.464784938786494,21.517098265953845,123796400,0.005684754978188433,21.839400386810304,21.804749145507813,21.821887969970703
331,2016-07-07,21.821887969970703,21.94926136663653,21.749102923971318,21.767297883971878,100558400,0.004291936664659435,21.805282402038575,21.769364128112795,21.990196228027344
332,2016-07-08,21.990196228027344,22.037961236929736,21.846901201320176,21.946979523878202,115648400,0.0077128183541337325,21.771505451202394,21.7668709564209,22.05843734741211
333,2016-07-11,22.05843734741211,22.210830749360824,22.001573982326867,22.006122287987527,95179600,0.0031032519526947855,21.750465965270998,21.779262084960937,22.15852165222168
334,2016-07-12,22.15852165222168,22.222208360600444,22.090286636958425,22.101658271835976,96670000,0.004537234584357952,21.75137596130371,21.798583297729493,22.033409118652344
335,2016-07-13,22.033409118652344,22.215370777929795,22.026584059705986,22.156234149713683,103568800,-0.005646249128573588,21.744665908813477,21.81585433959961,22.470129013061523
336,2016-07-14,22.470129013061523,22.51561901394798,22.13577212701593,22.15169380085942,155676000,0.019820804490916277,21.76343116760254,21.83489673614502,22.46785545349121
337,2016-07-15,22.46785545349121,22.586132240019165,22.404168753975735,22.49969880324895,120548000,-0.00010118142040893563,21.777419567108154,21.858369941711427,22.706682205200195
338,2016-07-18,22.706682205200195,22.774917210646212,22.426913650407556,22.449658652222894,145975600,0.010629708393992354,21.828596687316896,21.88834831237793,22.715778350830078
339,2016-07-19,22.715778350830078,22.7453466767903,22.59522655576401,22.645266596106108,95119600,0.0004005933384578775,21.882844161987304,21.920874214172365,22.73624610900879
340,2016-07-20,22.73624610900879,22.849972831283942,22.68620607355459,22.74534445503065,105104000,0.0009010370616671093,21.928902912139893,21.95349094390869,22.615697860717773
341,2016-07-21,22.615697860717773,22.972799727665222,22.547461127789845,22.706679592844274,130808000,-0.005302029530866559,21.97302875518799,21.98083080291748,22.440563201904297
342,2016-07-22,22.440563201904297,22.586133303460066,22.360953088429195,22.577034955196268,113254800,-0.007743942278149896,22.002142906188965,22.008807678222656,22.140321731567383
343,2016-07-25,22.140321731567383,22.481501964223952,22.04479168290332,22.347305239005255,161531600,-0.013379408869356513,22.04695110321045,22.040651168823242,21.987930297851562
344,2016-07-26,21.987930297851562,22.283620553675192,21.93106692060337,22.02204867126699,224959200,-0.006882981898973184,22.099606609344484,22.0686279296875,23.416330337524414
345,2016-07-27,23.416330337524414,23.73476549220927,23.37084034485457,23.71656880100854,369379200,0.06496291466834503,22.2060546875,22.109887886047364,23.732494354248047
346,2016-07-28,23.732494354248047,23.757514374908947,23.386765841538203,23.38904086214345,159479200,0.013501860119259801,22.319098949432373,22.159245262145998,23.70292091369629
347,2016-07-29,23.70292091369629,23.780255979598845,23.5823708776115,23.698372608799385,110934800,-0.0012461159838625946,22.417017459869385,22.203143692016603,24.121442794799805
348,2016-08-01,24.121442794799805,24.144187796248808,23.74841921797252,23.74841921797252,152671600,0.017656974962173555,22.532564067840575,22.25705020904541,23.764341354370117
349,2016-08-02,23.764341354370117,24.125991569835236,23.655162915827727,24.12144326358999,135266400,-0.014804315126070056,22.640490818023682,22.29917453765869,24.062297821044922
350,2016-08-03,24.062297821044922,24.073669450992774,23.830294357860428,23.83939270301785,120810400,0.012537964433001703,22.75717420578003,22.3417537689209,24.210948944091797
351,2016-08-04,24.210948944091797,24.240677448708052,24.076023511408614,24.14462990019436,109634800,0.006177760916784347,22.876627254486085,22.380618934631347,24.579133987426758
352,2016-08-05,24.579133987426758,24.61801012849132,24.281841949882754,24.302422820540578,162213600,0.015207377628410068,23.006074142456054,22.41902328491211,24.782665252685547
353,2016-08-08,24.782665252685547,24.782665252685547,24.505955817357165,24.5882810486413,112148800,0.008280652416920109,23.142285537719726,22.457904396057128,24.88328742980957
354,2016-08-09,24.88328742980957,24.9130176838201,24.7003399389186,24.750651065951914,105260800,0.00406018384617135,23.27852382659912,22.499071044921877,24.698049545288086
355,2016-08-10,24.698049545288086,24.903866973778754,24.64316547926824,24.860416143116,96034000,-0.007444268971453227,23.41175584793091,22.53876205444336,24.682035446166992
356,2016-08-11,24.682035446166992,24.910721032902632,24.663740180492326,24.81695910486939,109938000,-0.0006483952950101513,23.52235116958618,22.584501342773436,24.739212036132812
357,2016-08-12,24.739212036132812,24.798670789690842,24.647737433289596,24.647737433289596,74641600,0.002316526531635832,23.63591899871826,22.63475040435791,25.036500930786133
358,2016-08-15,25.036500930786133,25.050221508841652,24.71634073320655,24.73006131126207,103472800,0.012016910410045156,23.75240993499756,22.69003559112549,25.013635635375977
359,2016-08-16,25.013635635375977,25.208019832624814,24.974759493819427,25.070807047570803,135177600,-0.0009132783959454605,23.867302799224852,22.74163356781006,24.97705078125
360,2016-08-17,24.97705078125,25.011353982927975,24.775806261930317,24.949607870960957,101424000,-0.0014625964277753534,23.979343032836915,22.790680236816407,24.94502830505371
361,2016-08-18,24.94502830505371,25.063944061948497,24.931305981184153,24.97933149762833,87938800,-0.0012820759535120407,24.095809555053712,22.839495849609374,25.009063720703125
362,2016-08-19,25.009063720703125,25.084530406646195,24.78037806249972,24.8741382751019,101472400,0.0025670612543038374,24.224234580993652,22.886362419128417,24.814678192138672
363,2016-08-22,24.814678192138672,24.94960187632509,24.663744838913637,24.8947178136673,103280800,-0.007772603194398542,24.357952404022218,22.93307144165039,24.892433166503906
364,2016-08-23,24.892433166503906,24.999915703376054,24.819253826785246,24.832974407753408,85030800,0.0031334266663940458,24.503177547454833,22.988113670349122,24.704910278320312
365,2016-08-24,24.704910278320312,24.869564224064508,24.62487065045384,24.82840073762846,94700400,-0.0075333289811110316,24.56760654449463,23.038859672546387,24.59971046447754
366,2016-08-25,24.59971046447754,24.670602443725805,24.396180415569614,24.55854698578084,100344800,-0.004258255247949316,24.610967350006103,23.088957405090333,24.455644607543945
367,2016-08-26,24.455644607543945,24.686615863863906,24.31157152765486,24.563127145006252,111065200,-0.005856404576046859,24.648603534698488,23.13430854797363,24.428203582763672
368,2016-08-29,24.428203582763672,24.569989328491513,24.30700045491993,24.382467145939582,99881200,-0.0011220732563232971,24.66394157409668,23.189209823608397,24.24067497253418
369,2016-08-30,24.24067497253418,24.355017779008396,24.12633216605996,24.194938547837598,99455600,-0.007676725371726145,24.687758255004884,23.241406745910645,24.2635440826416
370,2016-08-31,24.2635440826416,24.371026603861498,24.158348906160995,24.16292359563958,118649600,0.0009434188665675691,24.697820568084715,23.290376205444336,24.40761947631836
371,2016-09-01,24.40761947631836,24.423627401559532,24.15377827268476,24.272694039514473,106806000,0.0059379368976781866,24.707654094696046,23.343864974975585,24.636302947998047
372,2016-09-02,24.636302947998047,24.698047298562003,24.428198193473584,24.629440913728413,107210000,0.009369347629397895,24.710512542724608,23.399425430297853,24.629440307617188
373,2016-09-06,24.629440307617188,24.766653073907662,24.58599122670915,24.67517847795828,107521600,-0.00027855804482290747,24.70285129547119,23.467131080627443,24.780370712280273
374,2016-09-07,24.780370712280273,24.87184529737556,24.48536609133258,24.659167628540366,169457200,0.006128048497163974,24.697705459594726,23.54404209136963,24.130905151367188
375,2016-09-08,24.130905151367188,24.53110497470245,24.06687345879079,24.52653203011818,212008000,-0.02620887187096166,24.66934823989868,23.600912818908693,23.584352493286133
376,2016-09-09,23.584352493286133,24.17664928520172,23.584352493286133,23.929668343134992,186228000,-0.022649488473501678,24.61446409225464,23.6431676864624,24.112611770629883
377,2016-09-12,24.112611770629883,24.17664346358425,23.44713579442676,23.474578696292678,181171200,0.022398718705299636,24.58313407897949,23.690528907775878,24.686613082885742
378,2016-09-13,24.686613082885742,24.878709919520208,24.52424649480716,24.585992592013305,248704800,0.023805024429374155,24.565639686584472,23.748050956726075,25.560195922851562
379,2016-09-14,25.560195922851562,25.84834034830154,24.835262785991265,24.86499303896986,443554800,0.035386905325276885,24.59296770095825,23.827138748168945,26.42919921875
380,2016-09-15,26.42919921875,26.46578975844702,25.953532671086496,26.03814698558614,359934400,0.03399830339803933,24.665575122833253,23.921150131225588,26.28055763244629
381,2016-09-16,26.28055763244629,26.557267092778357,26.079314864404765,26.326295814773857,319547600,-0.005624142641380447,24.73235158920288,24.010323524475098,25.97411346435547
382,2016-09-19,25.97411346435547,26.56869573487193,25.89864679007236,26.342297456755436,188092000,-0.011660489567104193,24.780604076385497,24.09000186920166,25.97182846069336
383,2016-09-20,25.97182846069336,26.09760626250278,25.729422236914832,25.852912693764175,138057200,-8.79723446671754e-05,24.83846158981323,24.168269691467284,25.967252731323242
384,2016-09-21,25.967252731323242,26.067873217249353,25.713411554693913,26.035857370172934,144012800,-0.00017618048636980355,24.8922025680542,24.244444313049318,26.21194839477539
385,2016-09-22,26.21194839477539,26.285127728976082,26.070162671440883,26.150202295608366,124296000,0.00942324033982156,24.96755447387695,24.32801509857178,25.77515983581543
386,2016-09-23,25.77515983581543,26.250826414554755,25.509885384613206,26.166212094527168,209924800,-0.016663719628221996,25.02632694244385,24.394115715026857,25.814037322998047
387,2016-09-26,25.814037322998047,25.930667501061446,25.50988671353312,25.53046758597969,119477600,0.0015083315653621199,25.094246578216552,24.461039352416993,25.862056732177734
388,2016-09-27,25.862056732177734,25.882639345878555,25.690542511846697,25.84147586320979,98429600,0.0018602053053091705,25.165939235687254,24.524146842956544,26.058727264404297
389,2016-09-28,26.058727264404297,26.21652090998505,25.939811502552825,25.999270255845023,118564400,0.0076045975099059415,25.25684185028076,24.591005821228027,25.653949737548828
390,2016-09-29,25.653949737548828,26.02442102407448,25.567049840837548,25.87806238501727,143548000,-0.01553328076035343,25.326362133026123,24.649359893798827,25.852909088134766
391,2016-09-30,25.852909088134766,25.92608841405423,25.56705207364735,25.71798367003567,145516400,0.007755505589641221,25.398626613616944,24.71410411834717,25.731700897216797
392,2016-10-03,25.731700897216797,25.852905721149714,25.676816846108277,25.775151716074493,86807200,-0.00468837725397786,25.45339651107788,24.77992687225342,25.841476440429688
393,2016-10-04,25.841476440429688,26.141054060318368,25.75686212840585,25.855197020048127,118947200,0.0042661596157742565,25.513998317718507,24.853949966430665,25.852909088134766
394,2016-10-05,25.852909088134766,25.992407450783244,25.77058212838377,25.93294870324469,85812400,0.00044241464807304176,25.56762523651123,24.93124954223633,26.04500961303711
395,2016-10-06,26.04500961303711,26.147917461887886,25.87120802334415,26.00155877943059,115117200,0.007430518718317458,25.663330459594725,24.983823127746582,26.083887100219727
396,2016-10-07,26.083887100219727,26.198229935826134,25.9581110278926,26.14105851802293,97433600,0.0014927038906968892,25.788307189941406,25.030850982666017,26.538970947265625
397,2016-10-10,26.538970947265625,26.6990502077917,26.234818607533,26.303423257158567,144944000,0.01744693362984484,25.909625148773195,25.0875719833374,26.59614372253418
398,2016-10-11,26.59614372253418,27.142702326110225,26.573273760088448,26.916302259976334,256164000,0.0021542951074537964,26.005101680755615,25.13706600189209,26.833969116210938
399,2016-10-12,26.833969116210938,26.980329514362847,26.699045441387863,26.836256460876704,150347200,0.008942100635260797,26.068790340423583,25.198458557128905,26.751644134521484
400,2016-10-13,26.751644134521484,26.8568393085417,26.463499769759196,26.708193309155366,140769600,-0.003067939048931767,26.08491258621216,25.252245483398436,26.900293350219727
401,2016-10-14,26.900293350219727,27.023783815035245,26.78595052110163,26.957464764778777,142608800,0.005556638498581901,26.11589937210083,25.306032371520995,26.881999969482422
402,2016-10-17,26.881999969482422,26.948317275365774,26.70591103463414,26.831688845240055,94499600,-0.0006800439125008717,26.161293697357177,25.35208969116211,26.863698959350586
403,2016-10-18,26.863698959350586,27.032925822688387,26.859124270087737,27.026065533526857,98214000,-0.000680790497455952,26.205887222290038,25.39371036529541,26.783660888671875
404,2016-10-19,26.783660888671875,26.930019548331323,26.024424687413664,26.813389391663282,80138400,-0.002979413624304761,26.24670763015747,25.431717834472657,26.769941329956055
405,2016-10-20,26.769941329956055,26.843120667344646,26.603001784381934,26.72420489836307,96503200,-0.0005122361268254938,26.274607276916505,25.473155670166015,26.664752960205078
406,2016-10-21,26.664752960205078,26.73564671545606,26.59157360410309,26.71277674907824,92770800,-0.003929346293832459,26.319086933135985,25.51281002044678,26.904870986938477
407,2016-10-24,26.904870986938477,26.92545186096177,26.756224943859266,26.77909316324069,94154800,0.009005072242437517,26.373628616333008,25.556123199462892,27.04207992553711
408,2016-10-25,27.04207992553711,27.06723548830231,26.827114841810193,26.973473528044174,192516000,0.00509978058119076,26.432629776000976,25.59623477935791,26.43376922607422
409,2016-10-26,26.43376922607422,26.458924783136965,25.91236630646959,26.141051919961637,264536800,-0.02249496714520227,26.451381874084472,25.624637451171875,26.179935455322266
410,2016-10-27,26.179935455322266,26.495521042006445,26.093033786794877,26.388038501290872,138248000,-0.00960263247291926,26.477681159973145,25.64869514465332,26.006132125854492
411,2016-10-28,26.006132125854492,26.346873252274538,25.944386023948137,26.040435321943242,151446800,-0.006638799005611706,26.48534231185913,25.669917221069337,25.9649658203125
412,2016-10-31,25.9649658203125,26.12275945834827,25.887211801304716,25.990121378397415,105677600,-0.0015829461045099302,26.497005558013917,25.689035263061523,25.496158599853516
413,2016-11-01,25.496158599853516,26.017561520279223,25.276620619923364,25.94666953829954,175303200,-0.018055375990221223,26.479739665985107,25.70266487121582,25.51903533935547
414,2016-11-02,25.51903533935547,25.69283695248327,25.43671009601425,25.475586244623532,113326800,0.0008972622056910851,26.46304597854614,25.715196914672852,25.245500564575195
415,2016-11-03,25.245500564575195,25.62017138216034,25.18114010547502,25.50983966761461,107730400,-0.010718852462202166,26.42307052612305,25.72600872039795,25.017932891845703
416,2016-11-04,25.017932891845703,25.342035962250055,24.85013626618054,24.946676934674795,123348000,-0.00901418738548676,26.369772815704344,25.73437316894531,25.37882423400879
417,2016-11-07,25.37882423400879,25.40180986587377,25.16045634706323,25.302970070532186,130240000,0.01442530618829485,26.311765480041505,25.752836761474608,25.528221130371094
418,2016-11-08,25.528221130371094,25.67992939440463,25.215611756323725,25.355826332346027,97016800,0.005886675244872297,26.258369350433348,25.77483711242676,25.48685073852539
419,2016-11-09,25.48685073852539,25.587989598793193,24.83634892038631,25.256990967873747,236705600,-0.0016205747997256603,26.191013431549074,25.799760627746583,24.77658462524414
420,2016-11-10,24.77658462524414,25.535120808105646,24.32605969000553,25.535120808105646,228538000,-0.027867943378646842,26.092260456085206,25.810021438598632,24.92369270324707
421,2016-11-11,24.92369270324707,25.02483155418706,24.49155700560564,24.62257699264575,136575600,0.005937383228076021,25.993430423736573,25.820342903137206,24.298473358154297
422,2016-11-14,24.298473358154297,24.781178470419228,23.92380260629485,24.758192846728647,204702000,-0.02508534158789877,25.864254093170167,25.81358631134033,24.62027931213379
423,2016-11-15,24.62027931213379,24.751299306666837,24.40191323914231,24.496154829888138,129058000,0.01324387541703298,25.752083110809327,25.813403091430665,25.282276153564453
424,2016-11-16,25.282276153564453,25.33744376220521,24.50305165684557,24.52603728360043,235362000,0.02688827502880553,25.677013874053955,25.823441200256347,25.273080825805664
425,2016-11-17,25.273080825805664,25.365025083873647,25.01563900764434,25.240900598535497,110528000,-0.00036370648366212954,25.602170848846434,25.846284713745117,25.298362731933594
426,2016-11-18,25.298362731933594,25.40869618010387,25.20642023776414,25.220211261151423,113715600,0.0010003491977168544,25.53385133743286,25.880564918518065,25.682235717773438
427,2016-11-21,25.682235717773438,25.741998001934082,25.286876589000848,25.312161306796146,117058400,0.015173827251488081,25.472719573974608,25.911957397460938,25.698328018188477
428,2016-11-22,25.698328018188477,25.840839981124503,25.606383741451264,25.732805587485117,103862000,0.0006265926608524097,25.40553197860718,25.932191696166992,25.567298889160156
429,2016-11-23,25.567298889160156,25.631659333849804,25.36042477859301,25.597180023140183,109705600,-0.0050987414019924016,25.362208461761476,25.932333755493165,25.69601821899414
430,2016-11-25,25.69601821899414,25.714407417415273,25.502935142953227,25.54430996255553,45903600,0.005034529865356907,25.338012599945067,25.917670135498046,25.64545249938965
431,2016-11-28,25.64545249938965,25.85232662724157,25.604077673819265,25.6132722743561,108776000,-0.001967842611783177,25.319978618621825,25.904968032836916,25.620168685913086
432,2016-11-29,25.620168685913086,25.75118867920456,25.300663759225262,25.4638639786802,114115200,-0.0009858985126959263,25.302738761901857,25.897889137268066,25.40410041809082
433,2016-11-30,25.40410041809082,25.790264892859526,25.34663547692697,25.652349384804452,144649200,-0.00843352245143758,25.298135852813722,25.886534576416015,25.167354583740234
434,2016-12-01,25.167354583740234,25.50065241975659,25.061619262770336,25.36963237489264,148347600,-0.009319197706445626,25.280551815032958,25.870536613464356,25.261585235595703
435,2016-12-02,25.261585235595703,25.30525739275054,25.020231812289612,25.09378685736632,106112000,0.0037441619675175897,25.281356048583984,25.85152935028076,25.079999923706055
436,2016-12-05,25.079999923706055,25.29147049357029,24.882320379013997,25.2845749809842,137298000,-0.007188199402220374,25.284459400177003,25.837626152038574,25.273080825805664
437,2016-12-06,25.273080825805664,25.367324172590333,25.09838866453644,25.16964463153597,104782000,0.007698600585604787,25.279172229766846,25.826807022094727,25.521324157714844
438,2016-12-07,25.521324157714844,25.55810255429244,25.091487608279657,25.114473229295417,119994800,0.009822440470166338,25.278827381134032,25.81999237060547,25.771875381469727
439,2016-12-08,25.771875381469727,25.84313134162784,25.422487585094927,25.48225161015469,108273200,0.009817328529136748,25.29307861328125,25.81425533294678,26.192516326904297
440,2016-12-09,26.192516326904297,26.364911129636067,25.815546498559403,25.815546498559403,137610400,0.01632170492866103,25.36387519836426,25.825026664733887,26.04311180114746
441,2016-12-12,26.04311180114746,26.43387269604749,25.856924200952502,26.04081271248829,105497600,-0.005704092111355141,25.41984615325928,25.82883071899414,26.47754669189453
442,2016-12-13,26.47754669189453,26.645343337012505,26.146548071609143,26.16723460853157,174935200,0.016681374102457625,25.52879981994629,25.843747634887695,26.47754669189453
443,2016-12-14,26.47754669189453,26.709703790136704,26.42927635205138,26.443067376666335,136127200,0.0,25.621663188934328,25.85646903991699,26.622358322143555
444,2016-12-15,26.622358322143555,26.831531553286478,26.486741900476627,26.521219462804925,186098000,0.005469223864813522,25.68866729736328,25.871858024597167,26.656831741333008
445,2016-12-16,26.656831741333008,26.778657111119298,26.583276701819184,26.771761600179012,177404400,0.001294904785380302,25.757854843139647,25.884094467163084,26.81083869934082
446,2016-12-19,26.81083869934082,26.980934408078816,26.6062636804516,26.617757368398863,111117600,0.005777391683386535,25.83347864151001,25.898633499145507,26.88209342956543
447,2016-12-20,26.88209342956543,27.008516976463365,26.82003207707311,26.833823099029075,85700000,0.002657683745878492,25.89347152709961,25.905495948791504,26.907384872436523
448,2016-12-21,26.907384872436523,26.985538108355716,26.843024415615375,26.8476225932117,95132800,0.0009408286202621241,25.95392436981201,25.91172077178955,26.730388641357422
449,2016-12-22,26.730388641357422,26.780958063359915,26.58097946372022,26.744179664197883,104343600,-0.006577979685436275,26.012078857421876,25.90964916229248,26.783260345458984
450,2016-12-23,26.783260345458984,26.783260345458984,26.569490683491168,26.569490683491168,56998000,0.00197796241614534,26.066440963745116,25.91028148651123,26.953351974487305
451,2016-12-27,26.953351974487305,27.07747643702863,26.77635900331725,26.78325451451001,73187600,0.0063506692924768515,26.1318359375,25.91134265899658,26.83842658996582
452,2016-12-28,26.83842658996582,27.128048630534312,26.709703929355662,27.013118748301817,83623600,-0.004263862417938524,26.192748832702637,25.91047119140625,26.831527709960938
453,2016-12-29,26.831527709960938,26.91887377816601,26.755673576322245,26.767165510888628,60158000,-0.0002570523268849989,26.264120197296144,25.909827766418456,26.622358322143555
454,2016-12-30,26.622358322143555,26.93956417139991,26.532713152708265,26.813142350917477,122345200,-0.007795657037438453,26.336870384216308,25.90660171508789,26.698211669921875
455,2017-01-03,26.698211669921875,26.739586497171988,26.37870674148132,26.61776110407188,115127600,0.002849234724454419,26.408701705932618,25.905167121887207,26.6683349609375
456,2017-01-04,26.6683349609375,26.780967532929388,26.606273582520334,26.62925921327887,84472400,-0.0011190528172354552,26.48811845779419,25.905238761901856,26.80394744873047
457,2017-01-05,26.80394744873047,26.861412390220124,26.620058934487233,26.645343649037947,88774400,0.005085150159978458,26.56466178894043,25.903220291137696,27.10276222229004
458,2017-01-06,27.10276222229004,27.160227156096582,26.77176364238335,26.84301959912247,127007600,0.011148162938728667,26.64373369216919,25.904433937072753,27.35101318359375
459,2017-01-09,27.35101318359375,27.452152042252223,27.10966148046446,27.111958815476992,134247600,0.00915961846499691,26.72269058227539,25.922778816223143,27.378591537475586
460,2017-01-10,27.378591537475586,27.44065289058721,27.192405724450218,27.300438320334116,97848400,0.0010083119662411821,26.781994342803955,25.94675193786621,27.52570915222168
461,2017-01-11,27.52570915222168,27.56708398351671,27.261370049708496,27.29355027919452,110354400,0.005373454457827664,26.856124210357667,25.977143478393554,27.410781860351562
462,2017-01-12,27.410781860351562,27.42227555212586,27.171727451713522,27.330331279004902,108344800,-0.004175270879836379,26.902785968780517,26.006059799194336,27.36250114440918
463,2017-01-13,27.36250114440918,27.495820202237944,27.309632637445883,27.378591254582275,104447600,-0.001761376825672345,26.94703369140625,26.04338665008545,27.58316993713379
464,2017-01-17,27.58316993713379,27.638335785974654,27.174019863656817,27.201601911231894,137759200,0.008064642612895634,26.99507427215576,26.084669342041014,27.58087158203125
465,2017-01-18,27.58087158203125,27.6981005484148,27.51651113105699,27.58317067062055,94852000,-8.332454564785596e-05,27.041276264190675,26.131376762390136,27.5325984954834
466,2017-01-19,27.5325984954834,27.603854451421988,27.438356917018545,27.445252428407365,102389200,-0.0017502378923841544,27.077364253997803,26.18167007446289,27.58316993713379
467,2017-01-20,27.58316993713379,27.686606122921752,27.52110857639915,27.686606122921752,130391600,0.001836784190881513,27.11241807937622,26.22575698852539,27.601564407348633
468,2017-01-23,27.601564407348633,27.769361074433192,27.530306678897652,27.58317520299412,88200800,0.00066687296118495,27.147127056121825,26.26722385406494,27.576276779174805
469,2017-01-24,27.576276779174805,27.60615791782872,27.468242407108608,27.47973609703981,92844000,-0.0009161664824728355,27.189421463012696,26.30901237487793,28.01530647277832
470,2017-01-25,28.01530647277832,28.065875899766148,27.647531213354256,27.67971143894819,129510400,0.015920557264462287,27.251023769378662,26.373786811828612,28.029102325439453
471,2017-01-26,28.029102325439453,28.144032216222865,27.950949087787432,27.967039202349472,105350400,0.000492439826583313,27.30481128692627,26.43589500427246,28.031396865844727
472,2017-01-27,28.031396865844727,28.12334112004273,27.950946301055517,28.075070781169206,82251600,8.186278599398022e-05,27.364459800720216,26.51055347442627,27.957839965820312
473,2017-01-30,27.957839965820312,27.957839965820312,27.734877487763406,27.796938846873953,121510000,-0.0026240897082814296,27.420775413513184,26.5773046875,27.893478393554688
474,2017-01-31,27.893478393554688,27.90267299336527,27.7256817696607,27.847507148192374,196804000,-0.002302093879366529,27.48433141708374,26.629528732299804,29.594444274902344
475,2017-02-01,29.594444274902344,29.994401522323454,29.19448878117204,29.199085204775255,447940000,0.06098077325991347,27.629143047332764,26.71595600128174,29.54387664794922
476,2017-02-02,29.54387664794922,29.741556195064256,29.371481816420356,29.417454823709267,134841600,-0.0017086864846456162,27.77292013168335,26.80086627960205,29.67030143737793
477,2017-02-03,29.67030143737793,29.69558615399653,29.45883085628691,29.49330842104774,98029200,0.004279221408050704,27.916237831115723,26.88062759399414,29.948427200317383
478,2017-02-06,29.948427200317383,29.996699294153608,29.62892226767109,29.6817925388683,107383600,0.009373877226237948,28.05852108001709,26.96562957763672,30.23345947265625
479,2017-02-07,30.23345947265625,30.362180400578858,29.985210465641693,30.00589700604735,152735200,0.009517437107209537,28.202643394470215,27.05895278930664,30.350685119628906
480,2017-02-08,30.350685119628906,30.39206170565568,30.16220191572174,30.19208481077541,92016400,0.0038773481109126706,28.35124807357788,27.152046127319338,30.569997787475586
481,2017-02-09,30.569997787475586,30.576923196246266,30.269883824588764,30.39223740965527,113399600,0.007225954438334625,28.503462505340575,27.250537033081056,30.500741958618164
482,2017-02-10,30.500741958618164,30.6900458696423,30.484583844738975,30.57923580025104,80262000,-0.0022654836071265283,28.657960510253908,27.348148498535156,30.770830154418945
483,2017-02-13,30.770830154418945,30.893187216215697,30.646169320679913,30.72235231119318,92141600,0.008855135267437753,28.828376960754394,27.45548309326172,31.17021942138672
484,2017-02-14,31.17021942138672,31.18637753106058,30.761602773456037,30.81239144258133,132904800,0.012979476503022447,29.00772943496704,27.57554039001465,31.283349990844727
485,2017-02-15,31.283349990844727,31.45880311207784,31.077887932497394,31.28566080933832,142492400,0.003629444115506697,29.192853355407713,27.695975685119627,31.24640655517578
486,2017-02-16,31.24640655517578,31.373374722183783,31.128667569101108,31.320278751111992,90338400,-0.0011809296536259284,29.378543758392333,27.819303817749024,31.331829071044922
487,2017-02-17,31.331829071044922,31.357223414474387,31.188699238581894,31.188699238581894,88792800,0.002733834872125085,29.565976715087892,27.94047878265381,31.558063507080078
488,2017-02-21,31.558063507080078,31.569607029524473,31.391846647128517,31.44956073676202,98028800,0.007220594607552977,29.763801670074464,28.06121356964111,31.6527099609375
489,2017-02-22,31.6527099609375,31.655017255990174,31.421853642506797,31.49572583265893,83347600,0.002999121091070256,29.9676233291626,28.17883026123047,31.518814086914062
490,2017-02-23,31.518814086914062,31.738126893348525,31.465718117955575,31.715043374169532,83152800,-0.004230155149074988,30.142798709869385,28.285356216430664,31.548824310302734
491,2017-02-24,31.548824310302734,31.548824310302734,31.23024147385808,31.375682077032856,87106400,0.0009521368191682811,30.31878480911255,28.39547046661377,31.611169815063477
492,2017-02-27,31.611169815063477,31.728908850854456,31.46111454200746,31.659651216140283,81029600,0.0019761593696023816,30.497773456573487,28.498142929077147,31.62502098083496
493,2017-02-28,31.62502098083496,31.728905661167946,31.558070649058873,31.645797212383705,93931600,0.0004381731474196737,30.681132507324218,28.601092414855955,32.27140808105469
494,2017-03-01,32.27140808105469,32.35451650915443,31.76583562625202,31.832782418776734,145658400,0.020439104233684002,30.90002899169922,28.714073410034178,32.07978820800781
495,2017-03-02,32.07978820800781,32.384516646762336,32.033614136832135,32.31987717422086,104844000,-0.005937759907023277,31.02429618835449,28.822532539367675,32.269100189208984
496,2017-03-03,32.269100189208984,32.280643711179444,31.994380570218482,32.038243840153214,84432400,0.005901285257049027,31.160557365417482,28.93169776916504,32.167518615722656
497,2017-03-06,32.167518615722656,32.266788664550965,31.996687194269274,32.17444402347953,87000000,-0.0031479518452856015,31.285418224334716,29.037406272888184,32.20907974243164
498,2017-03-07,32.20907974243164,32.315271693433274,32.0405520664607,32.10288426884158,69785200,0.0012920215328224849,31.39845085144043,29.143440170288088,32.08903884887695
499,2017-03-08,32.08903884887695,32.27372466907175,32.04748638869236,32.07749532462934,74828800,-0.0037269271433590934,31.491229820251466,29.250613174438477,32.01515579223633
500,2017-03-09,32.01515579223633,32.040550130739646,31.63886235043582,32.02901013171941,88623600,-0.002302439066142692,31.574453353881836,29.355251083374025,32.12134552001953
501,2017-03-10,32.12134552001953,32.17213418795133,32.00591736973592,32.14673985398543,78451200,0.003316858067857753,31.652020740509034,29.45861095428467,32.135196685791016
502,2017-03-13,32.135196685791016,32.18829264917748,32.047473685975916,32.054399093261644,69686800,0.0004312137473461153,31.733743476867676,29.564546356201173,32.08672332763672
503,2017-03-14,32.08672332763672,32.23908583184447,32.052092763771405,32.15828822800166,61236400,-0.0015084195260497424,31.799538135528564,29.669650268554687,32.42608642578125
504,2017-03-15,32.42608642578125,32.49303322137834,32.09595999363327,32.18368653915024,102767200,0.010576433582179856,31.862331485748292,29.78572483062744,32.47917938232422
505,2017-03-16,32.47917938232422,32.55536239804194,32.379909323326615,32.486104790790534,76928000,0.0016373532052500472,31.922122955322266,29.901344184875487,32.31758117675781
506,2017-03-17,32.31758117675781,32.550744818317526,32.294494133099576,32.550744818317526,175540000,-0.004975439916882651,31.975681686401366,30.014329109191895,32.65693283081055
507,2017-03-20,32.65693283081055,32.66616553261272,32.37297705352202,32.41222220070936,86168000,0.010500527629115686,32.04193687438965,30.131388816833496,32.282955169677734
508,2017-03-21,32.282955169677734,32.966291600943265,32.25756082710326,32.80700013593877,158119600,-0.01145170806671647,32.078181457519534,30.23499267578125,32.647701263427734
509,2017-03-22,32.647701263427734,32.68925723393395,32.26447891610455,32.28525866265166,103440800,0.011298410936449566,32.12793102264404,30.34092643737793,32.53227996826172
510,2017-03-23,32.53227996826172,32.68464602130465,32.46071505556878,32.61077029040308,81385200,-0.003535357489175217,32.17860431671143,30.444000205993653,32.46763610839844
511,2017-03-24,32.46763610839844,32.72157949606167,32.40068931851718,32.666172705320164,89582400,-0.001987068226584454,32.22454490661621,30.542838745117187,32.52303695678711
512,2017-03-27,32.52303695678711,32.60152725405525,32.001299459750086,32.179059798635386,94300400,0.0017063406834949557,32.27013826370239,30.6450838470459,33.197139739990234
513,2017-03-28,33.197139739990234,33.252543002700264,32.46301480579109,32.529965111682934,133499200,0.020726932238794182,32.34874420166015,30.76177661895752,33.271018981933594
514,2017-03-29,33.271018981933594,33.35643823436015,33.05632424825825,33.16944161532169,116760000,0.0022254701014003953,32.398724746704104,30.875533599853515,33.227149963378906
515,2017-03-30,33.227149963378906,33.35873976262738,33.127883432090165,33.287174863774936,84829200,-0.0013185354671135796,32.456092834472656,30.988459167480467,33.16482925415039
516,2017-03-31,33.16482925415039,33.30565179049683,33.01477048971529,33.17868007369449,78646800,-0.001875595989942025,32.50087928771973,31.10110378265381,33.174049377441406
517,2017-04-03,33.174049377441406,33.27100860006439,33.023994192507935,33.176360194881575,79942800,0.00027800906859365426,32.55120582580567,31.21292137145996,33.42106628417969
518,2017-04-04,33.42106628417969,33.44876791191297,33.051694808994476,33.070163735012486,79565600,0.00744608847499495,32.61180515289307,31.32931140899658,33.247928619384766
519,2017-04-05,33.247928619384766,33.58036228806485,33.19944724162395,33.29409917945968,110871600,-0.005180494940608127,32.669749641418456,31.44274444580078,33.16482925415039
520,2017-04-06,33.16482925415039,33.36336588698982,33.116347863157166,33.31026638195226,84596000,-0.002499384734179322,32.72723331451416,31.545734901428222,33.09095001220703
521,2017-04-07,33.09095001220703,33.28486851044707,33.07479189864796,33.18098385228909,66688800,-0.0022276382422234953,32.77571353912354,31.646971855163574,33.05171203613281
522,2017-04-10,33.05171203613281,33.215621638358044,32.989379818656815,33.15098212489749,75733600,-0.0011857615468804372,32.821539306640624,31.747378158569337,32.6961784362793
523,2017-04-11,32.6961784362793,33.09325154850054,32.333732359535915,32.99859962141102,121517600,-0.010756889067193853,32.85201206207275,31.842144927978516,32.73542785644531
524,2017-04-12,32.73542785644531,32.816225457301364,32.55304938555892,32.68925729558643,81400000,0.0012004283694042606,32.867479133605954,31.938983917236328,32.56228256225586
525,2017-04-13,32.56228256225586,32.86932187096987,32.56228256225586,32.76081912568794,71291600,-0.0052892326609795814,32.871634292602536,31.998340682983397,32.74235534667969
526,2017-04-17,32.74235534667969,32.75389886827551,32.52073170883979,32.66155421809713,66328400,0.005530103243823525,32.892873001098636,32.06231025695801,32.59690475463867
527,2017-04-18,32.59690475463867,32.7908231768218,32.57612853567344,32.645386121478026,58790000,-0.0044422763879069516,32.88987159729004,32.12084232330322,32.476871490478516
528,2017-04-19,32.476871490478516,32.78160358080456,32.423775513256935,32.75390194444348,69313600,-0.0036823515933080975,32.899567413330075,32.171411209106445,32.883174896240234
529,2017-04-20,32.883174896240234,32.99398494389246,32.58767908744237,32.60152990307541,93278400,0.012510546340057438,32.9113410949707,32.22440551757813,32.84394836425781
530,2017-04-21,32.84394836425781,32.938596832270854,32.74698907727062,32.88319353832954,69283600,-0.0011929058585795627,32.926924514770505,32.2742707824707,33.16019821166992
531,2017-04-24,33.16019821166992,33.23176309980541,33.05400276558699,33.12787847113817,68537200,0.009628862032807994,32.96155261993408,32.32607479095459,33.365657806396484
532,2017-04-25,33.365657806396484,33.451073502614456,33.21329181645043,33.22252804028264,75486000,0.0061959700426112985,33.00368366241455,32.38337310791016,33.16944122314453
533,2017-04-26,33.16944122314453,33.381832181324775,33.10018713089948,33.35181972629284,80164800,-0.0058807946898723484,33.002298736572264,32.43134532928467,33.19483184814453
534,2017-04-27,33.19483184814453,33.280251089997954,33.08402179036965,33.224844299816404,56985200,0.0007654824460017196,32.99848937988281,32.47183757781983,33.162513732910156
535,2017-04-28,33.162513732910156,33.31257247606476,33.07479071404166,33.264091091946895,83441600,-0.0009735887617150496,32.99525756835938,32.50942085266113,33.83892059326172
536,2017-05-01,33.83892059326172,33.98205038775373,33.4649344734146,33.497254218060796,134411600,0.020396730651943917,33.02896213531494,32.56127113342285,34.053627014160156
537,2017-05-02,34.053627014160156,34.187524151695136,33.89895364560833,34.06055242449911,181408800,0.006344954777936618,33.07294101715088,32.615707092285156,33.949729919433594
538,2017-05-03,33.949729919433594,34.04899996896599,33.305642335360965,33.610370846588346,182788000,-0.003050984691978953,33.09937419891357,32.66354042053223,33.82737731933594
539,2017-05-04,33.82737731933594,33.96819981973374,33.66116048206023,33.82507002419722,93487600,-0.0036039344167984044,33.128346633911136,32.707033767700196,34.38836669921875
540,2017-05-05,34.38836669921875,34.392981290391695,33.8804798630999,33.8804798630999,109310800,0.01658388631749319,33.18952350616455,32.76442481994629,35.32332992553711
541,2017-05-08,35.32332992553711,35.48262137552229,34.4045226107652,34.4045226107652,195009600,0.027188358042593563,33.30114250183105,32.83991493225098,35.54957580566406
542,2017-05-09,35.54957580566406,35.75503784632037,35.42491138577573,35.52187064425062,156521600,0.006404998639819359,33.426035690307614,32.91868305206299,35.38105010986328
543,2017-05-10,35.38105010986328,35.538034291453236,35.11556666254569,35.46646937205053,103222800,-0.004740582467764098,33.560279273986815,32.993803634643555,35.687015533447266
544,2017-05-11,35.687015533447266,35.714835034821405,35.30684869451641,35.33930183184734,109020400,0.008647720252336066,33.707858657836915,33.062115783691404,36.1854133605957
545,2017-05-12,36.1854133605957,36.259590456732425,35.853924403529014,35.8608783957566,130108000,0.013965802959379436,33.889015197753906,33.144228286743164,36.09270095825195
546,2017-05-15,36.09270095825195,36.312919047116495,35.942026354589,36.16456126267978,104038800,-0.0025621484939207795,34.05653247833252,33.22070030212402,36.03938293457031
547,2017-05-16,36.03938293457031,36.17614953767241,35.865526004045456,36.14833356066949,80194000,-0.0014772522495147822,34.2286563873291,33.29813758850098,34.8293342590332
548,2017-05-17,34.8293342590332,35.83075175718086,34.70415884032869,35.6058965375633,203070800,-0.03357573235185407,34.346279525756835,33.35054267883301,35.36018371582031
549,2017-05-18,35.36018371582031,35.54563183518866,35.03333534048926,35.065788496094065,134272800,0.015241447133013564,34.47012996673584,33.41596557617188,35.480712890625
550,2017-05-19,35.480712890625,35.69397691396822,35.38103664001859,35.55489352681086,107843200,0.0034086127994510385,34.6019681930542,33.48527671813965,35.69631576538086
551,2017-05-22,35.69631576538086,35.83308240494499,35.44596129422508,35.698632585039334,91865600,0.0060766218373482506,34.728774070739746,33.55677612304687,35.65227127075195
552,2017-05-23,35.65227127075195,35.90725938007167,35.538683439673925,35.90725938007167,79675600,-0.0012338666802029774,34.84310474395752,33.62711761474609,35.545631408691406
553,2017-05-24,35.545631408691406,35.73803352072875,35.39031962750843,35.66153603976484,76712000,-0.0029911099141678443,34.961914253234866,33.69629577636719,35.668479919433594
554,2017-05-25,35.668479919433594,35.77975088044138,35.47376104336142,35.63602677342156,76942400,0.0034560790137532216,35.08559665679932,33.761143646240235,35.608219146728516
555,2017-05-26,35.608219146728516,35.75426010657202,35.53867566408264,35.69862461302962,87710400,-0.0016894684842525542,35.207881927490234,33.82372444152832,35.62212371826172
556,2017-05-30,35.62212371826172,35.798297458551254,35.54330942948441,35.56417141113815,80507600,0.00039048769824479024,35.29704208374024,33.8898152923584,35.41117477416992
557,2017-05-31,35.41117477416992,35.738026619591665,35.323089676811115,35.69166548354051,97804800,-0.005921851986147919,35.36491947174072,33.94490013122559,35.5085334777832
558,2017-06-01,35.5085334777832,35.54330698193968,35.28599861454439,35.50621665902392,65616400,0.002749377964277544,35.4428596496582,34.0094116973877,36.03474807739258
559,2017-06-02,36.03474807739258,36.03474807739258,35.44131694896753,35.60126590128008,111082800,0.01481938418939821,35.55322818756103,34.07715263366699,35.68240737915039
560,2017-06-05,35.68240737915039,35.80294921746472,35.573460251537504,35.77745005045841,101326800,-0.00977780384326421,35.617930221557614,34.140155181884765,35.80291748046875
561,2017-06-06,35.80291748046875,36.11817802166592,35.64760579624222,35.67542175845401,106499600,0.0033772973902197467,35.6419095993042,34.20686080932617,36.01619338989258
562,2017-06-07,36.01619338989258,36.15759713991396,35.809883348431306,35.935062294156516,84278400,0.0059569421832781355,35.66524047851563,34.27672393798828,35.9281120300293
563,2017-06-08,35.9281120300293,36.05560427043574,35.79134190296804,35.98838115344194,85003200,-0.002445604367728671,35.692593574523926,34.33134338378906,34.53493118286133
564,2017-06-09,34.53493118286133,35.97446776937545,33.84877798018618,35.97446776937545,259530800,-0.03877690110750953,35.63498935699463,34.35662162780762,33.709693908691406
565,2017-06-12,33.709693908691406,33.8650056503976,33.035128278392655,33.78387455154509,289229200,-0.0238957266137384,35.511203384399415,34.36627250671387,33.980926513671875
566,2017-06-13,33.980926513671875,34.18028266533388,33.647120535342054,34.11305952056469,136661600,0.00804613075737648,35.40561466217041,34.382594451904296,33.649410247802734
567,2017-06-14,33.649410247802734,34.191842700031934,33.343420533954756,34.191842700031934,126124800,-0.009755951349229908,35.28611602783203,34.39210166931152,33.447750091552734
568,2017-06-15,33.447750091552734,33.49179440836366,32.965590036801295,33.22289840705595,128661600,-0.0059929774330343966,35.21703681945801,34.392635345458984,32.97951126098633
569,2017-06-16,32.97951126098633,33.49644502776602,32.9632829115937,33.329542042927216,201444400,-0.01399911292343281,35.098003196716306,34.38726699829102,33.92295837402344
570,2017-06-19,33.92295837402344,34.015684178746284,33.30171139945538,33.30171139945538,130165600,0.02860706775097599,35.02011547088623,34.40242958068848,33.61465072631836
571,2017-06-20,33.61465072631836,34.04581597861936,33.59842592166932,34.04581597861936,99600400,-0.009088465820279557,34.916032218933104,34.4129035949707,33.81401443481445
572,2017-06-21,33.81401443481445,33.86037911488633,33.52193605085544,33.73288331894563,85063200,0.005930857652493904,34.82411937713623,34.428149642944334,33.75837707519531
573,2017-06-22,33.75837707519531,34.006411095665946,33.6401521119135,33.7908302237745,76425200,-0.001645393501750525,34.73475666046143,34.449393615722656,33.909034729003906
574,2017-06-23,33.909034729003906,34.113027868065956,33.637818507547024,33.64245567992375,141757600,0.004462822767605568,34.64678440093994,34.47286575317383,33.80242156982422
575,2017-06-26,33.80242156982422,34.37267026030625,33.70042494885919,34.115361889100086,102769600,-0.0031440930133140865,34.556494522094724,34.4976685333252,33.31793975830078
576,2017-06-27,33.31793975830078,33.881238028549696,33.29244060142321,33.61465529080629,99047600,-0.01433275454903915,34.44128532409668,34.509180221557614,33.80473709106445
577,2017-06-28,33.80473709106445,33.869643386073044,33.18580693265038,33.49411360250508,88329600,0.014610667295008595,34.36096343994141,34.533336868286135,33.30634689331055
578,2017-06-29,33.30634689331055,33.642473090615525,32.98181540151095,33.545113643075645,125997600,-0.014743205853408159,34.250854110717775,34.549926376342775,33.385162353515625
579,2017-06-30,33.385162353515625,33.60306356993053,33.329526871517864,33.48483861282625,92096400,0.002366379610995617,34.118374824523926,34.55996612548828,33.26461410522461
580,2017-07-03,33.26461410522461,33.68187129619987,33.171891857064345,33.58451187449349,57111200,-0.003610833070527897,33.99748516082764,34.568379440307616,33.401397705078125
581,2017-07-05,33.401397705078125,33.56366349073163,33.08382012907563,33.30867540959865,86278400,0.00411198516900968,33.87740917205811,34.57320343017578,33.08613586425781
582,2017-07-06,33.08613586425781,33.26462999119196,33.01195873773074,33.15336253283698,96515200,-0.009438582289398645,33.730906295776364,34.56761299133301,33.42225646972656
583,2017-07-07,33.42225646972656,33.55438944203502,33.12554090823532,33.12554090823532,76806800,0.01015895621198415,33.60561351776123,34.57266929626465,33.62624740600586
584,2017-07-10,33.62624740600586,33.832557485774224,33.234489228921056,33.406029337936204,84362400,0.006103445961647358,33.56017932891846,34.581297607421874,33.73521041870117
585,2017-07-11,33.73521041870117,33.809391099719505,33.46863111269185,33.549762253284904,79127200,0.0032404154819800635,33.561455154418944,34.592751541137694,33.783870697021484
586,2017-07-12,33.783870697021484,33.88586376361694,33.57060667884082,33.814003484756064,99538000,0.0014424181060788133,33.551602363586426,34.59165054321289,34.254451751708984
587,2017-07-13,34.254451751708984,34.42135468439262,33.71433580804226,33.72824379624453,100797600,0.013929163384140741,33.58185443878174,34.595667037963864,34.54884338378906
588,2017-07-14,34.54884338378906,34.616070036028844,34.15245161224831,34.30080936637297,80528400,0.00859425905321598,33.636909103393556,34.60764930725097,34.669395446777344
589,2017-07-17,34.669395446777344,34.98001903392579,34.43990652270493,34.49785884286526,95174000,0.00348932268583102,33.72140331268311,34.62448966979981,34.789920806884766
590,2017-07-18,34.789920806884766,34.8015119728598,34.46306902687598,34.58592760453138,71475200,0.00347641943432353,33.76475143432617,34.63252075195312,35.00783157348633
591,2017-07-19,35.00783157348633,35.100553852405646,34.75979399482843,34.882652606104216,83692000,0.006263617782034103,33.83441047668457,34.62621078491211,34.85020065307617
592,2017-07-20,34.85020065307617,35.17473571470918,34.81543068156793,35.11910022316766,68974800,-0.004502733055009922,33.88621978759765,34.61222328186035,34.833980560302734
593,2017-07-21,34.833980560302734,34.87338771238873,34.511765811243066,34.769074246616526,105010400,-0.0004654232248159085,33.939999961853026,34.60128189086914,35.255863189697266
594,2017-07-24,35.255863189697266,35.33699783101642,34.74820043528581,34.90583254315868,85972800,0.012111238009798742,34.007341384887695,34.592658843994144,35.40653991699219
595,2017-07-25,35.40653991699219,35.66152792505456,35.188638694216536,35.188638694216536,75415600,0.004273806217257814,34.087547302246094,34.57708137512207,35.57344055175781
596,2017-07-26,35.57344055175781,35.68238761903824,35.48071475166183,35.54794139887237,63124000,0.004713836346531108,34.20032234191895,34.56669616699219,34.90119171142578
597,2017-07-27,34.90119171142578,35.69629908680656,34.14549501172972,35.640663606834835,129905200,-0.0188974929021537,34.25514507293701,34.543932342529295,34.65548324584961
598,2017-07-28,34.65548324584961,34.82470300976447,34.58362294352118,34.7458887128319,68854800,-0.007040116784772565,34.322601890563966,34.54045532226562,34.47698974609375
599,2017-07-31,34.47698974609375,34.84788597153069,34.337906314401316,34.74820615187898,79383600,-0.005150512503017457,34.37719326019287,34.522791442871096,34.7829704284668
600,2017-08-01,34.7829704284668,34.82237756717428,34.40280349002849,34.56275240057083,141474400,0.00887492454029326,34.45311107635498,34.50883659362793,36.426509857177734
601,2017-08-02,36.426509857177734,37.03153221513553,36.199337754798655,36.92258157134447,279747200,0.047251267170840716,34.60436668395996,34.523440475463865,36.06256866455078
602,2017-08-03,36.06256866455078,36.44273571356146,35.935072862751454,36.405645382650995,108389200,-0.00999110796104008,34.75318832397461,34.53164642333984,36.252647399902344
603,2017-08-04,36.252647399902344,36.48677346215096,36.090381637099924,36.178470281390524,82239600,0.005270804116025429,34.8947078704834,34.545786743164065,36.813636779785156
604,2017-08-07,36.813636779785156,36.839135945941514,36.31756498675832,36.40797047819822,87481200,0.015474438975298765,35.054077339172366,34.568689880371096,37.1080207824707
605,2017-08-08,37.1080207824707,37.5136869220667,36.68844665545762,36.76494412337966,144823600,0.007996602032190436,35.22271785736084,34.59868591308594,37.33518981933594
606,2017-08-09,37.33518981933594,37.38387130849785,36.883162579094225,36.917932544832915,104526000,0.006121831131789879,35.40028381347656,34.63294723510742,36.145999908447266
607,2017-08-10,36.145999908447266,37.235125628594886,35.985422861011024,37.211852254669694,163217200,-0.03185171728450109,35.49486122131348,34.64764373779297,36.64867401123047
608,2017-08-11,36.64867401123047,36.90234102138387,36.32054214207355,36.44388322040585,105028400,0.013906769879278746,35.59985275268555,34.67044654846191,37.200218200683594
609,2017-08-14,37.200218200683594,37.28399737332113,36.94422529789718,37.0768771341642,88490800,0.015049499179264014,35.72639389038086,34.69375595092774,37.607479095458984
610,2017-08-15,37.607479095458984,37.74710868888899,37.26770700451105,37.388722159631754,117862000,0.010947809299890254,35.86727180480957,34.73225738525391,37.45620346069336
611,2017-08-16,37.45620346069336,37.81924531879083,37.27002714727937,37.686597048032674,110686400,-0.004022488037064176,35.98969039916992,34.765323104858396,36.73711395263672
612,2017-08-17,36.73711395263672,37.400366192505885,36.732458566635856,37.356148903045394,111762400,-0.01919814187284774,36.08403606414795,34.77974151611328,36.65332794189453
613,2017-08-18,36.65332794189453,37.11876702687097,36.47180698283519,36.73710711923103,109712400,-0.002280691152010683,36.17500343322754,34.79424583435058,36.58582305908203
614,2017-08-21,36.58582305908203,36.74407056658888,36.09711083692653,36.65331013116191,105474000,-0.0018417122428695532,36.24150142669678,34.835263671875,37.183921813964844
615,2017-08-22,37.183921813964844,37.23512038858057,36.77433676805687,36.82320587499691,86418400,0.01634782833549897,36.33037052154541,34.90474822998047,37.23047637939453
616,2017-08-23,37.23047637939453,37.344510248792105,36.97448697912045,37.01870426625459,77596400,0.0012520079421047825,36.413222312927246,34.96973922729492,37.06523132324219
617,2017-08-24,37.06523132324219,37.40732923138063,36.89767301921449,37.335183212160295,79275600,-0.00443843518058773,36.521424293518066,35.03805564880371,37.20255661010742
618,2017-08-25,37.20255661010742,37.365459625210974,37.065252893878665,37.153683930066656,101920400,0.0037049623585951874,36.64877796173096,35.11315177917481,37.57722473144531
619,2017-08-28,37.57722473144531,37.70056580462589,37.21883464818906,37.267707314457965,103864000,0.010071031549377496,36.80378971099854,35.205106048583986,37.91234588623047
620,2017-08-29,37.91234588623047,37.961215007212054,37.23513108733505,37.258404464672154,118067600,0.00891819864772292,36.96025848388672,35.28489379882812,38.01472854614258
621,2017-08-30,38.01472854614258,38.14039550311881,37.84251485226944,38.119451602125686,109078400,0.002700509755301006,37.03966941833496,35.37289535522461,38.166015625
622,2017-08-31,38.166015625,38.28703081516958,38.04500043483042,38.0822364242702,107140400,0.003979696413556777,37.14484176635742,35.45993537902832,38.17763900756836
623,2017-09-01,38.17763900756836,38.38475924397722,38.07989723262444,38.35217865232924,66364400,0.0003045479696535125,37.241091346740724,35.548320617675785,37.719181060791016
624,2017-09-05,37.719181060791016,38.224182004222335,37.36544638829334,38.10782224165241,117874000,-0.012008546329605685,37.28636856079102,35.62452354431152,37.679603576660156
625,2017-09-06,37.679603576660156,37.93094098593557,37.356123712605225,37.865779829940095,86606800,-0.0010492667925922072,37.31494770050049,35.70206718444824,37.528358459472656
626,2017-09-07,37.528358459472656,37.75642620622918,37.3189122563899,37.72151613836938,87714000,-0.004013978461312351,37.32460613250733,35.78627555847168,36.91630554199219
627,2017-09-08,36.91630554199219,37.50275628603585,36.89303216520465,37.43526917498196,114446000,-0.01630907779090396,37.36312141418457,35.848506927490234,37.58419418334961
628,2017-09-11,37.58419418334961,37.71219060129822,37.20951569681856,37.35147471472206,126323200,0.01809196861797835,37.40989742279053,35.93406387329102,37.43525314331055
629,2017-09-12,37.43525314331055,38.156684902545834,36.94887031550586,37.84251220555239,286856000,-0.0039628637323571025,37.42164916992188,36.01506568908692,37.15366744995117
630,2017-09-13,37.15366744995117,37.22581347915636,36.748737785023984,37.204866024990814,179629600,-0.00752193907388321,37.39895858764648,36.09284675598145,36.83485794067383
631,2017-09-14,36.83485794067383,37.095502755900135,36.79064064858667,37.00009041883862,95042800,-0.008580835517968843,37.36789131164551,36.16151596069336,37.207191467285156
632,2017-09-15,37.207191467285156,37.46085484734486,36.76967771010516,36.87905614940016,196458400,0.010108184133925668,37.39139518737793,36.24393707275391,36.92560577392578
633,2017-09-18,36.92560577392578,37.35148292120562,36.769684121809895,37.26072245054061,113077600,-0.007568044839045718,37.40500907897949,36.31400405883789,36.9395637512207
634,2017-09-19,36.9395637512207,37.18159401003139,36.87207666138976,37.12108466981991,83242400,0.00037800266244447656,37.422696113586426,36.380270385742186,36.32054138183594
635,2017-09-20,36.32054138183594,36.83019420658848,35.79924831851858,36.74641502768066,211805600,-0.016757706548830353,37.37952709197998,36.43197700500488,35.69684982299805
636,2017-09-21,35.69684982299805,36.25770476231295,35.54790946058853,36.25770476231295,150046800,-0.017171868455402528,37.30284576416015,36.47023658752441,35.347774505615234
637,2017-09-22,35.347774505615234,35.436209076440605,35.038257058745195,35.26632123764253,186581600,-0.009778882985857162,37.21697292327881,36.49210304260254,35.03592300415039
638,2017-09-25,35.03592300415039,35.33380369340839,34.712443026705316,34.905600646477254,177549200,-0.008822380074177016,37.10864124298096,36.50184463500977,35.63865661621094
639,2017-09-26,35.63865661621094,35.82017750407313,35.301214122160296,35.32215802052508,146640000,0.017203303363497735,37.011712837219235,36.521229858398435,35.89232635498047
640,2017-09-27,35.89232635498047,36.00636018473851,35.73174933689874,35.79225867763542,102016800,0.007117825497781061,36.91071186065674,36.54327796936035,35.6712532043457
641,2017-09-28,35.6712532043457,35.90397275998524,35.53627543595255,35.81321227532656,88022000,-0.006159343043087184,36.793538093566895,36.55654640197754,35.866737365722656
642,2017-09-29,35.866737365722656,35.86906683396908,35.373373036019935,35.654965265399625,105199200,0.00548015961920667,36.67857418060303,36.57687713623047,35.79458999633789
643,2017-10-02,35.79458999633789,35.94353035206246,35.54092656332573,35.89931307362548,74795200,-0.002011539791007433,36.55942173004151,36.59608932495117,35.95050811767578
644,2017-10-03,35.95050811767578,36.09246715768579,35.81785984643047,35.84112966630654,64921200,0.004355913040318127,36.47098808288574,36.60998222351074,35.71778869628906
645,2017-10-04,35.71778869628906,35.80622324467119,35.48041735750207,35.75269875271151,80655200,-0.006473327737815726,36.37289733886719,36.61620719909668,36.16228103637695
646,2017-10-05,36.16228103637695,36.17391772096055,35.85043777523499,35.88068889393125,85135200,0.012444564916026524,36.3045934677124,36.62798400878906,36.1413459777832
647,2017-10-06,36.1413459777832,36.185563259409385,35.9691322364545,36.06454810196169,69630400,-0.000578919747144524,36.265845489501956,36.65278709411621,36.26701736450195
648,2017-10-09,36.26701736450195,36.4741376422052,36.18556764465215,36.26003606140108,65051600,0.00347721932647449,36.19998664855957,36.68501777648926,36.280975341796875
649,2017-10-10,36.280975341796875,36.7696878026188,36.09480254816797,36.318211320930025,62468000,0.0003848669758155232,36.142272758483884,36.72109748840332,36.432247161865234
650,2017-10-11,36.432247161865234,36.53231486634605,36.24607080706663,36.29726939341171,67622400,0.004169452961042319,36.10620174407959,36.75408302307129,36.30424880981445
651,2017-10-12,36.30424880981445,36.6230734482927,36.241413538743075,36.38570207050026,64500400,-0.0035133257490842507,36.07967128753662,36.75163780212402,36.5346565246582
652,2017-10-13,36.5346565246582,36.60214365589332,36.39967871116817,36.47414714732348,65576800,0.006346577119685781,36.046044540405276,36.76107955932617,37.207191467285156
653,2017-10-16,37.207191467285156,37.23511666846092,36.68822447198592,36.74640434178039,96486000,0.018408136454575397,36.06012382507324,36.78017044067383,37.344505310058594
654,2017-10-17,37.344505310058594,37.43759170675343,37.055931798675125,37.18392825739434,75989200,0.0036905188851508175,36.08037090301514,36.790787811279294,37.179283142089844
655,2017-10-18,37.179283142089844,37.40036960959185,37.142050703738434,37.332878934979846,65496800,-0.004424269824890303,36.12330799102783,36.79221305847168,36.29958724975586
656,2017-10-19,36.29958724975586,36.55558012463436,36.07617851442355,36.47878226217081,170336800,-0.023660915918470193,36.153444862365724,36.771501007080076,36.3624153137207
657,2017-10-20,36.3624153137207,36.71149450073242,36.29492823334597,36.4461944606442,95896400,0.00173082034053329,36.204176902770996,36.77582931518555,36.34380340576172
658,2017-10-23,36.34380340576172,36.69753803534452,36.18788176895651,36.5113617276158,87937200,-0.0005118446560385959,36.269570922851564,36.76973190307617,36.56023025512695
659,2017-10-24,36.56023025512695,36.634698639197,36.350780600956746,36.37172450106857,71028800,0.005954986244805616,36.315649604797365,36.75693214416504,36.399662017822266
660,2017-10-25,36.399662017822266,36.66496213617895,36.13436189946558,36.516021781154464,84828400,-0.00439188255063494,36.341016387939455,36.7327758026123,36.63239288330078
661,2017-10-26,36.63239288330078,36.730134688631644,36.48577839979486,36.59050150900512,68002000,0.006393764463103135,36.38907337188721,36.716299591064455,37.94490432739258
662,2017-10-27,37.94490432739258,38.07290072597038,36.93257337166069,37.06987698512744,177816800,0.035829257681119664,36.4929817199707,36.74045539855957,38.79899597167969
663,2017-10-30,38.79899597167969,39.113168722330684,38.100837460026646,38.14039934956485,178803200,0.022508730998974658,36.643202018737796,36.78336875915527,39.338924407958984
664,2017-10-31,39.338924407958984,39.48088352327207,38.85021531910882,39.073624173720404,144187200,0.013916041453067685,36.81262283325195,36.83843078613281,38.838558197021484
665,2017-11-01,38.838558197021484,39.548353400209294,38.54067751355543,39.532061330307975,134551200,-0.012719366847667724,36.968661308288574,36.871523513793946,39.12247085571289
666,2017-11-02,39.12247085571289,39.21323130839192,38.46387431918874,38.77106572888228,165573600,0.007310072048791527,37.116670799255374,36.90936340332031,40.14412307739258
667,2017-11-03,40.14412307739258,40.553708214192326,39.82296895644749,40.49320240850034,237594400,0.0261142049398575,37.31680965423584,36.97094123840332,40.551387786865234
668,2017-11-06,40.551387786865234,40.72360155855939,39.96260751943589,40.113873829653585,140105200,0.010145064289672101,37.531028175354,37.037917861938475,40.681705474853516
669,2017-11-07,40.681705474853516,40.78410264881094,40.40011679748923,40.47225929249961,97446000,0.003213643110643316,37.751064682006835,37.10000747680664,41.01447677612305
670,2017-11-08,41.01447677612305,41.01447677612305,40.56998177839148,40.64677962232026,97638000,0.00817987587750535,37.98017616271973,37.162050094604496,40.93071365356445
671,2017-11-09,40.93071365356445,40.981912236223316,40.293060838370266,40.75151861425842,117930400,-0.002042281875636598,38.21149940490723,37.22036979675293,40.79523849487305
672,2017-11-10,40.79523849487305,40.961064873351376,40.70181749198398,40.89800373632071,100582000,-0.0033098655410228606,38.42452850341797,37.27295425415039,40.63176345825195
673,2017-11-13,40.63176345825195,40.75554793191091,40.498634742929674,40.521991783303974,67928400,-0.0040072087491690445,38.59575710296631,37.32203674316406,40.017513275146484
674,2017-11-14,40.017513275146484,40.51732333592868,39.98014343267312,40.414558051019085,99130000,-0.015117487670368912,38.729407501220706,37.368003387451175,39.489662170410156
675,2017-11-15,39.489662170410156,39.7792729906385,39.32617362825824,39.69752693767108,116632400,-0.013190502395963644,38.84492645263672,37.404204559326175,39.96146011352539
676,2017-11-16,39.96146011352539,40.14129578950477,39.77461447411509,39.98014147006068,94550000,0.011947378558957444,39.0280200958252,37.452866592407226,39.73957824707031
677,2017-11-17,39.73957824707031,40.02918916149896,39.62046589128432,39.947443081942396,87598000,-0.0055523963795302,39.19687824249267,37.50933204650879,39.699859619140625
678,2017-11-20,39.699859619140625,39.83532256684315,39.601766497793854,39.77226143034066,65049600,-0.0009994728097703076,39.36468105316162,37.55164535522461,40.437896728515625
679,2017-11-21,40.437896728515625,40.568687553989015,39.88670427560439,39.88670427560439,100525200,0.01859042113638032,39.55856437683106,37.61169822692871,40.862979888916016
680,2017-11-22,40.862979888916016,40.87232056555196,40.416886849149655,40.4892886753747,102355600,0.01051199975246564,39.781730270385744,37.68588447570801,40.86531448364258
681,2017-11-24,40.86531448364258,40.989098941782885,40.79057481484202,40.89567791956575,56106800,5.71322682023645e-05,39.99337635040283,37.76649360656738,40.659793853759766
682,2017-11-27,40.659793853759766,40.89101575112837,40.48462672163385,40.88400935094609,82867200,-0.005029219338690716,40.12912082672119,37.83554565429687,40.42155075073242
683,2017-11-28,40.42155075073242,40.84194882576043,40.138946337931515,40.70882371901031,105715200,-0.0058594272239606005,40.21024856567383,37.905464553833006,39.58308792114258
684,2017-11-29,39.58308792114258,40.386521497492396,39.041239607375275,40.31879179469024,166665600,-0.020742965423577897,40.222456741333005,37.95833503723144,40.136634826660156
685,2017-11-30,40.136634826660156,40.2043645573224,39.340207320796615,39.80498188296694,166108800,0.013984429578115742,40.28736057281494,38.03465690612793,39.949771881103516
686,2017-12-01,39.949771881103516,40.094575523647414,39.35420310942091,39.69285874389665,159037200,-0.004655670470722129,40.32872562408447,38.11971534729004,39.657833099365234
687,2017-12-04,39.657833099365234,40.31645955791869,39.61812898340491,40.2837618410229,130169600,-0.00730764577597931,40.30441112518311,38.20591651916504,39.6204719543457
688,2017-12-05,39.6204719543457,40.059558732237136,39.33086099559832,39.48500893640505,109400800,-0.0009420874036643045,40.25786533355713,38.297607498168944,39.473323822021484
689,2017-12-06,39.473323822021484,39.75125621208925,38.877758487629464,39.120655316755084,114240000,-0.0037139419362236525,40.197446250915526,38.37430084228516,39.54572296142578
690,2017-12-07,39.54572296142578,39.80730466888246,39.44996409930915,39.47798969259851,102693200,0.0018341282768770117,40.12400856018066,38.44736877441406,39.55739974975586
691,2017-12-08,39.55739974975586,39.9380973739062,39.428946732036295,39.81898503312158,93420800,0.0002952731030223532,40.05534286499024,38.52509170532227,40.32814025878906
692,2017-12-11,40.32814025878906,40.37952289723063,39.42194125040226,39.51770012784191,141095200,0.019484104463614482,40.03198795318603,38.614319763183595,40.101585388183594
693,2017-12-12,40.101585388183594,40.26273968238227,40.04553419979003,40.206684930205114,77636800,-0.005617786219539234,40.00547904968262,38.70045967102051,40.23470687866211
694,2017-12-13,40.23470687866211,40.53132053418506,40.17164573923548,40.28842377917512,95273600,0.003319606673648945,40.0163387298584,38.786143646240234,40.2230339050293
695,2017-12-14,40.2230339050293,40.43557082231696,40.08990521053588,40.26507229458504,81906000,-0.00029012200009348454,40.05300731658936,38.87624855041504,40.63176345825195
696,2017-12-15,40.63176345825195,40.67847397521654,40.279094956817715,40.55235522303376,160677200,0.010161579412127697,40.08652248382568,38.96563819885254,41.20396423339844
697,2017-12-18,41.20396423339844,41.38613769523844,40.83961730971844,40.84428942929417,117684400,0.014082597614410775,40.15974178314209,39.06689056396485,40.764892578125
698,2017-12-19,40.764892578125,40.963416749280206,40.659793013777566,40.879336385045384,109745600,-0.010656053693919643,40.212993431091306,39.1568480682373,40.72050476074219
699,2017-12-20,40.72050476074219,40.9704079180063,40.46359164226223,40.84195135876632,93902400,-0.0010888736502309149,40.22712383270264,39.24563865661621,40.87465286254883
700,2017-12-21,40.87465286254883,41.110546810628996,40.66211951438505,40.67846658865148,83799600,0.0037855154967345594,40.22770748138428,39.33448677062988,40.87465286254883
701,2017-12-22,40.87465286254883,40.97041172139755,40.75554053135045,40.79757891984987,65397600,0.0,40.22817440032959,39.42589485168457,39.83767318725586
702,2017-12-26,39.83767318725586,40.04787229131358,39.62980479789167,39.89139010250902,132742000,-0.025369748797135272,40.18706836700439,39.49195518493652,39.84467315673828
703,2017-12-27,39.84467315673828,39.88671154525252,39.63680836470116,39.7278951035987,85992800,0.00017571230753166134,40.158224487304686,39.544704818725585,39.95677947998047
704,2017-12-28,39.95677947998047,40.136618681430484,39.81664438933152,39.93809456364171,65920800,0.0028135837079448223,40.17690906524658,39.59695030212402,39.524696350097656
705,2017-12-29,39.524696350097656,39.84233277695567,39.52236207214556,39.82598570372476,103999600,-0.01081376265820666,40.146312141418456,39.64385856628418,40.23236846923828
706,2018-01-02,40.23236846923828,40.24171270802003,39.53170023948906,39.74190284668357,102223600,0.017904555492907148,40.1604419708252,39.72251419067383,40.22536087036133
707,2018-01-03,40.22536087036133,40.76721266246271,40.162303297491356,40.29542840399965,118071600,-0.00017417813426301443,40.188818359375,39.79977310180664,40.4122200012207
708,2018-01-04,40.4122200012207,40.51498527654076,40.19034237338912,40.29777620574446,89738400,0.004645306513509917,40.22840576171875,39.88114143371582,40.8723258972168
709,2018-01-05,40.8723258972168,40.95874053156003,40.41689212140461,40.50797887656705,94640000,0.011385316025256609,40.29835586547851,39.96738334655762,40.72050476074219
710,2018-01-08,40.72050476074219,41.01478414426948,40.62240806911673,40.72050476074219,82271200,-0.0037145215776660523,40.35709495544434,40.05380020141602,40.715843200683594
711,2018-01-09,40.715843200683594,40.88633818873765,40.50097197485756,40.76722583770547,86336000,-0.00011447697139277402,40.41501712799072,40.13546920776367,40.70650100708008
712,2018-01-10,40.70650100708008,40.70883884947029,40.405215132825184,40.44258497322732,95839600,-0.0002294486094139847,40.43393516540527,40.19070114135742,40.93772506713867
713,2018-01-11,40.93772506713867,40.98677343075358,40.75321726146878,40.77657074012666,74670800,0.005680273527276958,40.475742149353025,40.2334757232666,41.36045837402344
714,2018-01-12,41.36045837402344,41.423519533337156,41.02413694272906,41.14792141899934,101672400,0.01032625301458423,40.532029724121095,40.27390640258789,41.1502571105957
715,2018-01-16,41.1502571105957,41.897636050085076,41.13857859077258,41.54963611654576,118263600,-0.0050821792526301035,40.57839088439941,40.32014038085938,41.829891204833984
716,2018-01-17,41.829891204833984,41.86492318784634,40.88866058088767,41.14089798614181,137547200,0.016515913677323857,40.63829727172852,40.3742887878418,41.86727523803711
717,2018-01-18,41.86727523803711,42.06346511753635,41.631384803459454,41.89296655774629,124773600,0.000893715764644476,40.671462821960446,40.40875183105469,41.6804313659668
718,2018-01-19,41.6804313659668,41.942013108967615,41.435196700011545,41.7154633623387,129700400,-0.0044627664687517665,40.71723976135254,40.431332702636716,41.339439392089844
719,2018-01-22,41.339439392089844,41.52161290769802,41.24601835570046,41.40950695127393,108434400,-0.008181104722332133,40.74818649291992,40.44448738098144,41.34877014160156
720,2018-01-23,41.34877014160156,41.909306916694824,41.29739107857335,41.4094970080787,130756400,0.00022571059619891365,40.771892356872556,40.45117324829101,40.69015884399414
721,2018-01-24,40.69015884399414,41.4095123215931,40.4519305373865,41.397833799583836,204420400,-0.015928195575151682,40.762667655944824,40.44636215209961,39.96378707885742
722,2018-01-25,39.96378707885742,40.86064170736339,39.82832410416899,40.757876446304344,166116000,-0.017851288512331087,40.7689733505249,40.4297331237793,40.057220458984375
723,2018-01-26,40.057220458984375,40.17166427388989,39.718564699664896,40.17166427388989,156572000,0.0023379511041481393,40.77960071563721,40.41824226379394,39.228084564208984
724,2018-01-29,39.228084564208984,39.74190727721749,39.020219775428046,39.74190727721749,202561600,-0.02069878751633214,40.74316596984863,40.4024536895752,38.996864318847656
725,2018-01-30,38.996864318847656,39.09028533816567,38.466690946570125,38.66054294724928,184192800,-0.005894252751058038,40.71677436828613,40.39259773254395,39.104312896728516
726,2018-01-31,39.104312896728516,39.3402069398002,38.887107341115566,38.973521994795796,129915600,0.002755313273455462,40.66037158966064,40.37545478820801,39.18605041503906
727,2018-02-01,39.18605041503906,39.38223672499564,38.947822145072344,39.04358102152163,188923200,0.0020902430513587422,40.60840606689453,40.364384231567385,37.48575210571289
728,2018-02-02,37.48575210571289,38.9571561721517,37.3923310960717,38.77031058908623,346375200,-0.043390397636849376,40.46208267211914,40.32010208129883,36.5491943359375
729,2018-02-05,36.5491943359375,38.275173723461506,36.43475056721955,37.15877588220961,290954000,-0.02498436651702285,40.24592609405518,40.242328033447265,38.076656341552734
730,2018-02-06,38.076656341552734,38.237810644644064,35.967644731061384,36.16149675044778,272975200,0.04179194735664349,40.1137336730957,40.1866015625,37.26154708862305
731,2018-02-07,37.26154708862305,38.163073981925415,37.151778975373574,38.09067214468713,206434400,-0.021407059633021586,39.94101886749267,40.11452621459961,36.236236572265625
732,2018-02-08,36.236236572265625,37.602541525249535,36.208210973651525,37.43671508461974,217562000,-0.02751658469571372,39.717505645751956,40.026055068969725,36.67945098876953
733,2018-02-09,36.67945098876953,37.026522336386975,35.232534933914586,36.83422735479435,282690400,0.0122312485630236,39.504591941833496,39.95121307373047,38.15685272216797
734,2018-02-12,38.15685272216797,38.43357083958652,36.937406518800216,37.169571058398745,243278000,0.04027873083080724,39.34441165924072,39.92268836975098,38.53911590576172
735,2018-02-13,38.53911590576172,38.635265224296035,37.90828763396971,37.978640881148834,130196800,0.010018205284831216,39.21385459899902,39.890737991333005,39.24966049194336
736,2018-02-14,39.24966049194336,39.28952648112908,38.19672031477499,38.234238930394085,162579600,0.018436971619149478,39.08484306335449,39.8767357635498,40.567604064941406
737,2018-02-15,40.567604064941406,40.59105275486671,39.63191438389785,39.81717442105685,204588800,0.03357847065374164,39.01985950469971,39.89493118286133,40.436279296875
738,2018-02-16,40.436279296875,40.99675777482494,40.28150648157054,40.41986557057159,160704400,-0.003237183242475461,38.957651901245114,39.91124732971191,40.30027770996094
739,2018-02-20,40.30027770996094,40.86544034296713,40.199437217873715,40.34717868330422,135722000,-0.0033633556123096042,38.90569381713867,39.927786407470705,40.117340087890625
740,2018-02-21,40.117340087890625,40.83258760245082,40.10326658288389,40.530073443596514,149886400,-0.004539363807537611,38.844122314453124,39.93921875,40.45269775390625
741,2018-02-22,40.45269775390625,40.792734207769016,40.2674376980712,40.28854259462568,123967600,0.008359419275577817,38.83224925994873,39.95712471008301,41.156219482421875
742,2018-02-23,41.156219482421875,41.191394307064236,40.69658149665015,40.72706873021606,135249600,0.017391219067650177,38.89187088012695,39.97368629455566,41.96996307373047
743,2018-02-26,41.96996307373047,42.06845615928356,41.32272126367563,41.35555229219334,152648800,0.019772068512175833,38.98750801086426,40.0110538482666,41.833953857421875
744,2018-02-27,41.833953857421875,42.32407556077209,41.78001792667355,42.000456397967895,155712400,-0.0032406322604968674,39.1178014755249,40.043038787841795,41.77063751220703
745,2018-02-28,41.77063751220703,42.35690854658368,41.75422378396798,42.03797696075021,151128400,-0.001513515682276645,39.25649013519287,40.07399085998535,41.038963317871094
746,2018-03-01,41.038963317871094,42.15991300108843,40.490214610015975,41.869121344243176,195208000,-0.017516471806831135,39.35322265625,40.082134857177735,41.32273483276367
747,2018-03-02,41.32273483276367,41.343839734102296,40.440980785924424,40.523060173327835,153816000,0.00691468526372363,39.46005687713623,40.08451026916504,41.46577072143555
748,2018-03-05,41.46577072143555,41.68151798734125,40.92640076751445,41.08821211152215,113605600,0.0034614332582476592,39.659057807922366,40.09852783203125,41.43059539794922
749,2018-03-06,41.43059539794922,41.80111907072272,41.30396244619029,41.7213870796777,95154000,-0.0008482978339564573,39.90312786102295,40.11272964477539,41.04601287841797
750,2018-03-07,41.04601287841797,41.23831152107934,40.86778774825357,41.02490797714486,126814000,-0.009282572838677727,40.05159568786621,40.116156845092775,41.49391555786133
751,2018-03-08,41.49391555786133,41.536125350937226,41.055386008773716,41.15153173021796,95096400,0.010912209202148082,40.263214111328125,40.12854209899902,42.20680618286133
752,2018-03-09,42.20680618286133,42.211497351161306,41.59943049643695,41.733101955639185,128740800,0.01718060625071427,40.56174259185791,40.17592475891113,42.614864349365234
753,2018-03-12,42.614864349365234,42.77198453917445,42.260757973375576,42.27951549540932,128828400,0.009668065494839562,40.858513259887694,40.23132858276367,42.20447540283203
754,2018-03-13,42.20447540283203,43.03228973656736,42.033285279377445,42.81888624202116,126774000,-0.009630183101575818,41.0608943939209,40.276282501220706,41.845672607421875
755,2018-03-14,41.845672607421875,42.333450428842454,41.69793119458534,42.28654947219528,117473600,-0.008501534303778535,41.22622222900391,40.32270202636719,41.894927978515625
756,2018-03-15,41.894927978515625,42.26779908740857,41.758916243258284,41.85975314669296,90975200,0.0011770720369546073,41.35848560333252,40.355953216552734,41.747188568115234
757,2018-03-16,41.747188568115234,42.005145674709375,41.6533830561874,41.894926434640674,157618800,-0.0035264271244517253,41.41746482849121,40.38638977050781,41.109317779541016
758,2018-03-19,41.109317779541016,41.61820051060324,40.72472419771771,41.58302568659741,133787200,-0.015279371149352072,41.451116752624515,40.40033172607422,41.09524917602539
759,2018-03-20,41.09524917602539,41.46108167074591,41.02489594742979,41.09524917602539,78597600,-0.0003422242030644007,41.490865325927736,40.40479019165039,40.16424560546875
760,2018-03-21,40.16424560546875,41.06006563057241,40.16189823187742,41.04833949755598,148219600,-0.022654773707997844,41.49321060180664,40.39366500854492,39.59674072265625
761,2018-03-22,39.59674072265625,40.49490465390469,39.53811362865073,39.86642392375612,165963200,-0.014129603936473,41.45041275024414,40.371282958984374,38.67980194091797
762,2018-03-23,38.67980194091797,39.847652344438224,38.67980194091797,39.488854909752405,164115200,-0.023156925671249273,41.326591873168944,40.33074897766113,40.516029357910156
763,2018-03-26,40.516029357910156,40.59341758239669,39.03159031362915,39.41384026473421,150164800,0.04747251342695491,41.25389518737793,40.322315063476566,39.47712707519531
764,2018-03-27,39.47712707519531,41.07412805446802,39.144125712586984,40.72940056098567,163690400,-0.025641759549964727,41.1360538482666,40.2846484375,39.04095458984375
765,2018-03-28,39.04095458984375,39.87111626930547,38.7384403503099,39.22152704663509,166674000,-0.011048739299613919,40.999569702148435,40.24246238708496,39.34581756591797
766,2018-03-29,39.34581756591797,40.276816164694516,39.13944903672395,39.35285253138467,153594000,0.007808799228324448,40.914912414550784,40.19278091430664,39.08786392211914
767,2018-04-02,39.08786392211914,39.617855271190315,38.56960228868381,39.07848515925107,150347200,-0.0065560626200400485,40.803168869018556,40.13719268798828,39.488853454589844
768,2018-04-03,39.488853454589844,39.57327658777628,38.66573058975669,39.31297222531084,121112000,0.010258670907923095,40.70432300567627,40.093361129760744,40.243988037109375
769,2018-04-04,40.243988037109375,40.33778996897688,38.63995138530053,38.66574745331124,138422000,0.019122727465052725,40.644992637634275,40.071452102661134,40.52302932739258
770,2018-04-05,40.52302932739258,40.858374432226185,40.35418308857873,40.471437222293225,107732800,0.0069337385257617346,40.618843460083006,40.054937286376955,39.48651885986328
771,2018-04-06,39.48651885986328,40.448000990287476,39.444305494278204,40.09389465436021,140021200,-0.0255783065761237,40.518473625183105,40.030864486694334,39.87814712524414
772,2018-04-09,39.87814712524414,40.59105096146025,39.83124616915198,39.83828113365013,116070800,0.009918024598996489,40.40204067230225,40.02915168762207,40.62858200073242
773,2018-04-10,40.62858200073242,40.804463308094896,40.22522724958265,40.56995489827826,113634400,0.018818198175843293,40.3027265548706,40.04057891845703,40.438629150390625
774,2018-04-11,40.438629150390625,40.78570058116523,40.26509164584622,40.38938081183268,89726400,-0.004675350233448228,40.21443424224854,40.06478981018066,40.837276458740234
775,2018-04-12,40.837276458740234,41.038953745995926,40.57931588958314,40.666086396470234,91557200,0.009858081659174012,40.164014434814455,40.10159805297852,40.97564697265625
776,2018-04-13,40.97564697265625,41.23595140956656,40.7692820378696,40.98737310695765,100497200,0.0033883384474922007,40.11805038452148,40.13902473449707,41.23126220703125
777,2018-04-16,41.23126220703125,41.318029156505595,40.99909763886708,41.04599859592581,86313600,0.006238223268215215,40.092254066467284,40.17992897033692,41.79877471923828
778,2018-04-17,41.79877471923828,41.962929868710894,41.369623956700956,41.388385056399805,106421600,0.013764131433993576,40.126726913452146,40.266189422607425,41.704952239990234
779,2018-04-18,41.704952239990234,41.93477293399107,41.47982629189494,41.69791727775679,83018000,-0.002244622716293776,40.15721206665039,40.36930458068848,40.52302932739258
780,2018-04-19,40.52302932739258,41.130404881238746,40.490198313085,40.748155260269584,139235200,-0.028340109486190146,40.17515125274658,40.41823204040527,38.86272430419922
781,2018-04-20,38.86272430419922,40.152520237693295,38.79471487839581,40.00712620479609,261964400,-0.04097188810292207,40.13845043182373,40.4502555847168,38.75015640258789
782,2018-04-23,38.75015640258789,39.14412866582664,38.48046968538976,39.12302377564878,146062000,-0.0028965519949193386,40.141968154907225,40.500533981323244,38.21078872680664
783,2018-04-24,38.21078872680664,39.0057718403514,37.80743410382036,38.85099548025622,134768000,-0.013919109646360783,40.02670612335205,40.53116073608398,38.37729263305664
784,2018-04-25,38.37729263305664,38.792373442463585,38.08650454957621,38.135749302540106,113528400,0.0043575103209840815,39.971714401245116,40.53556953430176,38.51096725463867
785,2018-04-26,38.51096725463867,38.86507362764552,38.31163369614759,38.48751498482302,111852000,0.0034831696665045264,39.94521503448486,40.535006561279296,38.06539535522461
786,2018-04-27,38.06539535522461,38.53675582905527,37.66907568925189,38.45936764768368,142623200,-0.011570000214949028,39.88119392395019,40.511321258544925,38.754852294921875
787,2018-04-30,38.754852294921875,39.22386903924131,37.9528340915333,38.020843523315335,169709600,0.018112433438909115,39.86454334259033,40.47506622314453,39.65535354614258
788,2018-05-01,39.65535354614258,39.678802228318155,38.75718635979799,39.024525669124934,214277600,0.02323583236411131,39.872868347167966,40.459447708129886,41.40714645385742
789,2018-05-02,41.40714645385742,41.68386462519915,40.75755723807973,41.09290250453425,266157600,0.04417544545849217,39.93102626800537,40.481585083007815,41.482181549072266
790,2018-05-03,41.482181549072266,41.62523178453475,40.907636811934324,41.24532940570239,136272800,0.0018121291042951793,39.978983879089355,40.508881912231445,43.10967254638672
791,2018-05-04,43.10967254638672,43.20816562887036,41.78235436081041,41.80111545913781,224805200,0.039233495841803245,40.16014156341553,40.56202140808105,43.42156982421875
792,2018-05-07,43.42156982421875,44.01018453355884,43.32542053554756,43.42625741514392,169805600,0.007234972093476788,40.33731269836426,40.60732841491699,43.63027572631836
793,2018-05-08,43.63027572631836,43.67014171321646,43.072144753118614,43.38169746782833,113611200,0.004806502918814459,40.48739738464356,40.64053466796875,43.93748474121094
794,2018-05-09,43.93748474121094,43.946863500783344,43.43563701372067,43.74753354962685,92844800,0.007041188939983289,40.66234016418457,40.682605285644534,44.56595993041992
795,2018-05-10,44.56595993041992,44.643348106063584,44.00548518407308,44.026593652567186,111957200,0.014303849956606829,40.84877433776855,40.73851173400879,44.396461486816406
796,2018-05-11,44.396461486816406,44.74251829708109,44.12809126580616,44.608334982631575,104848800,-0.0038033163398286662,41.019815063476564,40.8056616973877,44.29289245605469
797,2018-05-14,44.29289245605469,44.61776309036825,44.22462436223415,44.49534749608727,83115200,-0.0023328217450949706,41.17289657592774,40.86506484985352,43.89033508300781
798,2018-05-15,43.89033508300781,44.03864620212648,43.574882993810874,43.97037452197802,94780800,-0.009088532058417087,41.277474594116214,40.91355613708496,44.29994583129883
799,2018-05-16,44.29994583129883,44.36586467071861,43.78674803552611,43.80322864340894,76732400,0.00933259560484867,41.40722427368164,40.97094314575195,44.019813537597656
800,2018-05-17,44.019813537597656,44.47180540297354,43.87150241585593,44.2575790253715,69176000,-0.006323535806747049,41.58206348419189,41.030419158935544,43.85972595214844
801,2018-05-18,43.85972595214844,44.21284489257208,43.81735340351118,44.066890213339356,73190800,-0.0036367165733786067,41.83191356658936,41.07773536682129,44.17047882080078
802,2018-05-21,44.17047882080078,44.556555441924544,44.00098141717452,44.25758035606822,73603200,0.007085152994147359,42.1029296875,41.11700881958008,44.05983352661133
803,2018-05-22,44.05983352661133,44.46474358200202,43.970375567921366,44.34703725408873,60962800,-0.0025049602617698286,42.395381927490234,41.145908203125,44.342323303222656
804,2018-05-23,44.342323303222656,44.37528092786658,43.73024902599362,43.86914520823956,80233600,0.006411503494236026,42.693633460998534,41.18866516113281,44.29289245605469
805,2018-05-24,44.29289245605469,44.455327773211465,43.83619489329493,44.4388507541978,92936000,-0.0011147554635320134,42.98272972106933,41.23760955810547,44.39411544799805
806,2018-05-25,44.39411544799805,44.64600510130118,44.17517982802782,44.311719588330504,69844000,0.002285310042548838,43.29916572570801,41.287593307495115,44.23403549194336
807,2018-05-29,44.23403549194336,44.43413768126005,43.991560749846364,44.16341457064285,90056400,-0.0036058823210972646,43.57312488555908,41.33733024597168,44.13986587524414
808,2018-05-30,44.13986587524414,44.25757218424479,43.97036850291428,44.191656938573345,74762000,-0.0021288949934574752,43.79735050201416,41.397941207885744,43.99156188964844
809,2018-05-31,43.99156188964844,44.311723245583195,43.81971165651136,44.07395775611649,109931200,-0.003359864889822428,43.92657127380371,41.4558674621582,44.784908294677734
810,2018-06-01,44.784908294677734,44.78961396182632,44.198729444569345,44.25522977936332,93770000,0.018034058600133074,44.09170761108398,41.54828071594238,45.159202575683594
811,2018-06-04,45.159202575683594,45.53350777316066,45.04620552575139,45.11447360388858,105064800,0.008357598469177718,44.194184112548825,41.65952995300293,45.507625579833984
812,2018-06-05,45.507625579833984,45.65593672091612,45.28398424742185,45.45112883436461,86264000,0.0077154374806875925,44.29848690032959,41.79608642578125,45.665348052978516
813,2018-06-06,45.665348052978516,45.688890756479125,45.18039853460859,45.58295577495082,83734400,0.0034658471219914944,44.4002405166626,41.899072799682614,45.54292678833008
814,2018-06-07,45.54292678833008,45.71712982719416,45.27926221278443,45.703005644811824,85388800,-0.0026808350284861504,44.480512619018555,42.020388793945315,45.12859344482422
815,2018-06-08,45.12859344482422,45.199217941279684,44.67424886369031,45.0038250576677,106627200,-0.009097644194707932,44.50864429473877,42.142141571044924,45.01796340942383
816,2018-06-11,45.01796340942383,45.192170076569795,44.77784507484562,45.04621537216592,73234000,-0.002451439917702136,44.53971939086914,42.25558448791504,45.265140533447266
817,2018-06-12,45.265140533447266,45.342827132957446,44.99912311016498,45.05562343493012,67644400,0.005490633189587868,44.58833179473877,42.3791300201416,44.8931884765625
818,2018-06-13,44.8931884765625,45.406389885336665,44.83198248503108,45.29809849342999,86553600,-0.008217185509673208,44.638474464416504,42.48721672058105,44.91673278808594
819,2018-06-14,44.91673278808594,45.098001528120655,44.78019302474528,45.09329226949185,86440400,0.0005244517558766759,44.66931381225586,42.580671615600586,44.455326080322266
820,2018-06-15,44.455326080322266,44.766072517330024,44.31878630576844,44.73546772189716,246876800,-0.010272490431139758,44.69108943939209,42.65931755065918,44.431785583496094
821,2018-06-18,44.431785583496094,44.54478265155956,44.06924808496244,44.22933055748837,73939600,-0.0005295315297797476,44.719692420959475,42.758222885131836,43.71377182006836
822,2018-06-19,43.71377182006836,43.864435759517136,43.186446235941816,43.584294155203395,134314000,-0.016159912414018263,44.69685707092285,42.83493537902832,43.90446472167969
823,2018-06-20,43.90446472167969,44.06925287888817,43.72319595269414,43.86915425660373,82514800,0.004362307201406512,44.68908863067627,42.90045303344726,43.65964126586914
824,2018-06-21,43.65964126586914,44.33998383053485,43.537225655114895,44.08102842165333,102847600,-0.005576276976898331,44.654954528808595,42.96487327575684,43.53252029418945
825,2018-06-22,43.53252029418945,43.82207693760852,43.48072920777459,43.815014843289504,108801600,-0.0029116357348328847,44.616935920715335,43.01877815246582,42.8851203918457
826,2018-06-25,42.8851203918457,43.532505154775784,42.546125613973516,43.174676934564935,126652400,-0.014871638443367696,44.54148616790771,43.05696762084961,43.41716003417969
827,2018-06-26,43.41716003417969,43.91152811252894,42.972230200510374,43.07816878309416,98276800,0.01240615946679613,44.50064239501953,43.100685577392575,43.35360336303711
828,2018-06-27,43.35360336303711,44.088089831952125,43.32299856279475,43.605493082214934,101141200,-0.0014638606277458388,44.46132926940918,43.131782150268556,43.66905975341797
829,2018-06-28,43.66905975341797,43.836204365888015,43.268858846068014,43.33948338080343,69460800,0.007276359193012727,44.445204162597655,43.17106430053711,43.577232360839844
830,2018-06-29,43.577232360839844,44.06689106541538,43.05932528995992,43.85501754179745,90950800,-0.002102802146339733,44.38482036590576,43.23214836120606,44.064544677734375
831,2018-07-02,44.064544677734375,44.09279664258604,43.17939427481984,43.27356150413788,70925200,0.0111827275504639,44.3300874710083,43.33618476867676,43.297096252441406
832,2018-07-03,43.297096252441406,44.24580899048829,43.20763829163599,44.20814210255842,55819200,-0.017416461032462638,44.21956100463867,43.42712356567383,43.645484924316406
833,2018-07-05,43.645484924316406,43.88325389653984,43.38182402026153,43.61252731130955,66416800,0.00804646736223913,44.118567848205565,43.53581748962402,44.250518798828125
834,2018-07-06,44.250518798828125,44.35880661283061,43.59842471288167,43.650215786400146,69940800,0.013862461960518546,44.05394744873047,43.65328201293946,44.86494827270508
835,2018-07-09,44.86494827270508,44.88848738506367,44.56362033446113,44.610702151290674,79026400,0.013885249044655934,44.04076519012451,43.78036163330078,44.81079864501953
836,2018-07-10,44.81079864501953,45.02973068179138,44.770775334103476,44.89554734134358,63756400,-0.001206947288926008,44.0304069519043,43.91526969909668,44.22932434082031
837,2018-07-11,44.22932434082031,44.676606883449594,44.16576192741964,44.37527901622558,75326000,-0.012976209346446166,43.97861614227295,44.02475914001465,44.97087478637695
838,2018-07-12,44.97087478637695,45.060332735978456,44.56596477212301,44.617755838512124,72164400,0.016766036031715892,43.98250045776367,44.131069564819335,45.04148864746094
839,2018-07-13,45.04148864746094,45.161547768195184,44.940259371770196,44.98263550339518,50055600,0.001570213197306547,43.988738250732425,44.203756408691405,44.942623138427734
840,2018-07-16,44.942623138427734,45.352238789090364,44.8272696640545,45.086224977091796,60172400,-0.0021949875992559598,44.0131031036377,44.27296524047851,45.06974792480469
841,2018-07-17,45.06974792480469,45.168620799732764,44.54006949990387,44.669547166635304,62138000,0.0028286018371779242,44.04500122070313,44.31216674804688,44.822574615478516
842,2018-07-18,44.822574615478516,45.15215453583667,44.7119303641148,45.14744527625814,65573600,-0.005484239888329578,44.10044136047363,44.34018684387207,45.170982360839844
843,2018-07-19,45.170982360839844,45.328708412023275,44.655428060581336,44.655428060581336,81147200,0.007773041784195245,44.16376724243164,44.3710009765625,45.0673828125
844,2018-07-20,45.0673828125,45.30043895700601,44.76840784389058,45.14742222390387,82704800,-0.002293497792725807,44.234154319763185,44.39359893798828,45.1074104309082
845,2018-07-23,45.1074104309082,45.18980628140824,44.624813861075204,44.88847483529713,63957600,0.0008881726852152383,44.312898826599124,44.404427947998045,45.43464279174805
846,2018-07-24,45.43464279174805,45.59001600744331,45.211001486066,45.305165112002,74791600,0.00725451445147951,44.44037494659424,44.42519157409668,45.86311340332031
847,2018-07-25,45.86311340332031,45.87017549840875,45.300473485775974,45.448784666860114,66839600,0.009430482672356133,44.56267261505127,44.456595993041994,45.71949768066406
848,2018-07-26,45.71949768066406,46.13146986631483,45.578248637310274,45.813661314825,76304000,-0.0031313993316000044,44.68096733093262,44.49317924499512,44.959110260009766
849,2018-07-27,44.959110260009766,45.950199171301655,44.75194955512328,45.90311735619619,96096000,-0.01663157863118614,44.745469856262204,44.50636253356934,44.70722961425781
850,2018-07-30,44.70722961425781,45.24632315163883,44.50948379555925,45.17569861864278,84118000,-0.00560243840003205,44.80196971893311,44.52011085510254,44.79667282104492
851,2018-07-31,44.79667282104492,45.2321876723777,44.57303151581136,44.799029246561446,157492000,0.0020006430181167545,44.83857612609863,44.53884979248047,47.43564224243164
852,2018-08-01,47.43564224243164,47.49684822958433,46.449262804191136,46.87771549059434,271742800,0.058909942529190795,45.04550342559814,44.604153060913085,48.82221984863281
853,2018-08-02,48.82221984863281,49.05527961998562,47.16491669534667,47.21906058852959,249616000,0.029230712195583264,45.30434017181396,44.69940078735352,48.9634895324707
854,2018-08-03,48.9634895324707,49.14004906023397,48.37260134727077,48.73749175640409,133789600,0.002893553064073684,45.5399887084961,44.791824111938475,49.21772003173828
855,2018-08-06,49.21772003173828,49.2600925807124,48.746894774097065,48.96582679468664,101701600,0.005192246338957984,45.75762729644775,44.89032066345215,48.75631332397461
856,2018-08-07,48.75631332397461,49.31894940500595,48.67391746091623,49.27657685288124,102349600,-0.009374808655625122,45.954903030395506,44.97756462097168,48.78926086425781
857,2018-08-08,48.78926086425781,48.921091344207525,48.14658547844738,48.50676646549255,90102000,0.0006757594665591782,46.18289985656738,45.068669128417966,49.17299270629883
858,2018-08-09,49.17299270629883,49.384862642496735,48.77749760872117,49.32600948331823,93970400,0.007865088243673934,46.393005752563475,45.16933166503906,49.02653121948242
859,2018-08-10,49.02653121948242,49.39742705887133,48.82336614927484,48.986371143415944,98444800,-0.002978494469335957,46.59225788116455,45.27003105163574,49.343074798583984
860,2018-08-13,49.343074798583984,49.83445071820011,49.06667651968287,49.44702018990593,103563600,0.0064565771068823,46.81228046417236,45.361194381713865,49.55097961425781
861,2018-08-14,49.55097961425781,49.742332045788096,49.198983276632525,49.64783817493935,82992000,0.0042134548064238775,47.03634204864502,45.44902992248535,49.66672897338867
862,2018-08-15,49.66672897338867,49.78484809362196,49.21551306896723,49.425764958794105,115230400,0.0023359651016374716,47.27854976654053,45.532211990356444,50.394344329833984
863,2018-08-16,50.394344329833984,50.51009876327454,49.95730213317231,50.02344855362679,114001600,0.014649955241368362,47.53971786499024,45.626791915893556,51.400733947753906
864,2018-08-17,51.400733947753906,51.48814097239071,50.356561008974694,50.42270745000428,141708000,0.019970288954114457,47.85638542175293,45.74394805908203,50.89990234375
865,2018-08-20,50.89990234375,51.778705445399396,50.81721750232455,51.523571270388054,121150800,-0.009743666394199213,48.14601001739502,45.85937423706055,50.80067443847656
866,2018-08-21,50.80067443847656,51.308588866242836,50.5620750907815,51.216456087953674,104639200,-0.0019494714273380342,48.41431159973145,45.9750284576416,50.803043365478516
867,2018-08-22,50.803043365478516,51.11251493875671,50.51719345762094,50.57861771807685,76072400,4.6631802198326966e-05,48.66130809783935,46.085786514282226,50.906982421875
868,2018-08-23,50.906982421875,51.27551351969438,50.696730520954475,50.708539549833304,75532800,0.002045921848593757,48.9206823348999,46.206062393188475,51.06526565551758
869,2018-08-24,51.06526565551758,51.24007966949176,50.81721474938912,51.16921107177788,73905600,0.003109263722034461,49.22599010467529,46.329033050537106,51.485755920410156
870,2018-08-27,51.485755920410156,51.674747208824314,51.10541225918367,51.29912571639416,82100400,0.008234369477859493,49.56491641998291,46.46964164733887,51.901546478271484
871,2018-08-28,51.901546478271484,52.09998575718909,51.717280918603734,51.7385414974785,91107200,0.008075836713052897,49.920160102844235,46.61903686523438,52.67641067504883
872,2018-08-29,52.67641067504883,52.796894504886076,51.83304188973848,52.00785590995711,109019200,0.014929501129638645,50.1821985244751,46.798289642333984,53.16069412231445
873,2018-08-30,53.16069412231445,53.923742675038724,52.53938635946585,52.74019031767683,195175200,0.00919355440242664,50.39912223815918,46.98341423034668,53.77491760253906
874,2018-08-31,53.77491760253906,54.067850745143865,53.38984807574226,53.51032829361586,173360400,0.01155409067480151,50.639693641662596,47.18571975708008,53.9473762512207
875,2018-09-04,53.9473762512207,54.141089775298994,53.53868501730448,53.959188886707125,109560400,0.003207046265627289,50.87617645263672,47.394016876220704,53.595367431640625
876,2018-09-05,53.595367431640625,54.25683521318291,53.17722834943758,54.0961949430119,133332000,-0.006525040586605191,51.11812915802002,47.6082218170166,52.70476531982422
877,2018-09-06,52.70476531982422,53.70877807859269,52.27953566575668,53.44418873566715,137160000,-0.016617147236696272,51.31390438079834,47.79397392272949,52.2795295715332
878,2018-09-07,52.2795295715332,53.24101745045913,52.14014985816449,52.409461340228574,150479200,-0.008068259970622993,51.46923122406006,47.972492446899416,51.57789611816406
879,2018-09-10,51.57789611816406,52.40945574431646,51.13849284121695,52.19683916241394,158066000,-0.013420806558886667,51.59679946899414,48.13066917419434,52.881935119628906
880,2018-09-11,52.881935119628906,52.98824161403199,51.15975621240195,51.50230096312733,142996000,0.025282904104450443,51.773742485046384,48.31676322937012,52.2252082824707
881,2018-09-12,52.2252082824707,53.1536231702499,51.934632547081584,53.13944944749156,197114800,-0.012418736864915458,51.90745391845703,48.47997650146485,53.486698150634766
882,2018-09-13,53.486698150634766,53.94500089042822,52.57954421881991,52.80396981483061,166825600,0.024154807795902622,52.09845237731933,48.68376853942871,52.879573822021484
883,2018-09-14,52.879573822021484,53.588288636449,52.56774117812255,53.330789785670724,127997200,-0.011350940506804741,52.22271385192871,48.86845031738281,51.47159194946289
884,2018-09-17,51.47159194946289,52.66931802312977,51.32748647029409,52.48032669893483,148780400,-0.02662619553813883,52.22625675201416,49.01287178039551,51.556644439697266
885,2018-09-18,51.556644439697266,52.40946478981779,51.292055110199634,51.45033432804287,126286800,0.001652416158371084,52.259093856811525,49.14670570373535,51.58734130859375
886,2018-09-19,51.58734130859375,51.882639097106946,50.8620918144542,51.61805343210611,108495200,0.0005954008300983471,52.298427200317384,49.28223655700683,51.97951126098633
887,2018-09-20,51.97951126098633,52.51104741962864,51.77162040987671,52.02912288853213,106435200,0.00760205783908563,52.35725059509277,49.437240295410156,51.41962814331055
888,2018-09-21,51.41962814331055,52.293709113672655,51.33221752297712,52.156690470038114,384986800,-0.010771227048762322,52.38288288116455,49.56621536254883,52.159053802490234
889,2018-09-24,52.159053802490234,52.27008609427585,51.17630519274992,51.221191047477355,110773600,0.014380221831220785,52.43757228851318,49.708566665649414,52.48978042602539
890,2018-09-25,52.48978042602539,52.63861168577063,51.901545851293584,51.91335848542905,98217600,0.006340732805228955,52.48777351379395,49.85950981140137,52.07164001464844
891,2018-09-26,52.07164001464844,52.85831390102555,51.91572188840217,52.20865864637607,95938800,-0.007966129939641187,52.49627819061279,49.99954765319824,53.14180374145508
892,2018-09-27,53.14180374145508,53.49380009871501,52.80870688036114,52.8748569192973,120724800,0.020551757665124182,52.519547843933104,50.165932235717776,53.32842254638672
893,2018-09-28,53.32842254638672,53.35204420798232,52.922092477963226,53.10399333061653,91717600,0.003511713788255655,52.52793426513672,50.32908103942871,53.68751525878906
894,2018-10-01,53.68751525878906,54.19779085665743,53.472541143372936,53.850520264056215,94403200,0.0067336083697204785,52.523564147949216,50.50148368835449,54.16471862792969
895,2018-10-02,54.16471862792969,54.334810496992766,53.538688557565926,53.68515515409394,99152800,0.008888535199298664,52.534431266784665,50.68262985229492,54.823822021484375
896,2018-10-03,54.823822021484375,55.154554187596624,54.282834315481175,54.34661966348506,114619200,0.01216850027565397,52.59585399627686,50.87041343688965,53.85996627807617
897,2018-10-04,53.85996627807617,54.88996531394605,53.56230374089691,54.51906948736873,128168000,-0.017580965862439957,52.65361404418945,51.03035049438476,52.98588180541992
898,2018-10-05,52.98588180541992,53.95918596232943,52.10943981236538,53.85287945813357,134322000,-0.016228834384028334,52.68893165588379,51.175678176879885,52.86304473876953
899,2018-10-08,52.86304473876953,53.10636989634763,52.01967228806284,52.49451357213514,118655600,-0.002318298053460399,52.75318908691406,51.333756866455076,53.595367431640625
900,2018-10-09,53.595367431640625,53.68986488883776,52.50394793515697,52.83231893890951,107564000,0.013853206838349452,52.78886070251465,51.51151962280274,51.11251449584961
901,2018-10-10,51.11251449584961,53.47253621494058,51.03928120567304,53.262284289555225,167962400,-0.04632588700801099,52.7332260131836,51.63783645629883,50.66130065917969
902,2018-10-11,50.66130065917969,51.854304746732204,50.15811555179249,50.67783906976985,212497600,-0.008827854413356206,52.59195613861084,51.70234962463379,52.47087860107422
903,2018-10-12,52.47087860107422,52.652783065490866,51.225901996474846,52.071635376118714,161351600,0.03571913706022545,52.57152137756348,51.77532279968262,51.3487434387207
904,2018-10-15,51.3487434387207,52.40472864854832,51.32748286247947,52.24644946201455,123164000,-0.021385865689135697,52.565378952026364,51.82302787780762,52.48033905029297
905,2018-10-16,52.48033905029297,52.678781969991945,51.20701470538468,51.71965140479342,116736000,0.02203745478061614,52.61156368255615,51.88828025817871,52.2535400390625
906,2018-10-17,52.2535400390625,52.59608478681421,51.81649782677638,52.515764645492226,91541600,-0.004321599580618618,52.64487361907959,51.95822479248047,51.03219223022461
907,2018-10-18,51.03219223022461,51.9109988853349,50.31875164361143,51.46686978304842,130325200,-0.023373494081451063,52.59750766754151,52.00308341979981,51.80940628051758
908,2018-10-19,51.80940628051758,52.270070113730455,51.36527724915882,51.51410848939273,132314800,0.015229877775712275,52.61699657440185,52.05581169128418,52.1259765625
909,2018-10-22,52.1259765625,52.76618390607024,51.72201111053948,51.92281149157799,115168400,0.006110285847870545,52.615342712402345,52.117800598144534,52.61735916137695
910,2018-10-23,52.61735916137695,52.74020409512803,50.7203657705427,50.98731622137371,155071200,0.009426827683271854,52.62172164916992,52.18328628540039,50.81248092651367
911,2018-10-24,50.81248092651367,52.971698242809865,50.68254917676802,52.58663237228469,163702000,-0.03430195402486347,52.558763694763186,52.20851631164551,51.92516326904297
912,2018-10-25,51.92516326904297,52.29842010209034,51.20463595223347,51.43142623733275,119423200,0.021897815698833645,52.49793167114258,52.253684997558594,51.09833526611328
913,2018-10-26,51.09833526611328,52.017301933671156,50.240789247146296,51.00383780130841,189033600,-0.015923455043282075,52.386427307128905,52.26776481628418,50.13921356201172
914,2018-10-29,50.13921356201172,51.899188017139984,48.68634598538271,51.781068877806405,183742000,-0.01877011646478477,52.20901222229004,52.242534408569334,50.38962173461914
915,2018-10-30,50.38962173461914,50.8337472135886,49.43758183225462,49.88170731122408,146640000,0.004994258083001579,52.02025737762451,52.23232879638672,51.703102111816406
916,2018-10-31,51.703102111816406,52.07872005381638,51.17392714872992,51.235351399048334,153435600,0.026066486152938717,51.86422138214111,52.250377349853515,52.49686813354492
917,2018-11-01,52.49686813354492,52.52994134683256,51.218818240233645,51.7479932575457,233292800,0.015352386787389705,51.796066474914554,52.28425384521484,49.014713287353516
918,2018-11-02,49.014713287353516,50.47230292231517,48.53042413230621,49.50372821693035,365314800,-0.06633071590734285,51.59750804901123,52.246408462524414,47.62325668334961
919,2018-11-05,47.62325668334961,48.28472434776943,46.81532249209503,48.2634637754306,264654800,-0.028388549288177134,51.33551864624023,52.17756828308106,48.13827896118164
920,2018-11-06,48.13827896118164,48.362704623192265,47.64690286909893,47.701236668284366,127531600,0.010814511935973936,51.06266422271729,52.11061874389648,49.59823226928711
921,2018-11-07,49.59823226928711,49.624218627473745,48.22332718492194,48.658004808488826,133697600,0.03032832372928751,50.98695011138916,52.06455245971679,49.425174713134766
922,2018-11-08,49.425174713134766,49.81158422834098,49.01268455420354,49.778395614446815,101450400,-0.0034891879858288677,50.925143814086915,51.99952774047851,48.47218322753906
923,2018-11-09,48.47218322753906,48.83725798808566,47.945904040896274,48.72821123325348,137463200,-0.019281499582487927,50.72520904541015,51.90575752258301,46.030433654785156
924,2018-11-12,46.030433654785156,47.376950783365466,45.940348730689024,47.17544617439907,204542000,-0.050374243744949476,50.45929355621338,51.75086784362793,45.570533752441406
925,2018-11-13,45.570533752441406,46.74399267153785,45.385625249664386,45.42829839038313,187531600,-0.009991213765068285,50.1138032913208,51.583330993652346,44.28328323364258
926,2018-11-14,44.28328323364258,46.1039218061146,44.07703636390938,45.966425098721565,243204000,-0.02824743124124296,49.7152904510498,51.39708930969238,45.37613296508789
927,2018-11-15,45.37613296508789,45.50888738331428,44.306978799247624,44.66020321846803,185915200,0.02467860672568789,49.43248748779297,51.250516662597654,45.878719329833984
928,2018-11-16,45.878719329833984,46.2200900127269,44.913876541520615,45.16042002511673,147713200,0.01107600696455946,49.13595314025879,51.12250045776367,44.06044387817383
929,2018-11-19,44.06044387817383,45.20782570490304,43.854200625676015,45.04188265017564,167701200,-0.03963221899434688,48.73267650604248,50.97215141296387,41.9553337097168
930,2018-11-20,41.9553337097168,43.019745978740524,41.60685143343039,42.28485054583868,271300800,-0.047777779413153754,48.19957523345947,50.75361938476563,41.90791702270508
931,2018-11-21,41.90791702270508,42.735266618961745,41.85339364940584,42.607250817126655,124496800,-0.001130170655769036,47.754347038269046,50.547273559570314,40.843505859375
932,2018-11-23,40.843505859375,41.8652485061949,40.79846701261189,41.47172379819083,94496000,-0.025398808601090672,47.20026416778565,50.29440971374512,41.39585876464844
933,2018-11-26,41.39585876464844,41.474089835387204,40.362265965846845,41.30577746097213,179994000,0.013523640873905451,46.7151403427124,50.064735412597656,41.3057861328125
934,2018-11-27,41.3057861328125,41.43142901354087,40.50925570213166,40.65860267099883,165549600,-0.0021758850890867265,46.27346897125244,49.86141929626465,42.89409255981445
935,2018-11-28,42.89409255981445,42.97706227069224,41.46934451243013,41.896057768030154,184250000,0.03845239555288926,45.898692512512206,49.68816825866699,42.56458282470703
936,2018-11-29,42.56458282470703,43.3350361348104,42.126015647425476,43.301847521528224,167080000,-0.007681937428748009,45.441766548156735,49.507713088989256,42.33462905883789
937,2018-11-30,42.33462905883789,42.749488506107106,41.967181396370556,42.74000397877434,158126000,-0.005402467276988343,44.933654594421384,49.31481544494629,43.813907623291016
938,2018-12-03,43.813907623291016,43.842353975262405,42.95811156770217,43.72856495008896,163210000,0.03494251862694209,44.67361431121826,49.1627010345459,41.88658905029297
939,2018-12-04,41.88658905029297,43.23784507191264,41.787023197888146,42.8964743680744,165377200,-0.043988739593121884,44.38678092956543,48.957251739501956,41.4195671081543
940,2018-12-06,41.4195671081543,41.43379028172995,40.40019746688139,40.71786040102842,172393600,-0.011149677085854903,44.050845336914065,48.73584747314453,39.942665100097656
941,2018-12-07,39.942665100097656,41.365040213085045,39.8976226427538,41.127977694253815,169126400,-0.03565710873317851,43.56806697845459,48.49326797485352,40.20580291748047
942,2018-12-10,40.20580291748047,40.32196123166559,38.71941997527431,39.11531393068012,248104000,0.006587888332523217,43.10709838867187,48.23454795837402,39.97585678100586
943,2018-12-11,39.97585678100586,40.724971648959276,39.589443688075356,40.69415597889754,189126800,-0.005719227568879992,42.682282066345216,47.967496643066404,40.0872688293457
944,2018-12-12,40.0872688293457,40.7557831755504,40.068303395918306,40.395447175002914,142510800,0.002786983377246255,42.385123825073244,47.69549171447754,40.525840759277344
945,2018-12-13,40.525840759277344,40.909884536388844,40.19395464798327,40.41679401583242,127594400,0.010940429286880882,42.13288917541504,47.422714157104494,39.22911834716797
946,2018-12-14,39.22911834716797,40.08254516087098,39.18170655024852,40.063579718645556,162814800,-0.03199742159112451,41.88018093109131,47.110820083618165,38.864036560058594
947,2018-12-17,38.864036560058594,39.909483314980214,38.57718927162782,39.22199972246695,177151600,-0.009306397963841362,41.55457611083985,46.810901489257816,39.36897277832031
948,2018-12-18,39.36897277832031,39.715082017295266,38.97070588046719,39.20539906762815,135366000,0.012992377090871976,41.22908878326416,46.53856330871582,38.140995025634766
949,2018-12-19,38.140995025634766,39.69612483606224,37.71428169538635,39.352384848493756,196189200,-0.031191511132385163,40.933116340637206,46.24412231445312,37.17852783203125
950,2018-12-20,37.17852783203125,38.430218065260014,36.81582234497566,38.02483942939825,259092000,-0.025234454238979298,40.69427604675293,45.915785522460936,35.732444763183594
951,2018-12-21,35.732444763183594,37.49382176601955,35.47167807298712,37.18563966188898,382978400,-0.03889565168854747,40.38550243377686,45.60818412780762,34.807884216308594
952,2018-12-24,34.807884216308594,35.92681940627139,34.75098791914076,35.12080480751575,148676800,-0.025874539315809963,40.08372135162354,45.291115798950194,37.25911331176758
953,2018-12-26,37.25911331176758,37.27333648323871,34.78181086894606,35.156370059261675,234330000,0.07042166309868692,39.876884078979494,44.986880493164065,37.01730728149414
954,2018-12-27,37.01730728149414,37.16428848868173,35.575970489882636,36.943818486543655,212468400,-0.006489849295395533,39.66246013641357,44.700251770019534,37.03628921508789
955,2018-12-28,37.03628921508789,37.57916459813956,36.63802578091373,37.33735973179769,169165600,0.0005127853695408024,39.36956996917725,44.39137077331543,37.39423751831055
956,2018-12-31,37.39423751831055,37.77827758475544,37.095536473487684,37.58151528901407,140014000,0.009664799330836749,39.111052703857425,44.094184722900394,37.436920166015625
957,2019-01-02,37.436920166015625,37.657390234429776,36.562158714565115,36.718620877015454,148158800,0.0011414231319513135,38.86616725921631,43.82227928161621,33.70792770385742
958,2019-01-03,33.70792770385742,34.54475829394252,33.66288523639479,34.132268116287044,365248800,-0.09960735139594357,38.360868263244626,43.460249710083005,35.14689636230469
959,2019-01-04,35.14689636230469,35.21564653531297,34.089599294610764,34.26265396297282,234428400,0.04268932433608463,38.02388362884521,43.1206681060791,35.06866455078125
960,2019-01-07,35.06866455078125,35.28202303602157,34.58742781885169,35.25120374411971,219111200,-0.002225852624851976,37.706338500976564,42.76969421386719,35.73719024658203
961,2019-01-08,35.73719024658203,35.990848988279154,35.20854161265746,35.45508514779309,164101200,0.01906333487072831,37.49606475830078,42.46818840026855,36.34404754638672
962,2019-01-09,36.34404754638672,36.63326405592934,35.471659372694184,35.86518033295423,180396400,0.016981113949290583,37.30297698974609,42.15656608581543,36.460227966308594
963,2019-01-10,36.460227966308594,36.50052817352975,35.76326335572206,36.15204586823649,143122800,0.003196683577237458,37.12719554901123,41.863803939819334,36.10226821899414
964,2019-01-11,36.10226821899414,36.436527412922885,35.917359647307784,36.24213792714775,108092800,-0.009817814294667326,36.92794551849365,41.583065032958984,35.55938720703125
965,2019-01-14,35.55938720703125,35.860457698224735,35.37447868293772,35.7608918481196,129756800,-0.01503731036149325,36.67962284088135,41.286460342407224,36.28717041015625
966,2019-01-15,36.28717041015625,36.36302855383263,35.57124041452966,35.62339447087061,114843600,0.02046669699024206,36.53252544403076,40.978141708374025,36.73046112060547
967,2019-01-16,36.73046112060547,36.95330042990781,36.27055933200894,36.289524764426844,122278800,0.01221618289435833,36.42584667205811,40.66281356811523,36.94856262207031
968,2019-01-17,36.94856262207031,37.375275859702455,36.3321986546809,36.55503799084918,119284800,0.0059378917337493675,36.304826164245604,40.42149055480957,37.176143646240234
969,2019-01-18,37.176143646240234,37.427429321935136,36.97700839356735,37.33734441280423,135004000,0.006159401287074262,36.25658359527588,40.21254829406738,36.34169006347656
970,2019-01-22,36.34169006347656,37.15481288318813,36.180485646601795,37.07895474729043,121576000,-0.022445942502916427,36.214741706848145,39.97661651611328,36.4886589050293
971,2019-01-23,36.4886589050293,36.77787543917383,35.96237987517853,36.54318226620148,92522400,0.0040440838413411395,36.25255241394043,39.714425048828126,36.19945526123047
972,2019-01-24,36.19945526123047,36.62142636446528,35.97187720999421,36.53371436735213,101766000,-0.007925850181327632,36.32213096618652,39.44991065979004,37.39897918701172
973,2019-01-25,37.39897918701172,37.48669477291411,36.58348721486467,36.85847696932407,134142000,0.03313651868860967,36.32912425994873,39.228446578979494,37.05289077758789
974,2019-01-28,37.05289077758789,37.060002367293876,36.42704556244001,36.93198651800865,104768400,-0.009253953368439038,36.33090343475342,39.04889572143555,36.66883087158203
975,2019-01-29,36.66883087158203,37.4866995043385,36.53370710874869,37.0410207847248,166348800,-0.010365180636274784,36.312530517578125,38.87086166381836,39.17458724975586
976,2019-01-30,39.17458724975586,39.38794210253695,37.98453220972156,38.70046213932008,244439200,0.06833477693764611,36.40154800415039,38.76868774414063,39.456687927246094
977,2019-01-31,39.456687927246094,40.06356742305423,39.01100921494888,39.37845685855858,162958400,0.007201114224681282,36.502536392211915,38.65029884338379,39.47565841674805
978,2019-02-01,39.47565841674805,40.058830287377425,39.33578875751876,39.5799665216834,130672400,0.0004807927501906395,36.79092292785644,38.522237625122074,40.596961975097656
979,2019-02-04,40.596961975097656,40.6941584894352,39.65582335554743,39.68664264479774,125982000,0.028404936189079022,37.0634262084961,38.452967987060546,41.291542053222656
980,2019-02-05,41.291542053222656,41.50490046088107,40.85772088728547,40.978621452858036,144406400,0.017109163945594252,37.37457008361817,38.439692153930665,41.3057861328125
981,2019-02-06,41.3057861328125,41.62107980509116,40.97626928419296,41.402979043571136,112958400,0.0003449636143761925,37.65299987792969,38.42764953613281,40.52347183227539
982,2019-02-07,40.52347183227539,41.23465946396211,40.38123285902311,40.869581120682014,126966800,-0.018939581443183195,37.861971092224124,38.42124885559082,40.57109069824219
983,2019-02-08,40.57109069824219,40.630610517833716,40.09731162648508,40.23301855889848,95280000,0.001175093441250219,38.0675142288208,38.40475349426269,40.33777618408203
984,2019-02-11,40.33777618408203,40.76156070262494,40.29492365156536,40.723467140742116,83973600,-0.005750757747566948,38.279289627075194,38.38539329528808,40.68537521362305
985,2019-02-12,40.68537521362305,40.71156408436952,40.40206023903903,40.49729414757265,89134000,0.008617208543047594,38.53558902740478,38.34121894836426,40.51633071899414
986,2019-02-13,40.51633071899414,41.06391379755997,40.45443141309773,40.80440825043843,89960800,-0.004154920379652927,38.74704704284668,38.30025390625,40.663936614990234
987,2019-02-14,40.663936614990234,40.77345103559048,40.325864516022556,40.40443110443633,87342800,0.0036431210175431605,38.94372081756592,38.266840057373045,40.57347106933594
988,2019-02-15,40.57347106933594,40.87821226167595,40.41395838528309,40.77107731063168,98507200,-0.0022247119483495004,39.1249662399292,38.20203132629395,40.69488525390625
989,2019-02-19,40.69488525390625,40.81630799877144,40.35205417876045,40.404431905407954,75891200,0.00299245249100899,39.3009033203125,38.17819725036621,40.95677947998047
990,2019-02-20,40.95677947998047,41.2639037947893,40.70917861976395,40.75679375063616,104457600,0.006435556322132108,39.5316577911377,38.168941497802734,40.725830078125
991,2019-02-21,40.725830078125,41.037713269610336,40.544891181904646,40.9020100056452,68998800,-0.00563885649183804,39.74351634979248,38.18460479736328,41.180564880371094
992,2019-02-22,41.180564880371094,41.18770696667767,40.80201977491948,40.84963489456358,75652800,0.011165758963630035,39.99257183074951,38.20410003662109,41.480552673339844
993,2019-02-25,41.480552673339844,41.8710025541568,41.413890764380966,41.463889012500914,87493600,0.007284693491704353,40.19665050506592,38.23419395446777,41.504356384277344
994,2019-02-26,41.504356384277344,41.73529354904754,41.22818358043654,41.356748410721536,68280800,0.0005738523091762815,40.41922378540039,38.26253570556641,41.63291549682617
995,2019-02-27,41.63291549682617,41.66386696049311,41.12342606902132,41.23770671972961,111341600,0.003097484788308291,40.6674280166626,38.28467720031738,41.22343063354492
996,2019-02-28,41.22343063354492,41.642452539667424,41.16867341001371,41.501986620138595,112861600,-0.009835603834001616,40.76987018585205,38.32456344604492,41.65672302246094
997,2019-03-01,41.65672302246094,41.69957553997126,41.16151778980415,41.4924477730699,103544800,0.010510827998954309,40.879871940612794,38.38041717529297,41.86623764038086
998,2019-03-04,41.86623764038086,42.3185867630682,41.41864748708526,41.82814408844058,109744800,0.005029551119682507,40.99940090179443,38.43036247253418,41.79005432128906
999,2019-03-05,41.79005432128906,41.90195186974716,41.55435453421323,41.887667694676146,78949600,-0.0018196839120389052,41.05905551910401,38.503343658447264,41.54957962036133
1000,2019-03-06,41.54957962036133,41.78051671619437,41.41149325966116,41.58529004433551,83241600,-0.005754352437039811,41.071957397460935,38.59076469421387,41.06867218017578
1001,2019-03-07,41.06867218017578,41.53054652391406,40.95439515303267,41.39483960253065,99185600,-0.011574303388376062,41.060101699829104,38.69748924255371,41.16628646850586
1002,2019-03-08,41.16628646850586,41.2043800226722,40.35443530524196,40.549662045743496,95997600,0.0023768552316916214,41.09224243164063,38.82465728759766,42.59238052368164
1003,2019-03-11,42.59238052368164,42.64475825441138,41.74720201003653,41.78053296297351,128044000,0.034642280796126856,41.1933069229126,38.93132263183594,43.07091522216797
1004,2019-03-12,43.07091522216797,43.48993336743866,42.70427116635539,42.85426224671515,129870400,0.011235218426456806,41.3299638748169,39.052394790649416,43.261375427246094
1005,2019-03-13,43.261375427246094,43.63992050434659,43.073290814457465,43.389936603936654,124130000,0.00442201434763323,41.458763885498044,39.176896514892576,43.7422981262207
1006,2019-03-14,43.7422981262207,43.83038991608697,43.46374584894839,43.78277116143453,94318000,0.011116676116398327,41.620062255859374,39.30385772705078,44.31131362915039
1007,2019-03-15,44.31131362915039,44.599391151169385,43.74468742331031,44.00895556463961,156171600,0.013008358666656283,41.80243110656738,39.441345596313475,44.7636604309082
1008,2019-03-18,44.7636604309082,44.851748588606974,44.23274110168336,44.23512421911368,104879200,0.01020838166847371,42.011940574646,39.662460250854494,44.40892791748047
1009,2019-03-19,44.40892791748047,44.99460454615995,44.26369941100965,44.8422339518956,126585600,-0.007924564479601881,42.197642707824706,39.847700881958005,44.7969856262207
1010,2019-03-20,44.7969856262207,45.113631415703125,43.9803720359133,44.337490855702434,124140800,0.008738281398310566,42.389653015136716,40.042267303466794,46.4468879699707
1011,2019-03-21,46.4468879699707,46.742107598369216,45.18982960517974,45.23982785468012,204136800,0.03683065547125275,42.675705909729004,40.25646125793457,45.48503875732422
1012,2019-03-22,45.48503875732422,47.06588473880765,45.420756346429926,46.50639708117386,169630800,-0.020708582526957398,42.89092960357666,40.43928108215332,44.93508529663086
1013,2019-03-25,44.93508529663086,45.706459850538906,44.42559577501445,45.594562296617404,175381200,-0.012090864946329272,43.06365623474121,40.60877822875977,44.470821380615234
1014,2019-03-26,44.470821380615234,45.92072676985604,43.9446682740036,45.63026979507093,199202000,-0.010331880154468842,43.21197948455811,40.77614929199219,44.870792388916016
1015,2019-03-27,44.870792388916016,45.17791299458407,44.41368070712132,44.937454282127696,119393600,0.008994009912196566,43.3738733291626,40.962377395629886,44.930320739746094
1016,2019-03-28,44.930320739746094,45.13030645740991,44.647005823321656,44.98507795541089,83121600,0.0013266614575049296,43.559217834472655,41.13524040222168,45.22315216064453
1017,2019-03-29,45.22315216064453,45.254103625195796,44.88745955109944,45.194583813551674,94256000,0.006517456721367054,43.737539291381836,41.30509422302246,45.530277252197266
1018,2019-04-01,45.530277252197266,45.6350290710456,44.84937044927723,45.625507499441596,111448000,0.006791324285882361,43.92074127197266,41.476728515625,46.19213104248047
1019,2019-04-02,46.19213104248047,46.29688647998632,45.48503547211655,45.494557042435,91062800,0.014536564023476473,44.140845108032224,41.657048263549804,46.5087776184082
1020,2019-04-03,46.5087776184082,46.78256727145678,45.98500042210558,46.008809797501385,93087200,0.0068549895573453146,44.38880500793457,41.86039001464844,46.58974075317383
1021,2019-04-04,46.58974075317383,46.75163294022202,45.98263778613916,46.375467194501724,76457200,0.0017408140766439484,44.664858436584474,42.06241165161133,46.901611328125
1022,2019-04-05,46.901611328125,46.92542070577744,46.646864791887666,46.77066701663857,74106400,0.0066939753239543265,44.95162467956543,42.27645477294922,47.6396598815918
1023,2019-04-08,47.6396598815918,47.67060771411414,46.74447956713856,46.763526343275984,103526800,0.015736102290886844,45.20398864746094,42.48126838684082,47.496822357177734
1024,2019-04-09,47.496822357177734,48.29438949900301,47.432539926276704,47.69204913517274,143072800,-0.002998290180263319,45.42528400421143,42.69014701843262,47.76345443725586
1025,2019-04-10,47.76345443725586,47.7920264154458,47.18254052900446,47.30158014519366,86781200,0.005613682491705241,45.65038795471192,42.91203948974609,47.365875244140625
1026,2019-04-11,47.365875244140625,47.85393852782556,47.24445611090851,47.81822808652252,83603200,-0.008323920407337981,45.83156681060791,43.075865249633786,47.346824645996094
1027,2019-04-12,47.346824645996094,47.64918634491624,46.71353653021887,47.42539124332817,111042800,-0.0004022009103883395,45.9833423614502,43.23366798400879,47.43252944946289
1028,2019-04-15,47.43252944946289,47.58014105940189,47.142072464719895,47.277779385224925,70146400,0.0018101489193329545,46.11678581237793,43.392805404663086,47.43730545043945
1029,2019-04-16,47.43730545043945,47.94203245634893,47.27303013513437,47.487303707063596,102785600,0.00010069041292970482,46.26820468902588,43.52961227416992,48.361026763916016
1030,2019-04-17,48.361026763916016,48.42054656109198,47.284907813790426,47.506319715540975,115627200,0.019472465914861736,46.44640674591064,43.67100196838379,48.534828186035156
1031,2019-04-18,48.534828186035156,48.60386955891566,48.215802914600246,48.35864826177386,96783200,0.0035938323428819086,46.55080375671387,43.815582809448244,48.69435119628906
1032,2019-04-22,48.69435119628906,48.79196456564161,48.172957030939074,48.28961717719952,77758000,0.0032867739768738247,46.71126937866211,43.979000396728516,49.39667892456055
1033,2019-04-23,49.39667892456055,49.460961335538265,48.54435482277016,48.67053652737033,93292000,0.014423186899859664,46.934349060058594,44.15551216125488,49.320499420166016
1034,2019-04-24,49.320499420166016,49.63476214823507,49.294310556760166,49.36811454468543,70162400,-0.0015421989099889677,47.17683296203613,44.33516662597656,48.87290954589844
1035,2019-04-25,48.87290954589844,49.46334508558559,48.83481599293768,49.24193312050334,74172800,-0.009075128588105219,47.376938819885254,44.49891731262207,48.639591217041016
1036,2019-04-26,48.639591217041016,48.806245964505955,48.12057656602047,48.7824365865248,74596400,-0.004773980739540495,47.56240234375,44.66138252258301,48.713409423828125
1037,2019-04-29,48.713409423828125,49.03719744177,48.53484993524552,48.66341116859207,88818800,0.0015176568087860165,47.73691520690918,44.82237197875977,47.7753791809082
1038,2019-04-30,47.7753791809082,48.42533474095974,47.40397600373589,48.344388639843174,186139600,-0.019256099172994534,47.84917030334473,44.96641014099121,50.12043762207031
1039,2019-05-01,50.12043762207031,51.26083546947412,49.8133133987399,49.96806706898253,259309200,0.049085082763701715,48.04558563232422,45.15492118835449,49.79426956176758
1040,2019-05-02,49.79426956176758,50.627546867778136,49.551431362489616,49.958544811914926,127985200,-0.0065076858019912365,48.209860229492186,45.331670989990236,50.41327667236328
1041,2019-05-03,50.41327667236328,50.43470293107204,50.05139522758998,50.208528390389,83569600,0.012431292115407944,48.40103702545166,45.525419921875,49.63477325439453
1042,2019-05-06,49.63477325439453,49.7204819508279,48.4491393144011,48.63722036981776,129772400,-0.015442428450510248,48.53769512176514,45.69450408935547,48.29676055908203
1043,2019-05-07,48.29676055908203,49.38240144232554,47.8134599345925,49.01576096722364,155054800,-0.02695716344778576,48.57055015563965,45.830828247070315,48.306278228759766
1044,2019-05-08,48.306278228759766,48.88719217828683,48.03248854519136,48.06819897946514,105358000,0.00019706641951877657,48.61102294921875,45.966866683959964,47.787269592285156
1045,2019-05-09,47.787269592285156,48.01582364863785,46.82066837319086,47.711082484966774,139634400,-0.010744123859362298,48.612213706970216,46.08995376586914,47.125240325927734
1046,2019-05-10,47.125240325927734,47.52436694654239,46.07127049602343,47.18260069191322,164834800,-0.0138536742526989,48.60018196105957,46.2079899597168,44.3863639831543
1047,2019-05-13,44.3863639831543,45.28498816826159,43.700446219509786,44.86196762071345,229722400,-0.05811909549597649,48.45215892791748,46.262582778930664,45.08900451660156
1048,2019-05-14,45.08900451660156,45.33755885279071,44.31226720167281,44.551263298573964,146118800,0.01583009894015963,48.33498268127441,46.32703811645508,45.629127502441406
1049,2019-05-15,45.629127502441406,45.82749467057295,44.458048262926525,44.517797278142396,106178800,0.01197903993735272,48.244573783874515,46.40381958007813,45.428382873535156
1050,2019-05-16,45.428382873535156,45.99958345378855,45.132026372240446,45.38775397079813,132125600,-0.004399484274502319,48.09794158935547,46.4813956451416,45.170257568359375
1051,2019-05-17,45.170257568359375,45.624348646044616,44.63490505470456,44.67553394929403,131516400,-0.005682027156774572,47.92971305847168,46.56342735290527,43.757789611816406
1052,2019-05-20,43.757789611816406,44.058926994173994,43.08621123813103,43.86055981831974,154449200,-0.031269867221929815,47.682884979248044,46.61525741577148,44.59667205810547
1053,2019-05-21,44.59667205810547,44.93126512693006,44.14257729693959,44.26685628541341,113459200,0.019171042544217753,47.442884635925296,46.655343246459964,43.6837043762207
1054,2019-05-22,43.6837043762207,44.38396480563618,43.62873629745547,44.133018185582294,118994400,-0.020471654940872108,47.161044883728025,46.667599029541016,42.93803787231445
1055,2019-05-23,42.93803787231445,43.148351949089296,42.495893652579475,42.97149717862801,146118800,-0.017069671964728195,46.86430130004883,46.66113227844238,42.77314376831055
1056,2019-05-24,42.77314376831055,43.53076117067269,42.689493652182996,43.06710802896649,94858800,-0.003840280370851046,46.5709789276123,46.64174919128418,42.59626770019531
1057,2019-05-28,42.59626770019531,43.16029856021304,42.51979085562523,42.76117556874994,111792800,-0.00413521318594956,46.26512184143066,46.60744827270508,42.393123626708984
1058,2019-05-29,42.393123626708984,42.86394617150037,42.06330788653476,42.16368579728549,113924800,-0.004769058052600195,45.996009063720706,46.560037536621095,42.613014221191406
1059,2019-05-30,42.613014221191406,42.83527888995401,42.22344933020406,42.52936411007904,84873600,0.005186940137241525,45.62063789367676,46.524119262695315,41.84104537963867
1060,2019-05-31,41.84104537963867,42.53891349401557,41.821925255667836,42.118278060238815,108174400,-0.018115799965373824,45.22297668457031,46.46500045776367,41.41801452636719
1061,2019-06-03,41.41801452636719,42.522175065927414,40.69385681577377,41.96770614858801,161584400,-0.010110427438730918,44.77321357727051,46.364422988891604,42.93325424194336
1062,2019-06-04,42.93325424194336,42.97866407912439,41.7095955198849,41.92947146858037,123872000,0.036584074174090375,44.43813762664795,46.31338729858398,43.626346588134766
1063,2019-06-05,43.626346588134766,44.21188995189266,43.29175350609404,44.0422011159206,119093600,0.016143485007812375,44.204616928100585,46.28721252441406,44.26686096191406
1064,2019-06-06,44.26686096191406,44.32660999100133,43.53314113426265,43.75540941879875,90105200,0.014681824719961822,44.0026460647583,46.283133316040036,45.445106506347656
1065,2019-06-07,45.445106506347656,45.86813062026095,44.398306078529586,44.575160856832326,122737600,0.02661687589385031,43.88553791046142,46.29461959838867,46.025882720947266
1066,2019-06-10,46.025882720947266,46.692680428699035,45.79644479383303,45.841854649486315,104883600,0.012779730519907329,43.8305700302124,46.316530838012696,46.558834075927734
1067,2019-06-11,46.558834075927734,46.843240045404315,46.26965080968736,46.57078461142005,107731600,0.011579383674436672,43.93919353485107,46.34324447631836,46.41064453125
1068,2019-06-12,46.41064453125,46.83605721765713,46.2194469577794,46.3532841651717,73012800,-0.0031828448374817686,44.00527553558349,46.360851821899416,46.401100158691406
1069,2019-06-13,46.401100158691406,47.032049836512535,46.26965519618882,46.53254876798576,86698400,-0.0002056505065808345,44.043874168395995,46.365031204223634,46.064117431640625
1070,2019-06-14,46.064117431640625,46.26726196298543,45.48096626534882,45.7797114409662,75046000,-0.0072623865791608955,44.07566089630127,46.35613800048828,46.33895492553711
1071,2019-06-17,46.33895492553711,46.59468250985322,45.927881330772394,46.102347467348565,58676400,0.005966411802078797,44.13409576416016,46.351122283935545,47.42877197265625
1072,2019-06-18,47.42877197265625,47.868523890430765,46.65442699718173,46.85518283180173,106204000,0.023518377763814158,44.317644882202146,46.36166549682617,47.290157318115234
1073,2019-06-19,47.290157318115234,47.77054181487059,47.156320085097796,47.72273967725771,84496800,-0.002922585780229192,44.45231914520264,46.35467544555664,47.670162200927734
1074,2019-06-20,47.670162200927734,47.945006248507305,47.32839589241973,47.88764587347905,86056000,0.008035602001834175,44.65164203643799,46.35814224243164,47.50764846801758
1075,2019-06-21,47.50764846801758,48.002372187149874,47.357079745361425,47.5124294115218,191202400,-0.0034091290108300143,44.88012256622314,46.353026123046874,47.459842681884766
1076,2019-06-24,47.459842681884766,47.83745693129313,47.3618534124554,47.45028079634536,72881600,-0.0010062755719217886,45.114457511901854,46.35490547180176,46.74047088623047
1077,2019-06-25,46.74047088623047,47.62236346699699,46.67354862052132,47.42399625849341,84281200,-0.015157483780047998,45.32166767120361,46.34277839660645,47.751426696777344
1078,2019-06-26,47.751426696777344,48.03583267016002,47.165886917526144,47.26626485281565,104270000,0.02162913191455873,45.58958282470703,46.349156341552735,47.73707962036133
1079,2019-06-27,47.73707962036133,48.17444289617968,47.69645072327974,47.86852455047612,83598800,-0.0003004533562341871,45.84578609466553,46.35515182495117,47.30210494995117
1080,2019-06-28,47.30210494995117,47.67971920381685,47.09417952190008,47.483740662644806,124442400,-0.009111882709821773,46.11883907318115,46.33397338867187,48.16965866088867
1081,2019-07-01,48.16965866088867,48.872307690511114,47.95456000971146,48.556831127500786,109012000,0.018340699887572143,46.456421279907225,46.326669998168946,48.45166778564453
1082,2019-07-02,48.45166778564453,48.547268392910226,48.124244366886444,48.13619489864344,67740800,0.005854497054695429,46.73234195709229,46.32181632995606,48.85319137573242
1083,2019-07-03,48.85319137573242,48.86036096665152,48.44211781134659,48.583124628476725,45448000,0.008287095335175465,46.99368419647217,46.31094657897949,48.81017303466797
1084,2019-07-05,48.81017303466797,49.013321180685026,48.49230778045325,48.59985894410412,69062000,-0.0008805635794312261,47.22084980010986,46.30074005126953,47.80398178100586
1085,2019-07-08,47.80398178100586,48.13379378698368,47.41919806837372,47.992787019735715,101354400,-0.02061437587913184,47.33879356384277,46.27936149597168,48.0955696105957
1086,2019-07-09,48.0955696105957,48.16009592269418,47.51480727417549,47.60801559399719,82312000,0.006099655692398898,47.442277908325195,46.26848106384277,48.57118606567383
1087,2019-07-10,48.57118606567383,48.6906841394985,48.17206293671445,48.241373861736164,71588400,0.009888986842841119,47.5428955078125,46.265636596679684,48.21745681762695
1088,2019-07-11,48.21745681762695,48.84840629256591,48.20789857947526,48.590290100983076,80767200,-0.007282697350000755,47.63323612213135,46.274478149414065,48.58790588378906
1089,2019-07-12,48.58790588378906,48.755202417628624,48.32500872576195,48.384757748332575,70380800,0.0076828827277901635,47.74257640838623,46.24382751464844,49.04439163208008
1090,2019-07-15,49.04439163208008,49.202126287633234,48.75520474444894,48.77671351837103,67789600,0.009395048829287322,47.8915901184082,46.22882995605469,48.87471389770508
1091,2019-07-16,48.87471389770508,49.25949785470294,48.635717741726076,48.89622267651312,67467200,-0.003459676605795936,48.0183780670166,46.198058700561525,48.59986114501953
1092,2019-07-17,48.59986114501953,49.01571204861512,48.580741018322186,48.7671576951322,56430000,-0.005623618651984685,48.07693252563477,46.177360458374025,49.15193557739258
1093,2019-07-18,49.15193557739258,49.20451500768722,48.68350164752872,48.75520120218422,74162400,0.011359588677129828,48.17002143859863,46.194463958740236,48.4182243347168
1094,2019-07-19,48.4182243347168,49.35270006344837,48.36325624678891,49.18301120924729,83717200,-0.014927413011447177,48.207424545288085,46.19670288085938,49.5247688293457
1095,2019-07-22,49.5247688293457,49.52715747734154,48.661992820040304,48.67155105881449,89111600,0.0228538842519157,48.308280563354494,46.23145286560059,49.91194534301758
1096,2019-07-23,49.91194534301758,49.92867682071002,49.54150065350668,49.821129303572306,73420800,0.007817835859184274,48.43088569641113,46.28718696594238,49.871307373046875
1097,2019-07-24,49.871307373046875,49.9860244606776,49.512813283259206,49.632311313188424,59966400,-0.0008141932695955312,48.58742752075195,46.396885833740235,49.47697830200195
1098,2019-07-25,49.47697830200195,50.00754998570546,49.40766738427243,49.92389988411229,55638400,-0.007906932699703773,48.673705101013184,46.48464530944824,49.649051666259766
1099,2019-07-26,49.649051666259766,50.12465157648066,49.50565254598537,49.58691034563834,70475600,0.0034778470748051404,48.769303703308104,46.56504379272461,50.112693786621094
1100,2019-07-29,50.112693786621094,50.34213161648365,49.81634099625393,49.82112193871518,86693600,0.009338388243101292,48.909833145141604,46.658730010986325,49.897605895996094
1101,2019-07-30,49.897605895996094,50.22742168380975,49.546281334227054,49.89282495285342,135742800,-0.0042920839885566275,48.99623050689697,46.75327697753906,50.91572570800781
1102,2019-07-31,50.91572570800781,52.90656358701365,50.49987484291198,51.723533663924655,277125600,0.020404181598087767,49.11943340301514,46.89643569946289,49.813961029052734
1103,2019-08-01,49.813961029052734,52.10832530830055,49.41006063749324,51.12127013624457,216071600,-0.021638986062449406,49.16747188568115,47.000781478881834,48.75998306274414
1104,2019-08-02,48.75998306274414,49.33596086524618,48.18878255632911,49.12086584402196,163448400,-0.02115828463618641,49.16496238708496,47.1023070526123,46.20750427246094
1105,2019-08-05,46.20750427246094,47.47657295728015,46.02586855255384,47.31883830566207,209572000,-0.052347819460861644,49.08513851165772,47.16769638061523,47.08222961425781
1106,2019-08-06,47.08222961425781,47.337957180388806,46.37479958500888,46.91732172907666,143299200,0.01893037409333087,49.03447151184082,47.25387809753418,47.56977462768555
1107,2019-08-07,47.56977462768555,47.6940536011622,46.322218537734486,46.702221401498505,133457600,0.01035518108259037,48.98440093994141,47.35334823608398,48.61896896362305
1108,2019-08-08,48.61896896362305,48.642870029434654,47.653426441558544,47.84701267554443,108038000,0.0220559030213876,49.00447654724121,47.47786514282227,48.21834182739258
1109,2019-08-09,48.21834182739258,48.64296958479051,47.810501798191915,48.29271153651943,98478800,-0.008240140520672457,48.98599834442139,47.589971694946286,48.095985412597656
1110,2019-08-12,48.095985412597656,48.47263670436005,47.776912437595854,47.889667686680966,89927600,-0.002537549201358291,48.938578033447264,47.71507049560547,50.132774353027344
1111,2019-08-13,50.132774353027344,50.893270127420344,48.09598664589979,48.22553694677137,188874000,0.04234841895756647,49.00148105621338,47.889365692138675,48.64058303833008
1112,2019-08-14,48.64058303833008,49.525830240119774,48.602197482654276,48.73894465200628,146189600,-0.029764786289094625,49.003517150878906,48.00351226806641,48.39826583862305
1113,2019-08-15,48.39826583862305,49.213938506270125,47.90166247767573,48.81090128055658,108909600,-0.0049817906071577545,48.96583366394043,48.09895065307617,49.54021072387695
1114,2019-08-16,49.54021072387695,49.69854835341414,48.90206475803103,49.00762317772249,110481600,0.02359474798253225,49.021932983398436,48.20441764831543,50.46384048461914
1115,2019-08-19,50.46384048461914,51.03480988446153,50.387069397884126,50.52861197082405,97654400,0.01864404182473578,49.06888656616211,48.30479232788086,50.46623992919922
1116,2019-08-20,50.46623992919922,51.18355469517102,50.45664537335362,50.590991119074104,107537200,4.754779971238854e-05,49.09660129547119,48.3935994720459,51.01322555541992
1117,2019-08-21,51.01322555541992,51.255527463503284,50.76372681466608,51.09719348410533,86141600,0.010838644348936777,49.15369720458985,48.48268730163574,50.97003173828125
1118,2019-08-22,50.97003173828125,51.44504087828492,50.559794076019166,51.14516072362289,89014800,-0.0008467180161298993,49.22834987640381,48.57387504577637,48.61417770385742
1119,2019-08-23,48.61417770385742,50.87167667544053,48.220735037045706,50.243125301638166,187272000,-0.04622037605392448,49.17660617828369,48.61813659667969,49.53779983520508
1120,2019-08-26,49.53779983520508,49.70573197615523,49.19473506237836,49.386659078026874,104174400,0.01899902816363741,49.14786148071289,48.68761024475098,48.978824615478516
1121,2019-08-27,48.978824615478516,50.03200352569987,48.82768385279888,49.86646910193575,103493200,-0.01128381198975481,49.10192241668701,48.740407638549804,49.30751037597656
1122,2019-08-28,49.30751037597656,49.35309276008955,48.77732413917764,48.964449124006386,63755200,0.006710772728387937,49.02151165008545,48.77798240661621,50.14236831665039
1123,2019-08-29,50.14236831665039,50.21674168290386,49.5785957240762,50.02001851007021,83962000,0.016931658773844394,49.03793201446533,48.83502662658692,50.077598571777344
1124,2019-08-30,50.077598571777344,50.48783265913524,49.708144094052756,50.418262059397264,84573600,-0.0012917169062303113,49.103812789916994,48.8831753540039,49.348289489746094
1125,2019-09-03,49.348289489746094,49.6553665497577,48.993232325479035,49.52341851756975,80092000,-0.014563579381425718,49.26085205078125,48.91998817443848,50.18555450439453
1126,2019-09-04,50.18555450439453,50.255125103836555,49.736934872570345,49.993630433984336,76752400,0.01696644449697504,49.41601829528808,48.974502410888675,51.16676712036133
1127,2019-09-05,51.16676712036133,51.33230160289125,50.74213566439076,50.859690039390394,95654800,0.0195516942207119,49.59586791992187,49.06302833557129,51.16196060180664
1128,2019-09-06,51.16196060180664,51.44025031008519,50.98203247914074,51.35148694097706,77449200,-9.393828895576384e-05,49.72301750183105,49.13123901367187,51.380279541015625
1129,2019-09-09,51.380279541015625,51.92486307314199,50.63657875407816,51.5410149078116,109237600,0.00426721213653547,49.881114387512206,49.204103012084964,51.98722839355469
1130,2019-09-10,51.98722839355469,52.00642116476611,50.790109031997794,51.30590148845998,127111600,0.011812875639466869,50.07567653656006,49.29780548095703,53.64018249511719
1131,2019-09-11,53.64018249511719,53.66897349012647,52.23434365031602,52.315913865419894,177158400,0.031795388072033415,50.25104694366455,49.407215957641604,53.52021789550781
1132,2019-09-12,53.52021789550781,54.31909918340094,53.46504096397798,53.930455617643666,128906800,-0.0022364688938240063,50.49502868652344,49.508586959838865,52.479026794433594
1133,2019-09-13,52.479026794433594,52.968429593626404,52.06399368750889,52.77890694754464,159053200,-0.019454164090045856,50.699066734313966,49.58110366821289,52.754920959472656
1134,2019-09-16,52.754920959472656,52.81010154946968,52.19354612874398,52.23432939484169,84632400,0.005257227160857525,50.85980224609375,49.65999862670898,52.94684982299805
1135,2019-09-17,52.94684982299805,52.97564081276649,52.567800793429946,52.76932307922049,73274800,0.0036381224734054474,50.9839527130127,49.762855987548825,53.443458557128906
1136,2019-09-18,53.443458557128906,53.462651332010914,52.644577148321865,53.033220772901906,101360000,0.009379382074496068,51.13281364440918,49.869813766479496,53.00923156738281
1137,2019-09-19,53.00923156738281,53.68096037256668,52.867685312832165,53.26112803900305,88242400,-0.008124979211102556,51.23261394500732,49.95857467651367,52.234336853027344
1138,2019-09-20,52.234336853027344,53.39307449871104,52.171963083144945,53.10998931926708,221652400,-0.014618108798095997,51.29582920074463,50.03891227722168,52.47184371948242
1139,2019-09-23,52.47184371948242,52.740535235702495,52.21514448401354,52.5270206571389,76662000,0.0045469490140814806,51.48871250152588,50.11659103393555,52.222328186035156
1140,2019-09-24,52.222328186035156,53.37627010251863,52.10477750756929,53.02600846924604,124763200,-0.00475522710391485,51.62293891906738,50.18014976501465,53.02601623535156
1141,2019-09-25,53.02601623535156,53.13877148349561,52.092789198613566,52.43105494304572,87613600,0.015389739929889235,51.82529850006104,50.26317581176758,52.752525329589844
1142,2019-09-26,52.752525329589844,53.00442542844722,52.498227506977486,52.77891493348246,75334000,-0.005157674009449442,51.9975492477417,50.34622909545899,52.49582290649414
1143,2019-09-27,52.49582290649414,53.009217592623266,52.12636850039442,52.90845463776227,101408000,-0.004866163685849467,52.11522197723389,50.41310684204102,53.73133087158203
1144,2019-09-30,53.73133087158203,53.8776725443419,52.968433797976715,52.99482339997101,103909600,0.023535357609091756,52.29790859222412,50.519368972778324,53.880069732666016
1145,2019-10-01,53.880069732666016,54.75092292917973,53.78650726482421,53.99522635512258,139223200,0.0027681961096306384,52.52449760437012,50.606474990844724,52.5294189453125
1146,2019-10-02,52.5294189453125,53.63777504503247,52.282314281140316,53.513023851006665,138449200,-0.02506772530278767,52.64169082641602,50.65882446289063,52.97563934326172
1147,2019-10-03,52.97563934326172,53.009225779853956,51.61058406203605,52.402264876088374,114426000,0.008494676067400952,52.73213443756104,50.72091110229492,54.46065139770508
1148,2019-10-04,54.46065139770508,54.575808049949735,53.71215146135283,54.13198381346152,138478800,0.028031979846832034,52.89706897735596,50.820584564208986,54.47263717651367
1149,2019-10-07,54.47263717651367,55.161160934101474,54.17995381280001,54.28311450360741,122306000,0.00022008144414331632,53.05168685913086,50.917056274414065,53.834495544433594
1150,2019-10-08,53.834495544433594,54.712545705751026,53.817704155676886,54.17516269518079,111820000,-0.011714902475021272,53.144050216674806,50.99149230957031,54.46543502807617
1151,2019-10-09,54.46543502807617,54.647760851343286,54.13196842959568,54.46543502807617,74770400,0.011719985062771165,53.185312843322755,51.08284889221191,55.199546813964844
1152,2019-10-10,55.199546813964844,55.28351473349061,54.53021582409262,54.68135295433329,113013600,0.01347848934852447,53.2692792892456,51.168525314331056,56.667755126953125
1153,2019-10-11,56.667755126953125,57.010816269501035,55.732126840588336,55.88566533456895,166795600,0.026598195052877527,53.47871570587158,51.30560119628906,56.5861930847168
1154,2019-10-14,56.5861930847168,57.12837882948465,56.29830882465834,56.353485756513194,96427600,-0.001439302510812479,53.670279312133786,51.46212539672852,56.454246520996094
1155,2019-10-15,56.454246520996094,57.01321997096741,56.34868810894503,56.71094205880496,87360000,-0.002331780183960408,53.84564914703369,51.66706024169922,56.226322174072266
1156,2019-10-16,56.226322174072266,56.43504122819002,55.94563481920288,55.9864180765108,73903200,-0.004037328650539296,53.98479232788086,51.84994209289551,56.44465637207031
1157,2019-10-17,56.44465637207031,56.65337184168017,56.022426324167796,56.3990739912021,67585200,0.003883131415248986,54.15656356811523,52.027439727783204,56.71574401855469
1158,2019-10-18,56.71574401855469,56.99643144981467,56.20714470406706,56.279116685052266,97433600,0.004802715862019413,54.3806339263916,52.189375228881836,57.699344635009766
1159,2019-10-21,57.699344635009766,57.81450126035305,56.93405348688718,56.98203358379018,87247200,0.01734263798308433,54.64200897216797,52.37899528503418,57.56740951538086
1160,2019-10-22,57.56740951538086,58.10479254390562,57.48583931085349,57.855293803611595,82293600,-0.002286596502325877,54.90926303863525,52.56842376708985,58.33989715576172
1161,2019-10-23,58.33989715576172,58.3542944816092,57.869687009535255,58.080803860863966,75828800,0.013418836228412667,55.17495708465576,52.73256622314453,58.43586349487305
1162,2019-10-24,58.43586349487305,58.72854690180575,58.01123205028258,58.65897263620099,69275200,0.0016449521475006001,55.45912399291992,52.92847183227539,59.15557098388672
1163,2019-10-25,59.15557098388672,59.19155514531401,58.2679262824244,58.33509915752011,73477200,0.012316194986608187,55.79211139678955,53.143617935180664,59.74813461303711
1164,2019-10-28,59.74813461303711,59.796114715182654,59.18915745445604,59.35708964228901,96572800,0.010017038451235694,56.0929515838623,53.34777641296387,58.366275787353516
1165,2019-10-29,58.366275787353516,59.9160581205968,58.19354817678271,59.72893318688571,142839600,-0.023128066418027893,56.31726188659668,53.50582511901855,58.35908508300781
1166,2019-10-30,58.35908508300781,58.84849162305364,57.867284479823844,58.71894132571627,124522000,-0.00012319964309359666,56.60874519348145,53.663682022094726,59.678550720214844
1167,2019-10-31,59.678550720214844,59.77691229315657,56.91965319473829,59.313899074252156,139162000,0.022609429797096237,56.943890762329104,53.83698852539062,61.372276306152344
1168,2019-11-01,61.372276306152344,61.39866224623704,59.774513921473265,59.865675001652114,151125200,0.028380809612452484,57.28947200775146,54.04503341674805,61.77531433105469
1169,2019-11-04,61.77531433105469,61.859282241976885,61.26671873981368,61.73452740702055,103272000,0.006567102430612426,57.654605865478516,54.30825614929199,61.68656539916992
1170,2019-11-05,61.68656539916992,61.94086325426059,61.492243591436385,61.66736896409052,79897600,-0.0014366407171828577,58.04720935821533,54.55123146057129,61.712947845458984
1171,2019-11-06,61.712947845458984,61.772923889414315,61.26432820808025,61.60019258997119,75864400,0.0004276854468772129,58.40958499908447,54.8059139251709,62.42519760131836
1172,2019-11-07,62.42519760131836,62.64657532033159,62.10757157358099,62.259166147877245,94940400,0.011541334204987042,58.77086753845215,55.06826766967774,62.596046447753906
1173,2019-11-08,62.596046447753906,62.668230843713935,61.804389970107614,62.24713806630478,69986400,0.00273685711860594,59.067282104492186,55.3173412322998,63.091732025146484
1174,2019-11-11,63.091732025146484,63.15669798131459,62.14848097555343,62.153290820844504,81821200,0.007918800076396337,59.39255905151367,55.57762390136719,63.03398132324219
1175,2019-11-12,63.03398132324219,63.23370373676255,62.78373717264483,62.93532441370302,87388800,-0.0009153450071917035,59.72154579162598,55.85133773803711,63.6379280090332
1176,2019-11-13,63.6379280090332,63.71252097695285,62.81980661221337,62.83424348708343,102734400,0.009581287316978049,60.092126083374026,56.12038520812988,63.19759750366211
1177,2019-11-14,63.19759750366211,63.73659382314395,63.06765826833198,63.46468706949581,89182800,-0.006919309272743646,60.42977313995361,56.3610018157959,63.948341369628906
1178,2019-11-15,63.948341369628906,63.95315121393565,63.28662428540103,63.44783851732507,100206400,0.011879310220982653,60.79140300750733,56.61672943115234,64.2707748413086
1179,2019-11-18,64.2707748413086,64.35017765749019,63.58018402978714,63.957958734167235,86703200,0.005042092801375242,61.119974517822264,56.874539337158204,64.07588195800781
1180,2019-11-19,64.07588195800781,64.4873476799983,63.859321438185184,64.46328376817914,76167200,-0.0030323717705597053,61.44539813995361,57.116312408447264,63.32992935180664
1181,2019-11-20,63.32992935180664,64.02532997165318,62.65858529465471,63.89539809731908,106234400,-0.01164170641755713,61.69489974975586,57.31010734558105,63.04600524902344
1182,2019-11-21,63.04600524902344,63.527254078451136,62.84628287257729,63.45025250335686,121395200,-0.00448325311095743,61.92540683746338,57.50062309265137,62.99066162109375
1183,2019-11-22,62.99066162109375,63.32753434710897,62.76447407435324,63.18556681769094,65325200,-0.0008778292567639401,62.11716136932373,57.71085578918457,64.09512329101562
1184,2019-11-25,64.09512329101562,64.1119687621998,63.16871783845167,63.214437064080556,84020400,0.01753373661266666,62.334510803222656,57.93765983581543,63.59463119506836
1185,2019-11-26,63.59463119506836,64.28522211832744,63.16391141917877,64.23228445121657,105207600,-0.007808583091023058,62.5959285736084,58.150615463256834,64.44883728027344
1186,2019-11-27,64.44883728027344,64.48252822045184,63.84005785272113,63.90502379599888,65235600,0.01343204715795765,62.90041618347168,58.37072303771973,64.30687713623047
1187,2019-11-29,64.30687713623047,64.48734545373158,63.98203269607354,64.15047272971776,46617600,-0.002202679676370556,63.13183250427246,58.59667594909668,63.5633544921875
1188,2019-12-02,63.5633544921875,64.54750759444755,63.39251319176383,64.31169299395302,94487200,-0.011562101553584392,63.24138641357422,58.82325630187988,62.429996490478516
1189,2019-12-03,62.429996490478516,62.449243209271664,61.66962259086981,62.15568118058269,114430400,-0.017830367996835128,63.27412052154541,59.0224193572998,62.98103332519531
1190,2019-12-04,62.98103332519531,63.358815426886686,62.72597202752109,62.819819076069386,67181600,0.008826475503660225,63.33884391784668,59.237593460083005,63.90501403808594
1191,2019-12-05,63.90501403808594,63.979614345193696,63.2192404894907,63.47430172259246,74424400,0.014670777281785119,63.44844722747803,59.4551734161377,65.1394271850586
1192,2019-12-06,65.1394271850586,65.20921031494399,64.31889712610206,64.36221509760516,106075600,0.019316373927043884,63.584158706665036,59.70291145324707,64.22747802734375
1193,2019-12-09,64.22747802734375,65.16109467560312,63.74382055858157,64.96859806309656,128042400,-0.013999956664095814,63.66573028564453,59.93754455566406,64.60286712646484
1194,2019-12-10,64.60286712646484,64.98545919270826,63.97242478057521,64.63174089096974,90420400,0.005844680667070223,63.741287040710446,60.15497528076172,65.15388488769531
1195,2019-12-11,65.15388488769531,65.2332950747732,64.60766998614046,64.68226298413724,78756800,0.008529308152094961,63.8472822189331,60.3804515838623,65.31990814208984
1196,2019-12-12,65.31990814208984,65.58459649359327,64.3237267833271,64.43441196912849,137310400,0.0025481712208059726,63.93138122558594,60.63626136779785,66.2077865600586
1197,2019-12-13,66.2077865600586,66.24387874288264,65.19235153806613,65.31988214622592,133587600,0.013592768930987376,64.08189067840576,60.90090431213379,67.34114837646484
1198,2019-12-16,67.34114837646484,67.56493467366947,66.64815619751495,66.65296604245897,128186000,0.017118255650763192,64.25153102874756,61.158514251708986,67.4734878540039
1199,2019-12-17,67.4734878540039,67.80073350823116,67.08607875742219,67.27136424228581,114158400,0.001965209693176373,64.41166667938232,61.41853126525879,67.31227111816406
1200,2019-12-18,67.31227111816406,67.83202073279126,67.16308515663923,67.32670799551974,116028400,-0.00238933455150081,64.57348613739013,61.6880867767334,67.3796615600586
1201,2019-12-19,67.3796615600586,67.65878682692495,67.12219895761189,67.25453947902584,98369200,0.0010011613153897425,64.77597274780274,61.94637130737305,67.2400894165039
1202,2019-12-20,67.2400894165039,68.01249175897426,67.02833874913236,67.91143361344899,275978000,-0.0020714283854079696,64.98567695617676,62.18718215942383,68.33733367919922
1203,2019-12-23,68.33733367919922,68.39748978279006,67.46386588013625,67.50236666762733,98572000,0.01631830463369366,65.25301055908203,62.42057373046875,68.40231323242188
1204,2019-12-24,68.40231323242188,68.55150656735154,68.0774760830421,68.5033787375967,48478800,0.0009508646258822306,65.46837005615234,62.656896133422855,69.7594223022461
1205,2019-12-26,69.7594223022461,69.77626777302233,68.50577120530262,68.53464495904811,93121200,0.019840104898396493,65.77660961151123,62.92299964904785,69.73294830322266
1206,2019-12-27,69.73294830322266,70.73635528399755,69.32870107290967,70.05057427415741,146266000,-0.00037950427554767074,66.04081516265869,63.19313217163086,70.14682006835938
1207,2019-12-30,70.14682006835938,70.4283538378636,68.6308893370176,69.6511344086115,144114400,0.005935096324008349,66.33281230926514,63.46717544555664,70.65934753417969
1208,2019-12-31,70.65934753417969,70.66656597182994,69.66556767244613,69.76422454918179,100805600,0.007306496079520608,66.68761196136475,63.746047515869144,72.27154541015625
1209,2020-01-02,72.27154541015625,72.33170151465225,71.02992253216576,71.28257523373918,135480400,0.022816484049710484,67.17968940734863,64.03749153137207,71.56892395019531
1210,2020-01-03,71.56892395019531,72.32688945190185,71.34514498799838,71.5015494021164,146322800,-0.009721965345744432,67.60908393859863,64.31752182006836,72.13920593261719
1211,2020-01-06,72.13920593261719,72.17770672514841,70.44280652658847,70.69305800640377,118387200,0.007968290578446169,68.02079353332519,64.59350799560546,71.7999267578125
1212,2020-01-07,71.7999267578125,72.40388908002937,71.5809576466451,72.14882777323544,108872000,-0.004703117679470958,68.35381851196288,64.86078926086425,72.95491027832031
1213,2020-01-08,72.95491027832031,73.25569076947626,71.50394548271495,71.50394548271495,132079200,0.01608613786478741,68.79019012451172,65.13677604675293,74.50453186035156
1214,2020-01-09,74.50453186035156,74.6970284371342,73.6791919560673,73.92943603722999,170108400,0.021240812662499442,69.28527336120605,65.43190399169922,74.67298126220703
1215,2020-01-10,74.67298126220703,75.23604892918155,74.17248564445511,74.73795456246773,140644800,0.0022609282636820716,69.76122817993163,65.75803810119629,76.268310546875
1216,2020-01-13,76.268310546875,76.29478305034202,74.87028331939693,74.98819427311953,121532000,0.021364210423929997,70.3086483001709,66.11622261047363,75.23844146728516
1217,2020-01-14,75.23844146728516,76.4150983993522,75.11572800719021,76.2057563300334,161954400,-0.013503237087661435,70.76018104553222,66.42742042541504,74.9159927368164
1218,2020-01-15,74.9159927368164,75.91699102743593,74.48527304539368,75.03871351906952,121923600,-0.0042856912527747815,71.1389232635498,66.69829475402832,75.85442352294922
1219,2020-01-16,75.85442352294922,75.9651160195382,75.09645823135983,75.45739478385697,108829200,0.012526441309128389,71.55797004699707,66.97987693786621,76.69422912597656
1220,2020-01-17,76.69422912597656,76.69663037690943,75.79669733616299,76.10228772628851,137816400,0.011071280540063233,72.02706794738769,67.28003021240234,76.17446899414062
1221,2020-01-21,76.17446899414062,76.76399437532534,76.0373113220916,76.32365494902595,110843200,-0.0067770435632410475,72.4668083190918,67.56926063537598,76.4463882446289
1222,2020-01-22,76.4463882446289,76.99741293025565,76.35254118737379,76.65813158547017,101832400,0.003569690134751058,72.92712326049805,67.84968444824219,76.81452941894531
1223,2020-01-23,76.81452941894531,76.89393223945343,75.95308995960856,76.499312044199,104472000,0.004815677794199447,73.35098304748536,68.13405410766602,76.59314727783203
1224,2020-01-24,76.59314727783203,77.80107904499712,76.40305195787334,77.05995917143782,146537600,-0.0028820347242625166,73.76052474975586,68.40408241271973,74.34090423583984
1225,2020-01-27,74.34090423583984,75.01945939831474,73.3615612587431,74.60799376962629,161940000,-0.02940528130829323,73.98959884643554,68.63022087097168,76.44396209716797
1226,2020-01-28,76.44396209716797,76.6148033558296,75.12052796860432,75.2191848484719,162234000,0.0282893769311221,74.32514953613281,68.88634155273438,78.04413604736328
1227,2020-01-29,78.04413604736328,78.8887302471814,77.33188970578509,78.07060855632155,216229200,0.020932640149673665,74.720015335083,69.18327232360839,77.9310302734375
1228,2020-01-30,77.9310302734375,77.9839679399373,76.69903440937786,77.12975418029563,126743200,-0.0014492539690251771,75.0835994720459,69.46292610168457,74.47564697265625
1229,2020-01-31,74.47564697265625,77.64466563733676,74.18208496382785,77.2235730132215,199588400,-0.04433899165271271,75.1938045501709,69.66702354431152,74.27112579345703
1230,2020-02-03,74.27112579345703,75.43333837699004,72.72150411989722,73.22199962473935,173788400,-0.0027461484057239582,75.32891464233398,69.87092842102051,76.72309875488281
1231,2020-02-04,76.72309875488281,76.91319410520111,75.46703897288427,75.87128624120515,136616400,0.03301381169641293,75.55810928344727,70.13879180908204,77.34872436523438
1232,2020-02-05,77.34872436523438,78.14519062464261,76.74716330264357,77.84681134417079,118826800,0.008154331883157173,75.83554916381836,70.42484619140625,78.25346374511719
1233,2020-02-06,78.25346374511719,78.2558723391088,77.06237729988993,77.61821910965085,105425600,0.011696888181512932,76.1004768371582,70.73010223388673,77.18978881835938
1234,2020-02-07,77.18978881835938,78.00261640454451,76.70016229061778,77.75418535570422,117684000,-0.013592688116942031,76.2347396850586,70.99199554443359,77.556396484375
1235,2020-02-10,77.556396484375,77.556396484375,75.69919587638071,75.77878713871854,109348800,0.004749432167489243,76.378910446167,71.27123085021972,77.0884780883789
1236,2020-02-11,77.0884780883789,78.12320868151228,76.87140364468625,78.05085298718184,94323200,-0.00603326633529655,76.41991882324218,71.52402366638184,78.9191665649414
1237,2020-02-12,78.9191665649414,78.9239878248454,77.53711376977571,77.53711376977571,113730400,0.02374788712865339,76.603955078125,71.81626945495606,78.357177734375
1238,2020-02-13,78.357177734375,78.68279311833038,77.99056323907321,78.1931665675849,94747600,-0.00712106900044307,76.77601432800293,72.1121459197998,78.3764877319336
1239,2020-02-14,78.3764877319336,78.62491882489209,77.86997566415033,78.32583137266305,80113600,0.00024643559297210516,76.90211753845215,72.43107574462891,76.94133758544922
1240,2020-02-18,76.94133758544922,77.1222341471705,75.88248617770472,76.06338273942599,152531200,-0.018310978049857707,76.91447296142579,72.71028182983399,78.0556869506836
1241,2020-02-19,78.0556869506836,78.28482562119284,77.18256041371585,77.18256041371585,93984000,0.014483103624196803,77.00853385925294,72.99329528808593,77.2549057006836
1242,2020-02-20,77.2549057006836,78.30410746194534,76.75080805425196,77.81689526489554,100566000,-0.010259101947381999,77.04895973205566,73.23560485839843,75.5062484741211
1243,2020-02-21,75.5062484741211,77.29110106607291,74.891202892234,76.84970917824121,129554000,-0.02263490209071639,76.98354568481446,73.46118026733399,71.919677734375
1244,2020-02-24,71.919677734375,73.3668508412422,69.76098226638659,71.69778197998241,222195200,-0.04750031702310509,76.7498722076416,73.60751647949219,69.48359680175781
1245,2020-02-25,69.48359680175781,72.96887474112613,69.0132699904686,72.58778908763885,230673600,-0.03387224483422324,76.5070068359375,73.69411071777344,70.58586120605469
1246,2020-02-26,70.58586120605469,71.84731631381621,69.10251036153399,69.10974593206521,198054800,0.015863663584395615,76.21410179138184,73.79942977905273,65.9717788696289
1247,2020-02-27,65.9717788696289,68.98190082835502,65.8367100023176,67.80004455903044,320605600,-0.06536836496131038,75.61048393249511,73.79470962524414,65.93318939208984
1248,2020-02-28,65.93318939208984,67.15123091808199,61.835280759075644,62.0499482580576,426510000,-0.0005849391694487949,75.01059188842774,73.76655044555665,72.07161712646484
1249,2020-03-02,72.07161712646484,72.7059623843327,66.98480559511727,68.08465633915449,341397200,0.09310072500620525,74.89039039611816,73.85851303100586,69.78266143798828
1250,2020-03-03,69.78266143798828,73.3234084754312,68.93364883952992,73.24381722467581,319475600,-0.0317594606550885,74.66596717834473,73.90792083740234,73.01953125
1251,2020-03-04,73.01953125,73.17872118058433,70.70164577624014,71.50000237914564,219178400,0.046385015207368374,74.48078880310058,74.02071823120117,70.65098571777344
1252,2020-03-05,70.65098571777344,72.25010562325896,70.28677817477744,71.27808809920204,187572800,-0.03243715060450436,74.14590187072754,74.08893615722656,69.71273040771484
1253,2020-03-06,69.71273040771484,70.14447238483373,67.83140857783133,68.01712645055636,226176800,-0.01328014465087013,73.71886520385742,74.11644409179688,64.19900512695312
1254,2020-03-09,64.19900512695312,67.07405117029745,63.43441220501271,63.61530881776465,286744800,-0.07909208617299457,73.0693260192871,74.0323779296875,68.82272338867188
1255,2020-03-10,68.82272338867188,69.08803991197644,64.9708309423438,66.8449246964159,285290000,0.07202164975259939,72.63264236450195,74.01364395141601,66.43247985839844
1256,2020-03-11,66.43247985839844,67.82900397076429,65.57141009124467,66.90522837411211,255598800,-0.034730440944260366,72.09984245300294,73.94763458251953,59.871952056884766
1257,2020-03-12,59.871952056884766,65.12277860691059,59.81647812782899,61.73157079868094,418474000,-0.09875482317531292,71.1474817276001,73.74213722229004,67.04512023925781
1258,2020-03-13,67.04512023925781,67.51545445631106,61.01040718580854,63.89028601752773,370732000,0.11980849021855455,70.58187885284424,73.6698526763916,58.41996383666992
1259,2020-03-16,58.41996383666992,62.488927074911565,57.88692016083435,58.35725065107087,322423600,-0.1286470420488185,69.58405265808105,73.39282104492187,60.988685607910156
1260,2020-03-17,60.988685607910156,62.1343603897057,57.50099755431687,59.69828839419459,324056000,0.043969930868527074,68.7864200592041,73.18121627807618,59.49568557739258
1261,2020-03-18,59.49568557739258,60.29886692649559,57.19226812473029,57.831438322361606,300233600,-0.024479950922633775,67.85841999053955,72.92834587097168,59.039833068847656
1262,2020-03-19,59.039833068847656,60.98386817289122,58.51643928547833,59.669353459047855,271857200,-0.007661942275662081,66.94766635894776,72.67314399719238,55.291648864746094
1263,2020-03-20,55.291648864746094,60.740253451382245,54.99256516785433,59.61869234830113,401693200,-0.06348568431300816,65.936936378479,72.3198787689209,54.11702346801758
1264,2020-03-23,54.11702346801758,55.11316188237845,51.28056622079162,55.01186023215794,336752800,-0.021244173773907082,65.04680366516114,71.91212860107422,59.546348571777344
1265,2020-03-24,59.546348571777344,59.741716345644676,56.51210862018161,57.00897078096802,287531200,0.10032564165263858,64.54994125366211,71.60959594726563,59.218318939208984
1266,2020-03-25,59.218318939208984,62.28873655883238,58.924060140998606,60.47977034705603,303602000,-0.005508811882444009,63.981564140319826,71.2685961151123,62.334556579589844
1267,2020-03-26,62.334556579589844,62.392441135780366,59.420914919993635,59.459507077687796,252087200,0.05262286563014151,63.79970302581787,71.0105184173584,59.7537727355957
1268,2020-03-27,59.7537727355957,61.71468959022156,59.58734725663957,60.962160830090674,204216800,-0.04140213688211536,63.490732192993164,70.70727401733399,61.45902633666992
1269,2020-03-30,61.45902633666992,61.630276765400616,60.154157765040964,60.4773625403671,167976400,0.028538007275620725,62.96010265350342,70.4193660736084,61.33360290527344
1270,2020-03-31,61.33360290527344,63.3114052959559,60.78126682215682,61.64957210604245,197002000,-0.0020407650246428988,62.53764972686768,70.11215354919433,58.10640335083008
1271,2020-04-01,58.10640335083008,59.990139440698485,57.6770756954336,59.45468518637688,176218400,-0.05261715277720769,61.79199333190918,69.75079223632812,59.07600784301758
1272,2020-04-02,59.07600784301758,59.129071143668284,57.13920841031964,57.968921460111474,165934000,0.01668670639160541,61.21324443817139,69.4033846282959,58.226993560791016
1273,2020-04-03,58.226993560791016,59.26172040581901,57.638476083102184,58.56225508385467,129880000,-0.014371558154075759,60.6389575958252,69.03163391113281,63.30656814575195
1274,2020-04-06,63.30656814575195,63.46092940152983,60.14932068380105,60.51593510688668,201820400,0.08723745249971881,60.59433574676514,68.76590232849121,62.5733528137207
1275,2020-04-07,62.5733528137207,65.53282659406987,62.46964050531926,65.31574473463938,202887200,-0.011581978829481865,60.28186721801758,68.53055130004883,64.17489624023438
1276,2020-04-08,64.17489624023438,64.4884474840079,63.007510761837494,63.3717110057614,168895200,0.025594655783931275,60.16898803710937,68.28516998291016,64.63796997070312
1277,2020-04-09,64.63796997070312,65.13966065726305,63.84444219472263,64.80922404965942,161834800,0.007215808012143388,60.40728893280029,68.01704666137695,65.90668487548828
1278,2020-04-13,65.90668487548828,66.01522581864997,64.1170106330232,64.71517825448223,131022800,0.019628012843847076,60.35036716461182,67.77655975341797,69.23516082763672
1279,2020-04-14,69.23516082763672,69.5245983530926,67.06440146882377,67.53473560751405,194994800,0.05050285807026467,60.891127014160155,67.67175003051757,68.60323333740234
1280,2020-04-15,68.60323333740234,69.06150330884216,67.6866933945227,68.11360677368938,131154400,-0.009127262545220005,61.271854400634766,67.55839218139648,69.14833068847656
1281,2020-04-16,69.14833068847656,69.51253820784274,68.10154321976958,69.31475615357093,157125200,0.007945651021918021,61.754486656188966,67.40689682006835,68.21007537841797
1282,2020-04-17,68.21007537841797,69.21104245877268,66.7773737102237,68.66593834588957,215250000,-0.013568734063669208,62.21299877166748,67.22412384033203,66.79426574707031
1283,2020-04-20,66.79426574707031,67.93994433259655,66.77497334644413,67.04028985944329,130015200,-0.02075660558199044,62.78812961578369,66.99493988037109,64.72962188720703
1284,2020-04-21,64.72962188720703,66.87143866583018,64.02050667372501,66.6374787843657,180991600,-0.03091049563568027,63.318759536743165,66.74573654174804,66.59407043457031
1285,2020-04-22,66.59407043457031,67.02821933430408,65.65340957801277,65.99348871174,116862400,0.028803637237555968,63.671145629882815,66.52649002075195,66.33599090576172
1286,2020-04-23,66.33599090576172,67.95682478512697,66.29739874664567,66.53859422059466,124814400,-0.003875413037894404,64.02702922821045,66.3114402770996,68.2510757446289
1287,2020-04-24,68.2510757446289,68.26072562347866,66.81113863556433,66.85938066911224,126161200,0.028869469087871025,64.3228551864624,66.09807846069336,68.29933166503906
1288,2020-04-27,68.29933166503906,68.62976831599522,67.5226818754922,67.96888765338052,117087600,0.0007070353087283987,64.75013313293456,65.89692153930665,67.19223022460938
1289,2020-04-28,67.19223022460938,68.94089736729391,67.1005821297752,68.76000076632654,112004800,-0.0162095501294105,65.03679332733154,65.67323638916015,69.39917755126953
1290,2020-04-29,69.39917755126953,69.86709736755677,68.47298779881385,68.67559111709774,137280800,0.03284527570052065,65.44007205963135,65.52239318847656,70.86322021484375
1291,2020-04-30,70.86322021484375,71.0392955430697,69.5487094297081,69.93703057079283,183064000,0.021095965618506574,66.07791290283203,65.37854385375977,69.72237396240234
1292,2020-05-01,69.72237396240234,72.11744313333922,68.94572428038448,69.04220099303798,240616800,-0.016099271935181347,66.61023120880127,65.22789321899414,70.7088623046875
1293,2020-05-04,70.7088623046875,70.8366956047244,69.05908623299008,69.746494769706,133568000,0.014148805988980273,67.2343246459961,65.13194549560546,71.7701187133789
1294,2020-05-05,71.7701187133789,72.59983166411055,71.02241133373455,71.16713007829493,147751200,0.015008817482006886,67.65750217437744,65.12895431518555,72.51058959960938
1295,2020-05-06,72.51058959960938,73.14010619347668,72.08608325049667,72.46958313423785,142333600,0.010317258763185455,68.15436401367188,65.18949417114258,73.2607192993164
1296,2020-05-07,73.2607192993164,73.6056344607325,72.83380591134457,73.13530028833947,115215200,0.01034510550595602,68.60865516662598,65.24299133300781,75.00444793701172
1297,2020-05-08,75.00444793701172,75.05765488198482,73.59205412028582,73.91855094713767,133838400,0.023801686010904044,69.12697906494141,65.42364471435548,76.18464660644531
1298,2020-05-11,76.18464660644531,76.6780118973252,74.30548031406657,74.51347372073693,145946400,0.015735049079018903,69.64087715148926,65.62867385864257,75.31402587890625
1299,2020-05-12,75.31402587890625,77.31653072784458,75.19310165522488,76.86668877782286,162301200,-0.011427771425343902,69.94482040405273,65.69352203369141,74.4046630859375
1300,2020-05-13,74.4046630859375,76.41200935037834,73.33085553739997,75.49298094886383,200622400,-0.012074282079022947,70.23489189147949,65.78596206665038,74.86175537109375
1301,2020-05-14,74.86175537109375,74.92221747074527,72.92454733645849,73.6452582213304,158929200,0.006143328471608145,70.52056312561035,65.82280654907227,74.41917419433594
1302,2020-05-15,74.41917419433594,74.46512598393333,72.60531107010586,72.63917339112623,166348400,-0.00591197968260182,70.83101806640624,65.89817031860352,76.17257690429688
1303,2020-05-18,76.17257690429688,76.54502554064396,75.05040406447124,75.73967354309555,135178400,0.023561168595907178,71.29993362426758,66.02736724853516,75.73241424560547
1304,2020-05-19,75.73241424560547,77.03355248472863,75.70097277157296,76.18950390013767,101729600,-0.005778492425750903,71.8500732421875,66.25803543090821,77.20526123046875
1305,2020-05-20,77.20526123046875,77.27539194682277,76.5498468046985,76.58854343128702,111504800,0.019448039515639115,72.38063278198243,66.42568618774413,76.62965393066406
1306,2020-05-21,76.62965393066406,77.60672336639306,76.39263988211127,77.0673988694635,102688800,-0.007455545006012199,72.89531593322754,66.62962966918946,77.12303924560547
1307,2020-05-22,77.12303924560547,77.20526681531915,76.26689384939174,76.3684660434856,81803200,0.006438569008648143,73.33891410827637,66.97465141296387,76.60066223144531
1308,2020-05-26,76.60066223144531,78.41693907225796,76.54503443091458,78.23797358104541,125522000,-0.006773293937452296,73.75398063659668,67.16576225280761,76.93437957763672
1309,2020-05-27,76.93437957763672,77.07949007225308,75.72030344662004,76.45794538565892,112945200,0.004356585654352374,74.24108810424805,67.53605056762696,76.96826934814453
1310,2020-05-28,76.96826934814453,78.22346339630693,76.33462758892847,76.61033098448729,133560800,0.00044050229161340937,74.61954269409179,67.85564224243164,76.89328002929688
1311,2020-05-29,76.89328002929688,77.66961131806718,76.53776259003484,77.21010083931498,153532400,-0.0009742887488929375,74.92104568481446,68.20359413146973,77.83890533447266
1312,2020-06-01,77.83890533447266,77.95982952875313,76.71672526884876,76.84732546524727,80791200,0.012297892674307809,75.32687225341797,68.57957557678223,78.19925689697266
1313,2020-06-02,78.19925689697266,78.22344321190015,77.13270462012565,77.57287045767401,87642800,0.004629453111545834,75.70139198303222,69.03772773742676,78.62974548339844
1314,2020-06-03,78.62974548339844,78.89094587146293,77.94773126866299,78.51849729325161,104491200,0.005505021447875791,76.0443733215332,69.52798217773437,77.95257568359375
1315,2020-06-04,77.95257568359375,78.75067242701921,77.58012709236915,78.45320362768672,87560400,-0.008612132668643357,76.31647262573242,69.8961067199707,80.17274475097656
1316,2020-06-05,80.17274475097656,80.23320685109042,78.172661136236,78.20168176339025,137250400,0.028481022569342596,76.66207389831543,70.31519523620605,80.6467514038086
1317,2020-06-08,80.6467514038086,80.68061371663406,79.1618063233987,79.87042024109125,95654400,0.005912316639580473,76.94418907165527,70.68143913269043,83.19343566894531
1318,2020-06-09,83.19343566894531,83.5852289286094,80.2960963197302,80.3275377952439,147712400,0.03157826224623905,77.29462852478028,71.15023239135742,85.33377838134766
1319,2020-06-10,85.33377838134766,85.80054396626458,83.70130187626772,84.13904683755014,166651600,0.025727302823740583,77.79561614990234,71.62772743225098,81.23686218261719
1320,2020-06-11,81.23686218261719,84.9032841848941,81.13529000514959,84.48004955731804,201662400,-0.048010486309674305,78.13722610473633,72.02579261779785,81.938232421875
1321,2020-06-12,81.938232421875,84.11486795424553,80.83057003176687,83.36997815286581,200146000,0.00863364512628717,78.4910499572754,72.50242919921875,82.95156860351562
1322,2020-06-15,82.95156860351562,83.60214129780755,80.4339262304824,80.59596788300412,138808800,0.012367073973762022,78.91766967773438,72.97994041442871,85.14996337890625
1323,2020-06-16,85.14996337890625,85.42083972922715,83.36996307483841,85.00001858358407,165428800,0.02650214833065201,79.36653900146484,73.51839981079101,85.031494140625
1324,2020-06-17,85.031494140625,85.95293612832027,84.91056991777126,85.8924740168934,114406400,-0.0013913011066614134,79.83149299621581,73.95289833068847,85.06536102294922
1325,2020-06-18,85.06536102294922,85.48134066707664,84.45831902990098,84.9879677448257,96820400,0.00039828633692140514,80.22449798583985,74.40273849487305,84.57923126220703
1326,2020-06-19,84.57923126220703,86.23347359915019,83.47398219153365,85.76912875753186,264476000,-0.005714779257928959,80.62197685241699,74.8108251953125,86.79214477539062
1327,2020-06-22,86.79214477539062,86.93483446322153,84.92507460309979,84.97102639518768,135445200,0.0261637931695462,81.10543212890624,75.25390869140625,88.64468383789062
1328,2020-06-23,88.64468383789062,90.05949829570565,87.61440740737248,88.03280774958151,212155600,0.021344547565844696,81.70763320922852,75.70866867065429,87.07994079589844
1329,2020-06-24,87.07994079589844,89.19128014209528,86.70749216559717,88.27467257128609,192623200,-0.017651854282132895,82.2149112701416,76.06556427001954,88.23597717285156
1330,2020-06-25,88.23597717285156,88.27467380594872,86.47774180640029,87.23472854623947,137522400,0.013275576055600258,82.77829666137696,76.45821914672851,85.52484130859375
1331,2020-06-26,85.52484130859375,88.35204937887517,85.37730996316603,88.13196647381191,205256800,-0.03072596860288379,83.20987472534179,76.78574935913086,87.49593353271484
1332,2020-06-29,87.49593353271484,87.59025797262754,84.95652476165682,85.43296651202334,130646000,0.0230470141068011,83.6927261352539,77.1714665222168,88.22630310058594
1333,2020-06-30,88.22630310058594,88.51168985334573,87.06543360477359,87.08477823143156,140223200,0.008347468715194761,84.19407844543457,77.60010726928711,88.05940246582031
1334,2020-07-01,88.05940246582031,88.84540963268662,88.01103722238888,88.30367167024684,110737200,-0.0018917332915484586,84.66556129455566,78.06670288085938,88.05940246582031
1335,2020-07-02,88.05940246582031,89.59756186721356,87.94574082247463,88.96392034743998,114041600,0.0,85.170902633667,78.49600952148438,90.4150390625
1336,2020-07-06,90.4150390625,90.88180477153354,89.45247963245309,89.48392110995985,118655600,0.026750540325253924,85.68301734924316,78.97759048461914,90.13449096679688
1337,2020-07-07,90.13449096679688,91.56865036942912,90.0232427568075,90.79231898432114,112424400,-0.003102891937138863,86.15740432739258,79.4152587890625,92.23373413085938
1338,2020-07-08,92.23373413085938,92.26517560751083,91.02207114050358,91.10914041281748,117092000,0.023290120591414887,86.60941925048829,79.89394683837891,92.63033294677734
1339,2020-07-09,92.63033294677734,93.17690516385201,91.58554637052109,93.1236982350438,125642800,0.004299932336635948,86.97424697875977,80.40270889282226,92.79240417480469
1340,2020-07-10,92.79240417480469,92.85045281703451,91.61702434360537,92.22647973230556,90257200,0.0017496561101693064,87.55202407836914,80.87057342529297,92.36431884765625
1341,2020-07-13,92.36431884765625,96.69582436714335,92.15149108508342,94.09353334761987,191649200,-0.004613366050328804,88.07332839965821,81.30059539794922,93.89278411865234
1342,2020-07-14,93.89278411865234,94.08383899406351,90.81647292475412,91.74758313345265,170989200,0.016548222192999784,88.62038917541504,81.78400360107422,94.53853607177734
1343,2020-07-15,94.53853607177734,96.01139191075474,93.34380441075506,95.7622883592816,153198000,0.0068775461201466825,89.08981781005859,82.26059707641602,93.37525177001953
1344,2020-07-16,93.37525177001953,94.22897636244912,92.77788590184623,93.41394840131093,110577600,-0.012304868999395091,89.50700569152832,82.69269973754882,93.18659210205078
1345,2020-07-17,93.18659210205078,93.97985443699729,92.71498484222874,93.82507532269437,92186800,-0.002020446150264865,89.9130672454834,83.10621978759765,95.1504135131836
1346,2020-07-20,95.1504135131836,95.28826887148021,92.9302469895083,93.27367496235873,90318000,0.021074076933537578,90.44162635803222,83.544013671875,93.83718872070312
1347,2020-07-21,93.83718872070312,96.01382454154418,93.58808513865422,95.93885212038768,103433200,-0.013801566845513702,90.79387855529785,83.92066848754882,94.10079193115234
1348,2020-07-22,94.10079193115234,94.78038533647508,93.45263999834938,93.53970187859424,89001600,0.002809155027372112,91.06668395996094,84.27899139404298,89.81763458251953
1349,2020-07-23,89.81763458251953,93.91212506570501,89.00986204054254,93.83473182823258,197004400,-0.04551669822042015,91.203568649292,84.56906356811524,89.59515380859375
1350,2020-07-24,89.59515380859375,89.93858177491317,86.23829692519554,88.0207257853986,185438800,-0.002477027756964345,91.2715274810791,84.87287338256836,91.71859741210938
1351,2020-07-27,91.71859741210938,91.81050099759301,90.43196935722393,90.65446578253629,121214000,0.023700429244778443,91.58121528625489,85.21001022338868,90.21186065673828
1352,2020-07-28,90.21186065673828,91.46705425689517,90.20701896585531,91.29050229407278,103625600,-0.01642782159654088,91.71701164245606,85.52586395263671,91.94109344482422
1353,2020-07-29,91.94109344482422,92.12490060025137,90.6568789640174,90.69315474979174,90329200,0.01916857468072597,91.90275115966797,85.84123428344726,93.05360412597656
1354,2020-07-30,93.05360412597656,93.15759717934402,90.71009225292192,91.11639584326105,158130000,0.012100255059724674,92.15246124267578,86.18765808105469,102.79524230957031
1355,2020-07-31,102.79524230957031,102.94518713128302,97.53745326363413,99.5302890268665,374336800,0.10468845645575908,92.88925323486328,86.69945770263672,105.38545227050781
1356,2020-08-03,105.38545227050781,107.99741233494379,104.37452761502963,104.67199645721692,308151200,0.025197761129226448,93.63777389526368,87.2745736694336,106.08922576904297
1357,2020-08-04,106.08922576904297,107.17754362792036,104.85337654025795,105.57408746827389,173071600,0.006678089654430508,94.43551063537598,87.85389739990234,106.47377014160156
1358,2020-08-05,106.47377014160156,106.79301183705664,105.34675558446708,105.81110781245884,121776800,0.0036247259773178886,95.14751243591309,88.45135955810547,110.18854522705078
1359,2020-08-06,110.18854522705078,110.68191802624929,106.21739865938491,106.80508849601155,202428800,0.034889110064468154,96.02542304992676,89.11644287109375,107.68333435058594
1360,2020-08-07,107.68333435058594,110.16675013813993,106.88864159432606,109.71125415700284,198045600,-0.022735674305370823,96.76996955871581,89.73074417114258,109.24848175048828
1361,2020-08-10,109.24848175048828,110.26365418298434,106.60515752548201,109.12491431547922,212403600,0.01453472266011624,97.61417770385742,90.37784820556641,105.99943542480469
1362,2020-08-11,105.99943542480469,109.01102903844416,105.74018931676449,108.51434892717005,187902400,-0.029739967765447406,98.21951026916504,90.94105880737305,109.52226257324219
1363,2020-08-12,109.52226257324219,109.77908349339258,106.89347486656195,107.08729946496186,165598000,0.033234395393894056,98.96869659423828,91.56751892089844,111.46053314208984
1364,2020-08-13,111.46053314208984,112.46116903802795,110.41143740175444,110.89843148039117,210082000,0.017697502985308144,99.87296066284179,92.22413467407226,111.36119842529297
1365,2020-08-14,111.36119842529297,111.45084248513194,109.55617638834046,111.28609084035034,165565200,-0.0008912097762016069,100.78169097900391,92.89230712890625,111.0704574584961
1366,2020-08-17,111.0704574584961,112.50478464058327,110.4453668374708,112.48055471705385,119561600,-0.002610792366714021,101.57769317626953,93.51026138305664,111.99600219726562
1367,2020-08-18,111.99600219726562,112.42000004225257,110.48899241818317,110.82334618754544,105633600,0.008332951533177813,102.48563385009766,94.13724639892578,112.13651275634766
1368,2020-08-19,112.13651275634766,113.54661008039473,112.04202566230961,112.40302713967982,145538000,0.0012546033458813444,103.38741989135742,94.71610794067382,114.62476348876953
1369,2020-08-20,114.62476348876953,114.73863746481582,112.16072762152713,112.17768930590152,126907200,0.022189478442480093,104.62777633666992,95.30192764282226,120.53165435791016
1370,2020-08-21,120.53165435791016,121.01379798138913,115.569666838942,115.5817781022112,338054800,0.051532414893221246,106.17460136413574,96.08782348632812,121.9732666015625
1371,2020-08-24,121.9732666015625,124.81042301409434,120.11252368244841,124.72561457851019,345937600,0.011960445173776257,107.6873348236084,96.88852416992188,120.97262573242188
1372,2020-08-25,120.97262573242188,121.31667291273054,119.25482982936344,120.84906568793242,211495600,-0.008203771998739007,109.22537307739258,97.6489453125,122.61774444580078
1373,2020-08-26,122.61774444580078,123.07324042466944,121.22218355631982,122.285815910586,163022400,0.01359909899796441,110.7592056274414,98.39830093383789,121.15191650390625
1374,2020-08-27,121.15191650390625,123.5505310416234,120.01075143908814,123.21860253348014,155552400,-0.011954452012795325,112.16412124633788,99.12070938110351,120.95565795898438
1375,2020-08-28,120.95565795898438,122.54019279849011,120.73275303132817,122.12346328551597,187630000,-0.0016199376005376909,113.0721420288086,99.83851531982423,125.05752563476562
1376,2020-08-31,125.05752563476562,126.95704208405934,122.11135345489677,123.64259283625631,225702700,0.03391216041478762,114.05574569702148,100.6480812072754,130.03892517089844
1377,2020-09-01,130.03892517089844,130.6398007655306,126.50157751038662,128.66275103381622,151948100,0.03983286500231209,115.25323066711425,101.51301681518555,127.3447265625
1378,2020-09-02,127.3447265625,133.72165634087213,123.0805253018372,133.343693114531,200119000,-0.020718401085349614,116.29677848815918,102.28701766967774,117.14938354492188
1379,2020-09-03,117.14938354492188,124.86372013453284,116.78111381462604,122.99329113592864,257599600,-0.08006097537595569,116.64482040405274,102.88840652465821,117.22692108154297
1380,2020-09-04,117.22692108154297,119.88235689314044,107.46770259236347,116.36438893039704,332607200,0.0006618689255959431,117.12199974060059,103.46822540283203,109.3381118774414
1381,2020-09-08,109.3381118774414,115.3176895401304,109.20243319485355,110.43323478516716,231366600,-0.06729520089173124,117.12648124694825,103.94449081420899,113.6992416381836
1382,2020-09-09,113.6992416381836,115.4630720645518,111.70282021985868,113.641095738678,176940500,0.03988663866475606,117.51147155761718,104.46855697631835,109.98744201660156
1383,2020-09-10,109.98744201660156,116.78109976625105,109.02799770708086,116.64542107173031,182274400,-0.032645772901404246,117.53473052978515,104.90377975463868,108.54344177246094
1384,2020-09-11,108.54344177246094,111.67376035548035,106.60516602652415,111.03412581023233,180860300,-0.013128773773306457,117.38887596130371,105.31346054077149,111.79975128173828
1385,2020-09-14,111.79975128173828,112.35215960156188,109.3187605672934,111.17950360312706,140150100,0.03000005763686331,117.41080360412597,105.78826751708985,111.97418975830078
1386,2020-09-15,111.97418975830078,115.16265421996873,110.10375338394648,114.67808528768974,184642000,0.0015602760700506035,117.45599021911622,106.21945053100586,108.66942596435547
1387,2020-09-16,108.66942596435547,112.41999215763813,108.5822071057358,111.6737592561301,154679000,-0.029513620961033382,117.2896614074707,106.59014923095702,106.93466186523438
1388,2020-09-17,106.93466186523438,108.73725877422822,105.35496990474392,106.33380115819288,178011000,-0.01596368144697946,117.02956886291504,106.88416778564454,103.54266357421875
1389,2020-09-18,103.54266357421875,107.45798059007706,102.81581033252574,106.99279865599632,287104900,-0.03172028818205297,116.4754638671875,107.10241439819336,106.68270111083984
1390,2020-09-21,106.68270111083984,106.78930687065947,99.91811535962182,101.31367629258035,195713800,0.030326026279692275,115.78301620483398,107.38022033691406,108.35930633544922
1391,2020-09-22,108.35930633544922,109.37690408898602,105.791096813168,109.20245897106359,183055400,0.015715811534125157,115.10231819152833,107.70012008666993,103.81401824951172
1392,2020-09-23,103.81401824951172,108.65001261108696,103.47481418784108,108.17513727625399,150718700,-0.041946448714488827,114.24438781738282,107.89854476928711,104.88009643554688
1393,2020-09-24,104.88009643554688,106.8474450340975,101.75947146104525,101.92422311648544,167743300,0.01026911590564672,113.35750541687011,108.1053759765625,108.81478118896484
1394,2020-09-25,108.81478118896484,108.96984677207095,104.34705574231214,105.08360247419822,149981400,0.037516029133668694,112.74064865112305,108.41416656494141,111.4120864868164
1395,2020-09-28,111.4120864868164,111.76097670476364,109.29936567544041,111.46054633695047,137672400,0.023869048574762575,112.26347007751465,108.77867645263672,110.56891632080078
1396,2020-09-29,110.56891632080078,111.75126549437508,110.06496797160435,111.01472616815981,99382200,-0.007568031374364348,111.5390396118164,109.08704650878906,112.23584747314453
1397,2020-09-30,112.23584747314453,113.64110173479544,110.11344069592683,110.27819234917513,142675200,0.015075947271721235,110.64888572692871,109.45501968383789,113.18560791015625
1398,2020-10-01,113.18560791015625,114.0869063866764,112.25523648180236,114.00937358582986,116120400,0.008462184394687045,109.94092979431153,109.83671600341796,109.53195190429688
1399,2020-10-02,109.53195190429688,111.80943167027127,108.75664609356778,109.40596665096126,144712000,-0.03228021718767948,109.56005821228027,110.23100234985351,112.90455627441406
1400,2020-10-05,112.90455627441406,113.04992842651572,110.04560265679896,110.39449286426901,106243800,0.030791055134888667,109.34393997192383,110.69719039916993,109.66764068603516
1401,2020-10-06,109.66764068603516,112.53628778325715,108.78572170928096,112.1292442741749,161498200,-0.0286694859374107,109.36041641235352,111.05617126464844,111.52839660644531
1402,2020-10-07,111.52839660644531,111.98389262412043,110.6077111213325,111.08259403853273,96849000,0.01696722851672594,109.2518741607666,111.48250198364258,111.4217758178711
1403,2020-10-08,111.4217758178711,112.80764318962937,111.05349871590646,112.66227103853464,83477200,-0.000955996784840818,109.32359085083007,111.87211563110351,113.36006164550781
1404,2020-10-09,113.36006164550781,113.38913459955495,111.37332598768504,111.72221622412157,100506900,0.01739593372488546,109.56442184448242,112.27824478149414,120.56074523925781
1405,2020-10-12,120.56074523925781,121.31667154926015,115.59875698215505,116.35468329215739,240226800,0.06352046293224078,110.00247154235839,112.6335548400879,117.36258697509766
1406,2020-10-13,117.36258697509766,121.5201890553274,115.957340112208,121.40388985664498,262330500,-0.0265273597787844,110.27189140319824,112.87309753417969,117.44981384277344
1407,2020-10-14,117.44981384277344,119.23302386837867,115.92826777316701,117.26567529237093,150712000,0.0007432255024701906,110.71091079711914,113.1003092956543,116.9846420288086
1408,2020-10-15,116.9846420288086,117.45951755795052,114.50365122226292,115.05605956259335,112559200,-0.00396060069186277,111.21340980529786,113.31052673339843,115.34676361083984
1409,2020-10-16,115.34676361083984,117.79868815619513,115.14324558497565,117.53701684155992,115393800,-0.014000798648128532,111.80361480712891,113.41369110107422,112.40061950683594
1410,2020-10-19,112.40061950683594,116.70358685493457,112.09049566738797,116.25778429784908,120639300,-0.025541627799317235,112.08951072692871,113.50803680419922,113.88336944580078
1411,2020-10-20,113.88336944580078,115.3080030009005,112.06138589770217,112.61379407274761,124423700,0.01319165272816547,112.36571388244629,113.60073455810547,113.2631607055664
1412,2020-10-21,113.2631607055664,115.0463710762212,112.85611712623333,113.06932866923252,89946000,-0.0054459992117597,112.83817100524902,113.7460090637207,112.17768096923828
1413,2020-10-22,112.17768096923828,114.39700703508096,111.05347776637647,113.82521198702308,101988000,-0.009583696318963608,113.20305023193359,113.79911743164062,111.4896240234375
1414,2020-10-23,111.4896240234375,112.9530243111908,110.75307715494814,112.79795869932553,82572600,-0.006133634960678647,113.33679237365723,113.79969924926758,111.49931335449219
1415,2020-10-26,111.49931335449219,112.95302013932815,109.39627858637218,110.49140909640037,111850700,8.690791757137717e-05,113.34115371704101,113.80246154785156,113.00147247314453
1416,2020-10-27,113.00147247314453,113.66048651064561,111.0050508568626,111.92572886201872,92276800,0.013472362057302512,113.4627815246582,113.84108184814453,107.76811981201172
1417,2020-10-28,107.76811981201172,111.86757593688382,107.67120751132958,111.49930623671789,143937800,-0.04631225192553623,113.23939514160156,113.75652420043946,111.76097106933594
1418,2020-10-29,111.76097106933594,113.32128352260756,108.7372584642391,108.90201751002611,146129200,0.03705039360702633,113.16816329956055,113.74901336669922,105.5003433227539
1419,2020-10-30,105.5003433227539,108.53374202736012,104.39552680317541,107.63244356202665,190272600,-0.05601801493562519,112.96658287048339,113.56652496337891,105.4131088256836
1420,2020-11-02,105.4131088256836,107.26416545991421,104.00786205893465,105.74261950243951,122866900,-0.0008268645799894836,112.59201049804688,113.26415405273437,107.03157806396484
1421,2020-11-03,107.03157806396484,108.0491682897085,105.37435335866708,106.27565178371685,107624400,0.015353586060701696,112.46020736694337,112.96532028198243,111.40238189697266
1422,2020-11-04,111.40238189697266,112.02262946819745,108.88262521463015,110.6173826820644,138235500,0.04083658217573616,112.45390663146972,112.77391540527344,115.3564682006836
1423,2020-11-05,115.3564682006836,115.92826333290571,113.26313445106743,114.3097976289083,126387100,0.035493732148095036,112.65064125061035,112.6286898803711,115.22541809082031
1424,2020-11-06,115.22541809082031,115.72052575840337,112.74013995422038,114.86621579666993,114457900,-0.00113604474813922,112.74390907287598,112.51015991210937,112.92460632324219
1425,2020-11-09,112.92460632324219,118.42909663240218,112.66249091138815,116.98259196742552,154515300,-0.019967918586892286,112.36210212707519,112.34953887939453,112.58484649658203
1426,2020-11-10,112.58484649658203,114.15755409056287,110.7985520926037,112.17710803937908,138023400,-0.003008731557474831,112.12321510314942,112.10008529663087,116.0020523071289
1427,2020-11-11,116.0020523071289,116.13796507649292,113.04108708119541,113.7691943770842,112295000,0.030352271348086157,112.05082702636719,111.81934783935547,115.73023986816406
1428,2020-11-12,115.73023986816406,117.011708557713,115.10892216454586,116.12827545684921,103162300,-0.002343169224671926,111.98810691833496,111.58705810546876,115.77879333496094
1429,2020-11-13,115.77879333496094,116.17682155137521,114.42936813634326,115.95353941713333,81581900,0.00041954001695820864,112.00970840454102,111.55964630126954,116.7884292602539
1430,2020-11-16,116.7884292602539,117.4582830279043,114.7011865774211,115.44870691157024,91183000,0.008720387354288484,112.22909889221191,111.55087646484375,115.90497589111328
1431,2020-11-17,115.90497589111328,117.14761119066519,115.48752740079281,116.06030900690259,74271000,-0.007564562471954472,112.33017921447754,111.68221374511718,114.58467864990234
1432,2020-11-18,114.58467864990234,116.32242906767756,114.55555554119123,115.1477501072869,76322100,-0.011391204139943767,112.39625511169433,111.69992248535156,115.17687225341797
1433,2020-11-19,115.17687225341797,115.58461058534773,113.4002885699786,114.1575190169027,74113000,0.005168174405977943,112.54621467590331,111.80371109008789,113.91481018066406
1434,2020-11-20,113.91481018066406,115.30306839104708,113.8662741381708,115.17686579253606,73604300,-0.010957599803344653,112.66747398376465,111.91113845825195,110.52670288085938
1435,2020-11-23,110.52670288085938,114.18666026045105,110.42962337461562,113.7595015449486,127959300,-0.029742465395248385,112.61884346008301,111.88567749023437,111.80815124511719
1436,2020-11-24,111.80815124511719,112.46830213663921,109.30346044434035,110.58493635731566,113874200,0.011594016023794174,112.55917739868164,111.8823567199707,112.64305877685547
1437,2020-11-25,112.64305877685547,113.34204301090116,111.80816176471099,112.17707422528561,76499200,0.007467322573896373,112.80292434692383,111.9618293762207,113.18671417236328
1438,2020-11-27,113.18671417236328,114.06044449798334,112.82751927666311,113.1673012347678,46691300,0.004826355049402542,112.8742115020752,112.08687042236328,115.57491302490234
1439,2020-11-30,115.57491302490234,117.43886611768262,113.40029367663415,113.55562680437811,169410200,0.02109963938790793,113.37793998718261,112.32751541137695,119.13777160644531
1440,2020-12-01,119.13777160644531,119.86587890611962,116.50687811909167,117.47768785199075,127728200,0.030827265954985306,114.06417312622071,112.57661682128906,119.48727416992188
1441,2020-12-02,119.48727416992188,119.76880990592802,117.36119829848747,118.45821072635326,89004200,0.0029335999722328587,114.68695793151855,112.79917617797851,119.35134887695312
1442,2020-12-03,119.35134887695312,120.16682548333053,118.6426545252001,119.91441288325119,78967600,-0.0011375712929516668,115.08440628051758,113.10992279052735,118.6814956665039
1443,2020-12-04,118.6814956665039,119.27369022514605,117.97280126779268,119.02127760834182,78260400,-0.005612447758255423,115.25065765380859,113.38595077514648,120.1377182006836
1444,2020-12-07,120.1377182006836,120.93378197653361,118.68150343461471,118.73974965511624,86712000,0.012270004906844934,115.49627265930175,113.61240951538086,120.74932098388672
1445,2020-12-08,120.74932098388672,121.33181279274314,119.49697544555106,120.73961821864586,82225500,0.005090847340561977,115.88750839233398,113.79915420532227,118.22521209716797
1446,2020-12-09,118.22521209716797,122.27348704305484,117.46798166489454,120.8949389531883,115089200,-0.020903710813045318,116.16952667236328,113.95228012084961,119.64259338378906
1447,2020-12-10,119.64259338378906,120.25420827611856,116.64279476467264,116.98257670113864,81312200,0.011988824223518213,116.35155372619629,114.1004150390625,118.83682250976562
1448,2020-12-11,118.83682250976562,119.17660443365664,117.03111582087004,118.85623544540636,86939800,-0.006734816182383252,116.50688285827637,114.21343933105469,118.22521209716797
1449,2020-12-14,118.22521209716797,119.7493831332465,117.99221982724323,119.0212758088773,79184500,-0.00514664057554548,116.62920379638672,114.3873045349121,124.14717102050781
1450,2020-12-15,124.14717102050781,124.16659136683006,120.5066337877432,120.71050298397499,157243700,0.050090491006881344,116.99714088439941,114.61215682983398,124.07918548583984
1451,2020-12-16,124.07918548583984,124.62283654813265,122.8656733598718,123.69086753088224,98208600,-0.0005476204903350768,117.40585136413574,114.90038772583007,124.94320678710938
1452,2020-12-17,124.94320678710938,125.79752407268884,124.30246882292478,125.13736576654637,94359800,0.006963466901288795,117.9237777709961,115.16868392944336,122.96276092529297
1453,2020-12-18,122.96276092529297,125.33153897823031,122.43852279521552,125.19562621191656,192541500,-0.015850768623146383,118.31307220458984,115.3995036315918,124.4869384765625
1454,2020-12-21,124.4869384765625,124.56460503939759,119.84646874418631,121.3706398580424,121251600,0.012395440211329989,118.84167861938477,115.62204116821289,128.0303955078125
1455,2020-12-22,128.0303955078125,130.48654300822767,125.86547908382497,127.76827272564631,168904800,0.02846448852075456,119.71686325073242,115.77143417358398,127.13723754882812
1456,2020-12-23,127.13723754882812,128.5643140977905,126.96248410987832,128.30220615943512,88223700,-0.00697613996615265,120.48331756591797,115.9669271850586,128.11776733398438
1457,2020-12-24,128.11776733398438,129.56427923315684,127.27316756907929,127.48674690488681,54930100,0.007712372897670239,121.25705299377441,116.18028625488282,132.69998168945312
1458,2020-12-28,132.69998168945312,133.33100207588342,129.61279910731304,130.07879843395568,124486200,0.035765643211090214,122.2327163696289,116.49459304809571,130.93309020996094
1459,2020-12-29,130.93309020996094,134.73866218637744,130.41856229053343,134.02027253990548,121047300,-0.013314933860556932,123.00062522888183,116.80631958007812,129.81668090820312
1460,2020-12-30,129.81668090820312,132.02042318765425,129.50601467789232,131.62238763508645,96452100,-0.008526563452887048,123.53457069396973,117.15464080810547,128.81674194335938
1461,2020-12-31,128.81674194335938,130.80690479845464,127.8750553457784,130.1661668388547,99116600,-0.00770270012950669,124.0010440826416,117.45330825805664,125.63249969482422
1462,2021-01-04,125.63249969482422,129.70989788960378,123.05985224509121,129.62252856286995,143301900,-0.024719164609327438,124.31510162353516,117.7006950378418,127.1857681274414
1463,2021-01-05,127.1857681274414,127.89446984433803,124.6810774289331,125.12765639008194,97664900,0.012363587737171944,124.74031524658203,118.00085678100587,122.90451049804688
1464,2021-01-06,122.90451049804688,127.22461824623385,122.69093117209596,123.99182006348317,155088000,-0.03366145200384896,124.8786548614502,118.22915451049805,127.09843444824219
1465,2021-01-07,127.09843444824219,127.78771601746288,124.12775842813694,124.61316339386353,109578200,0.034123433983018536,125.19611053466797,118.54113693237305,128.19541931152344
1466,2021-01-08,128.19541931152344,128.75849069520498,126.42853860962131,128.56431691137144,105158200,0.008630986432236254,125.69462089538574,118.84501586914062,125.21507263183594
1467,2021-01-11,125.21507263183594,126.37033892946795,124.7490879684953,125.41894925457673,100384500,-0.023248464693149895,125.97324485778809,119.19395492553711,125.0403060913086
1468,2021-01-12,125.0403060913086,125.90432622691371,123.15693269578279,124.74906018656239,91951100,-0.0013957308561501902,126.28341903686524,119.45954162597656,127.06929016113281
1469,2021-01-13,127.06929016113281,127.61294126201366,124.73935263924878,125.00146061142823,88636800,0.01622664029902965,126.72562294006347,119.89092056274414,125.14710998535156
1470,2021-01-14,125.14710998535156,127.17609915715049,125.00147960973679,126.98194013638121,90221800,-0.015127023794213268,126.77561988830567,120.2856005859375,123.42876434326172
1471,2021-01-15,123.42876434326172,126.41886047356746,123.29285155612885,125.02089191255358,111598500,-0.01373060586289987,126.74309883117675,120.61354431152344,124.09862518310547
1472,2021-01-19,124.09862518310547,124.9529425933155,123.23460500719132,124.05008172781939,90757300,0.005427104803389593,126.70086975097657,120.8674691772461,128.1759796142578
1473,2021-01-20,128.1759796142578,128.62255851090404,124.79756663573178,124.90435627536169,104319500,0.03285575827400411,126.9615306854248,121.12385940551758,132.87472534179688
1474,2021-01-21,132.87472534179688,135.59299559628155,129.6904705564632,129.89434712123654,120150900,0.03665855132669793,127.38092002868652,121.4768455505371,135.0105438232422
1475,2021-01-22,135.0105438232422,135.7677743821565,131.07876065141238,132.30197582810843,114459400,0.016073925842189363,127.72992744445801,121.91856430053711,138.7481231689453
1476,2021-01-25,138.7481231689453,140.85477848015867,132.55435242559187,138.89375351472623,157611700,0.02768361077484749,128.31047172546386,122.44182983398437,138.98110961914062
1477,2021-01-26,138.98110961914062,140.0878320002914,137.2433520930361,139.40826822473906,98390600,0.0016792043371398613,128.85363883972167,122.90141098022461,137.91323852539062
1478,2021-01-27,137.91323852539062,140.0878578213645,136.3114082725256,139.24324321793168,140843800,-0.007683570067013812,129.11430168151855,123.34507095336915,133.08831787109375
1479,2021-01-28,133.08831787109375,137.8452949915903,132.7097026247184,135.44739349341899,142621100,-0.03498518855685184,129.2220630645752,123.6912614440918,128.1080322265625
1480,2021-01-29,128.1080322265625,132.74850059959678,126.40911554734014,131.86506037119048,177523800,-0.03742090759126615,129.13663063049316,123.91765350341797,130.22445678710938
1481,2021-02-01,130.22445678710938,131.42826655671627,127.10815007398598,129.84584146807433,106239800,0.016520623443843974,129.20701637268067,124.20404312133789,131.04965209960938
1482,2021-02-02,131.04965209960938,132.3311136442388,130.68073954562587,131.7680420457218,83305400,0.006336715336421328,129.4778739929199,124.53334259033203,130.03025817871094
1483,2021-02-03,130.03025817871094,131.80684177003687,129.70988918879502,131.7971241921303,89880900,-0.007778684678411918,129.6200984954834,124.83041030883788,133.3795623779297
1484,2021-02-04,133.3795623779297,133.38926514344305,130.66129188255576,132.3213832150557,84183100,0.025757883173741947,130.14385108947755,125.21970535278321,132.96629333496094
1485,2021-02-05,132.96629333496094,133.60798859719495,132.0912651304692,133.53993810087397,75693800,-0.003098443536632356,130.43724403381347,125.66849716186523,133.11221313476562
1486,2021-02-08,133.11221313476562,133.16082913582426,131.1774090425887,132.25661898979965,71297200,0.0010974194748520905,130.68308372497557,126.0945783996582,132.23715209960938
1487,2021-02-09,132.23715209960938,134.05528941674183,132.0816016865625,132.83023162868662,76774200,-0.006573859862658238,131.03418769836426,126.48646026611328,131.6343231201172
1488,2021-02-10,131.6343231201172,133.1899455543724,130.67178006992634,132.6940833002521,73046600,-0.004558696023928999,131.3638885498047,126.85541244506835,131.381591796875
1489,2021-02-11,131.381591796875,132.60663492557896,130.05931666495545,132.13022184665593,64280000,-0.0019199500347000242,131.5795036315918,127.17154602050782,131.61492919921875
1490,2021-02-12,131.61492919921875,131.77049447527503,129.98153830719173,130.6232339442829,60145100,0.0017760281265621902,131.90289459228515,127.42108917236328,129.49542236328125
1491,2021-02-16,129.49542236328125,132.23719019029642,129.10650912984167,131.73162524010934,80576300,-0.01610384816398236,132.20622749328612,127.62125213623047,127.21056365966797
1492,2021-02-17,127.21056365966797,128.55228793289643,125.87857148643107,127.6091940358472,97918500,-0.017644320254066037,132.36182441711426,127.77843643188477,126.1119155883789
1493,2021-02-18,126.1119155883789,126.39386460486962,123.8757134782661,125.61605324019762,96856700,-0.00863645313472805,132.2586212158203,127.92704483032226,126.2674789428711
1494,2021-02-19,126.2674789428711,127.08418911907316,125.22716781889845,126.62722545179416,87668800,0.0012335341491436225,131.92825889587402,128.04964004516603,122.50481414794922
1495,2021-02-22,122.50481414794922,126.12162413344431,122.11590849249929,124.45905227095189,103916400,-0.029799159897888394,131.30297241210937,128.08474990844726,122.36871337890625
1496,2021-02-23,122.36871337890625,123.19513336260104,115.10592588579131,120.32696770808406,158273000,-0.0011109830253577258,130.48400192260743,128.16761993408204,121.87284088134766
1497,2021-02-24,121.87284088134766,122.07701467726875,118.83939315022482,121.4742179705755,111039900,-0.004052281697390692,129.62858848571778,128.2122248840332,117.63380432128906
1498,2021-02-25,117.63380432128906,122.952070827566,117.19629003176654,121.22144819930787,148199500,-0.03478245464209384,128.6146167755127,128.18816452026368,117.89631652832031
1499,2021-02-26,117.89631652832031,121.38672834698384,117.83797585116562,119.18941742406001,164560400,0.0022316051797004466,127.85501670837402,128.18158660888673,124.24517822265625
1500,2021-03-01,124.24517822265625,124.38129410804099,119.38387540817448,120.31724465842385,116307900,0.05385123031227912,127.66187400817871,128.1835467529297,121.64923858642578
1501,2021-03-02,121.64923858642578,125.14937496490815,121.54228933610958,124.84797657824923,102260900,-0.020893685158375752,127.23311309814453,128.1349478149414,118.67413330078125
1502,2021-03-03,118.67413330078125,122.2228861788261,118.46023476961403,121.34785010485119,112966300,-0.024456423404005667,126.61433715820313,128.00956634521484,116.79766082763672
1503,2021-03-04,116.79766082763672,120.17140622773192,115.32955269233915,118.37272563793533,178155000,-0.015811975372835296,125.95270729064941,127.88626434326171,118.05187225341797
1504,2021-03-05,118.05187225341797,118.55745188502343,114.30867068121566,117.62408266255089,153766600,0.010738326580291169,125.18632278442382,127.75756301879883,113.13224792480469
1505,2021-03-08,113.13224792480469,117.6435366715147,112.98640734620537,117.57547872386968,154376600,-0.04167341215946574,124.19462051391602,127.45960006713867,117.73103332519531
1506,2021-03-09,117.73103332519531,118.67412730069942,115.49483838005335,115.72817884872909,129525800,0.0406496422085354,123.4255615234375,127.27147598266602,116.65181732177734
1507,2021-03-10,116.65181732177734,118.7810627593394,116.13651302909358,118.31438187621302,111943300,-0.009166792925676348,122.6462947845459,127.04215698242187,118.57688903808594
1508,2021-03-11,118.57688903808594,119.79221465640565,117.89630965893046,119.14080190524842,103026500,0.016502715178439153,121.99342308044433,126.75969512939453,117.67267608642578
1509,2021-03-12,117.67267608642578,117.80879195023273,115.85455386939371,117.06015469929451,88105100,-0.007625541190996565,121.30797729492187,126.49448684692383,120.55056762695312
1510,2021-03-15,120.55056762695312,120.56029230814386,117.07959821769512,118.0421413761026,92403800,0.02445675271643899,120.7547592163086,126.30916458129883,122.08674621582031
1511,2021-03-16,122.08674621582031,123.69097746560344,121.26032630464678,122.21313740579694,115227900,0.012743022443667984,120.38432540893555,126.17456466674804,121.29924011230469
1512,2021-03-17,121.29924011230469,122.36872533794525,118.9463637145834,120.60893594468433,111932600,-0.0064503816173747675,120.08875923156738,126.08789947509766,117.18656158447266
1513,2021-03-18,117.18656158447266,119.7630534964986,116.98238776140393,119.47137236768086,121229700,-0.033905229117876745,119.64249153137207,125.88791534423828,116.6615219116211
1514,2021-03-19,116.6615219116211,118.0615792444134,116.36012356493978,116.57402203720062,185549500,-0.004480374419664979,119.16219367980958,125.76305557250977,119.96721649169922
1515,2021-03-22,119.96721649169922,120.43390477213393,116.92404394954326,116.99210188442348,111912300,0.028335774520260593,119.03531379699707,125.62043121337891,119.14080047607422
1516,2021-03-23,119.14080047607422,120.79364033005854,118.75189479932533,119.90888714776963,95467100,-0.006888682089928988,118.87391815185546,125.43933883666992,116.75874328613281
1517,2021-03-24,116.75874328613281,119.4907999468216,116.7393013427106,119.41301733761696,88530500,-0.019993630900774106,118.61821327209472,125.27021224975586,117.24488067626953
1518,2021-03-25,117.24488067626953,118.28520644839449,115.69899016650163,116.22401168427893,98844700,0.004163605880421084,118.59876708984375,125.11430374145507,117.84770202636719
1519,2021-03-26,117.84770202636719,118.11021653249013,115.62122444554402,117.01155734823239,94071200,0.005141557965009369,118.5963363647461,124.92987197875976,118.02269744873047
1520,2021-03-29,118.02269744873047,119.1796897776827,117.3810093980004,118.27548724702227,80819200,0.0014849285930422784,118.2852123260498,124.78738372802735,116.57402801513672
1521,2021-03-30,116.57402801513672,117.06015823420087,115.56287626935224,116.77820181701264,85671900,-0.012274498591451466,118.03145179748535,124.65028900146484,118.76162719726562
1522,2021-03-31,118.76162719726562,120.0936193981419,117.78936665110342,118.27549692418452,118323800,0.01876575099425115,118.03582649230957,124.54354904174805,119.5880355834961
1523,2021-04-01,119.5880355834961,120.73530321344647,119.09218067605553,120.22973104227312,75089100,0.006958547181723729,118.17534523010254,124.37179016113281,122.40758514404297
1524,2021-04-05,122.40758514404297,122.66037492357067,119.65608644750468,120.43389773016308,88651200,0.023577187690973167,118.39313087463378,124.16244735717774,122.70899963378906
1525,2021-04-06,122.70899963378906,123.60347753407522,122.16453611496429,122.99095607539735,80171300,0.002462384086667546,118.87196846008301,123.91641647338867,124.35213470458984
1526,2021-04-07,124.35213470458984,124.37157665316347,121.66869331807787,122.33955551914583,83466700,0.013390501721182169,119.20302352905273,123.62849670410156,126.74388885498047
1527,2021-04-08,126.74388885498047,126.77305548532095,124.9549329616751,125.37299788690146,88844600,0.019233720081062167,119.70762710571289,123.38375228881836,129.31065368652344
1528,2021-04-09,129.31065368652344,129.34953758105655,125.87857511762488,126.19942288071834,106686700,0.02025158652406378,120.24431533813477,123.21170059204101,127.59941101074219
1529,2021-04-12,127.59941101074219,129.16475024427717,127.00633180212309,128.84390265579364,91420000,-0.013233578417519043,120.74065208435059,123.10192245483398,130.70095825195312
1530,2021-04-13,130.70095825195312,130.9245888251844,128.2703072556539,128.7661695536294,91266500,0.02430690875955399,121.24817161560058,123.1537809753418,128.3675079345703
1531,2021-04-14,128.3675079345703,131.25512180103408,128.00777642218338,131.19678856502676,87222800,-0.017853352787854937,121.56220970153808,123.11664199829102,130.76902770996094
1532,2021-04-15,130.76902770996094,131.2551579244961,129.93288314753977,130.10789773924117,89347100,0.01870815920657032,122.0356990814209,123.11102951049804,130.43849182128906
1533,2021-04-16,130.43849182128906,130.93433940993674,129.5828977054859,130.57460771830137,84922400,-0.002527631308882894,122.69829559326172,123.1191941833496,131.09962463378906
1534,2021-04-19,131.09962463378906,131.71215360069297,129.6412336348906,129.80651616783663,94264200,0.005068540760236662,123.42020072937012,123.0735954284668,129.41761779785156
1535,2021-04-20,129.41761779785156,131.77048682845773,128.15367596540483,131.27463922976452,94812300,-0.012829989716873547,123.89272079467773,123.00262191772461,129.7967529296875
1536,2021-04-21,129.7967529296875,130.03981801008018,127.657783189335,128.68837675651753,68847100,0.0029295480653039885,124.4255184173584,122.93631271362305,128.28005981445312
1537,2021-04-22,128.28005981445312,130.42874732999832,127.7647629078915,129.3495375220918,84566500,-0.011685139119435362,125.00158424377442,122.85717086791992,130.5940704345703
1538,2021-04-23,130.5940704345703,131.37186716242175,128.49398366411955,128.49398366411955,78657500,0.018038739796849335,125.66904373168946,122.83636581420899,130.98292541503906
1539,2021-04-26,130.98292541503906,131.31349039844014,129.85509976347652,131.08987465502372,66905100,0.002977585269949623,126.32580490112305,122.82839248657227,130.66209411621094
1540,2021-04-27,130.66209411621094,131.65380402656527,130.38986235031265,131.26489090705445,66015800,-0.002449413141533685,126.95777473449706,122.80933578491211,129.87449645996094
1541,2021-04-28,129.87449645996094,131.27455327546605,129.38836644543892,130.58424212722008,107760100,-0.006027744018471837,127.62279815673828,122.8169172668457,129.77734375
1542,2021-04-29,129.77734375,133.2677706601101,128.775916495569,132.68440835234537,151101000,-0.0007480507151832461,128.173583984375,122.86825286865235,127.81340789794922
1543,2021-04-30,127.81340789794922,129.85514662235994,127.43422678944994,128.1245236312071,109839500,-0.015133117964211573,128.58485260009766,122.90228271484375,128.8633575439453
1544,2021-05-03,128.8633575439453,130.3509292658744,128.17306112502698,128.37722745464558,75135100,0.008214706604446453,128.90764122009278,122.95420028686523,124.30351257324219
1545,2021-05-04,124.30351257324219,127.84254787757098,123.18541143255057,127.55086673903944,137564700,-0.03538511689910073,128.98736686706542,122.99017425537109,124.54655456542969
1546,2021-05-05,124.54655456542969,126.83135744619211,124.42015597480123,125.61603203019656,84000900,0.001955230283973597,128.99708786010743,123.03373107910156,126.14105987548828
1547,2021-05-06,126.14105987548828,126.15077713795044,123.60345241667963,124.34237234047136,78128300,0.012802484304942574,128.96694641113282,123.11909545898438,126.81309509277344
1548,2021-05-07,126.81309509277344,127.83569086092047,126.1021285936208,127.43639821291805,78973300,0.005327648411615593,128.84206848144532,123.30268127441406,123.54072570800781
1549,2021-05-10,123.54072570800781,126.16054372317713,123.50176833952001,126.03394527871879,88071200,-0.025804664592183002,128.6391342163086,123.41556945800781,122.625244140625
1550,2021-05-11,122.625244140625,122.97584556938226,119.56715410715378,120.2781130243474,126142800,-0.0074103625515895555,128.2353485107422,123.3831707763672,119.5671615600586
1551,2021-05-12,119.5671615600586,121.38837950118456,119.06073063774643,120.18073081693389,112172300,-0.024938442341117306,127.7953311920166,123.34152923583984,121.70978546142578
1552,2021-05-13,121.70978546142578,122.85900193405529,121.01830882379365,121.32996037075966,105861300,0.017919835792797878,127.34236907958984,123.40224227905273,124.12507629394531
1553,2021-05-14,124.12507629394531,124.55359993393608,122.56681864446786,122.95638491442686,81918000,0.0198446724999366,127.02669830322266,123.5487905883789,122.9758529663086
1554,2021-05-17,122.9758529663086,123.61863839013512,121.90455135695586,123.51150748616402,74244600,-0.009258591107853209,126.62050971984863,123.64727020263672,121.5928955078125
1555,2021-05-18,121.5928955078125,123.67706631560182,121.52472197411315,123.25828391420353,63342900,-0.011245764311754614,126.22927360534668,123.81648315429688,121.43710327148438
1556,2021-05-19,121.43710327148438,121.66109889559455,119.65484232839697,119.94701893329513,92612000,-0.0012812610118172474,125.81129112243653,123.89060455322266,123.9887466430664
1557,2021-05-20,123.9887466430664,124.38805416925351,121.83640180117781,121.96301512916867,76857100,0.021012057294199415,125.59672546386719,124.03734313964844,122.15779113769531
1558,2021-05-21,122.15779113769531,124.66074485833978,121.94352929361253,124.48544038866837,79295400,-0.0147671103623781,125.17491149902344,124.10896118164062,123.78418731689453
1559,2021-05-24,123.78418731689453,124.60227708622314,122.6544535015974,122.72262702984501,63092900,0.013313896428971628,124.81497459411621,124.23119140625,123.58942413330078
1560,2021-05-25,123.58942413330078,124.97238470676444,123.02455343641832,124.4854213164092,72009500,-0.0015734092359885876,124.4613410949707,124.29196853637696,123.54072570800781
1561,2021-05-26,123.54072570800781,124.06663903705564,123.12194328471185,123.64785661375969,56575900,-0.0003940339202522791,124.14465255737305,124.3210481262207,122.01168060302734
1562,2021-05-27,122.01168060302734,124.3101132618625,121.81690119683103,123.14142196396851,94625600,-0.012376850599003397,123.75636940002441,124.33529693603515,121.35917663574219
1563,2021-05-28,121.35917663574219,122.51813430989525,121.30074429262824,122.29413127736017,71311100,-0.005347881154166845,123.43365783691407,124.41874923706055,121.03778076171875
1564,2021-06-01,121.03778076171875,122.07986629236983,120.70665425214682,121.8169133247897,67637100,-0.0026483030202825164,123.04237899780273,124.5062744140625,121.79741668701172
1565,2021-06-02,121.79741668701172,121.97272112169325,120.81377104330335,121.03776661351102,59278900,0.006276023242597573,122.91707420349121,124.54287841796875,120.31707000732422
1566,2021-06-03,120.31707000732422,121.59289214427336,119.91776258501811,121.42732891420592,76229200,-0.012154171409822334,122.70559997558594,124.56640380859375,122.60579681396484
1567,2021-06-04,122.60579681396484,122.86875724869951,120.61901518744897,120.83327704379282,75169300,0.019022461289169623,122.52883682250976,124.6833448791504,122.61552429199219
1568,2021-06-07,122.61552429199219,123.02456555539773,121.5734387321586,122.87847726693603,71057600,7.933946257132618e-05,122.3189582824707,124.79075775146484,123.43360900878906
1569,2021-06-08,123.43360900878906,125.10874632513031,122.91743682004416,123.29726191856811,74403800,0.006671950566787155,122.31360244750977,124.90247589111328,123.81341552734375
1570,2021-06-09,123.81341552734375,124.41724357225148,123.2193286818069,123.89133026159469,56877900,0.003077010561423732,122.37301101684571,125.01829025268555,122.82003021240234
1571,2021-06-10,122.82003021240234,124.84576874618693,122.654466972811,123.70628617695928,71186400,-0.008023244579033695,122.5356544494629,125.14321029663085,124.02769470214844
1572,2021-06-11,124.02769470214844,124.11535064804697,122.81030467281765,123.2290871401218,53522400,0.009832797530318071,122.65154991149902,125.24853164672851,127.0760269165039
1573,2021-06-14,127.0760269165039,127.13445925571631,123.75499103493249,124.48542499652146,96906500,0.02457783498819377,122.79909744262696,125.39829147338867,126.2579574584961
1574,2021-06-15,126.2579574584961,127.19291956440452,126.01447944620644,126.55013404538738,62746300,-0.006437637986158706,122.96320266723633,125.47529891967774,126.75462341308594
1575,2021-06-16,126.75462341308594,127.47532354376922,125.10872484257997,126.96888521245891,91815000,0.003933739817968407,123.2212890625,125.55621139526367,128.3518829345703
1576,2021-06-17,128.3518829345703,129.09206572109522,126.26771141068338,126.41380715783899,96721700,0.012601193380370912,123.5670280456543,125.63620635986328,127.05657196044922
1577,2021-06-18,127.05657196044922,128.07916771937423,126.84231012163941,127.3000499717587,108953300,-0.01009187356278518,123.72041931152344,125.64246002197265,128.8485870361328
1578,2021-06-21,128.8485870361328,128.95571797256497,125.83920190461266,126.90076263607253,79663300,0.01410407228869226,124.05495910644531,125.63321868896485,130.48472595214844
1579,2021-06-22,130.48472595214844,130.58212309669915,128.18629303149916,128.68299766370282,74783600,0.012698151789253265,124.38998603820801,125.69092498779297,130.21202087402344
1580,2021-06-23,130.21202087402344,130.81585637036997,129.75428108226635,130.28020184164183,60214200,-0.0020899386969246425,124.72111587524414,125.68114624023437,129.9295654296875
1581,2021-06-24,129.9295654296875,131.12747267781475,129.4620771068999,130.9424270743005,68711000,-0.002169196380180649,125.04055786132812,125.71238739013671,129.63742065429688
1582,2021-06-25,129.63742065429688,130.39707078875628,129.3452440962624,129.97829578212327,70783700,-0.002248485742444184,125.42184486389161,125.68975524902343,131.26385498046875
1583,2021-06-28,131.26385498046875,131.72159479819973,129.87116798746578,129.9296003283306,62111300,0.01254602504402702,125.91707878112793,125.70626251220703,132.77340698242188
1584,2021-06-29,132.77340698242188,132.9292364481491,130.84506564137368,131.28332301060522,64556100,0.011500134611906132,126.50386009216308,125.7397381591797,133.3870086669922
1585,2021-06-30,133.3870086669922,133.8252661428457,132.32543317658508,132.6176097807272,63261400,0.004621420045744173,127.08333969116211,125.8191259765625,133.6888885498047
1586,2021-07-01,133.6888885498047,133.74732088516166,132.21827209331306,133.03636937045857,52485800,0.002263188040794617,127.75193061828614,125.89696868896485,136.30873107910156
1587,2021-07-02,136.30873107910156,136.34768102067733,134.1563790042736,134.30245986108,78852600,0.019596561522170708,128.43707733154298,126.05754211425781,138.31497192382812
1588,2021-07-06,138.31497192382812,139.41548226335163,136.4158466947496,136.4158466947496,108181800,0.01471835904306329,129.22204971313477,126.21196014404296,140.79849243164062
1589,2021-07-07,140.79849243164062,141.11013660484417,138.9383165822972,139.79534920414747,104911600,0.017955543592057532,130.09029388427734,126.408271484375,139.50315856933594
1590,2021-07-08,139.50315856933594,140.30175867225685,137.00019762598444,137.88646110200742,105575500,-0.009199912867913662,130.87478103637696,126.5850927734375,141.32435607910156
1591,2021-07-09,141.32435607910156,141.8502619651795,138.92852627188464,139.02592340594762,99890800,0.013054883691830277,131.7999973297119,126.81408996582032,140.7302703857422
1592,2021-07-12,140.7302703857422,142.5027971874123,140.24331443285035,142.39566628334748,76299700,-0.004203703521754254,132.6351261138916,127.03314849853516,141.840576171875
1593,2021-07-13,141.840576171875,143.61310355848642,139.8830179451055,140.2725768916885,100827100,0.007889601740190377,133.37335357666015,127.31369186401368,145.25897216796875
1594,2021-07-14,145.25897216796875,145.66802829472786,143.82732030646622,144.23637643322533,127050800,0.024100268684410286,134.3234043121338,127.64160415649414,144.60643005371094
1595,2021-07-15,144.60643005371094,146.08678025462487,143.25269315111336,145.3466125845258,106820300,-0.004492267186795518,135.21599464416505,128.0476625061035,142.57095336914062
1596,2021-07-16,142.57095336914062,145.85303150774294,142.07426368162248,144.5869580069263,93251400,-0.014075976315951366,135.92694816589355,128.40815048217775,138.73377990722656
1597,2021-07-19,138.73377990722656,140.31152766267098,137.9741296348984,139.9998686480134,121434600,-0.026914132025048332,136.51080856323242,128.6600048828125,142.3372344970703
1598,2021-07-20,142.3372344970703,143.26246279631377,139.23046766424767,139.71742366986297,96350000,0.025973880278137296,137.18524093627929,128.97048767089845,141.60678100585938
1599,2021-07-21,141.60678100585938,142.31774737595725,140.85687956010295,141.73339430532917,74993500,-0.0051318510844466925,137.74134368896483,129.33180877685547,142.97027587890625
1600,2021-07-22,142.97027587890625,144.33374665171397,142.00609770767423,142.13271101540525,77338200,0.009628739975315659,138.37925643920897,129.7387094116211,144.68435668945312
1601,2021-07-23,144.68435668945312,144.84018616778306,143.0871416883638,143.7007109713398,71447400,0.011989071154892894,139.11699600219725,130.24105331420898,145.10313415527344
1602,2021-07-26,145.10313415527344,145.92121655552194,143.8467795270844,144.4019164234274,72434100,0.00289442117587857,139.8902816772461,130.70892028808595,142.94107055664062
1603,2021-07-27,142.94107055664062,145.31741825019225,141.7528967098648,145.22975487472473,104818600,-0.014900185383447395,140.4741424560547,131.08524017333986,141.19773864746094
1604,2021-07-28,141.19773864746094,143.13582861718922,138.82139130869905,141.03217541296894,118931200,-0.012196158195757256,140.89535903930664,131.4496778869629,141.840576171875
1605,2021-07-29,141.840576171875,142.72683986518072,140.808231588781,140.9153625281995,56699500,0.004552746599002511,141.3180374145508,131.85463150024415,142.05482482910156
1606,2021-07-30,142.05482482910156,142.51256472212955,140.35047859016916,140.61343902803458,70440600,0.0015104891915198593,141.73633422851563,132.26698593139648,141.72369384765625
1607,2021-08-02,141.72369384765625,143.11638102630255,141.46073341799487,142.5417764502479,62880000,-0.0023310083402212634,142.00708236694337,132.62168487548828,143.51565551757812
1608,2021-08-03,143.51565551757812,144.17790846415585,141.39251988736964,142.00608912842299,64786600,0.012644051402217249,142.26711654663086,133.04884216308594,143.11634826660156
1609,2021-08-04,143.11634826660156,143.93443068193204,142.46382908813206,143.4280072023747,56368300,-0.0027823253814122095,142.3830093383789,133.4354853820801,143.22352600097656
1610,2021-08-05,143.22352600097656,143.98317632942732,142.35674473591243,143.14561124155586,46397700,0.0007488853347161761,142.56902770996095,133.82816741943358,142.54075622558594
1611,2021-08-06,142.54075622558594,143.48686754429556,142.04332223777357,142.74559073997008,54126800,-0.004767162172686468,142.62984771728514,134.20816802978516,142.4919891357422
1612,2021-08-09,142.4919891357422,143.08696622193483,141.93603523588163,142.59928057367807,48908700,-0.0003421273405240788,142.71793365478516,134.61777420043944,142.01402282714844
1613,2021-08-10,142.01402282714844,144.072056221946,141.72140855204836,142.83333089104445,69023100,-0.003354338103445431,142.72660598754882,135.03087112426758,142.26760864257812
1614,2021-08-11,142.26760864257812,143.1064282624458,141.94573444022404,142.45293150602257,48493500,0.0017856392656261377,142.5770378112793,135.45546768188476,145.2230224609375
1615,2021-08-12,145.2230224609375,145.37908543032157,142.24813722010816,142.58952310526286,72282600,0.020773624063537444,142.6078674316406,135.92397979736327,145.42782592773438
1616,2021-08-13,145.42782592773438,145.7594485046543,144.61826619020815,145.30102293180235,59375000,0.001410268587764385,142.7507110595703,136.42619491577148,147.39805603027344
1617,2021-08-16,147.39805603027344,147.46633914191412,142.86258697892168,144.88159714502063,103296000,0.01354782064553528,143.18392486572264,136.92204010009766,146.49099731445312
1618,2021-08-17,146.49099731445312,147.94429082183916,145.4180830822368,146.53000561245062,92229700,-0.00615380378988184,143.3916130065918,137.3995495605469,142.75531005859375
1619,2021-08-18,142.75531005859375,147.0079285089272,142.55047558587256,146.11058891263426,86326000,-0.025501138802683343,143.44903945922852,137.78598358154298,143.08692932128906
1620,2021-08-19,143.08692932128906,144.35491465635323,140.9411159989395,141.45806146213795,86960300,0.002322990735400321,143.45487213134766,138.17145385742188,144.5402374267578
1621,2021-08-20,144.5402374267578,144.84260006919433,143.1649606824682,143.80870914358007,60549600,0.010156819440897191,143.4476661682129,138.60585800170898,146.0228271484375
1622,2021-08-23,146.0228271484375,146.4910011515847,144.24764444190524,144.65729855503196,60131800,0.010257280243025413,143.4936508178711,139.04576065063478,145.93502807617188
1623,2021-08-24,145.93502807617188,147.14449367144724,145.4766024407117,145.7692167650667,48606400,-0.0006012694999828483,143.64334869384766,139.42294067382812,144.70606994628906
1624,2021-08-25,144.70606994628906,146.61780402195117,144.15986446266652,146.12035519130814,58991300,-0.008421269013230703,143.81876525878906,139.791902923584,143.90625
1625,2021-08-26,143.90625,145.44733817166107,143.87699005673284,144.6963131171606,48597200,-0.005527203845601902,143.92204895019532,140.13493545532228,144.9401397705078
1626,2021-08-27,144.9401397705078,145.08643947056316,143.21372889495123,143.847714105832,55802400,0.007184467460640498,144.06631469726562,140.466700592041,149.34878540039062
1627,2021-08-30,149.34878540039062,149.7096827488744,144.94986805949804,145.3302621099701,90956700,0.030417009648695537,144.44756927490235,140.91254486083983,148.0906219482422
1628,2021-08-31,148.0906219482422,149.03673327230263,147.56391312712373,148.90018188960238,86453100,-0.008424329992208657,144.67631759643555,141.29738555908204,148.75384521484375
1629,2021-09-01,148.75384521484375,151.1630130890743,148.58803390921838,149.06597111930256,80313700,0.0044784960578621025,144.95819244384765,141.66276794433594,149.86578369140625
1630,2021-09-02,149.86578369140625,150.9094380524186,148.64656965264444,150.08036655286702,71115500,0.0074750234184302045,145.29030532836913,142.0558432006836,150.49981689453125
1631,2021-09-03,150.49981689453125,150.82169125724226,149.31961089792424,149.97310797991793,57808700,0.004230673523387907,145.6882583618164,142.46724822998047,152.83090209960938
1632,2021-09-07,152.83090209960938,153.38685589495006,150.58754556278473,151.15326259436534,82278300,0.015488957084324628,146.20520401000977,142.93111785888672,151.28981018066406
1633,2021-09-08,151.28981018066406,153.17226923823645,150.18763608775444,153.11374935418493,74420200,-0.010083640793671966,146.66899337768555,143.33163696289063,150.27545166015625
1634,2021-09-09,150.27545166015625,152.2652024090621,150.15839699282031,151.6604770125975,57305700,-0.006704737875581346,147.06938552856445,143.6816778564453,145.301025390625
1635,2021-09-10,145.301025390625,151.65068551937273,145.03767104191758,151.18251158621138,140893200,-0.033102055023469634,147.07328567504882,143.91995819091798,145.8667755126953
1636,2021-09-13,145.8667755126953,147.69071501388157,145.08647552487224,146.92017826380882,102404300,0.0038936416350081604,147.09523315429686,144.16351593017578,144.4719696044922
1637,2021-09-14,144.4719696044922,147.34932639599026,143.2917788504928,146.64705797915482,109296300,-0.00956219059001362,146.9489288330078,144.3267807006836,145.35955810546875
1638,2021-09-15,145.35955810546875,145.75946384011283,142.76506733146184,144.9011324843855,83281300,0.006143672737392913,146.8923568725586,144.46767242431642,145.12545776367188
1639,2021-09-16,145.12545776367188,145.301032298818,143.59413289330473,144.78408681235823,68034100,-0.0016104915620823723,147.0108642578125,144.55421173095704,142.46270751953125
1640,2021-09-17,142.46270751953125,145.15474141357228,142.17009319848557,145.15474141357228,129868800,-0.018347919690815062,146.97965316772462,144.61340270996095,139.4195556640625
1641,2021-09-20,139.4195556640625,141.27275491051466,137.79068761664803,140.2583754550107,123478900,-0.021361041836520878,146.72361907958984,144.57530670166017,139.89747619628906
1642,2021-09-21,139.89747619628906,141.03867353306788,139.2634909051742,140.38516176883357,75834000,0.0034279303929078964,146.41735153198243,144.5586508178711,142.25787353515625
1643,2021-09-22,142.25787353515625,142.82357564689215,140.16081684875996,140.89234513594866,76404300,0.016872336821540213,146.23349380493164,144.5669967651367,143.21371459960938
1644,2021-09-23,143.21371459960938,143.45755733068214,142.05302081842638,143.03814009408782,64838200,0.006719073192225755,146.15887603759765,144.52609161376952,143.301513671875
1645,2021-09-24,143.301513671875,143.8379707289355,141.97500844122595,142.0725514999574,53477900,0.0006130632985192896,146.1286392211914,144.49999328613282,141.7897186279297
1646,2021-09-27,141.7897186279297,142.36519899589,140.27790504587242,141.88726170941032,74150700,-0.010549749302766975,145.9711181640625,144.4843685913086,138.41493225097656
1647,2021-09-28,138.41493225097656,141.18498292082313,138.20034939372246,139.72192610299075,108972300,-0.02380134758436825,145.4244255065918,144.4779916381836,139.31228637695312
1648,2021-09-29,139.31228637695312,140.89238314094982,138.531986350207,138.96115210906663,74602000,0.00648307311489682,144.98550872802736,144.41749267578126,138.0150146484375
1649,2021-09-30,138.0150146484375,140.82408826037346,137.80043180958225,140.12181985738948,89056700,-0.009311969261673325,144.44856719970704,144.3456573486328,139.1366729736328
1650,2021-10-01,139.1366729736328,139.40002732180153,135.68386603878685,138.40514469326044,94639600,0.008127074637875431,143.91211166381837,144.26898529052735,135.71315002441406
1651,2021-10-04,135.71315002441406,138.70754679310303,134.8645818313905,138.26861784072736,98322000,-0.024605467962192318,143.1727783203125,144.08956115722657,137.6346435546875
1652,2021-10-05,137.6346435546875,138.73681787676418,135.9277437943665,136.05454682483122,80861100,0.014158491862636513,142.4129653930664,143.94019134521486,138.50270080566406
1653,2021-10-06,138.50270080566406,138.64900052233625,134.96209883237336,136.035013031244,83221100,0.006306967697646826,141.77360992431642,143.8514239501953,139.76092529296875
1654,2021-10-07,139.76092529296875,140.66802820004892,139.20497147758243,139.53659409609236,61732700,0.009084476187003254,141.24788360595704,143.82268768310547,139.38052368164062
1655,2021-10-08,139.38052368164062,140.62899749402928,139.04890108087716,140.48269778280476,58773200,-0.00272180232443886,140.9518585205078,143.7734866333008,139.2927703857422
1656,2021-10-11,139.2927703857422,141.24351294952652,138.31739910385002,138.76607644203366,64452200,-0.0006295951082726514,140.62315826416017,143.7182455444336,138.02476501464844
1657,2021-10-12,138.02476501464844,139.72191616043952,137.56633938704366,139.7024045703548,73035900,-0.009103167146308322,140.30079803466796,143.64426696777343,137.4395294189453
1658,2021-10-13,137.4395294189453,137.91745167770748,135.7716384818284,137.7614036307742,78762700,-0.004240076740148924,139.9047966003418,143.52274444580078,140.21937561035156
1659,2021-10-14,140.21937561035156,140.3364302891857,138.0247901402729,138.61001888548796,69907100,0.02022595830441687,139.65949249267578,143.4648049926758,141.27276611328125
1660,2021-10-15,141.27276611328125,141.33128600610704,139.97552058470157,140.2291266309253,67940300,0.007512446110564008,139.5999954223633,143.42578979492188,142.94065856933594
1661,2021-10-18,142.94065856933594,143.2235096811566,139.63415065247935,139.9170017643,85589200,0.011806185310460071,139.77605056762695,143.43378784179689,145.09620666503906
1662,2021-10-19,145.09620666503906,145.49611240776287,142.94064476173952,143.38930715549284,76378900,0.015080020739218325,140.03598709106444,143.4858721923828,145.58387756347656
1663,2021-10-20,145.58387756347656,146.06181473584434,144.4719551618084,145.03767215675973,58418800,0.0033610175596341385,140.20228729248046,143.55726928710936,145.7984619140625
1664,2021-10-21,145.7984619140625,145.9545248556128,144.22811391179323,145.1449650896746,61421000,0.0014739568294048766,140.33152465820314,143.62788635253906,145.02792358398438
1665,2021-10-22,145.02792358398438,146.48121692115393,144.97915205496275,146.00329463249273,58883400,-0.005284955135756553,140.4178451538086,143.623984375,144.97914123535156
1666,2021-10-25,144.97914123535156,145.69115788039105,143.98425867288518,145.0181495258691,50720600,-0.00033636521455515656,140.5773162841797,143.61501068115234,145.64242553710938
1667,2021-10-26,145.64242553710938,147.12497895180522,145.34004798248478,145.6521738906202,60893400,0.004575032629563491,140.93869094848634,143.57989807128905,145.1840057373047
1668,2021-10-27,145.1840057373047,146.04232225315448,144.83287151805337,145.68143968000115,56094900,-0.0031475704837660157,141.2322769165039,143.5537582397461,148.81236267089844
1669,2021-10-28,148.81236267089844,149.39757634919977,146.0325493292803,146.1300923838208,100077900,0.024991437005525752,141.77214431762695,143.67489929199218,146.11056518554688
1670,2021-10-29,146.11056518554688,146.2471165175258,142.80405839843382,143.59410645366754,124953200,-0.018155732741954034,142.12083892822267,143.73537200927734,145.29132080078125
1671,2021-11-01,145.29132080078125,146.01308606451772,144.15988647877995,145.32058075023082,74588300,-0.005607016739174631,142.59974746704103,143.75039367675782,146.32516479492188
1672,2021-11-02,146.32516479492188,147.83699285465968,144.98889637520205,144.9986596105235,69122000,0.007115662439040049,143.03427352905274,143.7564404296875,147.75897216796875
1673,2021-11-03,147.75897216796875,148.22714612515688,146.1301042293714,146.68605801297326,54511500,0.009798775043625474,143.49708709716796,143.79291931152343,147.2420196533203
1674,2021-11-04,147.2420196533203,148.67580139860405,146.92989377476803,147.84674493928904,60394600,-0.003498620131580088,143.87114181518555,143.84363830566406,147.76947021484375
1675,2021-11-05,147.76947021484375,148.6681193629179,146.57777973692555,148.36531545380285,65463900,0.003582201349623615,144.29058914184571,143.92090270996093,146.94900512695312
1676,2021-11-08,146.94900512695312,148.0527879681065,146.67550378830177,147.89649723038997,55020900,-0.005552331524893095,144.67340087890625,143.96108001708984,147.31040954589844
1677,2021-11-09,147.31040954589844,147.9160175036458,146.57781350486675,146.71456416967115,56787900,0.002459386633023364,145.13768310546874,143.9203125,144.48748779296875
1678,2021-11-10,144.48748779296875,146.64621090035791,144.4191199061072,146.53876287411308,65187100,-0.019163084004936715,145.4900810241699,143.84824981689454,144.4386444091797
1679,2021-11-11,144.4386444091797,145.96244193460964,144.25305100972494,145.50336208425588,41000000,-0.0003380457680809412,145.70104446411133,143.76194580078126,146.50942993164062
1680,2021-11-12,146.50942993164062,146.90990439693277,144.05766590459464,144.9856178095641,63804000,0.014336783143676035,145.9628776550293,143.69481872558595,146.51918029785156
1681,2021-11-15,146.51918029785156,148.35555879375588,145.96240025846288,146.88058950641502,59222800,6.655111698594673e-05,146.14180374145508,143.61520599365235,147.49598693847656
1682,2021-11-16,147.49598693847656,147.97462166575806,145.87450429964008,146.46058703081326,59256200,0.006666749285924922,146.26179275512695,143.5085076904297,149.92822265625
1683,2021-11-17,149.92822265625,151.40317727562876,147.48623592599793,147.49599850722544,88807000,0.016490182331455383,146.47901000976563,143.4812759399414,154.20655822753906
1684,2021-11-18,154.20655822753906,154.98799688592075,149.4984160214015,150.1431040324191,137827700,0.02853589201212814,146.89941482543946,143.55989807128907,156.8244171142578
1685,2021-11-19,156.8244171142578,157.2835118889617,152.89769761975694,153.99170308898834,117305600,0.01697631356803897,147.48923950195314,143.79036590576172,157.2834930419922
1686,2021-11-22,157.2834930419922,161.85488526610547,157.26395297389544,157.92816624213555,117467900,0.0029273243043517194,148.10445709228514,144.01870025634764,157.66441345214844
1687,2021-11-23,157.66441345214844,158.0453627342285,155.36894027506222,157.3811346832133,96041900,0.0024218715059598495,148.7055564880371,144.2825491333008,158.18212890625
1688,2021-11-24,158.18212890625,158.3774848564214,155.9354982175197,157.01974088138022,69463600,0.0032836544580092664,149.35546264648437,144.5390005493164,153.1711883544922
1689,2021-11-26,153.1711883544922,156.72672078738918,152.73163368073872,155.867151508964,76959800,-0.03167829758270391,149.57340393066406,144.69991516113282,156.52157592773438
1690,2021-11-29,156.52157592773438,157.44952783966656,155.10521179906075,155.67175446958956,88748200,0.02187348423182689,150.09395446777344,144.9810925292969,161.46414184570312
1691,2021-11-30,161.46414184570312,161.67903783874624,156.20898240534294,156.27736517799391,174048100,0.03157753740130187,150.90259552001953,145.4219842529297,160.94644165039062
1692,2021-12-01,160.94644165039062,166.3481143018466,160.7120055934647,163.59354652559932,152052500,-0.0032062858625738766,151.63365936279297,145.84296356201173,159.9598846435547
1693,2021-12-02,159.9598846435547,160.38967666927002,154.13819694441963,155.0563862894109,136739200,-0.006129722389134562,152.24370498657225,146.19700378417969,158.08445739746094
1694,2021-12-03,158.08445739746094,161.13206712633752,156.0136573148525,160.2138776845153,118023100,-0.011724359831046693,152.78582687377929,146.49441864013673,161.48370361328125
1695,2021-12-06,161.48370361328125,163.98429560873123,160.4678287996897,160.47759138079394,107497000,0.021502722480008396,153.47153854370117,146.85806243896485,167.20770263671875
1696,2021-12-07,167.20770263671875,167.598429443289,164.4336093812365,165.15644279486372,120405400,0.035446295170101116,154.48447341918944,147.36642211914062,171.01719665527344
1697,2021-12-08,171.01719665527344,171.87678065417452,166.73883163036436,168.1356556285786,116998900,0.022783005558250746,155.6698127746582,148.01846740722655,170.50924682617188
1698,2021-12-09,170.50924682617188,172.64842918211983,169.88409893762693,170.85113086564078,108923700,-0.002970168141192553,156.97090072631835,148.64240661621093,175.28578186035156
1699,2021-12-10,175.28578186035156,175.46161263264923,170.63624509261138,171.14418244016858,115402700,0.028013348971327012,158.51325759887695,149.38782196044923,171.66189575195312
1700,2021-12-13,171.66189575195312,177.9036129181879,171.45676231906222,176.91704079075095,153237000,-0.020674158907455165,159.77088088989257,150.03832641601562,170.28465270996094
1701,2021-12-14,170.28465270996094,173.61552681793418,168.2138523400571,171.1833022083099,139380400,-0.008022997974939439,160.95915451049805,150.72975646972657,175.13926696777344
1702,2021-12-15,175.13926696777344,175.33462289814014,168.31146765189683,171.04649539113694,131063300,0.028508818502165134,162.3413185119629,151.4798489379883,168.26266479492188
1703,2021-12-16,168.26266479492188,176.93660728082307,166.78771003091353,175.11976837917365,150185800,-0.03926362312637122,163.25804061889647,152.07504821777343,167.1686553955078
1704,2021-12-17,167.1686553955078,169.44458898529163,165.75230596796482,165.98672717242667,195432700,-0.006501795277921163,163.90614547729493,152.62320281982423,165.8109130859375
1705,2021-12-20,165.8109130859375,166.6216545378973,163.5740596088574,164.37502357405398,107499100,-0.008121990969886084,164.3554702758789,153.15181060791016,168.97572326660156
1706,2021-12-21,168.97572326660156,169.18084181030284,165.1955175809284,167.57889907243998,91185900,0.019086862992086617,164.94008178710936,153.74546966552734,171.56419372558594
1707,2021-12-22,171.56419372558594,171.7790897184107,168.15517538914062,169.02452194022183,92135300,0.015318593753852028,165.63507080078125,154.4162582397461,172.18936157226562
1708,2021-12-23,172.18936157226562,172.74614168304623,171.2028043307869,171.76934702247985,68356600,0.003643929616687025,166.33543243408204,155.1112548828125,176.14537048339844
1709,2021-12-27,176.14537048339844,176.23327841950962,172.96102548062714,172.9805506410723,74919600,0.022974757993237116,167.48414154052733,155.82977478027342,175.12950134277344
1710,2021-12-28,175.12950134277344,177.12217071968058,174.38714279522745,175.9793227997058,79144300,-0.005767220210426971,168.4145378112793,156.5069094848633,175.21742248535156
1711,2021-12-29,175.21742248535156,176.43841575185178,174.0061917992903,175.16857977375096,62348900,0.0005020350192515011,169.10220184326172,157.15244476318358,174.06478881835938
1712,2021-12-30,174.06478881835938,176.3798020768136,173.95734081982604,175.30532209148024,59773000,-0.006578305117395211,169.75811920166015,157.73181640625,173.44940185546875
1713,2021-12-31,173.44940185546875,175.07086935429706,173.14658304866205,173.9573242504266,64062300,-0.0035353902823666017,170.43259506225587,158.28912689208985,177.78639221191406
1714,2022-01-03,177.78639221191406,178.6362137085352,173.58618706197944,173.70339765267045,104487900,0.02500435464204842,171.4176918029785,158.92888549804687,175.52999877929688
1715,2022-01-04,175.52999877929688,178.69481886787932,174.96345608354855,178.39201490568885,99310400,-0.01269159807195852,172.1200065612793,159.5389270019531,170.86090087890625
1716,2022-01-05,170.86090087890625,175.98907226585013,170.58739959731207,175.44206970266174,94537600,-0.026599999617508807,172.30266647338868,160.0565621948242,168.00868225097656
1717,2022-01-06,168.00868225097656,171.23210762394186,167.65703557565845,168.69243553501073,96904000,-0.016693220117990237,172.15224075317383,160.50388732910156,168.1747283935547
1718,2022-01-07,168.1747283935547,170.09901499255682,167.06118311991872,168.8780217142409,86709100,0.0009883188199171222,172.03551483154297,160.96370178222656,168.19427490234375
1719,2022-01-10,168.19427490234375,168.4970788622131,164.2675561955421,165.1564429133354,106765600,0.00011622738431493751,171.6809394836426,161.35134002685547,171.01719665527344
1720,2022-01-11,171.01719665527344,171.1148671703379,166.85605711502512,168.3212489833143,76138300,0.016783697034686407,171.6487045288086,161.84947265625,171.45677185058594
1721,2022-01-12,171.45677185058594,173.06847713761263,170.76325596284155,172.0330771442787,74805200,0.002570356688740283,171.70731048583986,162.37278167724608,168.19427490234375
1722,2022-01-13,168.19427490234375,172.52146809219963,167.80354809549323,171.70096415486904,84505800,-0.019028102028453286,171.36006088256835,162.81016387939454,169.0538787841797
1723,2022-01-14,169.0538787841797,169.7473947274692,167.11981439919933,167.36401309283474,80440800,0.005110779676270383,171.39962158203124,163.23606201171876,165.85972595214844
1724,2022-01-18,165.85972595214844,168.53613361538314,165.47877665458643,167.53003637041928,90956700,-0.018894288939143578,171.33417510986328,163.60841613769531,162.37255859375
1725,2022-01-19,162.37255859375,167.11001826086033,162.08929472408371,166.0550783276264,94815000,-0.021024798747132256,171.1622573852539,163.90047790527345,160.6925048828125
1726,2022-01-20,160.6925048828125,165.74253213798244,160.37016081486053,163.1051891966637,91420500,-0.010346906678615153,170.74809646606445,164.17534790039062,158.6412353515625
1727,2022-01-21,158.6412353515625,162.4702688967568,158.53378733529433,160.60458738914824,122848900,-0.012765184865006107,170.1019485473633,164.40196441650392,157.86953735351562
1728,2022-01-24,157.86953735351562,158.53376542721094,151.11012055841888,156.30667494751387,162294600,-0.004864422521274059,169.38595733642578,164.66960540771484,156.07223510742188
1729,2022-01-25,156.07223510742188,158.98307875093712,153.3762874615523,155.29079647095608,115798400,-0.011384731191484199,168.38230056762694,164.9022772216797,155.98434448242188
1730,2022-01-26,155.98434448242188,160.57527648713483,154.15774320444362,159.70592982008216,108275300,-0.0005631406825147289,167.42504272460937,165.0917755126953,155.52523803710938
1731,2022-01-27,155.52523803710938,160.03802433796415,154.60704872462142,158.68028043462846,121954600,-0.0029432854100575057,166.44043350219727,165.27189666748046,166.37745666503906
1732,2022-01-28,166.37745666503906,166.3969967339565,159.02219316405643,161.86466955096992,179935700,0.06977786219713278,166.05606689453126,165.64952606201172,170.72418212890625
1733,2022-01-31,170.72418212890625,170.93907816240107,165.57646971606974,166.2113952349244,115541600,0.026125687644199758,165.91980590820313,166.06544525146484,170.55810546875
1734,2022-02-01,170.55810546875,170.78276405312576,168.31147491088436,169.97202274767105,86213900,-0.0009727776000171273,165.55839157104492,166.39247619628907,171.75955200195312
1735,2022-02-02,171.75955200195312,171.79863213102016,169.30780301992357,170.69484950775998,84914300,0.007044206605726355,165.36986923217773,166.69117889404296,168.88778686523438
1736,2022-02-03,168.88778686523438,172.15029228212393,168.12588824034546,170.43112418107953,89418100,-0.016719682272378633,165.27121353149414,166.9232647705078,168.6042022705078
1737,2022-02-04,168.6042022705078,170.27665611869838,166.9317484223172,167.9097877683782,82465400,-0.0016791302674411535,165.3009895324707,167.142060546875,167.8902130126953
1738,2022-02-07,167.8902130126953,170.1299162190593,167.19579861278513,169.0638570704662,77251200,-0.004234706182868364,165.28676376342773,167.3362222290039,170.9906005859375
1739,2022-02-08,170.9906005859375,171.499185164809,167.66525824555538,167.9586729996618,74829200,0.01846675584959656,165.42658004760742,167.6926104736328,172.4087371826172
1740,2022-02-09,172.4087371826172,172.77060688626915,171.05903840340724,172.18379236064646,71285000,0.008293652351767378,165.49615707397462,168.01035369873046,168.34011840820312
1741,2022-02-10,168.34011840820312,171.62633103104866,167.78264377127414,170.31576195955012,90865900,-0.02359868090736339,165.34032440185547,168.14787322998046,164.93650817871094
1742,2022-02-11,164.93650817871094,169.27900403758753,164.34967876719554,168.54547473503922,98670700,-0.020218651749067118,165.17743606567382,168.2276745605469,165.1712646484375
1743,2022-02-14,165.1712646484375,165.8558891027738,162.9022065441299,163.69441590726865,86185500,0.0014233141729433907,164.98330535888672,168.33190216064452,168.99537658691406
1744,2022-02-15,168.99537658691406,169.1518664311418,166.5111637354937,167.2153531108256,62527400,0.023152404545766947,165.140087890625,168.55012054443358,168.7606658935547
1745,2022-02-16,168.7606658935547,169.5333102903167,166.31556790878483,168.07604144255788,61177400,-0.0013888586664302371,165.45949325561523,168.69565979003906,165.1712646484375
1746,2022-02-17,165.1712646484375,168.1347222265384,164.7702649952927,167.27404295611913,69589300,-0.021269181572092122,165.68343124389648,168.65493103027345,163.6259307861328
1747,2022-02-18,163.6259307861328,166.7947676550334,162.54030687860808,166.0905932914819,82772700,-0.0093559486003445,165.932666015625,168.50710571289062,160.71139526367188
1748,2022-02-22,160.71139526367188,163.02934320107533,158.58903724171788,161.35688974047144,91162800,-0.01781218605424084,166.07475891113282,168.31114868164062,156.55471801757812
1749,2022-02-23,156.55471801757812,162.5011823133144,156.24173835796486,161.90457789540673,90009200,-0.02586423470018462,166.09888305664063,167.93652740478515,159.16610717773438
1750,2022-02-24,159.16610717773438,159.27369208830245,148.66196063900136,149.22922517438823,141147500,0.016680360663822613,166.25797119140626,167.68661163330077,161.22976684570312
1751,2022-02-25,161.22976684570312,161.4938266826065,157.3371601146723,160.24193771015948,91974200,0.012965446630320177,166.54319763183594,167.50551391601562,161.49383544921875
1752,2022-02-28,161.49383544921875,161.7872502076219,158.8629074909049,159.47907699118204,95056600,0.0016378402616457066,166.29901657104492,167.23260528564452,159.61599731445312
1753,2022-03-01,159.61599731445312,162.9413396082361,158.4130132555384,161.08305614073245,83474400,-0.011627924555399516,165.74360733032228,167.05967193603516,162.90220642089844
1754,2022-03-02,162.90220642089844,163.68464076398826,159.37148431939156,160.77986315221446,79724800,0.02058821898641705,165.36081237792968,166.97434295654296,162.5794219970703
1755,2022-03-03,162.5794219970703,165.2005743290728,161.9143626273284,164.77023477279693,76678400,-0.0019814613375715995,164.90180587768555,166.90971313476564,159.5866241455078
1756,2022-03-04,159.5866241455078,161.9143617747294,158.54013016070306,160.87764280753723,83737200,-0.018408220516471174,164.4367477416992,166.72193115234376,155.80162048339844
1757,2022-03-07,155.80162048339844,161.39600492959968,155.54732078440395,159.7724565579089,96418800,-0.023717549527573767,163.79661865234374,166.4066796875,153.9824981689453
1758,2022-03-08,153.9824981689453,159.30303394754864,152.3785144348394,155.33219707675556,131148300,-0.01167588827901156,163.10123291015626,166.0425424194336,159.37149047851562
1759,2022-03-09,159.37149047851562,159.82139509337992,155.90923815043413,157.9337716080875,91454900,0.03499743395290067,162.52027740478516,165.70706481933593,155.0387725830078
1760,2022-03-10,155.0387725830078,156.86770104560523,152.55454474714313,156.68187121650197,105342000,-0.027186279569192395,161.6517791748047,165.30525024414064,151.3319549560547
1761,2022-03-11,151.3319549560547,155.7820349398414,151.10701018748304,155.43971535505423,96970100,-0.02390897170556805,160.80137100219727,164.8275408935547,147.31227111816406
1762,2022-03-14,147.31227111816406,150.7354085874783,146.80370143921206,148.12404550887342,108732100,-0.026562029407853127,159.92015914916993,164.29249053955078,151.68409729003906
1763,2022-03-15,151.68409729003906,152.15356685525754,147.07754097449947,147.58611061794517,92964300,0.029677270866105943,159.24580078125,163.85718444824218,156.08526611328125
1764,2022-03-16,156.08526611328125,156.48626575095446,151.06793536575267,153.60105321090987,102300200,0.029015360884052432,158.60029525756835,163.42316192626953,157.09262084960938
1765,2022-03-17,157.09262084960938,157.46428044860957,154.16829376386883,155.12676781405298,75615400,0.006453874612335486,158.0168930053711,163.05441436767578,160.3788604736328
1766,2022-03-18,160.3788604736328,160.86788006337628,156.25153394230247,156.98506332691767,123511700,0.020919121510930117,157.77727279663085,162.8447735595703,161.74815368652344
1767,2022-03-21,161.74815368652344,162.69685305700403,159.43019026159942,159.91920994025145,95811400,0.008537865955942081,157.6833839416504,162.71956298828124,165.11257934570312
1768,2022-03-22,165.11257934570312,165.6993938917205,161.28844262082922,161.87525716684658,81532000,0.020800396063253457,157.90344314575196,162.65832000732422,166.4720458984375
1769,2022-03-23,166.4720458984375,168.84867380689857,163.9682532045546,164.30079784879288,98062700,0.008233573469214717,158.39930953979493,162.6238754272461,170.2472686767578
1770,2022-03-24,170.2472686767578,170.31572365157868,166.47203725633872,167.30336151454603,90131400,0.022677818116223047,158.9533676147461,162.6084768676758,170.8829803466797
1771,2022-03-25,170.8829803466797,171.430679815148,168.95624226558783,170.06143114397722,80546200,0.003734049156047803,159.43602828979493,162.59700103759766,171.7436981201172
1772,2022-03-28,171.7436981201172,171.87083307439428,168.22275085370143,168.38901573521346,90371900,0.0050368841396102315,159.94852142333986,162.66798950195312,175.02989196777344
1773,2022-03-29,175.02989196777344,175.0787819860724,172.46741925958432,172.8097389298353,100589400,0.019134290711254387,160.71921615600587,162.787509765625,173.8660430908203
1774,2022-03-30,173.8660430908203,175.66563174403498,172.81953392128133,174.62891251824163,92633200,-0.006649429213882008,161.26740798950195,162.94763610839843,170.77537536621094
1775,2022-03-31,170.77537536621094,174.12026666116444,170.56998062785271,173.93443687971876,103049300,-0.017776143458875016,161.67720565795898,163.11569244384765,170.4820098876953
1776,2022-04-01,170.4820098876953,171.0394993928561,168.1640617684755,170.20816010667752,78751300,-0.0017178441440197645,162.22197494506835,163.31148254394532,174.52134704589844
1777,2022-04-04,174.52134704589844,174.5702519989907,170.6091895776602,170.7363394709608,76468400,0.023693627033515297,163.15796127319337,163.62908477783202,171.21551513671875
1778,2022-04-05,171.21551513671875,174.38436705774205,170.589570736433,173.6019328264619,73401800,-0.01894227820915384,164.01961212158204,163.89600433349608,168.05645751953125
1779,2022-04-06,168.05645751953125,169.81693085468368,166.39379406221198,168.57481703992445,89058800,-0.018450767237215282,164.4538604736328,164.13568878173828,168.3596649169922
1780,2022-04-07,168.3596649169922,169.55287391806212,166.11996174699982,167.401190693142,77594700,0.0018041996239608338,165.11990509033203,164.3831951904297,166.35464477539062
1781,2022-04-08,166.35464477539062,168.00753302198206,165.48419068930104,168.00753302198206,76575500,-0.011909147850764135,165.87103958129882,164.59978332519532,162.1099853515625
1782,2022-04-11,162.1099853515625,165.31795249524248,161.8654755697351,165.00498773482366,72246700,-0.02551572533222135,166.61092529296874,164.51443389892577,163.97804260253906
1783,2022-04-12,163.97804260253906,166.13950070260202,162.9804385205217,164.33013728303388,79265200,0.011523394113726937,167.22562255859376,164.37951110839845,166.65785217285156
1784,2022-04-13,166.65785217285156,167.28379658301122,163.10758048377514,163.71395993382896,70618900,0.0163424902979723,167.75425186157227,164.30150604248047,161.6600799560547
1785,2022-04-14,161.6600799560547,167.5087646523774,161.41557017548345,166.8730302686766,75329400,-0.029988219286621765,167.98262481689454,164.0995166015625,161.44491577148438
1786,2022-04-18,161.44491577148438,162.94131434841603,159.97785717263437,160.3201618914843,69023900,-0.0013309667088424737,168.03592758178712,163.9506591796875,163.72377014160156
1787,2022-04-19,163.72377014160156,164.1345597736567,160.31042259224273,161.39604679422817,67723800,0.014115367828261505,168.13470840454102,163.85305053710937,163.5574951171875
1788,2022-04-20,163.5574951171875,165.17126878968486,162.45232094308298,165.05389393478876,67929800,-0.0010155826748324825,168.05695419311525,163.7663961791992,162.7653045654297
1789,2022-04-21,162.7653045654297,167.76308617115384,162.26650987641895,165.2006278854853,87227800,-0.004843498924890111,167.87161712646486,163.60189025878907,158.2369384765625
1790,2022-04-22,158.2369384765625,164.1834179598548,157.95331370568275,162.8043941791054,84882400,-0.027821445737207684,167.27110061645507,163.31845428466798,159.30299377441406
1791,2022-04-25,159.30299377441406,159.58661851207708,154.9800632753819,157.58163561913904,96046400,0.006737082429141283,166.6921012878418,163.1377117919922,153.35655212402344
1792,2022-04-26,153.35655212402344,158.7748828167284,153.2783071958642,158.6868628689345,95623200,-0.03732787130674564,165.77274398803712,162.90611267089844,153.13157653808594
1793,2022-04-27,153.13157653808594,156.28084845296394,151.96770771639416,152.48606720314393,88063200,-0.0014670099374402001,164.67782821655274,162.6653189086914,160.0463104248047
1794,2022-04-28,160.0463104248047,160.906989569117,155.43973990755873,155.75271956865106,130216800,0.04515550641509236,163.98684158325196,162.4863375854492,154.18785095214844
1795,2022-04-29,154.18785095214844,162.55008785176082,153.7966412998766,158.28583697775457,131747600,-0.03660477681182639,163.15746536254883,162.1948812866211,154.49102783203125
1796,2022-05-02,154.49102783203125,154.75508758420054,149.90402310354906,153.2684792337658,123055300,0.001966282544380915,162.35791625976563,161.98127655029296,155.97767639160156
1797,2022-05-03,155.97767639160156,157.18067526746918,152.88708408047324,154.67688255687574,88966500,0.009622879596520306,161.43073272705078,161.82831146240235,162.3740692138672
1798,2022-05-04,162.3740692138672,162.82395888042848,155.76251479077115,156.1635144371754,108256500,0.04100838639374693,160.9886604309082,161.86156494140624,153.3271942138672
1799,2022-05-05,153.3271942138672,160.47665766238154,151.5471558846843,160.25171284753384,130525300,-0.055716254718505054,160.252197265625,161.79701446533204,154.052001953125
1800,2022-05-06,154.052001953125,156.16767394547392,151.0156200226824,152.8080631040653,116124600,0.004727196261393951,159.53681411743165,161.69473236083985,148.9391632080078
1801,2022-05-09,148.9391632080078,152.6317930294346,148.3808694909006,151.7502553954864,131577900,-0.03318904448040161,158.6660400390625,161.44892028808593,151.3388671875
1802,2022-05-10,151.3388671875,153.5231099451531,149.7912929478581,152.32814774676658,115366700,0.016111974364598547,158.1274841308594,161.24582092285155,143.4932403564453
1803,2022-05-11,143.4932403564453,152.25954795565056,142.81739949520818,150.34957266016625,142689800,-0.051841453400958915,157.10324401855468,160.9233657836914,139.63412475585938
1804,2022-05-12,139.63412475585938,143.19941752795359,135.95129962230052,139.8398213340432,182602000,-0.026894058500593343,155.75205764770507,160.45800415039062,144.0907440185547
1805,2022-05-13,144.0907440185547,145.0604308345469,140.17283922837782,141.62245981596948,113990900,0.03191640489377079,154.87359085083008,160.0882305908203,142.55296325683594
1806,2022-05-16,142.55296325683594,144.4923369438145,141.22087499257742,142.56276758428663,86643800,-0.01067230773352612,153.92899322509766,159.74755737304687,146.17703247070312
1807,2022-05-17,146.17703247070312,146.69615365751025,143.66956086149628,145.80482673464496,78336300,0.02542261578482763,153.05165634155273,159.55506561279296,137.92987060546875
1808,2022-05-18,137.92987060546875,144.33563953601612,137.02873918633358,143.83611196408933,109742900,-0.05641899911251291,151.7702751159668,159.23401306152343,134.53106689453125
1809,2022-05-19,134.53106689453125,138.75260707730666,133.7964597180681,137.00914057415054,136095600,-0.024641534832287038,150.3585632324219,158.73720458984374,134.76612854003906
1810,2022-05-20,134.76612854003906,137.81230015984903,129.8883411847853,136.23534285932448,137426100,0.0017472666420768057,149.1850227355957,158.33175170898437,140.1728515625
1811,2022-05-23,140.1728515625,140.31976702681078,134.82490447725766,134.96203055915507,117726300,0.04011930209046999,148.228515625,158.1085696411133,137.4792938232422
1812,2022-05-24,137.4792938232422,139.05625126128453,134.51148183512868,137.92005516834,104132700,-0.01921597305921119,147.43465270996094,157.91191009521484,137.635986328125
1813,2022-05-25,137.635986328125,138.87991021944293,135.50072064953915,135.58886991195646,92482700,0.0011397534896002703,146.65987319946288,157.63094787597657,140.82904052734375
1814,2022-05-26,140.82904052734375,141.3775446276635,134.32532129598022,134.57019026545265,90601500,0.02319926847914977,145.69900970458986,157.32582336425781,146.5688018798828
1815,2022-05-27,146.5688018798828,146.60797434750936,142.27869181225157,142.4060284868712,90978500,0.040756944242793525,145.31805725097655,157.1153469848633,145.7852325439453
1816,2022-05-31,145.7852325439453,147.56788638378129,143.82628016379354,146.01052282850958,103718400,-0.005346085428054814,144.88276748657228,156.82347442626954,145.6579132080078
1817,2022-06-01,145.6579132080078,148.62572491730577,144.6490389655957,146.8234773391278,74286600,-0.0008733349305398708,144.36677932739258,156.50166961669922,148.10658264160156
1818,2022-06-02,148.10658264160156,148.16534881431244,143.84585577263883,144.7959487531145,72348100,0.0168110978639171,143.6534049987793,156.1615496826172,142.39620971679688
1819,2022-06-03,142.39620971679688,144.93304868576854,141.4950936911797,143.8850023092343,88570300,-0.0385558347438415,143.1068557739258,155.68003295898438,143.14064025878906
1820,2022-06-06,143.14064025878906,145.52077501341512,141.92608448379778,144.01237341190438,71598400,0.005227881721520111,142.561287689209,155.137900390625,145.6579132080078
1821,2022-06-07,145.6579132080078,145.94195473174813,141.14252729935507,141.3873963509184,67808200,0.01758601152452366,142.397225189209,154.63339904785155,144.9232940673828
1822,2022-06-08,144.9232940673828,146.79408210793065,144.4335560047601,145.5305644824367,53950200,-0.005043455068424074,142.07644653320312,154.09699096679688,139.71250915527344
1823,2022-06-09,139.71250915527344,144.91352630119295,139.60476615648915,144.06138663984123,69473000,-0.03595546834373353,141.88740997314454,153.39064331054686,134.31556701660156
1824,2022-06-10,134.31556701660156,137.87105521943323,134.24699651333503,137.40091085996173,91437900,-0.03862891140745195,141.62148208618163,152.5996337890625,129.17330932617188
1825,2022-06-13,129.17330932617188,132.4251621177248,128.74233746263164,130.1429810735186,122207100,-0.03828489731048146,140.8756103515625,151.7675924682617,130.03524780273438
1826,2022-06-14,130.03524780273438,131.1420606306549,128.7815195311164,130.39766413988795,84784300,0.006672728917907156,140.2497245788574,150.9586572265625,132.65045166015625
1827,2022-06-15,132.65045166015625,134.52125474775525,129.4475753177957,131.5338494146611,91533000,0.02011149977880744,139.5733955383301,150.12123931884764,127.39067840576172
1828,2022-06-16,127.39067840576172,129.67285985675707,126.39160844816745,129.36922461121898,108123900,-0.039651378405177296,139.04643592834472,149.2447425842285,128.85992431640625
1829,2022-06-17,128.85992431640625,130.34873276232233,127.14584046311889,127.40051391509309,134520300,0.011533386343737906,138.76287879943848,148.460811920166,133.08140563964844
1830,2022-06-21,133.08140563964844,134.2469845261448,130.58375367786297,130.68169231513036,81000500,0.032760234383474085,138.67864265441895,147.75524673461913,132.57211303710938
1831,2022-06-22,132.57211303710938,134.93263938077834,131.16166488175563,132.0235937967665,73409200,-0.003826925332589992,138.29860572814943,147.07959609985352,135.4321746826172
1832,2022-06-23,135.4321746826172,135.74559928638683,132.84635818263115,134.0119372202921,72433800,0.021573629475960976,138.19624977111818,146.5460398864746,138.75259399414062
1833,2022-06-24,138.75259399414062,138.99746302987265,136.90138468183136,137.0287064173905,89116800,0.02451721180217903,138.25208015441893,146.04153091430663,138.75259399414062
1834,2022-06-27,138.75259399414062,140.5450371291734,138.0767530642211,139.7712426067131,70207900,0.0,138.14825782775878,145.4834257507324,134.6192169189453
1835,2022-06-28,134.6192169189453,140.47648065381134,134.50168455265504,139.21296287932694,67083400,-0.02978954811734802,137.5507785797119,144.94260848999022,136.3724822998047
1836,2022-06-29,136.3724822998047,137.78293057588337,133.86502534038587,134.63881999394516,66242400,0.013023886343916491,137.08014106750488,144.44115982055663,133.91397094726562
1837,2022-06-30,133.91397094726562,135.5301005021527,131.02451949836083,134.43309207438057,98964500,-0.018027913777606597,136.49294395446776,143.84496383666993,136.07858276367188
1838,2022-07-01,136.07858276367188,136.18632571299105,132.87570725736074,133.2478979449589,71051600,0.0161641970669264,135.89154396057128,143.29538558959962,138.65463256835938
1839,2022-07-05,138.65463256835938,138.70360936186282,134.1196535002059,134.94242477245444,73353800,0.01893060430502369,135.7044651031494,142.81317214965821,139.98675537109375
1840,2022-07-06,139.98675537109375,141.16212397864905,138.1845225098008,138.44898530382812,74064300,0.009607488607188186,135.54677085876466,142.44816848754883,143.34632873535156
1841,2022-07-07,143.34632873535156,143.54222096010838,140.33933002838788,140.34911940865916,66253700,0.023999223036149653,135.43119163513182,142.12903518676757,144.0221710205078
1842,2022-07-08,144.0221710205078,144.5217134378149,142.02404618814074,142.27870461467543,64547800,0.004714751267917094,135.3861354827881,141.94234756469726,141.89669799804688
1843,2022-07-11,141.89669799804688,143.63037488194183,140.82907263468897,142.6802818681296,63141600,-0.014757957107578101,135.49534492492677,141.7176499938965,142.86639404296875
1844,2022-07-12,142.86639404296875,145.40323372369386,142.07302074051665,142.76844044820817,77588800,0.006833816844245444,135.92288627624512,141.37405166625976,142.50399780273438
1845,2022-07-13,142.50399780273438,143.44428658574307,139.20315284375937,140.05530730128564,71185600,-0.002536609415125124,136.58942070007325,141.14037460327148,145.42282104492188
1846,2022-07-14,145.42282104492188,145.8929653987599,140.30995449187216,141.12292146669557,78140700,0.02048239549200548,137.35879936218262,140.9590104675293,147.0879669189453
1847,2022-07-15,147.0879669189453,147.76380801578927,145.15839724514754,146.70597172668005,76259900,0.011450375271629953,138.08067512512207,140.78121627807616,144.05157470703125
1848,2022-07-18,144.05157470703125,148.4592176926782,143.68915834296686,147.64625063740658,81420900,-0.02064337603896116,138.91371994018556,140.41476638793947,147.90090942382812
1849,2022-07-19,147.90090942382812,148.1261847699647,143.89485526545627,144.88412086859606,82982400,0.026721920427635437,139.86576919555665,140.30624069213866,149.89898681640625
1850,2022-07-20,149.89898681640625,150.56503820748694,147.28378792798063,148.01839486109847,64823400,0.01350956799631553,140.70664825439454,140.2231803894043,152.16162109375
1851,2022-07-21,152.16162109375,152.3771070356204,148.821603940378,151.32906041419434,65086600,0.01509439340050367,141.68612365722657,140.28762954711914,150.92752075195312
1852,2022-07-22,150.92752075195312,153.07257654257938,150.2614839479798,152.20084311054111,66675400,-0.008110457373719182,142.46089096069335,140.2794026184082,149.81088256835938
1853,2022-07-25,149.81088256835938,151.85798424989775,149.1546353044719,150.849124954379,53623900,-0.007398506104323577,143.0138053894043,140.40575546264648,148.4886016845703
1854,2022-07-26,148.4886016845703,149.94801169458665,147.70501771546552,149.13504463438227,55138700,-0.008826333982684509,143.50060577392577,140.5828450012207,153.57205200195312
1855,2022-07-27,153.57205200195312,154.1009774684585,149.03708779660727,149.44846596743406,78620700,0.03423461639285574,144.44824752807617,140.77247116088867,154.12059020996094
1856,2022-07-28,154.12059020996094,154.40463173955777,151.2409277129022,153.75817384315252,81378700,0.0035718622031619685,145.33565292358398,141.00382369995117,159.1746826171875
1857,2022-07-29,159.1746826171875,160.27170619819887,156.226464436767,157.93075852013737,101786900,0.03279310311711936,146.59868850708008,141.26377670288085,158.19517517089844
1858,2022-08-01,158.19517517089844,160.23248719622674,157.58790478823227,157.70543713439505,67829400,-0.006153663573778001,147.70451812744142,141.66908279418945,156.7259979248047
1859,2022-08-02,156.7259979248047,159.076750020311,156.35380709254014,156.81416215078264,59907000,-0.009287117919409282,148.60808639526368,142.11298141479492,162.72035217285156
1860,2022-08-03,162.72035217285156,163.1709027619496,157.450766526114,157.53891577890045,82507500,0.038247350965491256,149.74476623535156,142.67206588745117,162.40695190429688
1861,2022-08-04,162.40695190429688,163.7586338892835,161.05526991931026,162.6028441618955,55474100,-0.0019260053482540451,150.69779739379882,143.1167478942871,162.1813507080078
1862,2022-08-05,162.1813507080078,162.67176904705062,159.87637852795464,160.0823608155598,56697000,-0.0013891104638303897,151.60575637817382,143.61078903198242,161.71054077148438
1863,2022-08-08,161.71054077148438,164.59420304327227,161.05338198319762,163.18179581085533,60276900,-0.0029029844335868304,152.5964485168457,144.0922801208496,161.7595672607422
1864,2022-08-09,161.7595672607422,162.64232916411427,160.12157196524083,160.87682032374863,63135500,0.0003031743572430301,153.54110717773438,144.51089065551758,165.996826171875
1865,2022-08-10,165.996826171875,166.0949008724902,163.70165667502752,164.4667081851827,70170500,0.02619479628245247,154.71574859619142,144.89945114135742,165.2611541748047
1866,2022-08-11,165.2611541748047,167.713245527213,164.96690021924013,166.80105976160058,57149200,-0.004431843752895515,155.70766525268556,145.2889695739746,168.802001953125
1867,2022-08-12,168.802001953125,168.87065273956517,166.1537308916434,166.56569547580565,68039400,0.02142577180947791,156.79336700439453,145.75185134887695,169.87110900878906
1868,2022-08-15,169.87110900878906,170.06727335382837,168.0663730882192,168.2331135298216,54091700,0.006333497489922735,158.08434371948243,146.1871418762207,169.71414184570312
1869,2022-08-16,169.71414184570312,170.38111846177,168.3704006026436,169.4689327157213,56377100,-0.0009240368418258482,159.17500534057618,146.73350051879882,171.20501708984375
1870,2022-08-17,171.20501708984375,172.77434653771422,169.26296497615442,169.45912928634104,79542000,0.008784625888725639,160.24030685424805,147.29478805541993,170.81271362304688
1871,2022-08-18,170.81271362304688,171.54834118381174,169.8024529702403,170.4203849105247,62290100,-0.0022914250613987885,161.1728614807129,147.79788406372072,168.23312377929688
1872,2022-08-19,168.23312377929688,170.4105825645676,168.02714147630917,169.71418188591318,70346300,-0.015101860915591403,162.03814163208008,148.26408065795897,164.35882568359375
1873,2022-08-22,164.35882568359375,166.6049353146799,163.93705808753546,166.43819485878106,69026800,-0.0230293417174241,162.7655387878418,148.7570069885254,164.0253448486328
1874,2022-08-23,164.0253448486328,165.4769941855601,163.45645767060176,163.87822530534152,54147100,-0.002028980394414126,163.54237594604493,149.35120254516602,164.319580078125
1875,2022-08-24,164.319580078125,164.88846719098774,163.06411023124903,164.11361274111158,53841500,0.001793840029805871,164.07975234985352,150.05412796020508,166.77166748046875
1876,2022-08-25,166.77166748046875,166.87956011908489,165.1238689631101,165.5456215718219,51218200,0.01492267325158636,164.7123062133789,150.78885635375977,160.48451232910156
1877,2022-08-26,160.48451232910156,167.77213753118554,160.42566451575846,167.3013400580589,78961000,-0.037699180240573504,164.7777976989746,151.34553756713868,158.2874298095703
1878,2022-08-29,158.2874298095703,159.7782908024648,156.7573269679059,158.06182659509352,73314000,-0.013690308726026723,164.78241043090821,151.96347259521485,155.86476135253906
1879,2022-08-30,155.86476135253906,159.44480926961938,154.6975633016655,159.02305667853338,77906200,-0.015305501264035182,164.7393486022949,152.5035693359375,154.20712280273438
1880,2022-08-31,154.20712280273438,157.5027341926007,154.12865408316875,157.23790413486398,87991100,-0.010635107868002258,164.31368713378907,152.92608367919922,154.93292236328125
1881,2022-09-01,154.93292236328125,155.3840987203859,151.70596226705732,153.63821114784932,74229900,0.004706653929827498,163.9399856567383,153.37329986572266,152.8241424560547
1882,2022-09-02,152.8241424560547,157.2869518100939,152.0002433352291,156.6886409081276,76957800,-0.013610921907752926,163.4721252441406,153.7211392211914,151.56866455078125
1883,2022-09-06,151.56866455078125,154.079603619405,150.74476547508485,153.47148977301632,73714800,-0.008215180436130787,162.96503143310548,153.9774606323242,152.97129821777344
1884,2022-09-07,152.97129821777344,153.6676838931478,150.66632598771957,151.85314497915547,87449600,0.009254113778394135,162.52561798095704,154.26183471679687,151.50001525878906
1885,2022-09-08,151.50001525878906,153.36359865770876,149.75411248649127,151.67655864828822,84923800,-0.009618032769061147,161.80077743530273,154.59945068359374,154.354248046875
1886,2022-09-09,154.354248046875,154.79563648166842,151.7844609924952,152.49066452851048,68028800,0.01883981848589511,161.25543212890625,154.95908599853516,160.29812622070312
1887,2022-09-12,160.29812622070312,161.11222243462,156.24728104104713,156.53171708379904,104956000,0.03850803103276479,160.83023834228516,155.4867691040039,150.89190673828125
1888,2022-09-13,150.89190673828125,157.46350930410847,150.43091231518306,156.8357744463717,122656600,-0.058679534840420544,159.88127822875975,155.7830355834961,152.33375549316406
1889,2022-09-14,152.33375549316406,154.08946168271527,150.66633598686377,151.82371618505977,87965400,0.009555507555376597,159.01225891113282,156.05661804199218,149.4500732421875
1890,2022-09-15,149.4500732421875,152.26508456095567,148.47905455230304,151.6863795720259,90481100,-0.01893002796156995,157.92451171875,156.24588439941405,147.8120880126953
1891,2022-09-16,147.8120880126953,148.44964084888636,145.52673670084437,148.31232430924803,162278800,-0.010960083149894384,156.77448043823242,156.33519958496095,151.51963806152344
1892,2022-09-19,151.51963806152344,151.59810678770754,146.2427471814607,146.44871449211215,81474200,0.02508286093969314,155.93880615234374,156.48514892578126,153.89324951171875
1893,2022-09-20,153.89324951171875,155.05064442927653,150.1464616536784,150.46032156880005,107689800,0.015665371700739783,155.41552734375,156.72507995605469,150.77423095703125
1894,2022-09-21,150.77423095703125,155.6980357811973,150.65653533272163,154.32485530993193,101696800,-0.020267416306977037,154.75297164916992,156.88323669433595,149.81300354003906
1895,2022-09-22,149.81300354003906,151.50984684718208,148.0180705759549,149.4599017279835,86652500,-0.006375276536917829,154.02764282226562,157.02941680908202,147.5472412109375
1896,2022-09-23,147.5472412109375,148.5673196468233,145.71308157487604,148.29268659863374,96029900,-0.01512393634439091,153.06642150878906,157.07190521240236,147.8807373046875
1897,2022-09-26,147.8807373046875,150.82324708343862,146.77238716545008,146.79200808789446,93339400,0.0022602665492961194,152.43623275756835,157.0877606201172,148.85177612304688
1898,2022-09-27,148.85177612304688,151.75505941669135,147.07646404392761,149.81300689014782,84442700,0.006566364464079433,151.96445007324218,157.1837646484375,146.96853637695312
1899,2022-09-28,146.96853637695312,147.75320856386915,142.06435391669942,144.81069908771693,146691400,-0.012651778804016356,151.5196388244629,157.1651171875,139.74960327148438
1900,2022-09-29,139.74960327148438,143.9083561021041,137.98409428837317,143.3002421615135,128138200,-0.04911890179645817,150.7967628479004,156.96212951660155,135.55160522460938
1901,2022-09-30,135.55160522460938,140.35771319334796,135.35544091221504,138.5725835278908,124925300,-0.030039427294256904,149.82769699096679,156.62992919921874,139.72021484375
1902,2022-10-03,139.72021484375,140.32834390512355,135.05143653979655,135.56147592361143,114311700,0.03075293436941018,149.17250061035156,156.4057830810547,143.30026245117188
1903,2022-10-04,143.30026245117188,143.41795807791704,141.4955113649154,142.25075989142124,87830100,0.02562297525397783,148.7590805053711,156.27557067871095,143.5945281982422
1904,2022-10-05,143.5945281982422,144.55575921653295,140.26949142745454,141.30919120028238,79471000,0.002053490635933519,148.29024200439454,156.17768920898436,142.64309692382812
1905,2022-10-06,142.64309692382812,144.712663290669,142.43712956504083,143.0158197187154,68402200,-0.00662581845110799,147.84739608764647,155.95911010742188,137.4053955078125
1906,2022-10-07,137.4053955078125,140.35772324812106,136.7776606833551,139.80844218113944,85925600,-0.03671892667061605,146.99995346069335,155.62480621337892,137.72909545898438
1907,2022-10-10,137.72909545898438,139.1709266873786,135.91455644051044,137.72909545898438,74899000,0.002355802332037804,145.87150192260742,155.19589447021485,136.316650390625
1908,2022-10-11,136.316650390625,138.64124303543636,135.57122005048993,137.21901816017072,77033700,-0.010255241012455452,145.14273910522462,154.75832397460937,135.68896484375
1909,2022-10-12,135.68896484375,137.67025945099226,135.51242139642648,136.46383432846753,70433700,-0.00460461392703182,144.3104995727539,154.33758331298827,140.24986267089844
1910,2022-10-13,140.24986267089844,140.83835578471064,131.79503908177543,132.40316808901153,113224000,0.03361288688730468,143.85048904418946,153.88817352294922,135.7281494140625
1911,2022-10-14,135.7281494140625,141.75048447082304,135.54178809850927,141.54450223616521,88598000,-0.03224041129684607,143.2462921142578,153.35459747314454,139.68096923828125
1912,2022-10-17,139.68096923828125,140.16156968133146,137.5819791306435,138.36665154683308,85250900,0.029123065784681046,142.65435867309571,152.90458984375,140.99525451660156
1913,2022-10-18,140.99525451660156,143.8887193551449,137.91542833833753,142.70191550699425,99136600,0.009409193575098174,142.00945892333985,152.49028411865234,141.10316467285156
1914,2022-10-19,141.10316467285156,142.1722730567363,138.78838952105372,138.974750883936,61758300,0.0007653460155092606,141.52590560913086,152.07715606689453,140.64218139648438
1915,2022-10-20,140.64218139648438,143.0942732786787,139.91635681145763,140.27927658716155,64522000,-0.003266994595308881,141.06736450195314,151.57006317138672,144.44781494140625
1916,2022-10-21,144.44781494140625,145.0167019837592,139.916339525803,140.13212478208789,86548600,0.02705897695225179,140.91239318847656,151.15379638671874,146.58604431152344
1917,2022-10-24,146.58604431152344,147.3510957532076,143.2021606323234,144.3693587197694,75981900,0.014802780997307252,140.84765853881837,150.70947723388673,149.42066955566406
1918,2022-10-25,149.42066955566406,149.5678040506047,146.49778017936205,147.2137868289863,74732300,0.019337620149681545,140.87610321044923,150.30046844482422,146.4879913330078
1919,2022-10-26,146.4879913330078,149.0774000501519,145.20308247196704,148.06713927955596,88194300,-0.019626991576046526,140.85207595825196,149.8359454345703,142.02516174316406
1920,2022-10-27,142.02516174316406,146.1937178528811,141.36800292889203,145.23250204640354,109180200,-0.030465497883020998,140.96585388183593,149.25234832763672,152.7554931640625
1921,2022-10-28,152.7554931640625,154.48176014348397,144.98726930709842,145.35997702745019,164762400,0.07555232670886158,141.8260482788086,148.89120391845702,150.40151977539062
1922,2022-10-31,150.40151977539062,151.28428192484714,149.0087332370563,150.22497632532892,97943200,-0.01541007357518498,142.36011352539063,148.5345718383789,147.76303100585938
1923,2022-11-01,147.76303100585938,152.4710497811702,146.27217011734126,152.10814502054632,80379300,-0.017542966144700967,142.583251953125,148.20265594482422,142.25071716308594
1924,2022-11-02,142.25071716308594,149.25388921211223,142.22129326523782,146.09559446780847,93604600,-0.0373050945507124,142.51606140136718,147.7671633911133,136.2185821533203
1925,2022-11-03,136.2185821533203,140.06345955714755,136.09106861510674,139.33763513663766,97918500,-0.042404953240762766,142.1948356628418,147.20514343261718,135.95330810546875
1926,2022-11-04,135.95330810546875,140.16807005387253,132.02345398469166,139.5982394074154,140814800,-0.0019474145425547595,142.12223129272462,146.58877624511717,136.48387145996094
1927,2022-11-07,136.48387145996094,136.70983394000362,133.29086405936027,134.70561435237354,83374600,0.0039025409670840894,142.05997009277343,146.10876342773437,137.05368041992188
1928,2022-11-08,137.05368041992188,138.94982808586678,135.07893386231837,137.94772594743225,89908500,0.004174917914224752,142.0968215942383,145.6840884399414,132.50486755371094
1929,2022-11-09,132.50486755371094,136.12034157773797,132.22977893126608,136.07121539704306,74917800,-0.033190008851084696,141.93761672973633,145.21689056396485,144.29441833496094
1930,2022-11-10,144.29441833496094,144.29441833496094,137.05366669118547,138.7631586833069,118854000,0.08897447315640017,142.13984451293945,145.01863647460937,147.07484436035156
1931,2022-11-11,147.07484436035156,147.37940577392345,141.83830991998155,143.26289458275522,93979700,0.019269116972606914,142.7071792602539,144.86147491455077,145.67970275878906
1932,2022-11-14,145.67970275878906,147.644629976999,144.84460269456784,146.3576050476643,73374100,-0.009485929477812238,143.0071159362793,144.71858612060547,147.40887451171875
1933,2022-11-15,147.40887451171875,150.8966242970365,145.95483216140596,149.55065357357725,89868300,0.011869682050304364,143.32779693603516,144.6353903198242,146.1807861328125
1934,2022-11-16,146.1807861328125,147.2418488642614,144.70709039322372,146.51483522710427,64218300,-0.00833116990394378,143.5816780090332,144.499580078125,148.07693481445312
1935,2022-11-17,148.07693481445312,148.82360185357618,143.58706836561342,143.86215701114332,80389400,0.012971257932064217,143.95341567993165,144.43111846923827,148.6369171142578
1936,2022-11-18,148.6369171142578,150.022194440957,147.3400729082456,149.63903422199823,74829600,0.003781698348269913,144.16287078857422,144.31677185058595,145.41444396972656
1937,2022-11-21,145.41444396972656,147.73305885560603,145.12953609848137,147.52674987775407,58724100,-0.021680166725027816,144.1042907714844,144.0190982055664,147.54640197753906
1938,2022-11-22,147.54640197753906,147.7821986794849,144.3533947208252,145.53236323934706,51804100,0.01466125337766555,144.0105773925781,143.95218811035156,148.4208221435547
1939,2022-11-23,148.4208221435547,149.16748927839564,146.72114887646376,146.82922050043365,58301400,0.005926407925208155,144.10721893310546,143.87392944335937,145.51271057128906
1940,2022-11-25,145.51271057128906,146.2692118769101,144.54006603549058,145.7092003283938,35195900,-0.01959368995714672,144.2815963745117,143.7951821899414,141.69091796875
1941,2022-11-28,141.69091796875,144.06847835661756,140.86565204725017,142.59478278627932,69246000,-0.026264321429616322,143.7283676147461,143.6727587890625,138.69442749023438
1942,2022-11-29,138.69442749023438,142.27059550015326,137.88881488460692,141.75971007267643,83763800,-0.021148077247805652,143.14301300048828,143.41625457763672,145.4341278076172
1943,2022-11-30,145.4341278076172,146.1120302873751,138.08530213977906,138.92038744793726,111380900,0.048593879648534344,143.02656784057618,143.24707214355467,145.70919799804688
1944,2022-12-01,145.70919799804688,146.51482547786148,144.03901260255705,145.61096061666942,71250400,0.0018913730537413187,143.19949188232422,143.145771484375,145.2179718017578
1945,2022-12-02,145.2179718017578,145.40464232225125,143.09584639700262,143.4004227674544,65447400,-0.0033712778811372246,143.6494613647461,143.05387084960938,144.05865478515625
1946,2022-12-05,144.05865478515625,148.2734173934748,143.21373541725012,145.17866278529172,68826400,-0.007983288860308524,144.05472869873046,142.98409912109375,140.4039306640625
1947,2022-12-06,140.4039306640625,144.7169469269184,139.43128592921317,144.49098440956536,64727200,-0.025369694910342355,144.25073165893554,142.83456298828125,138.46847534179688
1948,2022-12-07,138.46847534179688,140.8558556105538,137.54495680465763,139.69655531326703,69721100,-0.013784908393316253,144.32147140502929,142.62689697265625,140.14846801757812
1949,2022-12-08,140.14846801757812,141.00322179654424,138.62566097989853,139.8635600853956,62128300,0.012132672593053062,144.70365142822266,142.49049560546874,139.66702270507812
1950,2022-12-09,139.66702270507812,143.0172270285968,138.42910903026953,139.8438589493627,76097000,-0.0034352520531271136,144.4722816467285,142.48884399414064,141.95619201660156
1951,2022-12-12,141.95619201660156,141.96601125722427,138.58633357333804,140.19757351667832,70462700,0.016390191952163624,144.21634902954102,142.61693572998047,142.91900634765625
1952,2022-12-13,142.91900634765625,147.34009332894186,141.71058010364294,146.87833415604433,93886200,0.00678247505358609,144.07831420898438,142.6809115600586,140.6986541748047
1953,2022-12-14,140.6986541748047,144.08815144991274,138.68460028950005,142.80112620848055,82291200,-0.015535737545295136,143.74280319213867,142.62887939453125,134.1062774658203
1954,2022-12-15,134.1062774658203,139.31333739130548,133.64451838807022,138.63543512859985,98931900,-0.04685458256618413,143.13907775878906,142.43911437988282,132.1511993408203
1955,2022-12-16,132.1511993408203,135.23613504981998,131.38487878191776,134.2929782040358,160156900,-0.014578572770378218,142.34279098510743,142.22927642822265,130.04872131347656
1956,2022-12-19,130.04872131347656,132.82909551472687,129.01714637272462,132.74067737544078,79592600,-0.015909640153332405,141.41338119506835,142.08214294433594,129.97994995117188
1957,2022-12-20,129.97994995117188,130.91328746393052,127.61220884643005,129.08590439011405,77432800,-0.0005288122913482685,140.64165649414062,141.92716003417968,133.07470703125
1958,2022-12-21,133.07470703125,134.41085828161889,130.42205800232537,130.64802045895354,85928000,0.023809495858712726,139.91807174682617,141.8623211669922,129.91116333007812
1959,2022-12-22,129.91116333007812,132.20030541745464,128.01501569466643,131.9939964474779,77852100,-0.02377268957976353,138.99258880615236,141.74676513671875,129.5476837158203
1960,2022-12-23,129.5476837158203,130.09786107261186,127.36661277196195,128.62416529925937,63814900,-0.00279790900905319,138.1943374633789,141.53272155761718,127.74974822998047
1961,2022-12-27,127.74974822998047,129.10555287498912,126.46272323679953,129.0760801645503,69007800,-0.013878561424408353,137.49727897644044,141.37315353393555,123.82974243164062
1962,2022-12-28,123.82974243164062,128.73223486036684,123.66272537894751,127.39608344761355,85438400,-0.030685037369176493,136.75404472351073,141.05612899780274,127.33710479736328
1963,2022-12-29,127.33710479736328,128.19184331205201,125.49007597127037,125.74551110442214,75703700,0.028324070589574868,135.84919357299805,140.78296600341798,127.65152740478516
1964,2022-12-30,127.65152740478516,127.67118088033511,125.19537514897438,126.15819306959533,77034200,0.0024692143576079406,134.94631004333496,140.51393325805665,122.87675476074219
1965,2023-01-03,122.87675476074219,128.60451337209517,121.99253578697103,127.99539057563403,112117500,-0.03740474353199141,133.8292491912842,140.1586247253418,124.14411163330078
1966,2023-01-04,124.14411163330078,126.40378110334795,122.88655931785308,124.66481618620305,89113600,0.010314049024376493,132.8335220336914,139.7525506591797,122.8276138305664
1967,2023-01-05,122.8276138305664,125.52938912334946,122.57217865426507,124.90061292758642,80962700,-0.010604593205540636,131.9547061920166,139.27738204956054,127.34690856933594
1968,2023-01-06,127.34690856933594,128.00515728694438,122.69986061270168,123.80022238356457,87754700,0.03679380065954585,131.39862785339355,138.835906829834,127.86767578125
1969,2023-01-09,127.86767578125,131.07051781969213,127.61224055371211,128.1820714377982,70790800,0.004089358884048044,130.78458824157715,138.46350051879884,128.4375
1970,2023-01-10,128.4375,128.95820466182693,125.87326865028986,127.97574077291436,63896200,0.004456358616581335,130.22311210632324,138.19174728393554,131.14910888671875
1971,2023-01-11,131.14910888671875,131.16874737067045,128.1722445262406,128.94838439618852,69458900,0.02111228330291981,129.6827579498291,137.75961959838867,131.0705108642578
1972,2023-01-12,131.0705108642578,131.90559617413024,129.13505580606935,131.53227009080283,71379600,-0.0005993027564435982,129.09033317565917,137.37299942016602,132.3968048095703
1973,2023-01-13,132.3968048095703,132.55400260182785,129.35117628841525,129.71468306570503,57809700,0.010118934736479845,128.67524070739745,137.06567489624024,133.5561065673828
1974,2023-01-17,133.5561065673828,134.88242345634274,131.77784981822288,132.46557135226192,63646600,0.00875626688634945,128.6477321624756,136.89178268432616,132.83892822265625
1975,2023-01-18,132.83892822265625,136.1792989256054,132.6620769549058,134.42069543585905,69672800,-0.005369865617973257,128.68211860656737,136.8241896057129,132.8979034423828
1976,2023-01-19,132.8979034423828,133.86071392112063,131.42420750930626,131.72876893688178,58280400,0.0004439603700183703,128.8245777130127,136.76308151245118,135.4522705078125
1977,2023-01-20,135.4522705078125,135.59964906296133,131.86628386729487,132.90769302903612,80223600,0.01922052191393009,129.09819374084472,136.7424494934082,138.635498046875
1978,2023-01-23,138.635498046875,140.8067501207088,135.48178195598197,135.69792523903192,81760300,0.02350073222935678,129.37623329162597,136.77408584594727,140.03053283691406
1979,2023-01-24,140.03053283691406,140.64948968940584,137.83964325138285,137.84946249034775,66435100,0.01006260885337884,129.88220176696777,136.92459915161132,139.37229919433594
1980,2023-01-25,139.37229919433594,139.93229570032543,136.37578195167205,138.41930821894437,65799300,-0.004700643704217966,130.37343254089356,136.82615676879882,141.43548583984375
1981,2023-01-26,141.43548583984375,141.72039372676826,139.41159795380088,140.65933109437518,54105100,0.01480341974290722,131.0577194213867,136.71336959838868,143.3709716796875
1982,2023-01-27,143.3709716796875,144.64817794345515,140.57095813076285,140.64955705374058,70555800,0.013684584376762565,132.03478088378907,136.66719497680663,140.4923095703125
1983,2023-01-30,140.4923095703125,142.9975950119405,140.34494601130174,142.41794502488958,64015300,-0.020078416681211908,132.69254112243652,136.5288636779785,141.7596893310547
1984,2023-01-31,141.7596893310547,141.80881551729502,139.78494257033407,140.19757555057984,65874500,0.009020990292055053,133.39794921875,136.44044174194335,142.8797149658203
1985,2023-02-01,142.8797149658203,144.03903014040526,138.84180280794712,141.44532609516176,77663600,0.007900875347927716,134.3980972290039,136.3364973449707,148.17518615722656
1986,2023-02-02,148.17518615722656,148.52885870656533,145.57164829200897,146.2888426135127,118339000,0.037062442297516096,135.5996509552002,136.32726272583008,151.79063415527344
1987,2023-02-03,151.79063415527344,154.6201342687517,145.23760339877686,145.43409313083382,154357300,0.02439982085941561,137.04780197143555,136.45478652954102,149.06924438476562
1988,2023-02-06,149.06924438476562,150.41523013113607,148.13590667152536,149.89452545981646,69858300,-0.017928575011577963,138.13391876220703,136.48524337768555,151.93798828125
1989,2023-02-07,151.93798828125,152.50781896271047,147.9983146799996,147.9983146799996,83322600,0.01924437135456203,139.33743438720703,136.55558670043945,149.2559051513672
1990,2023-02-08,149.2559051513672,151.86926257026718,148.51905726950346,151.18154087876943,64120100,-0.017652485466097212,140.37835464477538,136.63045059204103,148.22430419921875
1991,2023-02-09,148.22430419921875,151.62363543992853,147.782198500911,151.0832773681269,56007100,-0.006911625714923986,141.23211441040038,136.7611183166504,148.58837890625
1992,2023-02-10,148.58837890625,148.913088785703,146.82709018156558,147.06324691592152,57450700,0.00245624163323388,142.1080078125,136.9589973449707,151.38282775878906
1993,2023-02-13,151.38282775878906,151.7862414824205,148.49980618651492,148.52932389765635,62199000,0.01880664472624871,143.05730895996095,137.07797134399414,150.74325561523438
1994,2023-02-14,150.74325561523438,151.30412220458746,148.44078385852455,149.68057287811524,61707600,-0.004224865878273643,143.91666641235352,137.1786524963379,152.83909606933594
1995,2023-02-15,152.83909606933594,153.00636811059493,150.42838780610393,150.6546952720313,65573800,0.013903377935866601,144.9166748046875,137.33107498168945,151.24505615234375
1996,2023-02-16,151.24505615234375,153.8230360580732,150.89082864502956,151.0482514150965,68167900,-0.010429529864983245,145.83403244018555,137.4748030090332,150.10366821289062
1997,2023-02-17,150.10366821289062,150.5464488832577,148.4309328947845,149.90687847207133,59144100,-0.00754661321493677,146.56660232543945,137.66879776000977,146.09893798828125
1998,2023-02-21,146.09893798828125,148.87372305726493,146.03006833094608,147.79135689260553,58867200,-0.026679762542041963,146.93977432250978,137.82140701293946,146.5220184326172
1999,2023-02-22,146.5220184326172,147.54533393656627,144.80008218957667,146.4826514820273,51011300,0.0028958488690031814,147.26434860229492,137.94887802124023,147.0041961669922
2000,2023-02-23,147.0041961669922,147.92912460701393,144.87884561858363,147.68313363952294,48394200,0.0032908209942299482,147.64594345092775,138.09562149047852,144.3573760986328
2001,2023-02-24,144.3573760986328,144.82967465084565,143.38324625897485,144.7509557231268,55469600,-0.018005064735381215,147.7920379638672,138.14364517211914,145.54791259765625
2002,2023-02-27,145.54791259765625,146.77786725557394,145.0854484451516,145.34128862301924,44998500,0.008247146984785791,147.90088500976563,138.19622329711913,145.046142578125
2003,2023-02-28,145.046142578125,146.6893607214016,144.47544163386908,144.6919149235558,50547000,-0.0034474559653652204,148.12857666015626,138.28317306518554,142.97979736328125
2004,2023-03-01,142.97979736328125,144.8690063216874,142.6846051791963,144.47542675230628,55479000,-0.014246123186149373,148.18958206176757,138.46064346313477,143.57017517089844
2005,2023-03-02,143.57017517089844,144.35734928778834,141.59239813777418,142.0647116163666,52238100,0.0041290994847136275,148.22410507202147,138.68902297973634,148.6080780029297
2006,2023-03-03,148.6080780029297,148.68679692265323,144.96741429678426,145.6660203114201,70732300,0.03509017681447002,148.24574966430663,139.0602101135254,151.36317443847656
2007,2023-03-06,151.36317443847656,153.7935665673354,150.9991125857975,151.32380747304748,87558000,0.018539345051569622,148.2243766784668,139.48787460327148,149.16891479492188
2008,2023-03-07,149.16891479492188,151.55993956940895,148.7064506179963,151.23522972088062,56182000,-0.014496654497997308,148.2293601989746,139.80975875854492,150.4185333251953
2009,2023-03-08,150.4185333251953,151.00891757952724,149.39521763366128,150.35949790258118,47204800,0.008377204674254068,148.15338745117188,140.21990615844726,148.17510986328125
2010,2023-03-09,148.17510986328125,152.06176399701366,147.82088228318355,151.09748364556307,53833600,-0.014914541528362912,148.09934768676757,140.59245468139648,146.11862182617188
2011,2023-03-10,146.11862182617188,148.5194958597798,145.242894659562,147.80120650188752,68572400,-0.013878768431532573,147.99406356811522,140.95983215332032,148.05702209472656
2012,2023-03-13,148.05702209472656,150.68420342446277,145.33143838738883,145.43967499711258,84457100,0.013265935883659541,147.96749572753907,141.44437774658203,150.14305114746094
2013,2023-03-14,150.14305114746094,150.94005952145656,147.69299059245188,148.85406081281639,73695900,0.014089362484946744,147.90550689697267,141.90049667358397,150.53663635253906
2014,2023-03-15,150.53663635253906,150.79246155107444,147.51586009545082,148.76549840164833,77167900,0.0026214014039955824,147.8951759338379,142.35819885253906,153.3507843017578
2015,2023-03-16,153.3507843017578,153.9510028988609,149.20828955550553,149.71995500240442,76161100,0.018694106746402595,147.92076034545897,142.96767944335937,152.51438903808594
2016,2023-03-17,152.51438903808594,154.22649145558808,151.80593390078133,153.57707174404283,98944600,-0.005454130981332628,147.9842269897461,143.53508499145508,154.87591552734375
2017,2023-03-20,154.87591552734375,155.28919358755078,151.6780327765039,152.5832927983786,73641400,0.015483958622868554,148.22283935546875,144.17605102539062,156.7257537841797
2018,2023-03-21,156.7257537841797,156.84382463636302,154.02968755125636,154.7971931327365,73938300,0.01194400207764601,148.75418014526366,144.7636279296875,155.2989959716797
2019,2023-03-22,155.2989959716797,159.53987720924363,155.27931249330243,156.74542384346483,75701800,-0.009103531347277705,149.1930290222168,145.3122543334961,156.38136291503906
2020,2023-03-23,156.38136291503906,158.9593583364734,155.15140813839363,156.28297554136526,67622100,0.00696956819705874,149.66188735961913,145.87113159179688,157.68020629882812
2021,2023-03-24,157.68020629882812,157.76875944157217,155.31869907440637,156.31249715364865,59196500,0.00830561493759796,150.3280288696289,146.40175354003907,155.74180603027344
2022,2023-03-27,155.74180603027344,158.19188156427322,155.33837722493854,157.37518971960662,52390300,-0.01229323777571123,150.83772354125978,146.89517944335938,155.1218719482422
2023,2023-03-28,155.1218719482422,155.9484128704115,153.4786543640599,155.4367475403247,45992200,-0.003980524547858022,151.3415100097656,147.3496807861328,158.1918487548828
2024,2023-03-29,158.1918487548828,158.46735739062942,156.79462209814082,156.81429056205513,51305700,0.01979074109977841,152.10211257934571,147.84239562988282,159.75634765625
2025,2023-03-30,159.75634765625,159.86458426430409,158.68383082177425,158.93965597985908,49501700,0.00988988316200401,152.9114212036133,148.38074401855468,162.25563049316406
2026,2023-03-31,162.25563049316406,162.35403288236776,159.31358823359025,159.8350878653574,68749800,0.01564434135845305,153.593798828125,148.9678985595703,163.5052490234375
2027,2023-04-03,163.5052490234375,163.6233198649464,161.586522778444,161.6357239671043,56976200,0.0077015418600594465,154.20090255737304,149.52895812988282,162.9739532470703
2028,2023-04-04,162.9739532470703,164.16454121432164,162.46228779099377,163.92839947620809,46278300,-0.003249411132305813,154.89115447998046,150.0157272338867,161.1339111328125
2029,2023-04-05,161.1339111328125,162.40323287933546,159.20535043705326,162.0982064947886,51511700,-0.011290406090035066,155.42692337036132,150.4377947998047,162.01947021484375
2030,2023-04-06,162.01947021484375,162.31466233453045,159.40212310856722,159.8252203026454,45390100,0.0054957958619978875,156.11914138793946,150.89073822021484,159.43165588378906
2031,2023-04-10,159.43165588378906,159.43165588378906,157.51292944566782,158.8314373555464,47716900,-0.015972242889222832,156.7847930908203,151.25066162109374,158.2213897705078
2032,2023-04-11,158.2213897705078,159.75637097122245,157.93603184667685,159.7465367378167,47644200,-0.0075911280389850955,157.2930114746094,151.54766998291015,157.53262329101562
2033,2023-04-12,157.53262329101562,159.46118408911326,157.2177476424543,158.6346580327857,50133100,-0.004353181832691622,157.6624900817871,151.8884762573242,162.90504455566406
2034,2023-04-13,162.90504455566406,163.14120127307194,158.83143501847854,159.03807402297244,68445600,0.03410354726794451,158.28091049194336,152.3113833618164,162.5606689453125
2035,2023-04-14,162.5606689453125,163.65286938363687,161.19295983913122,161.9506011686896,49386500,-0.0021139652936523756,158.74140472412108,152.70500244140624,162.580322265625
2036,2023-04-17,162.580322265625,162.73776006518966,161.39956879707992,162.44256794452966,41516200,0.00012089837252760027,159.24470138549805,152.99310516357423,163.8004608154297
2037,2023-04-18,163.8004608154297,164.7253892225956,162.99360326395418,163.43639900098648,49923000,0.007504835350315098,159.69092864990233,153.23330169677735,164.94183349609375
2038,2023-04-19,164.94183349609375,165.46333303592274,162.88533803142178,163.14117819260926,47720200,0.006968067580409132,160.10173263549805,153.5507534790039,163.97755432128906
2039,2023-04-20,163.97755432128906,165.17799130758831,162.9050374280842,163.4265370188754,52456400,-0.005846177130239827,160.53566055297853,153.79154479980468,162.3737030029297
2040,2023-04-21,162.3737030029297,163.78076396537094,161.85220341407148,162.40322071444277,58337300,-0.009780919864293525,160.83527755737305,154.05390075683593,162.67872619628906
2041,2023-04-24,162.67872619628906,162.94440060882783,161.26181601487568,162.3540163618739,41949600,0.0018785258186411191,161.0852035522461,154.34298919677735,161.1437530517578
2042,2023-04-25,161.1437530517578,163.64301445601814,161.1043860925183,162.54097982284455,48714100,-0.009435610792029037,161.3553009033203,154.5940966796875,161.1339111328125
2043,2023-04-26,161.1339111328125,162.6295403559192,160.1893142654478,160.44513945575562,45498800,-6.107539857380662e-05,161.65590286254883,154.78911834716797,165.7093505859375
2044,2023-04-27,165.7093505859375,165.85693915334915,162.5409858833323,162.5409858833323,64902300,0.028395260941402656,162.03177795410156,155.08844024658202,166.958984375
2045,2023-04-28,166.958984375,167.12627144742981,165.18786139778672,165.7880799666726,55275900,0.007541118136326519,162.39190979003905,155.37083801269532,166.8704071044922
2046,2023-05-01,166.8704071044922,167.71661652166532,165.93564455408003,166.56538074727197,52472900,-0.0005305331176959083,162.62264862060547,155.68334503173827,165.8372344970703
2047,2023-05-02,165.8372344970703,167.61822139630092,164.85327080237903,167.36238122666072,48425700,-0.006191466931430911,162.7392478942871,155.99801635742188,164.76473999023438
2048,2023-05-03,164.76473999023438,168.17909567440717,164.47939708632646,166.78186884038578,65136000,-0.006467151421624129,162.82878723144532,156.37133239746095,163.13134765625
2049,2023-05-04,163.13134765625,164.36130237503923,161.67508547315035,162.24578626436005,81235400,-0.009913482302592036,162.92865905761718,156.7035189819336,170.78659057617188
2050,2023-05-05,170.78659057617188,171.50487988988195,168.02163990321543,168.23811312336284,113453200,0.04692686617199393,163.36701507568358,157.1791668701172,170.7176971435547
2051,2023-05-08,170.7176971435547,171.06209043449635,169.34998823962542,169.71404999386525,55962800,-0.00040338900369618624,163.9313171386719,157.70637329101564,169.01547241210938
2052,2023-05-09,169.01547241210938,170.7570775926942,168.84820036158354,170.27494492179522,45326900,-0.009970991642500482,164.47102127075195,158.17572448730468,170.77676391601562
2053,2023-05-10,170.77676391601562,171.23922812803062,169.14338031673282,170.24543004162442,53724500,0.010420889157483293,165.13322830200195,158.6903369140625,170.96371459960938
2054,2023-05-11,170.96371459960938,171.79024060925457,169.40904995436452,171.06211698775132,49514700,0.0010947079644025859,165.53616180419922,159.25001525878906,170.03750610351562
2055,2023-05-12,170.03750610351562,171.50563041723674,168.49053896760506,171.07208510437357,45533100,-0.005417573537536247,165.91000366210938,159.7793618774414,169.5448455810547
2056,2023-05-15,169.5448455810547,170.66811525184778,168.95364468701064,170.6188460048669,37266700,-0.0028973638448979155,166.25822982788085,160.1980972290039,169.5448455810547
2057,2023-05-16,169.5448455810547,170.5991352991019,169.27880367524853,169.46601779285794,42110300,0.0,166.54544906616212,160.56173065185547,170.15576171875
2058,2023-05-17,170.15576171875,170.3922300756776,167.91906995533154,169.19014751327734,57951600,0.0036032716630318706,166.80614547729493,160.98146759033204,172.4811248779297
2059,2023-05-18,172.4811248779297,172.66833901247392,170.04737119858373,170.46120584790356,65496700,0.013666085330823474,167.23132400512696,161.42271942138672,172.58950805664062
2060,2023-05-19,172.58950805664062,173.80145343851697,172.37273538217633,173.80145343851697,55809500,0.0006283770400248301,167.7421142578125,161.9110073852539,171.64356994628906
2061,2023-05-22,171.64356994628906,172.1460951955022,170.9045763773169,171.42679729660153,43570900,-0.005480855244347271,168.1903564453125,162.42150634765625,169.04229736328125
2062,2023-05-23,169.04229736328125,170.83559547287618,168.76640765947607,170.58926430627432,50747300,-0.015155083198408192,168.58528366088868,162.84121185302735,169.31817626953125
2063,2023-05-24,169.31817626953125,169.88966634378653,168.0175556109429,168.5791828168519,45143500,0.0016320111034524576,168.9944969177246,163.22471435546876,170.45135498046875
2064,2023-05-25,170.45135498046875,171.34798918728478,169.17042964019168,169.87986475065702,56058300,0.006692599317474457,169.23159713745116,163.62300872802734,172.85552978515625
2065,2023-05-26,172.85552978515625,173.19055165787438,170.56958397024448,170.77650880236848,54835000,0.01410475619253937,169.52642440795898,164.0131036376953,174.6980743408203
2066,2023-05-30,174.6980743408203,176.36327550868927,173.97879151124883,174.36306754730614,55964400,0.010659448141197236,169.91780776977538,164.45677734375,174.64886474609375
2067,2023-05-31,174.64886474609375,176.7180533606995,174.16605006005452,174.72769255411242,99625300,-0.0002816836700246794,170.35838928222657,164.852236328125,177.4471435546875
2068,2023-06-01,177.4471435546875,177.47670209655325,174.33351350934285,175.09221783191245,68901800,0.01602231318630043,170.9925094604492,165.26666412353515,178.2945098876953
2069,2023-06-02,178.2945098876953,179.11233123154489,176.62930866038764,178.37333767160567,61996900,0.004775316841021171,171.75066757202148,165.72657440185546,176.9446258544922
2070,2023-06-05,176.9446258544922,182.23581511366768,175.42721727327233,179.9498694414483,121946500,-0.00757109141528467,172.0585693359375,166.13783966064454,176.580078125
2071,2023-06-06,176.580078125,177.476712338109,174.8261860088602,177.32891962025158,64848400,-0.002060236233407675,172.35168838500977,166.51583709716797,175.21047973632812
2072,2023-06-07,175.21047973632812,178.55073052308683,174.71781728969785,175.82137635899298,61944600,-0.0077562452300102835,172.66143875122071,166.90521057128908,177.9200897216797
2073,2023-06-08,177.9200897216797,178.1861165677113,174.85572927872582,175.2892595209165,50214900,0.0154648853734618,173.01860504150392,167.36117492675783,178.3043670654297
2074,2023-06-09,178.3043670654297,179.55571862854532,177.97920810525306,178.83643579626113,48900000,0.0021598311036776785,173.38563766479493,167.76342529296875,181.09283447265625
2075,2023-06-12,181.09283447265625,181.19137296447727,178.31422641468646,178.60982685528654,54274900,0.015638806009744766,173.93840408325195,168.19015502929688,180.61985778808594
2076,2023-06-13,180.61985778808594,181.44752687931387,179.76263016037564,180.11734763302488,54929100,-0.0026117912724025194,174.4921546936035,168.5574395751953,181.25048828125
2077,2023-06-14,181.25048828125,181.68403358526143,179.34881869349235,180.67899811094975,57462900,0.0034914792918503412,175.0774368286133,168.91234436035157,183.2802734375
2078,2023-06-15,183.2802734375,183.78279874291368,181.08300318978328,181.26036948430115,65433200,0.011198784486033064,175.7336624145508,169.31847076416017,182.20626831054688
2079,2023-06-16,182.20626831054688,184.245897953939,181.56581317602513,183.98970387223915,101256200,-0.005859905743317073,176.21991958618165,169.73991790771484,182.29495239257812
2080,2023-06-20,182.29495239257812,183.3689679486228,181.70376647980103,181.70376647980103,49799100,0.0004867235515744195,176.7051918029785,170.14542755126953,181.26039123535156
2081,2023-06-21,181.26039123535156,182.6891094596189,179.910485779367,182.18658409390272,49515700,-0.005675204626613084,177.18603286743163,170.58200225830078,184.25575256347656
2082,2023-06-22,184.25575256347656,184.30502181445038,180.9746189088309,181.04359886716716,51245300,0.01652518406095549,177.94670562744142,171.10268951416015,183.94044494628906
2083,2023-06-23,183.94044494628906,184.80753566864925,182.29495416898448,182.82703803401998,53117000,-0.001711249786238711,178.6778190612793,171.6308459472656,182.55111694335938
2084,2023-06-26,182.55111694335938,185.2903184900679,182.51169553463515,184.08822111663613,48088700,-0.007553140383755097,179.28280715942384,172.02376739501952,185.30020141601562
2085,2023-06-27,185.30020141601562,185.6253604426876,182.94527546666254,183.16204815111053,50730800,0.015059258571993306,179.9050407409668,172.47855804443358,186.4727020263672
2086,2023-06-28,186.4727020263672,187.11315707618536,184.84692226306757,185.1720661878379,51216800,0.006327573318278157,180.49377212524413,172.95640563964844,186.80775451660156
2087,2023-06-29,186.80775451660156,187.28072131986815,186.1672993101183,186.30524420235466,46347300,0.0017967910937817244,181.10171661376953,173.41655151367186,191.1234588623047
2088,2023-06-30,191.1234588623047,191.62596911406445,188.45322195229386,188.81780236383452,85213200,0.0231023832863404,181.7855323791504,173.9401840209961,189.63563537597656
2089,2023-07-03,189.63563537597656,191.03479491877454,188.94589592351636,190.9362564156046,31458200,-0.007784619926746061,182.35258865356445,174.45334564208986,188.522216796875
2090,2023-07-05,188.522216796875,190.14799688410469,187.82262949557398,188.7587001877792,46920300,-0.005871357336895366,182.93146820068358,174.97631591796875,188.99514770507812
2091,2023-07-06,188.99514770507812,189.20207252866174,186.42344937265386,187.05405664400223,45094300,0.0025086216162664154,183.5522216796875,175.50264434814454,187.88172912597656
2092,2023-07-07,187.88172912597656,189.84253092683244,187.4481988352347,188.60102706839623,46815000,-0.005891254842367855,184.18578414916993,176.03740386962892,185.84213256835938
2093,2023-07-10,185.84213256835938,187.20188576037833,184.29516523716504,186.4825877482977,59922200,-0.010855747214512879,184.5818862915039,176.53156829833983,185.3199005126953
2094,2023-07-11,185.3199005126953,186.52199803845542,183.86162393721375,186.3840531601648,46638100,-0.0028100842820019123,184.9326629638672,176.923779296875,186.985107421875
2095,2023-07-12,186.985107421875,188.88677723101014,185.70418206587038,186.8964167558296,60750200,0.008985580634205181,185.22727661132814,177.3243017578125,187.74375915527344
2096,2023-07-13,187.74375915527344,188.38422922243208,186.99491780606402,187.70435278315148,41342300,0.0040572842610762105,185.5834716796875,177.74176879882813,187.8915557861328
2097,2023-07-14,187.8915557861328,188.37435523171476,186.84711408565676,187.43829984175193,41616200,0.0007872252666312196,185.91552505493163,178.18285522460937,191.14315795898438
2098,2023-07-17,191.14315795898438,191.46831693797242,188.9951421376018,189.08381775872684,50520200,0.01730573872384511,186.30866928100585,178.71042358398438,190.886962890625
2099,2023-07-18,190.886962890625,191.4781637647375,189.5961898515042,190.51254970289233,48288200,-0.0013403308342030407,186.74270401000976,179.26553588867188,192.2368927001953
2100,2023-07-19,192.2368927001953,195.32094939257118,189.8228346836756,190.26624291356026,80507300,0.0070718805995346745,187.23980102539062,179.69454193115234,190.2957763671875
2101,2023-07-20,190.2957763671875,193.58675746858663,189.6750169550875,192.22700448393437,59581200,-0.010097522414883708,187.69157028198242,180.086103515625,189.12326049804688
2102,2023-07-21,189.12326049804688,192.10879369152832,188.42367321559357,191.25156585425083,71951700,-0.0061615443680588244,187.93494567871093,180.48825927734376,189.9213409423828
2103,2023-07-24,189.9213409423828,192.04964595897565,189.42867857936756,190.57165886992988,45377800,0.004219895755996461,188.23399047851564,180.8711508178711,190.77857971191406
2104,2023-07-25,190.77857971191406,191.58655325087184,190.08885537064708,190.49284214012596,37283200,0.00451365162691908,188.64536361694337,181.2674481201172,191.6456756591797
2105,2023-07-26,191.6456756591797,192.7689453418544,190.48299959942145,190.82785426220883,47471900,0.004545038277226965,188.96263732910157,181.69961151123047,190.38446044921875
2106,2023-07-27,190.38446044921875,194.30604897209747,189.72429463258098,193.1433729163405,47460200,-0.006580974006446527,189.15822525024413,182.11640380859376,192.9561767578125
2107,2023-07-28,192.9561767578125,193.74443968391378,191.2909752730755,191.81319626670884,48291400,0.013508015846071197,189.46564636230468,182.5846304321289,193.56704711914062
2108,2023-07-31,193.56704711914062,193.6064685292723,192.394508242959,193.18277106210203,38824100,0.0031658502546660916,189.58782577514648,183.05285614013673,192.73939514160156
2109,2023-08-01,192.73939514160156,193.842954166062,192.41423613585215,193.3601546102926,35175100,-0.004275789654577089,189.74301376342774,183.45802154541016,189.75384521484375
2110,2023-08-02,189.75384521484375,192.3156805851802,189.03456234552243,192.17773571935334,50389300,-0.01549008662481477,189.80459518432616,183.8013082885742,188.3645477294922
2111,2023-08-03,188.3645477294922,189.54693452970886,187.8915960163783,188.75868668614032,61235200,-0.007321577508896171,189.77306518554687,184.1357278442383,179.3192596435547
2112,2023-08-04,179.3192596435547,184.6301595328746,179.25027969317492,182.79745486603875,115956800,-0.04802011947029072,189.34494171142578,184.34126708984374,176.22535705566406
2113,2023-08-07,176.22535705566406,180.44254624962392,174.74736976708382,179.4572213905704,97576100,-0.01725359893878986,188.864102935791,184.4794107055664,177.16139221191406
2114,2023-08-08,177.16139221191406,177.62449604499406,174.97397007455905,177.05300588853657,67823000,0.0053115804211667506,188.45617752075196,184.61361145019532,175.57504272460938
2115,2023-08-09,175.57504272460938,178.2748232727554,174.41235154839882,178.21570618554995,60378500,-0.008954261803311825,187.88567428588868,184.66800170898438,175.35826110839844
2116,2023-08-10,175.35826110839844,178.09746293161143,174.99369573264087,176.8460961883882,54686900,-0.001234694936403713,187.26639938354492,184.68120544433594,175.41744995117188
2117,2023-08-11,175.41744995117188,176.2363757071569,174.1940069392339,174.95373578240464,52036700,0.00033753096317967746,186.64269409179687,184.6965771484375,177.065185546875
2118,2023-08-14,177.065185546875,177.29211207450308,174.9438673937282,175.59506357405235,43675600,0.009393225110510883,185.9387954711914,184.68893798828125,175.0819854736328
2119,2023-08-15,175.0819854736328,177.08489459113486,174.68732936330193,176.49291042563854,43622600,-0.011200395307055855,185.1485466003418,184.6246875,174.21372985839844
2120,2023-08-16,174.21372985839844,176.1574269074876,174.14465676238186,174.766254405872,46964900,-0.004959137360052046,184.24738845825195,184.57006958007813,171.67803955078125
2121,2023-08-17,171.67803955078125,175.1411945839284,171.1649745274817,174.7761369036864,66062900,-0.014555054355808839,183.31650161743164,184.47202880859376,172.16151428222656
2122,2023-08-18,172.16151428222656,172.76337470680727,169.6652772069575,170.0007364455324,61172200,0.002816171088104058,182.46841430664062,184.4110494995117,173.4934844970703
2123,2023-08-21,173.4934844970703,173.77962299820936,171.42151715942626,172.7337706675176,46311900,0.007736747788243958,181.647021484375,184.32251739501953,174.8649139404297
2124,2023-08-22,174.8649139404297,175.30890581271296,173.89799596554266,174.69718434668556,42038900,0.00790478932010008,180.8513381958008,184.25372833251953,178.70303344726562
2125,2023-08-23,178.70303344726562,179.1273031269572,175.95027131734813,176.13773826499084,52722800,0.02194905438916961,180.20420608520507,184.20593231201173,174.02627563476562
2126,2023-08-24,174.02627563476562,178.68329009610582,173.6612029173666,178.25902046647073,54945800,-0.02617055638218968,179.38629684448242,184.07406066894532,176.22653198242188
2127,2023-08-25,176.22653198242188,176.7593193055493,173.47376987845638,175.01294998434398,51449600,0.012643242174957603,178.5498146057129,183.97358154296876,177.78546142578125
2128,2023-08-28,177.78546142578125,178.18011761364104,176.16734696728648,177.68678985123202,43820700,0.008846167633344004,177.76073532104493,183.86368530273438,181.66302490234375
2129,2023-08-29,181.66302490234375,182.43261506867535,177.10468083173828,177.30200894140822,53003900,0.021810351900913183,177.20691680908203,183.8528204345703,185.14588928222656
2130,2023-08-30,185.14588928222656,185.34323241647965,182.27473336292013,182.4720614420058,60813900,0.019172114863523104,176.97651901245118,183.9098391723633,185.36294555664062
2131,2023-08-31,185.36294555664062,186.59626480914432,184.97815055206615,185.33334709899387,60794500,0.0011723526525786454,176.8264389038086,183.99189025878906,186.93174743652344
2132,2023-09-01,186.93174743652344,187.38560051082152,185.76748618147488,186.96134589549212,45766500,0.008463406077043878,177.20706329345703,184.04541015625,187.16854858398438
2133,2023-09-05,187.16854858398438,187.44481092436058,185.10644216647313,185.767499556314,45280000,0.0012667786542859272,177.75422286987305,184.10997222900392,180.46913146972656
2134,2023-09-06,180.46913146972656,186.32986658571798,179.04834537431464,185.88585963952747,81755800,-0.03579349823964528,177.91960983276368,184.06833251953125,175.19052124023438
2135,2023-09-07,175.19052124023438,175.83185624974686,171.22416252451072,172.84227669356144,112488800,-0.029249380137775338,177.90038375854493,183.86613891601561,175.80224609375
2136,2023-09-08,175.80224609375,177.8347687964352,175.417451102765,175.96999075471308,65551300,0.003491769127604627,177.9225830078125,183.6527297973633,176.96649169921875
2137,2023-09-11,176.96649169921875,177.89395007164453,174.9734438173143,177.66702357259294,58953100,0.006622472871296026,178.00003509521486,183.45590454101563,173.94737243652344
2138,2023-09-12,173.94737243652344,177.726264911888,172.48712647188145,177.0948059767589,90370200,-0.017060400721661817,177.84414443969726,183.1123828125,171.88523864746094
2139,2023-09-13,171.88523864746094,174.93400012779577,171.65829707262085,174.15453395453247,84267900,-0.011854929224728639,177.68430709838867,182.7573748779297,173.39483642578125
2140,2023-09-14,173.39483642578125,173.75003299454158,171.2636570132194,171.6780505009118,60895800,0.008782591164890663,177.64336242675782,182.45482727050782,172.674560546875
2141,2023-09-15,172.674560546875,174.14468255030425,171.5004532372104,174.12494522635322,109259500,-0.004153963830488938,177.6931884765625,182.12841552734375,175.59503173828125
2142,2023-09-18,175.59503173828125,176.98621921988467,173.81904932082622,174.12491003199494,67257600,0.016913152592697323,177.86486434936523,181.88268157958984,176.68038940429688
2143,2023-09-19,176.68038940429688,177.23291401853146,174.7662755227223,175.15107052586188,51826900,0.006181027192348587,178.02420959472656,181.6994467163086,173.14816284179688
2144,2023-09-20,173.14816284179688,177.3019736755132,173.0593524132158,176.8678428874874,58436200,-0.019992182349209298,177.93837203979493,181.4560119628906,171.60894775390625
2145,2023-09-21,171.60894775390625,173.94733103404198,171.5398897121348,172.2206842726111,63149100,-0.008889583710437576,177.58366775512695,181.14848876953124,172.4574737548828
2146,2023-09-22,172.4574737548828,174.71692282922322,171.72735846610487,172.33907993619778,56725400,0.0049445323922934215,177.5052276611328,180.84276306152344,173.73028564453125
2147,2023-09-25,173.73028564453125,174.60840835340898,171.82603288281885,171.87536866413782,46172700,0.007380439142101292,177.3804153442383,180.5595376586914,169.665283203125
2148,2023-09-26,169.665283203125,172.86203732750283,169.36928354767613,172.48711848209095,64588900,-0.02339835237319321,176.97440643310546,180.12998016357423,168.15565490722656
2149,2023-09-27,168.15565490722656,170.730825832551,166.79408083596385,170.31643241476104,66921800,-0.00889768529777002,176.2990379333496,179.67535400390625,168.41221618652344
2150,2023-09-28,168.41221618652344,169.7343308371659,165.38317681816312,167.08022534636603,56294400,0.001525736850410464,175.46235427856445,179.1988604736328,168.92526245117188
2151,2023-09-29,168.92526245117188,170.7604419321708,168.06686209293406,169.72445084440017,51861100,0.0030463720285007767,174.640470123291,178.7714501953125,171.43136596679688
2152,2023-10-02,171.43136596679688,171.9740294168616,168.6489906711008,168.93512915166482,52164500,0.014835575681579227,173.86545104980468,178.4176123046875,170.09939575195312
2153,2023-10-03,170.09939575195312,171.31299281082715,168.54049336939298,169.96126458937815,49594600,-0.007769699595707169,173.01199340820312,178.0211734008789,171.3425750732422
2154,2023-10-04,171.3425750732422,171.88523853747708,168.68846972057472,168.80686354725646,53020300,0.007308546369570346,172.5556655883789,177.63245330810548,172.5758819580078
2155,2023-10-05,172.5758819580078,173.10866919518492,170.3756298015613,171.47081778563683,48527900,0.0071979009550804385,172.42493362426757,177.25105743408204,175.1214599609375
2156,2023-10-06,175.1214599609375,175.61478762599208,170.86896284182788,171.48069938400815,57266700,0.014750485259285018,172.39089431762696,176.9457974243164,176.60145568847656
2157,2023-10-09,176.60145568847656,176.66065260372454,173.45402254968238,174.45053908507856,42390800,0.00845125279259995,172.37264251708984,176.6187030029297,176.00946044921875
2158,2023-10-10,176.00946044921875,177.32171396949087,175.57532965392068,175.72333700059065,43698000,-0.0033521537914279476,172.47574691772462,176.26755126953125,177.40061950683594
2159,2023-10-11,177.40061950683594,177.4499552810768,175.22998093671887,175.8219650621156,47551100,0.00790388797321806,172.75151596069335,175.96077575683594,178.2985076904297
2160,2023-10-12,178.2985076904297,179.90674578858014,176.6507798893927,177.6670488234186,56743100,0.00506135878267977,172.99669952392577,175.73166900634766,176.4633331298828
2161,2023-10-13,176.4633331298828,179.5022186651883,175.76280113660414,178.99902980590412,51427100,-0.010292708471420275,173.18613815307617,175.49364471435547,176.3350830078125
2162,2023-10-16,176.3350830078125,176.69027961186137,174.15456759445175,174.39137034887403,52517000,-0.0007267805713264686,173.22314071655273,175.43396118164063,174.78599548339844
2163,2023-10-17,174.78599548339844,176.03905203817294,172.467364361049,174.29266779074965,57549400,-0.00878490824395639,173.1284210205078,175.40517395019532,173.4934844970703
2164,2023-10-18,173.4934844970703,175.21027033840411,172.77323025982977,173.23695950912395,54764400,-0.007394820064121732,173.14568710327148,175.33181579589845,173.11856079101562
2165,2023-10-19,173.11856079101562,175.46679037407037,172.85215962113486,173.69080766680926,59302900,-0.0021610247044234754,173.22116775512694,175.28268615722655,170.57298278808594
2166,2023-10-20,170.57298278808594,173.07908076842247,170.33618008275127,172.97054807703984,64244000,-0.014704246565465873,173.1269432067871,175.18698059082033,170.69137573242188
2167,2023-10-23,170.69137573242188,171.68789221712717,167.66233657820504,168.62926966195786,55980100,0.0006940896641469685,172.97499771118163,175.09245910644532,171.12551879882812
2168,2023-10-24,171.12551879882812,171.35244533043914,169.16206908920728,170.74072378645857,43816600,0.0025434387914642365,173.0480094909668,174.97366577148438,168.81674194335938
2169,2023-10-25,168.81674194335938,170.75057806188605,168.3727349771656,169.58633193718455,57157000,-0.013491715739853527,173.08106384277343,174.8483609008789,164.6629180908203
2170,2023-10-26,164.6629180908203,169.0930062294273,163.459197305812,168.0964746462511,70625300,-0.02460552078379008,172.8935989379883,174.65734466552735,165.9751739501953
2171,2023-10-27,165.9751739501953,166.70530437202822,164.60372353518264,164.6826577744484,58499100,0.00796934655713577,172.74609451293946,174.54328735351564,168.01751708984375
2172,2023-10-30,168.01751708984375,168.88577853365425,166.61646843152695,166.76447575317525,51131000,0.01230511221070496,172.5754020690918,174.46040740966797,168.4911651611328
2173,2023-10-31,168.4911651611328,168.61942013954004,165.65945361827133,167.09011614768582,44846000,0.0028190398209240186,172.49499053955077,174.3603610229492,171.6484375
2174,2023-11-01,171.6484375,171.90496247869652,167.849808268541,168.71806981976965,56934900,0.01873850380135833,172.51028366088866,174.29603149414064,175.20040893554688
2175,2023-11-02,175.20040893554688,175.40759814141026,173.118565411641,173.17776232760195,77334800,0.020693293147785674,172.64151000976562,174.22597900390625,174.2926483154297
2176,2023-11-03,174.2926483154297,174.46039296073306,171.03669795189808,171.91482054448556,79829200,-0.005181269984655845,172.60006942749024,174.23130645751954,176.83822631835938
2177,2023-11-06,176.83822631835938,177.03555436857033,173.858538133294,174.02626772873157,63841300,0.014605194352906858,172.61190795898438,174.24354034423828,179.3937225341797
2178,2023-11-07,179.3937225341797,180.0054441684603,176.58174814434753,176.78893738265648,70530000,0.014451039625446693,172.78112106323243,174.27570556640626,180.44940185546875
2179,2023-11-08,180.44940185546875,181.00192645947115,179.16674685036813,179.91661457451394,49340300,0.0058847060330549095,172.93356018066407,174.25143310546875,179.97584533691406
2180,2023-11-09,179.97584533691406,181.66301792321948,179.38384597547793,180.51850890903566,53763500,-0.0026243174745127495,173.01742706298828,174.1480322265625,184.15487670898438
2181,2023-11-10,184.15487670898438,184.32284238950194,181.31944959381738,181.75415237279827,66133400,0.023219956901700867,173.40200424194336,174.12387084960938,182.57412719726562
2182,2023-11-13,182.57412719726562,183.78930789371245,181.99123723697815,183.58184574005094,43627500,-0.008583804784147886,173.713956451416,174.03671844482423,185.18231201171875
2183,2023-11-14,185.18231201171875,185.84424013993512,184.05604376632093,185.43917491856425,60108400,0.014285621158331319,174.23377227783203,173.9969937133789,185.74545288085938
2184,2023-11-15,185.74545288085938,187.21751156501972,185.5182274044454,185.5873915048758,53790500,0.0030410078750122693,174.84637069702148,174.10252014160156,187.42498779296875
2185,2023-11-16,187.42498779296875,188.6599317940755,186.37774261703024,187.2866746678448,54412900,0.009042132047165863,175.56169204711915,174.34720947265626,187.40524291992188
2186,2023-11-17,187.40524291992188,188.08693448765234,186.29873780998344,187.9584954748911,50922700,-0.00010534813569618162,176.40330505371094,174.5792694091797,189.14404296875
2187,2023-11-20,189.14404296875,189.59850904887813,187.592960955599,187.6028350817968,46505100,0.009278289239597726,177.32593841552733,174.8228204345703,188.34381103515625
2188,2023-11-21,188.34381103515625,189.21321658430173,187.454657232623,189.10454089065857,38134500,-0.004230806960840772,178.18685302734374,175.11074920654298,189.00572204589844
2189,2023-11-22,189.00572204589844,190.60620477415247,188.53150773289747,189.18356183514956,39617700,0.0035143762202975992,179.1963020324707,175.45315887451173,187.68182373046875
2190,2023-11-24,187.68182373046875,188.6006146991745,186.9704948821169,188.57097725340967,24048300,-0.00700454092658731,180.3472473144531,175.73889862060548,187.50399780273438
2191,2023-11-27,187.50399780273438,188.3734031425855,186.6247183385664,187.63243679384846,40552600,-0.000947486145433829,181.42368850708007,176.03548736572264,188.106689453125
2192,2023-11-28,188.106689453125,188.77850691885152,187.11873411970524,187.4941619704054,38415400,0.003214286934962729,182.42814712524415,176.28572052001954,187.0890655517578
2193,2023-11-29,187.0890655517578,189.77630481775705,186.69388951411068,188.60063575450744,43014200,-0.005409823033543759,183.3580421447754,176.49389404296875,187.66209411621094
2194,2023-11-30,187.66209411621094,188.02764780463457,185.92329832735996,187.55341843722022,48794400,0.0030628650731840956,184.15872497558593,176.78417266845702,188.93658447265625
2195,2023-12-01,188.93658447265625,189.25272234216075,186.95078459310412,188.03754149609296,45704800,0.006791410713215651,184.8455337524414,177.13072540283204,187.14834594726562
2196,2023-12-04,187.14834594726562,187.7608884211111,185.19219887595256,187.69172432124148,43389500,-0.009464755226637589,185.4883186340332,177.42454284667969,191.09033203125
2197,2023-12-05,191.09033203125,192.05852410413522,187.88935110201328,187.91900363307386,66628400,0.021063429997373095,186.20092391967773,177.77174377441406,190.00355529785156
2198,2023-12-06,190.00355529785156,192.4141533735728,189.79607806848605,192.10788966712872,41089700,-0.005687240803060156,186.73141555786134,178.17850921630858,191.9300537109375
2199,2023-12-07,191.9300537109375,192.6512567588297,191.25823636118906,191.29776300970337,47477700,0.010139275604953424,187.30544815063476,178.6539971923828,193.3527374267578
2200,2023-12-08,193.3527374267578,193.629363703371,191.33730018286,191.86091528323507,53406400,0.007412511424411905,187.97429275512695,179.1528076171875,190.8531951904297
2201,2023-12-11,190.8531951904297,191.15947399253523,189.11439931154695,190.78404615931,60943700,-0.012927369271277911,188.30920867919923,179.59136627197265,192.36476135253906
2202,2023-12-12,192.36476135253906,192.3746354774224,189.41076991243543,190.75438957156285,52696900,0.007920046403211423,188.7987403869629,180.0100341796875,195.5756378173828
2203,2023-12-13,195.5756378173828,195.6151493963814,192.50309623143957,192.74019585543422,70404200,0.016691604232852653,189.3184066772461,180.5195590209961,195.7238311767578
2204,2023-12-14,195.7238311767578,197.21563829918102,193.79732129680679,195.6349188149913,66831600,0.0007577291375799877,189.81732559204102,181.0071841430664,195.19032287597656
2205,2023-12-15,195.19032287597656,196.01031245444227,194.62718115642724,195.1507962246044,128538400,-0.002725821876537027,190.2055923461914,181.45947296142577,193.53054809570312
2206,2023-12-18,193.53054809570312,194.26164038796966,192.0486152607036,193.72813612536964,55751900,-0.008503366129109069,190.51185760498046,181.8276547241211,194.5679168701172
2207,2023-12-19,194.5679168701172,194.5777909959987,193.53056080250687,193.79731295132126,40714100,0.005360232710657442,190.78305130004884,182.1869839477539,192.4833221435547
2208,2023-12-20,192.4833221435547,195.2989855460905,192.4833221435547,194.5283816611859,52242800,-0.010713969497623044,190.99002685546876,182.51646118164064,192.3351287841797
2209,2023-12-21,192.3351287841797,194.70623052718972,191.16934877699248,193.73803856316968,46482500,-0.0007699023360812074,191.1564971923828,182.8151513671875,191.26812744140625
2210,2023-12-22,191.26812744140625,193.05632389177538,190.64571085868127,192.82908334808235,37149600,-0.005547615505905434,191.3358123779297,183.07454376220704,190.72474670410156
2211,2023-12-26,190.72474670410156,191.55462542072405,190.50739536284337,191.2779991818499,28919300,-0.0028409371941551242,191.49684982299806,183.3597720336914,190.82354736328125
2212,2023-12-27,190.82354736328125,191.16933772508392,188.78836199381533,190.17150836602553,48087700,0.0005180274761773518,191.63269271850587,183.64954132080078,191.24839782714844
2213,2023-12-28,191.24839782714844,192.3153914106068,190.8433325169925,191.80165040931152,34049900,0.002226404810819149,191.84065933227538,183.97878936767577,190.2110595703125
2214,2023-12-29,190.2110595703125,192.05853141826742,189.42069220367281,191.56455369849306,42672100,-0.005424036324599646,191.96810760498047,184.31314086914062,183.40402221679688
2215,2024-01-02,183.40402221679688,186.17030008579113,181.6751004330507,184.89582930034302,82488700,-0.0357867590291161,191.6914794921875,184.51885009765624,182.03074645996094
2216,2024-01-03,182.03074645996094,183.64111826756874,181.22061595613366,182.0011090098209,58414500,-0.0074877079588397955,191.43559951782225,184.74800537109374,179.71893310546875
2217,2024-01-04,179.71893310546875,180.88471299934187,178.70134046081682,179.95603270422265,71983600,-0.012700125662565953,190.8670295715332,184.9285565185547,178.9977264404297
2218,2024-01-05,178.9977264404297,180.55869755734878,177.99989705667167,179.79798286255345,62379700,-0.00401296987789157,190.3167381286621,185.08600067138673,183.32498168945312
2219,2024-01-08,183.32498168945312,183.36450834315934,179.313885613353,179.89677561800764,59144500,0.024174917386247108,189.8864845275879,185.3761654663086,182.9100341796875
2220,2024-01-09,182.9100341796875,182.9199083051763,180.52905841182087,181.7047275700206,42841800,-0.0022634531635657984,189.36434936523438,185.74110778808594,183.94740295410156
2221,2024-01-10,183.94740295410156,184.15486512874935,181.7047401626592,182.12956878813148,46792900,0.005671470015663482,189.01905975341796,186.10055236816407,183.35462951660156
2222,2024-01-11,183.35462951660156,184.7970509584636,181.40835627398752,184.2931840827093,49128400,-0.0032225159365142364,188.56855316162108,186.40729461669923,183.6806182861328
2223,2024-01-12,183.6806182861328,184.49074873898914,182.95941525310155,183.818931403084,40477800,0.001777914036807715,187.9738021850586,186.71108367919922,181.41824340820312
2224,2024-01-16,181.41824340820312,182.04064501968628,178.75075193755313,179.96594785640553,65603000,-0.012316894939919165,187.25852279663087,186.9064797973633,180.4796600341797
2225,2024-01-17,180.4796600341797,180.72664884969066,178.12833676151584,179.08665457169852,47317400,-0.0051735886997403835,186.52298965454102,187.01206481933593,186.3579864501953
2226,2024-01-18,186.3579864501953,186.86183815424235,183.59170899023258,183.84857190455077,78005800,0.03257057562554344,186.16436157226562,187.25337158203126,189.25270080566406
2227,2024-01-19,189.25270080566406,189.63800274105876,186.5457131326349,187.0495648712278,68903000,0.015533084525156005,185.89860076904296,187.50166107177733,191.5546417236328
2228,2024-01-22,191.5546417236328,192.97729968749402,189.94426985134535,189.98379650311966,60133900,0.012163318717086646,185.85216674804687,187.7448794555664,192.82911682128906
2229,2024-01-23,192.82911682128906,193.392258603415,191.49538615178406,192.67105542323813,42355600,0.00665332401339036,185.87686614990236,187.9924737548828,192.1573028564453
2230,2024-01-24,192.1573028564453,194.01466361551059,191.99922639290756,193.06621990928542,53631300,-0.003483986111217696,185.92132492065429,188.23610290527344,191.83126831054688
2231,2024-01-25,191.83126831054688,193.90598035718745,190.78403816176663,192.86862433386716,54822100,-0.0016967065058256514,185.97665100097657,188.38963073730469,190.10232543945312
2232,2024-01-26,190.10232543945312,192.41413683944202,189.6281111952244,191.93004847085402,44594000,-0.009012831361229656,185.94058990478516,188.54019470214843,189.420654296875
2233,2024-01-29,189.420654296875,189.88499446653958,187.29655655692048,189.69728055859,47145600,-0.003585811699053809,185.84920272827148,188.62496154785157,185.77508544921875
2234,2024-01-30,185.77508544921875,189.48980657471878,185.21195883551243,188.64016451675863,55859400,-0.01924588879279565,185.6274040222168,188.62555419921875,182.178955078125
2235,2024-01-31,182.178955078125,184.84644650359252,182.12956937209933,184.78715652135838,55467800,-0.019357441620322935,185.5661506652832,188.52063354492188,184.6093292236328
2236,2024-02-01,184.6093292236328,184.69824158324056,181.6059517240919,181.77390231724044,64885400,0.013340586702045742,185.6950798034668,188.4647152709961,183.61148071289062
2237,2024-02-02,183.61148071289062,185.07365019396582,177.09097033579843,177.6936236133024,102551700,-0.0054051900569629385,185.88970718383788,188.3540640258789,185.41944885253906
2238,2024-02-05,185.41944885253906,186.97054595458332,183.6016146657499,185.8837890630235,69668800,0.009846705296579605,186.21079330444337,188.29557678222656,187.01991271972656
2239,2024-02-06,187.01991271972656,187.02978684421677,184.5203873987695,184.60929974417922,43490800,0.008631585721411206,186.39553985595703,188.25586059570313,187.1286163330078
2240,2024-02-07,187.1286163330078,188.74886241631054,186.33824908078662,188.3437971267345,53439000,0.000581240851310616,186.60646896362306,188.2447964477539,186.05172729492188
2241,2024-02-08,186.05172729492188,187.25701874915856,185.09340956143063,187.10883150171134,40962000,-0.005754806823182745,186.71168518066406,188.21575103759767,186.8134307861328
2242,2024-02-09,186.8134307861328,187.94113632063826,185.97259122428568,186.61557552858977,45155200,0.004094041492038958,186.88462524414064,188.1898858642578,185.13174438476562
2243,2024-02-12,185.13174438476562,186.63535673641036,184.77562606711913,186.3880527684402,41781900,-0.00900195662747827,186.95718154907226,188.15073944091796,183.04449462890625
2244,2024-02-13,183.04449462890625,184.20189045877694,181.53099558275042,183.76663306878044,56529500,-0.011274402252275939,187.03849411010742,188.05838745117188,182.1641387939453
2245,2024-02-14,182.1641387939453,183.52926184222676,180.47258771556508,183.32153491398208,54630500,-0.0048095182362393185,187.1227180480957,187.92293853759764,181.87722778320312
2246,2024-02-15,181.87722778320312,182.50043860227981,179.3943014199978,181.57057328309747,65434500,-0.001575013680748305,186.8986801147461,187.8175161743164,180.3439483642578
2247,2024-02-16,180.3439483642578,182.8565652037317,179.7108507918506,181.44197861733377,49752500,-0.008430299040916633,186.45324249267577,187.60258850097657,179.60203552246094
2248,2024-02-20,179.60203552246094,180.46264852115328,178.0588611409836,179.82955095197704,53665600,-0.004113877113848918,185.8556121826172,187.39455810546875,180.35385131835938
2249,2024-02-21,180.35385131835938,180.91769653606136,178.71174929095213,179.9779444437335,41371400,0.004186009327296292,185.2318489074707,187.16303405761718,182.3817138671875
2250,2024-02-22,182.3817138671875,182.9653626660908,180.4923231436991,181.50131240098546,52292200,0.01124379953078214,184.74306945800782,186.94361358642578,180.55169677734375
2251,2024-02-23,180.55169677734375,183.04451006700117,180.2648157032703,183.0148347964746,45119700,-0.010033994368406907,184.17909088134766,186.73758361816405,179.2063751220703
2252,2024-02-26,179.2063751220703,180.78911167382452,178.70186529911302,180.27473021897956,40867400,-0.007451171488753627,183.63429336547853,186.4744158935547,180.66050720214844
2253,2024-02-27,180.66050720214844,181.93658908973126,177.62360710096542,179.1470080612827,54318900,0.008114287670221598,183.1962860107422,186.17611328125,179.4635467529297
2254,2024-02-28,179.4635467529297,181.14521076395337,178.1874648834917,180.54178846123017,48953900,-0.006625468220785136,182.88070907592774,185.85090759277344,178.80076599121094
2255,2024-02-29,178.80076599121094,180.6011460945577,177.59392143922238,179.31516246277232,136682600,-0.003693121938747823,182.71179962158203,185.52311645507814,177.72251892089844
2256,2024-03-01,177.72251892089844,178.5831318593588,175.46710804516843,177.61370457626955,73563100,-0.006030438764258461,182.36745910644532,185.20695587158204,173.21168518066406
2257,2024-03-04,173.21168518066406,174.99226146882492,171.9157998591467,174.2503496506797,81510100,-0.025381329094497418,181.84746932983398,184.77983123779296,168.285400390625
2258,2024-03-05,168.285400390625,170.1846930657021,167.7907924514621,168.91849794898403,95132400,-0.02844083402860975,180.9907669067383,184.29587280273438,167.29615783691406
2259,2024-03-06,167.29615783691406,169.3933054286551,166.8609005047747,169.21523874994628,68587700,-0.005878362302461748,180.00457916259765,183.79509338378907,167.17750549316406
2260,2024-03-07,167.17750549316406,168.88884496206234,166.67301076258389,167.32588185679398,71765100,-0.0007092353182771571,179.00702362060548,183.3132809448242,168.8888397216797
2261,2024-03-08,168.8888397216797,171.82681238429842,167.11814976227143,167.17750030588184,76267000,0.010236629763479721,178.14887924194335,182.87656280517578,170.8870391845703
2262,2024-03-11,170.8870391845703,172.49946586057737,170.1945911039721,171.07499261235472,60139500,0.0118314476325585,177.35255966186523,182.47783264160157,171.3618621826172
2263,2024-03-12,171.3618621826172,172.15323790323208,169.16580172767317,171.28272310113206,59825400,0.0027785781783837837,176.6640655517578,182.08010192871095,169.28451538085938
2264,2024-03-13,169.28451538085938,171.32229764254458,168.91849524765144,170.90682879160028,52488700,-0.012122573688794436,175.97606658935547,181.66157104492189,171.1343536376953
2265,2024-03-14,171.1343536376953,172.43022407386235,170.19460153541087,171.04532782778392,72913500,0.010927391986645274,175.42457733154296,181.41617767333983,170.75843811035156
2266,2024-03-15,170.75843811035156,170.75843811035156,168.4535633292171,169.32407812222547,121752700,-0.002196610553948708,174.8686378479004,181.19073150634765,171.84658813476562
2267,2024-03-18,171.84658813476562,175.79356502758816,171.64874797271588,173.67664359575858,75604200,0.00637245243313167,174.4437698364258,181.0332846069336,174.18113708496094
2268,2024-03-19,174.18113708496094,174.70542030322298,171.16402557801365,172.45989598897214,55215200,0.013585075942063485,174.17272491455077,180.93695281982423,176.7432098388672
2269,2024-03-20,176.7432098388672,176.7432098388672,173.2018149693641,173.82502584048726,53423100,0.014709243473686406,173.99219284057617,180.8053173828125,169.5219268798828
2270,2024-03-21,169.5219268798828,175.57593855649498,168.99764365136926,175.14068113790177,106181300,-0.040857484514216225,173.34920349121094,180.53755523681642,170.422119140625
2271,2024-03-22,170.422119140625,171.18381963278856,168.22605856941686,169.90772263085663,71160100,0.005310181858539265,172.842724609375,180.26704956054687,169.00753784179688
2272,2024-03-25,169.00753784179688,170.08577952012527,167.6226265638577,168.7305586050563,54288300,-0.008300455985181587,172.33278274536133,179.98010772705078,167.8798370361328
2273,2024-03-26,167.8798370361328,169.57138777241732,167.7512341389727,168.16670300567833,57388400,-0.006672488221913908,171.69374923706056,179.66409210205077,171.4409942626953
2274,2024-03-27,171.4409942626953,171.72787530814264,168.27550660374618,168.57227437363676,60273300,0.021212536832496687,171.29262161254883,179.46454711914063,169.63072204589844
2275,2024-03-28,169.63072204589844,170.37263389978352,168.67118150733492,169.89781453968297,65672700,-0.01055915607922242,170.8341194152832,179.247568359375,168.19638061523438
2276,2024-04-01,168.19638061523438,169.40322523760474,167.65230884379906,169.3438746978549,46240500,-0.008455670136662818,170.3578125,178.88433624267577,167.01919555664062
2277,2024-04-02,167.01919555664062,167.51380346702695,166.41577330219988,167.25661278755086,49329500,-0.00699887271228905,170.04818801879884,178.43966613769533,167.82046508789062
2278,2024-04-03,167.82046508789062,168.83935621904524,166.76201196368757,166.96973884210524,47691700,0.004797469707475965,170.02494125366212,177.96498260498046,166.9994354248047
2279,2024-04-04,166.9994354248047,170.06599565718972,166.9994354248047,168.4535689105981,53704400,-0.004892309544345164,170.01010513305664,177.44838897705077,167.75123596191406
2280,2024-04-05,167.75123596191406,168.5524984345705,167.12802510796487,167.7611226870966,42104800,0.004501814842648999,170.03879165649414,176.96026763916015,166.6334228515625
2281,2024-04-08,166.6334228515625,167.37533481002382,166.4256959559663,167.20716991074772,37425500,-0.006663516390456592,169.92602081298827,176.45631072998046,167.8402557373047
2282,2024-04-09,167.8402557373047,168.2458378687617,166.53449863101693,166.88071513080217,42373800,0.007242441912852282,169.773681640625,176.0110693359375,165.97064208984375
2283,2024-04-10,165.97064208984375,167.2665125006067,165.30786924976792,166.97964653177021,49709300,-0.011139244511085389,169.50412063598634,175.54206909179686,173.15235900878906
2284,2024-04-11,173.15235900878906,173.56784300454478,166.3465633103838,166.5246149420751,91070300,0.04327100762228597,169.6975128173828,175.28961456298828,174.64610290527344
2285,2024-04-12,174.64610290527344,176.43658160486194,172.3313408879349,172.38078961681583,101670900,0.008626760299630387,169.87310028076172,175.13895751953126,170.82769775390625
2286,2024-04-15,170.82769775390625,174.72521085075485,170.63974431610336,173.46890241983837,73531800,-0.021863672236867804,169.87656326293944,174.8633248901367,167.55340576171875
2287,2024-04-16,167.55340576171875,171.88616144450353,166.45537543168857,169.89784277952464,73711200,-0.01916721957410228,169.66190414428712,174.5421633911133,166.18824768066406
2288,2024-04-17,166.18824768066406,168.8096634069807,166.18824768066406,167.7808856580398,50901200,-0.008147599715138676,169.26225967407225,174.15753936767578,165.23863220214844
2289,2024-04-18,165.23863220214844,166.8213838226369,164.7539260277304,166.21796146542746,43122900,-0.005714095261058039,168.68703079223633,173.72191375732422,163.22064208984375
2290,2024-04-19,163.22064208984375,164.60553846988037,162.3105651694999,164.41760010663418,68149400,-0.012212580589725075,168.37196655273436,173.24375427246093,164.0515594482422
2291,2024-04-22,164.0515594482422,165.45624419964858,162.99310629576294,163.73501821268977,48116400,0.005090761485554429,168.05343856811524,172.80375091552733,165.10011291503906
2292,2024-04-23,165.10011291503906,165.24850434331734,163.1414698344962,163.5668404824781,49537800,0.0063916092618898634,167.85806732177736,172.36948455810546,167.19728088378906
2293,2024-04-24,167.19728088378906,167.47426013692973,164.41758653276062,164.74401450706145,48251800,0.012702401783511785,167.82393951416014,172.01079528808594,168.05789184570312
2294,2024-04-25,168.05789184570312,168.77012851479734,166.33665071301928,167.70177351115603,50558300,0.0051472784567125895,167.65478439331054,171.71106323242188,167.47425842285156
2295,2024-04-26,167.47425842285156,169.49225225997063,167.35554224826544,168.04800546826704,44838400,-0.0034728117581493967,167.5469612121582,171.417265625,171.6289520263672
2296,2024-04-29,171.6289520263672,174.1316669492416,171.2332717193323,171.50034913417457,68169400,0.024807953429031082,167.71858978271484,171.2123001098633,168.4931640625
2297,2024-04-30,168.4931640625,173.1029142716877,168.1667209693098,171.46081207960546,65934800,-0.018270740028672128,167.79228820800782,170.97528442382813,167.47425842285156
2298,2024-05-01,167.47425842285156,170.84748833564953,167.28630498280754,167.75123767315736,50383100,-0.006047163072268602,167.77497787475585,170.73272888183592,171.1640167236328
2299,2024-05-02,171.1640167236328,171.5498103000238,169.04709541575278,170.64962025703286,94214900,0.02203179363520502,167.98320693969725,170.5489321899414,181.4024200439453
2300,2024-05-03,181.4024200439453,184.98337684032407,180.69018337477516,184.637145231003,163224100,0.05981633006920939,168.66576614379883,170.52934631347657,179.7504119873047
2301,2024-05-06,179.7504119873047,182.21354970089277,178.474315136007,180.38350950373416,78569700,-0.009106868895356612,169.32161560058594,170.5133206176758,180.43296813964844
2302,2024-05-07,180.43296813964844,182.9060078076493,179.36462828599997,181.47164781905605,77305800,0.003797243882767587,169.9512512207031,170.53785247802733,180.76931762695312
2303,2024-05-08,180.76931762695312,181.09576068278213,179.4932206728727,180.87813197889614,45057100,0.001864124338099682,170.6911849975586,170.54002868652344,182.57960510253906
2304,2024-05-09,182.57960510253906,182.6686309202814,180.1461270912472,180.59127127419717,48983000,0.010014351436131275,171.16254730224608,170.60234985351562,181.32156372070312
2305,2024-05-10,181.32156372070312,183.34229448527321,180.4102525825865,183.1540861312051,50759500,-0.006890371907253279,171.49632034301757,170.65276580810547,184.5210723876953
2306,2024-05-13,184.5210723876953,185.3333368917867,182.87674310968822,183.68900761377958,72044800,0.01764549456412423,172.18098907470704,170.7887368774414,185.6602020263672
2307,2024-05-14,185.6602020263672,186.52199740854093,184.53096697721375,185.73944844741243,52393600,0.006173439293038818,173.08632888793946,171.03770721435546,187.9285888671875
2308,2024-05-15,187.9285888671875,188.849800179078,185.6007724639543,186.13568203158255,70400000,0.012217948790652189,174.17334594726563,171.43057098388672,188.04745483398438
2309,2024-05-16,188.04745483398438,189.29556710780693,187.86916171755817,188.67151097089564,52845200,0.0006325060360075074,175.31378707885742,171.8455969238281,188.07716369628906
2310,2024-05-17,188.07716369628906,189.0082902438942,187.3936765447615,187.72056236134898,41282900,0.00015798598460636804,176.55661315917968,172.26359008789063,189.2361297607422
2311,2024-05-20,189.2361297607422,190.10782534306233,187.22529890901677,187.54228461702792,44361300,0.00616218387004519,177.8158416748047,172.67053588867188,190.5337677001953
2312,2024-05-21,190.5337677001953,190.91016932460286,189.11726241831752,189.28565540299905,42309400,0.006857242013424081,179.0875244140625,173.06347045898437,189.0974578857422
2313,2024-05-22,189.0974578857422,190.99934196064652,188.47341681604038,190.45453220558076,34648500,-0.007538347830885028,180.18253326416016,173.41818237304688,185.11541748046875
2314,2024-05-23,185.11541748046875,189.19651013997458,184.86777806929078,189.1766947549615,51005900,-0.02105813822034297,181.03540954589843,173.73480041503908,188.18612670898438
2315,2024-05-24,188.18612670898438,188.7804673088457,186.26444256610336,187.0370913918068,36327000,0.016588079319971305,182.07100296020508,174.07583587646485,188.19602966308594
2316,2024-05-28,188.19602966308594,191.1776023727862,187.3144340702039,189.70166621887228,52280100,5.262318893928253e-05,182.89935684204102,174.42458770751952,188.49322509765625
2317,2024-05-29,188.49322509765625,190.43472491238563,187.7205912720781,187.8196530916493,53068000,0.00157918015115599,183.89935989379882,174.75752044677733,189.4837646484375
2318,2024-05-30,189.4837646484375,190.36536034504638,188.83000809203267,188.9587703074631,49889100,0.005255040600361527,184.9998352050781,175.06357299804688,190.43470764160156
2319,2024-05-31,190.43470764160156,190.7516933437122,188.11680637508078,189.63235836586054,75158300,0.0050185987961999245,185.96336975097657,175.33740295410155,192.19789123535156
2320,2024-06-03,192.19789123535156,193.14883318833753,190.7021546904014,191.07855630297723,50080500,0.009258730278664862,186.50314331054688,175.79092224121095,192.514892578125
2321,2024-06-04,192.514892578125,193.47573474401025,191.20734917579057,192.80214765697744,47471400,0.0016493487037547716,187.1413673400879,176.23277770996094,194.02052307128906
2322,2024-06-05,194.02052307128906,195.04079624688396,193.02996541617088,193.5549597642067,54156800,0.007820852054617244,187.82074508666992,176.73303741455078,192.64364624023438
2323,2024-06-06,192.64364624023438,194.64457691185422,192.33657578915964,193.8422276391208,41181800,-0.007096552515471699,188.414461517334,177.2283135986328,195.03091430664062
2324,2024-06-07,195.03091430664062,195.08044521695948,192.30688050093246,192.81205951087668,53103900,0.012392145357492002,189.03702697753906,177.7001119995117,191.29647827148438
2325,2024-06-10,191.29647827148438,195.4370168860641,190.3356361933404,195.04078477848907,97010200,-0.019147918412999454,189.53577270507813,178.13342712402343,205.19403076171875
2326,2024-06-11,205.19403076171875,205.20394601258087,191.8017009364241,191.82150120872504,172373300,0.07264928563144402,190.5694206237793,178.87338012695312,211.05812072753906
2327,2024-06-12,211.05812072753906,218.1207863262847,204.94636687125956,205.41193016487838,198134300,0.02857826781827777,191.83931655883788,179.75415863037108,212.21707153320312
2328,2024-06-13,212.21707153320312,214.70336573665497,209.60200000148347,212.71235034689784,97862700,0.005491145290543953,193.05374069213866,180.64209075927735,210.4835968017578
2329,2024-06-14,210.4835968017578,213.13828400218216,209.3048308005582,211.83075578674166,70122700,-0.008168403790145162,194.17554779052733,181.5117739868164,214.62413024902344
2330,2024-06-17,214.62413024902344,216.88260054537645,210.71143044440285,211.35528688913016,93728300,0.019671525525883915,195.50289611816407,182.44923187255858,212.2666015625
2331,2024-06-18,212.2666015625,216.56563344094587,210.9887887879192,215.53544497511416,79943300,-0.010984453070528755,196.65441970825196,183.36189544677734,207.7001190185547
2332,2024-06-20,207.7001190185547,212.2170745602359,206.87796947703916,211.90998899500866,86172500,-0.021512958281384442,197.51273727416992,184.15909271240236,205.5308074951172
2333,2024-06-21,205.5308074951172,209.88925500861833,205.1543907600995,208.40341856791886,241805100,-0.0104444404446572,198.33440475463868,184.9502960205078,206.17466735839844
2334,2024-06-24,206.17466735839844,210.69160779538842,204.63929998769706,205.75863496180304,80727000,0.0031326683874219885,199.38736724853516,185.6107421875,207.09588623046875
2335,2024-06-25,207.09588623046875,209.38407188516823,206.64022308060072,207.1751175381149,55549700,0.004468147730627425,200.33285522460938,186.2597378540039,211.23641967773438
2336,2024-06-26,211.23641967773438,212.83121810497767,208.6510635966682,209.5029437835443,66213200,0.019993315766097863,201.4848747253418,187.06791229248046,212.07839965820312
2337,2024-06-27,212.07839965820312,213.70291360533915,210.34492376459474,212.66282504623206,49772700,0.003985960289202506,202.66413345336915,187.95841217041016,208.6312255859375
2338,2024-06-28,208.6312255859375,214.0297763055812,208.3142550307382,213.73260601871965,82542700,-0.016254244080591285,203.62150650024415,188.80727172851562,214.703369140625
2339,2024-07-01,214.703369140625,215.4561875080808,209.91897391071575,210.0873668962765,60402900,0.029104672791112618,204.8349395751953,189.79656646728515,218.1901397705078
2340,2024-07-02,218.1901397705078,218.29910171758146,213.068958487467,214.10903193760322,58046200,0.016239943713221683,206.13455200195312,190.89595642089844,219.45806884765625
2341,2024-07-03,219.45806884765625,219.45806884765625,216.96185912748342,217.92270133801432,37369800,0.005811119963908817,207.4817108154297,192.00408660888672,224.2028045654297
2342,2024-07-05,224.2028045654297,224.3117665065084,219.55708698216947,219.55708698216947,60412400,0.02162023817436909,208.9908248901367,193.18614044189454,225.6688232421875
2343,2024-07-08,225.6688232421875,225.69853875884533,221.14196808500662,224.9457053642915,59085900,0.006538806147404763,210.64208374023437,194.3555712890625,226.52073669433594
2344,2024-07-09,226.52073669433594,227.23393947620644,224.23255073363126,225.7778183894468,48076100,0.0037750604620920836,212.21657485961913,195.52482818603517,230.78012084960938
2345,2024-07-10,230.78012084960938,230.87918266211804,227.08534498663496,227.1348758928893,62627700,0.018803506546162252,214.19075698852538,196.79094543457032,225.42120361328125
2346,2024-07-11,225.42120361328125,230.19568345608255,223.63819688403007,229.2051258414663,64710600,-0.023220878889392393,215.2021156311035,197.8667904663086,228.36312866210938
2347,2024-07-12,228.36312866210938,230.4433055423661,226.5206910327904,226.75843028372813,53046500,0.013050791148622842,216.06736602783204,199.06418975830078,232.1866912841797
2348,2024-07-15,232.1866912841797,234.98997105632398,230.88906326950251,234.24705286947437,62631300,0.016743344884400102,217.06584701538085,200.35843841552733,232.60276794433594
2349,2024-07-16,232.60276794433594,234.03907359612094,230.13627381333595,232.78106107648213,43234300,0.0017919918573068294,218.17180557250975,201.5872134399414,226.71885681152344
2350,2024-07-17,226.71885681152344,229.27449755440023,224.50000206743292,227.28346685481674,57345900,-0.025295963521038467,218.77654190063475,202.49354217529296,222.0631866455078
2351,2024-07-18,222.0631866455078,228.2640866473074,220.1712331922365,228.10559381010606,66034600,-0.020534993125366663,219.26637115478516,203.33979766845704,222.19198608398438
2352,2024-07-19,222.19198608398438,224.65848009632384,221.1717129043359,222.6971801635164,49151500,0.0005800125649919607,219.99096450805663,204.17497802734374,221.84527587890625
2353,2024-07-22,221.84527587890625,225.6291978658938,220.98348053112068,224.86646431913928,48201800,-0.001560408236087718,220.8066879272461,204.9964971923828,222.8853759765625
2354,2024-07-23,222.8853759765625,224.7971601400939,220.57737479075328,222.25141967209163,39960300,0.004688403183415124,221.6422233581543,205.80261260986327,216.47645568847656
2355,2024-07-24,216.47645568847656,222.67735606492835,215.0797809310421,221.88490694575157,61777600,-0.028754332849365016,222.1112518310547,206.50571044921875,215.43638610839844
2356,2024-07-25,215.43638610839844,218.76466037633443,212.59347540961954,216.86277641061952,51391200,-0.004804539028368304,222.32125015258788,207.12401672363282,215.90194702148438
2357,2024-07-26,215.90194702148438,217.41749898154802,213.9703475571551,216.6349499920164,41601300,0.002161013380774346,222.51242752075194,207.72885162353515,216.1792755126953
2358,2024-07-29,216.1792755126953,217.2292640505173,213.71278188189444,214.91136311441508,36311800,0.0012845113026394017,222.88983001708985,208.2938653564453,216.73402404785156
2359,2024-07-30,216.73402404785156,218.24957609355639,214.07932159795172,217.1203409396055,41643800,0.002566150403828571,222.99136276245116,208.86759674072266,219.98304748535156
2360,2024-07-31,219.98304748535156,221.70662325926872,218.54674189777583,219.34909118598728,50036300,0.014990832435163304,223.08100814819335,209.5057144165039,216.2981719970703
2361,2024-08-01,216.2981719970703,222.36038006072013,214.97082835556836,222.25141811315143,62501000,-0.016750724796312455,222.92301330566406,210.04695526123047,217.78399658203125
2362,2024-08-02,217.78399658203125,223.46980270062375,215.65430376795194,217.08069402896655,105568600,0.0068693349150499294,222.60207290649413,210.59195983886718,207.2939910888672
2363,2024-08-05,207.2939910888672,211.484045462397,194.14928763761037,197.21010696314244,119548600,-0.04816701712613147,221.68333129882814,210.9558905029297,205.2732696533203
2364,2024-08-06,205.2732696533203,208.00721860156926,199.17144565753833,203.36150053141452,69660500,-0.009748094601934598,220.62095794677734,211.3590475463867,207.83880615234375
2365,2024-08-07,207.83880615234375,211.62272838414273,204.441185671316,204.9463646139573,63516400,0.012498151870218077,219.47389221191406,211.7521011352539,211.2958221435547
2366,2024-08-08,211.2958221435547,212.17741773164414,206.85812868668822,211.0977136625238,47161100,0.01663315939506016,218.76762313842772,212.2140969848633,214.19818115234375
2367,2024-08-09,214.19818115234375,214.7330756065884,209.96849596255686,210.09727328743648,42201600,0.013735998087161416,218.05937576293945,212.72819610595704,215.72540283203125
2368,2024-08-12,215.72540283203125,217.6889728146819,213.81142108338884,214.27752324509848,38028100,0.0071299470026839895,217.23631134033204,213.2530288696289,219.43438720703125
2369,2024-08-13,219.43438720703125,220.04923895369578,217.19312608520667,217.19312608520667,44155300,0.01719308123340446,216.5778923034668,213.8330224609375,219.88064575195312
2370,2024-08-14,219.88064575195312,221.1797757696837,217.87739912826086,218.7401920302427,41960600,0.0020336764469865987,216.2359817504883,214.38667755126954,222.8557586669922
2371,2024-08-15,222.8557586669922,223.48053712623224,220.9120118672479,222.7367590108339,46414000,0.01353058112443084,216.2756103515625,214.99349487304687,224.17474365234375
2372,2024-08-16,224.17474365234375,224.94827173921567,221.7946444270254,222.0624088054674,44340200,0.005918559130986933,216.37474822998047,215.59657928466797,224.0160675048828
2373,2024-08-19,224.0160675048828,224.115243980586,221.18970440160442,223.84747960195193,40687800,-0.0007078234812527562,216.4832878112793,216.22402770996095,224.6309051513672
2374,2024-08-20,224.6309051513672,225.28543353253482,223.57970115675508,223.8970537532744,30299000,0.002744614050824712,216.57056427001953,216.81602752685546,224.5218048095703
2375,2024-08-21,224.5218048095703,226.08869912173634,223.1830133382552,224.64081959285892,34765500,-0.0004856871396362594,216.97283172607422,217.48053405761718,222.66737365722656
2376,2024-08-22,222.66737365722656,226.44576476142115,222.0425950823824,225.9003243494308,43695300,-0.008259470183381912,217.33438110351562,217.83000091552734,224.95819091796875
2377,2024-08-23,224.95819091796875,226.32674764036014,222.4690186706249,223.78798715352852,38677300,0.010288068804676698,217.78719329833984,218.10800231933592,225.29534912109375
2378,2024-08-26,225.29534912109375,225.39452559231563,222.0326490158817,224.87883517993083,30602200,0.0014987593994653103,218.24299697875978,218.36956787109375,226.13832092285156
2379,2024-08-27,226.13832092285156,226.95152567852384,223.02437015551794,224.1251624880706,35934600,0.0037416298429877592,218.71321182250978,218.68266235351564,224.611083984375
2380,2024-08-28,224.611083984375,227.95312221094204,223.80779089178384,226.02921369079436,38052200,-0.006753552127936713,218.94461364746093,218.88240142822266,227.8837127685547
2381,2024-08-29,227.8837127685547,230.98775191089825,226.9812734022471,228.1911537968638,51906300,0.014570201639770186,219.52389068603514,219.19474365234376,227.10028076171875
2382,2024-08-30,227.10028076171875,228.48866070475935,225.5928860148415,228.28041127940648,52990800,-0.0034378587101203673,219.98970489501954,219.58274688720704,220.9219512939453
2383,2024-09-03,220.9219512939453,227.10026429068756,219.335218503661,226.65400042223428,50190600,-0.02720529207207778,220.67110290527344,219.8905697631836,219.0178680419922
2384,2024-09-04,219.0178680419922,219.94014563997789,215.67581475954933,219.82114598403248,43840200,-0.008618805151778042,221.35833282470702,220.14743377685548,220.5352020263672
2385,2024-09-05,220.5352020263672,223.60947620664672,219.68233574260833,219.79142381839864,36615400,0.006927900439995582,221.9931526184082,220.41622009277344,218.98812866210938
2386,2024-09-06,218.98812866210938,223.37145940933704,217.94683622588397,222.09215251756703,48423000,-0.007015085800555543,222.37776794433594,220.57125427246095,219.07736206054688
2387,2024-09-09,219.07736206054688,219.43437615112032,214.91220775865924,218.9881123209545,67180000,0.00040748052866002027,222.6217269897461,220.71123352050782,218.28404235839844
2388,2024-09-10,218.28404235839844,219.64267245862885,214.9320768549431,217.1039117754798,51591000,-0.0036211852045634485,222.74965896606446,220.90428985595702,220.8128662109375
2389,2024-09-11,220.8128662109375,221.2392917639212,216.08243282408242,219.6228241682371,44587100,0.011585014759746048,222.81858291625977,221.0264797973633,220.9219512939453
2390,2024-09-12,220.9219512939453,221.69547936785247,217.9964268983011,220.6541869199912,37455600,0.0004940159732522709,222.8706481933594,221.08111602783202,220.65415954589844
2391,2024-09-13,220.65415954589844,222.18137718301287,220.0690577657977,221.72520177663733,36766600,-0.0012121554534459955,222.76056823730468,221.10503784179687,214.52548217773438
2392,2024-09-16,214.52548217773438,215.41800999792326,212.14538277021938,214.74364320285497,59357400,-0.027775036649101748,222.27810516357422,220.91149139404297,214.9915313720703
2393,2024-09-17,214.9915313720703,215.10061943149995,212.7205355758407,213.96016573653907,45519300,0.002172465432101145,221.8268783569336,220.69794555664063,218.8592071533203
2394,2024-09-18,218.8592071533203,220.86245391858552,215.7353297749969,215.7452565018275,59894900,0.017989898283744532,221.53829345703124,220.5447149658203,226.97132873535156
2395,2024-09-19,226.97132873535156,227.91345980340301,222.7665127356472,223.12352684243388,66781300,0.037065480075272106,221.6607696533203,220.46853912353515,226.306884765625
2396,2024-09-20,226.306884765625,231.1563174701668,225.73169454082358,228.0622053540531,318679900,-0.002927435696079894,221.84274520874024,220.48625274658204,224.5912322998047
2397,2024-09-23,224.5912322998047,227.54650632766106,223.93670395169437,225.45401003818398,54146000,-0.007581088253665547,221.82439727783202,220.41081481933594,225.48377990722656
2398,2024-09-24,225.48377990722656,227.44736512534206,223.85738561877668,226.75316007712865,43556100,0.003974098179533758,221.83381881713868,220.27675659179687,224.4920654296875
2399,2024-09-25,224.4920654296875,225.40443143928672,222.16156973744518,223.06400902085235,42308700,-0.004398163264546562,221.75150604248046,220.1145425415039,225.63253784179688
2400,2024-09-26,225.63253784179688,226.60440369502516,223.54004142995942,225.41436171300208,36636700,0.005080234840044273,221.80257873535157,220.0928161621094,225.90028381347656
2401,2024-09-27,225.90028381347656,227.61594290444046,225.41435845997736,226.56473891662026,34026000,0.0011866461027327802,221.70340728759766,220.16955810546875,231.06707763671875
2402,2024-09-30,231.06707763671875,231.06707763671875,227.74486252768645,228.13162655878588,54541900,0.022872011207867082,221.90174713134766,220.34705993652344,224.33340454101562
2403,2024-10-01,224.33340454101562,227.74485413807125,221.88389405688537,227.615942887257,63285000,-0.02914163785067525,222.07231979370118,220.39682250976563,224.898681640625
2404,2024-10-02,224.898681640625,225.48378349827837,221.16987922367838,224.0160654907427,32880600,0.002519807965139842,222.36636047363282,220.43708862304686,223.79788208007812
2405,2024-10-03,223.79788208007812,224.928424248049,221.46738631978812,223.27228007150777,34044200,-0.004894646569364447,222.52949447631835,220.58351715087892,224.91851806640625
2406,2024-10-04,224.91851806640625,226.10856009308668,222.27066963907552,226.00938361911108,37245100,0.005007357424084757,222.8260139465332,220.77315979003907,219.8509063720703
2407,2024-10-07,219.8509063720703,223.81772316941647,219.49389225502094,222.63759275105315,39505400,-0.022530878017077094,222.86469116210938,220.85213897705077,223.89706420898438
2408,2024-10-08,223.89706420898438,224.10531361949606,221.3979653574062,222.43925780658088,31855700,0.01840409895816597,223.14534225463868,221.00649475097657,227.6357879638672
2409,2024-10-09,227.6357879638672,227.84405251552317,222.96486939830248,223.36154504729694,33591100,0.016698404546265477,223.48648834228516,221.2245300292969,227.13992309570312
2410,2024-10-10,227.13992309570312,227.59611368544336,225.28544108575701,225.89038125247495,28183500,-0.0021783256165448517,223.79738693237306,221.36766754150392,225.66229248046875
2411,2024-10-11,225.66229248046875,227.5068628874906,225.4540279414576,227.39777482080956,31759200,-0.0065053760479252265,224.04779357910155,221.55494995117186,229.38119506835938
2412,2024-10-14,229.38119506835938,229.80762063057296,226.70359663127624,226.80275797652766,39882100,0.016479946857814065,224.79057922363282,221.78689392089845,231.9100341796875
2413,2024-10-15,231.9100341796875,235.51983687729248,230.44230106244424,231.67201972311165,64751400,0.011024613899035973,225.63650436401366,222.27921478271483,229.857177734375
2414,2024-10-16,229.857177734375,230.1943535005289,227.93326933706737,229.67867825777722,34082200,-0.008851951803525271,226.1864028930664,222.77089294433594,230.22412109375
2415,2024-10-17,230.22412109375,231.91003031839952,228.60765355789445,231.49350124327563,32993800,0.001596397219316037,226.34904251098632,223.21859924316405,233.05047607421875
2416,2024-10-18,233.05047607421875,234.2206797118992,232.0686835146529,234.2206797118992,46431500,0.012276537171870938,226.68622207641602,223.65369232177736,234.51820373535156
2417,2024-10-21,234.51820373535156,234.88514457730523,232.5050454306036,232.5050454306036,36254500,0.006297896000287073,227.18257064819335,224.0600927734375,233.90335083007812
2418,2024-10-22,233.90335083007812,234.26036494372266,230.67040061866737,231.94969236544068,38846600,-0.0026217704872381065,227.60354919433593,224.42365173339843,228.8456573486328
2419,2024-10-23,228.8456573486328,233.18932661738793,225.87054472777703,232.13812257917175,52287000,-0.02162300567091724,227.82122879028321,224.61187713623048,228.65724182128906
2420,2024-10-24,228.65724182128906,228.90516786821388,226.51515714412935,228.07212485007065,31109500,-0.0008233301410509597,227.97246398925782,224.7874090576172,229.49026489257812
2421,2024-10-25,229.49026489257812,231.28524701350278,227.665532857223,227.83412074973037,38802300,0.0036431081939671817,228.1519630432129,224.9200991821289,231.4637451171875
2422,2024-10-28,231.4637451171875,232.78271346714027,230.62080565968694,231.38442210065006,36087100,0.00859940714928853,228.17179641723632,225.0658792114258,231.7315216064453
2423,2024-10-29,231.7315216064453,232.38605001867157,230.3927299983884,231.1662580738538,35417200,0.0011568830752404224,228.5417022705078,225.22018829345703,228.19114685058594
2424,2024-10-30,228.19114685058594,231.53318522639518,227.64570650368097,230.68031899274527,47070900,-0.015277916147601545,228.70632553100586,225.2913931274414,224.035888671875
2425,2024-10-31,224.035888671875,227.92336713292326,223.5003599556127,227.43742665071557,64370100,-0.018209550353115556,228.7182258605957,225.2816748046875,221.060791015625
2426,2024-11-01,221.060791015625,223.4805517303345,218.44269248362247,219.13688241025088,65276700,-0.013279558350614784,228.52533950805665,225.24954315185548,220.16824340820312
2427,2024-11-04,220.16824340820312,220.94177147156717,217.88733586004025,219.15671602208408,44944500,-0.004037566333320419,228.54120635986328,225.15374420166015,221.59629821777344
2428,2024-11-05,221.59629821777344,222.09215031274817,219.3054639601429,219.9599923572388,28111300,0.006486197952366046,228.42616806030273,225.07976318359374,220.87234497070312
2429,2024-11-06,220.87234497070312,224.19455985797964,219.3550388628842,220.76325691115125,54561100,-0.003266991609935821,228.08799591064454,224.9744436645508,225.59286499023438
2430,2024-11-07,225.59286499023438,225.9895557457087,222.7070172967094,222.7665171269793,42137700,0.02137216417998089,228.0106430053711,224.99407928466798,225.32481384277344
2431,2024-11-08,225.32481384277344,227.01256271730918,224.77877343219782,225.53329235935942,38328800,-0.0011882075591023167,227.99376907348633,224.94290130615235,222.61448669433594
2432,2024-11-11,222.61448669433594,224.07389700260043,219.90415975706793,223.3789433198207,42005600,-0.012028533840612421,227.65543365478516,224.85318542480468,222.61448669433594
2433,2024-11-12,222.61448669433594,223.96468891324545,221.75075962779928,222.93218846295187,40398300,0.0,227.19065628051757,224.8870361328125,223.49806213378906
2434,2024-11-13,223.49806213378906,225.01703765642938,221.15506473467502,222.39605879884869,48566200,0.003969083290910502,226.8727005004883,224.97664001464844,226.5757293701172
2435,2024-11-14,226.5757293701172,227.2210402122622,223.3789275067786,223.3987876531247,44923900,0.01377044260225313,226.69028091430664,225.09745056152343,223.37893676757812
2436,2024-11-15,223.37893676757812,225.28510187679902,222.65420045885568,224.76884409236825,47923700,-0.014109157284525442,226.20670394897462,225.18526672363282,226.37718200683594
2437,2024-11-18,226.37718200683594,228.08479108540536,223.54770942404784,223.62713486361545,44633700,0.013422237936325354,225.79965286254884,225.3312631225586,226.6352996826172
2438,2024-11-19,226.6352996826172,228.50175961033486,225.02697621656037,225.34466282087314,36211800,0.0011402106585700622,225.43625030517578,225.49828826904297,227.35012817382812
2439,2024-11-20,227.35012817382812,228.27342054954684,224.26253412411586,226.41689814964724,35169600,0.003154091583314589,225.36147384643556,225.62903350830078,226.87356567382812
2440,2024-11-21,226.87356567382812,228.50174921258224,224.08381355701644,227.2309725554499,42108300,-0.0020961611230569943,225.2722900390625,225.74806579589844,228.21383666992188
2441,2024-11-22,228.21383666992188,229.05771868234922,226.4168797117104,226.4168797117104,38168300,0.005907567909522848,225.20846862792968,225.8992593383789,231.19223022460938
2442,2024-11-25,231.19223022460938,231.5694972757357,228.08479132337303,229.79240040372403,90152800,0.013050889455906711,225.19489288330078,226.23259429931642,233.366455078125
2443,2024-11-26,233.366455078125,233.87279036398945,231.6489234928732,231.6489234928732,45986200,0.009404402783792953,225.27663955688476,226.6000927734375,233.2373809814453
2444,2024-11-27,233.2373809814453,233.99191506726265,232.12545514826604,232.78070364946953,33498400,-0.0005530961878666973,225.52895126342773,226.88765625,235.6201171875
2445,2024-11-29,235.6201171875,236.09665470361549,232.28432427698263,233.11826871739834,28481400,0.010215927635734534,226.108162689209,227.06063201904297,237.8638153076172
2446,2024-12-02,237.8638153076172,239.0551666028684,235.45133007089746,235.5605381566453,48137100,0.009522523572686792,226.94831390380858,227.29177062988282,240.90176391601562
2447,2024-12-03,240.90176391601562,241.01097200063165,237.17878168890522,238.08222901174219,38861000,0.012771798032708892,227.98498992919923,227.61798126220702,241.25917053222656
2448,2024-12-04,241.25917053222656,242.35125137710352,239.51185632927692,241.12017980186528,44383900,0.0014836197560410547,228.96813354492187,227.93348907470704,241.28895568847656
2449,2024-12-05,241.28895568847656,242.77814859306412,240.38552350615552,242.2321233137982,40033900,0.00012345709464356425,229.98896408081055,228.26942687988281,241.0904083251953
2450,2024-12-06,241.0904083251953,242.86752040520184,240.33588934668637,241.1599112680226,36870600,-0.000822861380931128,230.7638412475586,228.57858428955078,244.97222900390625
2451,2024-12-09,244.97222900390625,245.45870413211114,240.0082527322972,240.08767817050534,44649200,0.016101099606894875,231.74621200561523,228.96002319335938,245.98489379882812
2452,2024-12-10,245.98489379882812,246.42172615122828,243.5723933612922,245.11122909402775,36914800,0.0041337942632906355,232.91473236083985,229.25837951660156,244.71412658691406
2453,2024-12-11,244.71412658691406,248.99307203962232,244.48577275361333,246.17353693536344,45205800,-0.0051660376061682944,234.01971435546875,229.66599395751953,246.17355346679688
2454,2024-12-12,246.17355346679688,246.94793266505545,243.9099660232077,245.11125511986066,32777500,0.005963803153654412,235.15348892211915,230.09149139404298,246.34228515625
2455,2024-12-13,246.34228515625,247.49391610940148,244.46590277835176,246.0345210589055,33155300,0.0006854176132120582,236.14181671142578,230.54237945556642,249.2313232421875
2456,2024-12-16,249.2313232421875,249.56888515433104,245.86574781090837,246.2033097230519,51694800,0.011727739247466396,237.43443603515624,231.02863555908203,251.6537322998047
2457,2024-12-17,251.6537322998047,252.0012166921119,247.98039295462073,248.2782345553336,51356400,0.009719520909750257,238.6982635498047,231.66469207763672,246.2628631591797
2458,2024-12-18,246.2628631591797,252.44797328398425,245.95509905753715,250.34325221557475,56774100,-0.021421773050449566,239.6796417236328,232.11200805664063,247.99032592773438
2459,2024-12-19,247.99032592773438,250.184410158509,245.3097817058068,245.71683140567848,60882300,0.007014710811017011,240.71165161132814,232.51909881591797,252.656494140625
2460,2024-12-20,252.656494140625,253.1628143156686,243.91989202858784,246.25295201238012,147495300,0.01881592838524826,242.00079803466798,233.0294302368164,253.4308624267578
2461,2024-12-23,253.4308624267578,253.80811434244586,251.6239676953758,252.93446477293034,40858800,0.003064905530201001,243.26164932250975,233.5848016357422,256.3397521972656
2462,2024-12-24,256.3397521972656,256.34965954757746,253.45069916161225,253.64927033575188,23234700,0.011478040766832454,244.51902542114257,234.1239727783203,257.1537780761719
2463,2024-12-26,257.1537780761719,258.2260137599804,255.77380863027113,256.329771467171,27237100,0.0031755741040111474,245.70839157104493,234.62884765625,253.74855041503906
2464,2024-12-27,253.74855041503906,256.8361595932908,251.23677948504655,255.9724022209019,42355300,-0.01324198962429457,246.73395004272462,235.1066751098633,250.38296508789062
