Date,Close,High,Low,Open,Volume,Daily_Return,MA20,MA50,Target,Sentiment,Positive_Sentiment,Negative_Sentiment,Neutral_Sentiment,article_count
2016-03-15,23.663522720336918,23.799285555257,23.498343424866768,23.52323347933923,160270800,0.0200933669228637,22.500374794006348,22.146492195129397,23.9780387878418,0.0,0.0,0.0,0.0,
2016-03-16,23.9780387878418,24.054970422113332,23.665782392387264,23.67030879811969,153214000,0.0132911769402186,22.58918600082397,22.151870918273925,23.9395751953125,0.0,0.0,0.0,0.0,
2016-03-17,23.9395751953125,24.09117700139507,23.74950584220155,23.87621759339676,137682800,-0.0016041175372858,22.69711790084839,22.168363075256348,23.96673011779785,0.0,0.0,0.0,0.0,
2016-03-18,23.96673011779785,24.09796829371383,23.801552522522893,24.061763944639747,176820800,0.001134310958478,22.8088963508606,22.194445381164552,23.964466094970703,0.0,0.0,0.0,0.0,
2016-03-21,23.964466094970703,24.3581788545761,23.790235704617366,23.96899077496512,142010800,-9.446523643485973e-05,22.911058044433595,22.239611625671387,24.147743225097656,0.0,0.0,0.0,0.0,
2016-03-22,24.147743225097656,24.27671816992111,23.80607209093383,23.81512317625874,129777600,0.0076478703677616,23.047160148620605,22.286147956848144,24.014249801635746,0.0,0.0,0.0,0.0,
2016-03-23,24.014249801635746,24.22694606118785,23.962208201735915,24.093446392792263,102814000,-0.0055281945901747,23.160635662078857,22.322947692871093,23.910165786743164,0.0,0.0,0.0,0.0,
2016-03-24,23.910165786743164,24.041403982801047,23.733673873715706,23.864912069773585,104532000,-0.0043342605224956,23.26143980026245,22.35122947692871,23.801551818847656,0.0,0.0,0.0,0.0,
2016-03-28,23.801551818847656,24.02782381491597,23.772135354515047,23.984831583241125,77645600,-0.0045425853113795,23.35511655807495,22.388906517028808,24.364967346191406,0.0,0.0,0.0,0.0,
2016-03-29,24.364967346191406,24.389857402577743,23.731405099423505,23.733668302636328,124760400,0.0236713778845965,23.479453086853027,22.428264694213865,24.79035758972168,0.0,0.0,0.0,0.0,
2016-03-30,24.79035758972168,24.984951630731874,24.573136695962944,24.584450985496314,182404400,0.0174590935208771,23.58161497116089,22.486888160705565,24.6613826751709,0.0,0.0,0.0,0.0,
2016-03-31,24.6613826751709,24.867291006090745,24.63649261920656,24.826561980541666,103553600,-0.0052026242091907,23.67483873367309,22.54504753112793,24.887664794921875,0.0,0.0,0.0,0.0,
2016-04-01,24.887664794921875,24.889927999018354,24.48263757759776,24.613875794090944,103496000,0.0091755650010165,23.770891666412357,22.607147483825685,25.143346786499023,0.0,0.0,0.0,0.0,
2016-04-04,25.143346786499023,25.38545777213109,24.951014193778747,24.98495534110106,149424800,0.0102734424335912,23.86264495849609,22.676566505432127,24.84693145751953,0.0,0.0,0.0,0.0,
2016-04-05,24.84693145751953,25.055103040436407,24.758685502519864,24.77905088322981,106314800,-0.0117890164541919,23.952475357055665,22.717012100219726,25.10714530944824,0.0,0.0,0.0,0.0,
2016-04-06,25.10714530944824,25.11167171697916,24.70890603634193,24.94196768726165,105616400,0.0104726755645296,24.0648196220398,22.77157398223877,24.55956649780273,0.0,0.0,0.0,0.0,
2016-04-07,24.55956649780273,24.98495729540314,24.46453265892157,24.87860916442339,127207600,-0.0218096802681683,24.148766708374023,22.8127087020874,24.58671760559082,0.0,0.0,0.0,0.0,
2016-04-08,24.58671760559082,24.837877950218115,24.475843076973312,24.64328560848277,94326800,0.0011055206446952,24.23350534439087,22.883958168029785,24.668169021606445,0.0,0.0,0.0,0.0,
2016-04-11,24.668169021606445,25.02794234592997,24.62517852187933,24.65685645907536,117630000,0.0033128218789604,24.309985065460204,22.953820953369146,24.989477157592773,0.0,0.0,0.0,0.0,
2016-04-12,24.989477157592773,25.00305292350047,24.586713323361767,24.74057660716404,108929200,0.0130252121957206,24.39958848953247,23.01548156738281,25.351512908935547,0.0,0.0,0.0,0.0,
2016-04-13,25.351512908935547,25.419393467312176,25.070936136412072,25.070936136412072,133029200,0.0144875280526937,24.4839879989624,23.088478660583498,25.365089416503903,0.0,0.0,0.0,0.0,
2016-04-14,25.365089416503903,25.430708499941424,25.19086074596297,25.256479829400487,101895600,0.0005355304678316,24.55334053039551,23.17052417755127,24.855979919433597,0.0,0.0,0.0,0.0,
2016-04-15,24.855979919433597,25.410347378970744,24.82882838311432,25.367355144707314,187756000,-0.0200712675879257,24.599160766601564,23.233970947265625,24.31970977783203,0.0,0.0,0.0,0.0,
2016-04-18,24.31970977783203,24.65232809193066,24.197522718516677,24.638752327446053,243286000,-0.0215750955440015,24.61680974960327,23.2832075881958,24.190736770629883,0.0,0.0,0.0,0.0,
2016-04-19,24.190736770629883,24.43737238551769,24.03687176433501,24.41021912805927,129539600,-0.0053032297005333,24.62812328338623,23.34154045104981,24.240516662597656,0.0,0.0,0.0,0.0,
2016-04-20,24.240516662597656,24.457737556836925,23.99840571238447,24.1296438754618,122444000,0.0020578080130329,24.63276195526123,23.39638874053955,23.9780387878418,0.0,0.0,0.0,0.0,
2016-04-21,23.9780387878418,24.19525965241305,23.87621537467785,24.19525965241305,126210000,-0.0108280643688116,24.630951404571533,23.44607810974121,23.91242218017578,0.0,0.0,0.0,0.0,
2016-04-22,23.91242218017578,24.093440449136978,23.672574441172625,23.76082037255372,134732400,-0.0027365293820146,24.631064224243165,23.49771331787109,23.77666473388672,0.0,0.0,0.0,0.0,
2016-04-25,23.77666473388672,23.90563971871821,23.64768974905523,23.758562557621605,112126400,-0.0056772770765819,24.62981986999512,23.549212913513184,23.61147689819336,0.0,0.0,0.0,0.0,
2016-04-26,23.61147689819336,23.82643627975588,23.51191841720578,23.51191841720578,224064800,-0.0069474771816053,24.592145347595213,23.59609634399414,22.13392639160156,0.0,0.0,0.0,0.0,
2016-04-27,22.13392639160156,22.33530832822501,21.64970446238133,21.722111431433373,458408400,-0.0625776402282083,24.459323787689208,23.601436347961425,21.45737075805664,0.0,0.0,0.0,0.0,
2016-04-28,21.45737075805664,22.147499212389253,21.326132604634854,22.086406541695982,328970800,-0.0305664535778719,24.29912319183349,23.58654747009277,21.21073341369629,0.0,0.0,0.0,0.0,
2016-04-29,21.21073341369629,21.43248069790953,20.93241986482325,21.267301404674168,274126000,-0.0114942947643176,24.115276622772218,23.575143394470214,21.1881103515625,0.0,0.0,0.0,0.0,
2016-05-02,21.1881103515625,21.287670585909357,20.907533549506745,21.26278052732264,192640400,-0.0010665855674363,23.91751480102539,23.56428237915039,21.53656768798828,0.0,0.0,0.0,0.0,
2016-05-03,21.53656768798828,21.66327944767617,21.19715970912294,21.31482038221623,227325200,0.0164458902018171,23.75199661254883,23.556589088439942,21.31255531311035,0.0,0.0,0.0,0.0,
2016-05-04,21.31255531311035,21.699480136643118,21.228834070960072,21.541088737411613,164102000,-0.0104014891380704,23.56226711273193,23.554326171875,21.22605323791504,0.0,0.0,0.0,0.0,
2016-05-05,21.22605323791504,21.41500286744286,21.098569987548814,21.39906746114708,143562000,-0.0040587378624702,23.395591449737548,23.543952445983887,21.107675552368164,0.0,0.0,0.0,0.0,
2016-05-06,21.107675552368164,21.273858822090435,20.90961973417624,21.25564817031645,174799600,-0.0055769993705387,23.22163934707641,23.528224296569825,21.123613357543945,0.0,0.0,0.0,0.0,
2016-05-09,21.123613357543945,21.34670906436936,21.078082380864863,21.171419580435103,131745600,0.0007550715442938,23.04441156387329,23.51213623046875,21.267030715942383,0.0,0.0,0.0,0.0,
2016-05-10,21.267030715942383,21.30117851214053,20.96881021859192,21.24654308032093,134747200,0.0067894330373745,22.85828924179077,23.499912109375,21.059873580932617,0.0,0.0,0.0,0.0,
2016-05-11,21.059873580932617,21.301181699672124,21.048490401553487,21.28069406098488,114876400,-0.0097407643679413,22.643707275390625,23.46616718292236,20.565866470336918,0.0,0.0,0.0,0.0,
2016-05-12,20.565866470336918,21.12133211602468,20.36781240640932,21.10767369418935,305258800,-0.0234572685679828,22.403746128082275,23.421546363830565,20.606847763061523,0.0,0.0,0.0,0.0,
2016-05-13,20.606847763061523,20.868645235994705,20.48847069657504,20.48847069657504,177571200,0.0019926849561002,22.191289520263677,23.374351196289066,21.371753692626957,0.0,0.0,0.0,0.0,
2016-05-16,21.371753692626957,21.487855528557017,20.86409582280485,21.032556118291023,245039200,0.0371190168608199,22.04389171600342,23.33562065124512,21.28296661376953,0.0,0.0,0.0,0.0,
2016-05-17,21.28296661376953,21.558422498954688,21.173695747608512,21.52427643879756,187667600,-0.0041544124143659,21.8985032081604,23.300273513793947,21.52655029296875,0.0,0.0,0.0,0.0,
2016-05-18,21.52655029296875,21.67452291245479,21.37402544469915,21.43549182266564,168249600,0.0114450059345405,21.762804889678957,23.273599319458008,21.444589614868164,0.0,0.0,0.0,0.0,
2016-05-19,21.444589614868164,21.544755985262864,21.30117100557176,21.544755985262864,121768400,-0.0038074227865184,21.636132431030276,23.244878616333008,21.676803588867188,0.0,0.0,0.0,0.0,
2016-05-20,21.676803588867188,21.724609814970933,21.517447765025423,21.544766352868685,128104000,0.0108285576068112,21.52435150146484,23.220575790405277,21.95224952697754,0.0,0.0,0.0,0.0,
2016-05-23,21.95224952697754,22.125263697700007,21.77923535625507,21.8247663153023,152074400,0.0127069444063152,21.433130741119385,23.19684928894043,22.28689956665039,0.0,0.0,0.0,0.0,
2016-05-24,22.28689956665039,22.330151816165124,22.045589773017973,22.132097745705188,140560800,0.0152444531601005,21.36690187454224,23.178639106750488,22.67845916748047,0.0,0.0,0.0,0.0,
2016-05-25,22.67845916748047,22.705776014402836,22.33470770346552,22.462190953980613,152675200,0.0175690476667287,21.39412851333618,23.15893783569336,22.858295440673828,0.0,0.0,0.0,0.0,
2016-05-26,22.858295440673828,22.93114323769047,22.455354706528286,22.692110481039485,225324800,0.0079298276776771,21.46417474746704,23.13654296875,22.844640731811523,0.0,0.0,0.0,0.0,
2016-05-27,22.844640731811523,22.87195931351737,22.59422647840904,22.63748046523608,145364800,-0.0005973633903605,21.545870113372803,23.11464427947998,22.73309135437012,0.0,0.0,0.0,0.0,
2016-05-31,22.73309135437012,22.85602235846681,22.49633553946117,22.67390196643569,169228800,-0.0048829560837029,21.623119163513184,23.089971504211427,22.414384841918945,0.0,0.0,0.0,0.0,
2016-06-01,22.414384841918945,22.660246886366743,22.38479101200226,22.541868093041938,116693200,-0.0140194972818734,21.66701002120972,23.05896987915039,22.245922088623047,0.0,0.0,0.0,0.0,
2016-06-02,22.245922088623047,22.273238932612223,21.99778308913869,22.218603507805028,160766400,-0.0075158321088893,21.71367835998535,23.0209334564209,22.291446685791016,0.0,0.0,0.0,0.0,
2016-06-03,22.291446685791016,22.371123692243952,22.18445110419915,22.261852865345205,114019600,0.0020464243732676,21.76694803237915,22.986477394104003,22.45308494567871,0.0,0.0,0.0,0.0,
2016-06-06,22.45308494567871,23.19522331053951,22.20722463719253,22.307389304787257,93170000,0.0072511336821725,21.83421850204468,22.957335777282715,22.54414367675781,0.0,0.0,0.0,0.0,
2016-06-07,22.54414367675781,22.73537027840332,22.52820827135643,22.594226875684704,89638000,0.0040555109152886,21.90524501800537,22.93218761444092,22.52365493774414,0.0,0.0,0.0,0.0,
2016-06-08,22.52365493774414,22.664796596709508,22.46446554765898,22.541865588145946,83392400,-0.0009088275566125,21.96807622909546,22.89536136627197,22.685285568237305,0.0,0.0,0.0,0.0,
2016-06-09,22.685285568237305,22.76268560736526,22.414381957631843,22.423488151087277,106405600,0.0071760391881297,22.04934682846069,22.853259925842284,22.49861717224121,0.0,0.0,0.0,0.0,
2016-06-10,22.49861717224121,22.61699423574872,22.418940135569898,22.43032157690629,126851600,-0.0082286112482293,22.145984363555907,22.81000461578369,22.159412384033203,0.0,0.0,0.0,0.0,
2016-06-13,22.159412384033203,22.56463015206656,22.10477696350067,22.46674074949688,152082000,-0.0150766949635695,22.223612594604493,22.75543956756592,22.186731338500977,0.0,0.0,0.0,0.0,
2016-06-14,22.186731338500977,22.418934919147425,22.02510031976761,22.15486053124813,127727600,0.0012328374956123,22.264361476898195,22.696307258605955,22.113889694213867,0.0,0.0,0.0,0.0,
2016-06-15,22.113889694213867,22.403005759365648,22.08884809056043,22.268691545512738,117780800,-0.0032831174261666,22.30590763092041,22.641646423339843,22.207225799560547,0.0,0.0,0.0,0.0,
2016-06-16,22.207225799560547,22.252755038411323,21.870303526845767,21.956809775393893,125307200,0.004220700502594,22.33994140625,22.58364803314209,21.701839447021484,0.0,0.0,0.0,0.0,
2016-06-17,21.701839447021484,22.00233688641061,21.69501023607632,21.995507675465443,244032800,-0.0227577436776935,22.352803897857665,22.526493492126463,21.64947891235352,0.0,0.0,0.0,0.0,
2016-06-20,21.64947891235352,21.984124137793835,21.63354350813392,21.85436392148318,137647600,-0.0024127233452164,22.351437664031984,22.46774871826172,21.833879470825195,0.0,0.0,0.0,0.0,
2016-06-21,21.833879470825195,21.93404413901869,21.553869628070824,21.61305902529588,142185600,0.008517551818139,22.345519161224367,22.411062927246093,21.751928329467773,0.0,0.0,0.0,0.0,
2016-06-22,21.751928329467773,22.056978076957133,21.706397349882533,21.91128241594292,116876400,-0.0037533935032904,22.318770599365237,22.346311950683592,21.87712860107422,0.0,0.0,0.0,0.0,
2016-06-23,21.87712860107422,21.92038258558164,21.68362676731434,21.840705564248605,128960800,0.005755824022132,22.27870407104492,22.27682426452637,21.262475967407227,0.0,0.0,0.0,0.0,
2016-06-24,21.262475967407227,21.54931498992115,21.09173874347756,21.15092813408525,301245600,-0.0280956721914964,22.198913097381592,22.194771995544432,20.95287322998047,0.0,0.0,0.0,0.0,
2016-06-27,20.95287322998047,21.182799854404006,20.82994221504597,21.17141667758771,181958400,-0.0145609917632048,22.10432472229004,22.11670986175537,21.30573272705078,0.0,0.0,0.0,0.0,
2016-06-28,21.30573272705078,21.321669872013963,20.97564138563484,21.1486556288244,161779600,0.0168406257794477,22.03295679092407,22.056430320739747,21.49012756347656,0.0,0.0,0.0,0.0,
2016-06-29,21.49012756347656,21.52427535874932,21.314836358263275,21.392238143336797,146124000,0.0086547052283099,21.986743927001957,22.00241813659668,21.7632999420166,0.0,0.0,0.0,0.0,
2016-06-30,21.7632999420166,21.80199995456265,21.46735652411164,21.49922732701173,143345600,0.0127115289443096,21.96261281967163,21.95287380218506,21.829326629638672,0.0,0.0,0.0,0.0,
2016-07-01,21.829326629638672,21.961363854547116,21.701843370736256,21.73826641463874,104106000,0.0030338545991639,21.93950681686401,21.909899559021,21.62443733215332,0.0,0.0,0.0,0.0,
2016-07-05,21.62443733215332,21.71777451182094,21.503783309132288,21.715497529265225,110820800,-0.0093859650809,21.898074436187745,21.864139862060547,21.74736213684082,0.0,0.0,0.0,0.0,
2016-07-06,21.74736213684082,21.77695769114008,21.483289551023773,21.535647977074564,123796400,0.0056845319394611,21.85823535919189,21.82355381011963,21.840715408325195,0.0,0.0,0.0,0.0,
2016-07-07,21.840715408325195,21.968198699917487,21.767867565011088,21.786078223217423,100558400,0.0042926250502,21.824088382720948,21.788138580322265,22.009166717529297,0.0,0.0,0.0,0.0,
2016-07-08,22.009166717529297,22.056972932321376,21.86574807315307,21.96591273121933,115648400,0.0077127193892143,21.790282440185543,21.78564338684082,22.077465057373047,0.0,0.0,0.0,0.0,
2016-07-11,22.077465057373047,22.229989914574308,22.02055264168639,22.02510487073652,95179600,0.0031031769953087,21.769224834442134,21.79804527282715,22.17762756347656,0.0,0.0,0.0,0.0,
2016-07-12,22.17762756347656,22.241369184932,22.109333713415275,22.120715153344364,96670000,0.0045368662499623,21.770135593414302,21.817383155822757,22.052425384521484,0.0,0.0,0.0,0.0,
2016-07-13,22.052425384521484,22.234544088551846,22.045594435105123,22.17535642157733,103568800,-0.0056454270681896,21.76342029571533,21.834669456481933,22.48950958251953,0.0,0.0,0.0,0.0,
2016-07-14,22.48950958251953,22.53503881870016,22.15486431242193,22.17079971876806,155676000,0.0198202324858487,21.78220129013061,21.85372829437256,22.487224578857425,0.0,0.0,0.0,0.0,
2016-07-15,22.487224578857425,22.605603329629844,22.42348297620846,22.519095380181906,120548000,-0.0001016030898195,21.79620122909546,21.8772216796875,22.72626304626465,0.0,0.0,0.0,0.0,
2016-07-18,22.72626304626465,22.794556893367258,22.446253236340294,22.46901785204117,145975600,0.0106299675430809,21.847422409057614,21.907225875854493,22.735370635986328,0.0,0.0,0.0,0.0,
2016-07-19,22.735370635986328,22.764964464531797,22.614714865387988,22.66479806510259,95119600,0.0004007517515369,21.90171699523926,21.93977977752685,22.7558536529541,0.0,0.0,0.0,0.0,
2016-07-20,22.7558536529541,22.869678452180658,22.70577046340184,22.764959845311655,105104000,0.0009009317374115,21.947815704345704,21.972424583435057,22.635202407836918,0.0,0.0,0.0,0.0,
2016-07-21,22.635202407836918,22.992612251581413,22.566906825229403,22.726262605703987,130808000,-0.0053019872142447,21.99197940826416,21.999788017272948,22.45991516113281,0.0,0.0,0.0,0.0,
2016-07-22,22.45991516113281,22.6056107972683,22.38023639467176,22.59650460290621,113254800,-0.0077440105701644,22.02111873626709,22.027788848876952,22.159412384033203,0.0,0.0,0.0,0.0,
2016-07-25,22.159412384033203,22.500886801811777,22.06379996389409,22.36657436449665,161531600,-0.0133795152360874,22.065965557098387,22.05965976715088,22.00689697265625,0.0,0.0,0.0,0.0,
2016-07-26,22.00689697265625,22.302842289363245,21.949984545353324,22.041044776403897,224959200,-0.0068826469192317,22.11866674423218,22.08766075134277,23.43653106689453,0.0,0.0,0.0,0.0,
2016-07-27,23.43653106689453,23.755240928260108,23.391001831054744,23.737028539192583,369379200,0.064963002099506,22.22520666122437,22.128956298828125,23.75296211242676,0.0,0.0,0.0,0.0,
2016-07-28,23.75296211242676,23.77800371125491,23.406935430991453,23.40921241365644,159479200,0.0135016161149892,22.338348388671875,22.17835620880127,23.72336769104004,0.0,0.0,0.0,0.0,
2016-07-29,23.72336769104004,23.800769468251264,23.602713665250537,23.71881546265295,110934800,-0.0012459255080121,22.436351776123047,22.222292556762696,24.14225196838379,0.0,0.0,0.0,0.0,
2016-08-01,24.14225196838379,24.16501659157297,23.76890659022699,23.76890659022699,152671600,0.0176570326270311,22.5519980430603,22.276245803833007,23.784835815429688,0.0,0.0,0.0,0.0,
2016-08-02,23.784835815429688,24.146797919457065,23.675563220974293,24.1422456907347,135266400,-0.0148045904508894,22.66001796722412,22.318406448364257,24.083057403564453,0.0,0.0,0.0,0.0,
2016-08-03,24.083057403564453,24.0944388443081,23.850853780982277,23.859959975674617,120810400,0.0125383076195675,22.776802730560306,22.361022605896,24.23183250427246,0.0,0.0,0.0,0.0,
2016-08-04,24.23183250427246,24.261586651709106,24.09679068939377,24.16545625577112,109634800,0.0061775836105422,22.896358585357667,22.39992126464844,24.600330352783203,0.0,0.0,0.0,0.0,
2016-08-05,24.600330352783203,24.63924001955661,24.30278193880834,24.323380557839805,162213600,0.0152071804080755,23.02591676712036,22.43835868835449,24.80404090881348,0.0,0.0,0.0,0.0,
2016-08-08,24.80404090881348,24.80404090881348,24.527092804815823,24.60948904362948,112148800,0.0082808057090675,23.162245559692384,22.47727359771729,24.90474319458008,0.0,0.0,0.0,0.0,
2016-08-09,24.90474319458008,24.93449908368157,24.7216379561109,24.771992464217156,105260800,0.0040599145170261,23.29860134124756,22.518475646972657,24.71934700012207,0.0,0.0,0.0,0.0,
2016-08-10,24.71934700012207,24.925341907703924,24.66441560684608,24.881853608815117,96034000,-0.0074442122534456,23.431947422027587,22.558200759887697,24.70332717895508,0.0,0.0,0.0,0.0,
2016-08-11,24.70332717895508,24.932210039226604,24.68501613103632,24.838367228321207,109938000,-0.0006480681373546,23.542638301849365,22.603979606628418,24.760555267333984,0.0,0.0,0.0,0.0,
2016-08-12,24.760555267333984,24.82006531767229,24.66900174671462,24.66900174671462,74641600,0.0023166145986868,23.656304836273197,22.65427227020264,25.05809593200684,0.0,0.0,0.0,0.0,
2016-08-15,25.05809593200684,25.07182834461946,24.73765958322399,24.75139199583661,103472800,0.0120167202011576,23.772896480560306,22.709605255126952,25.03520774841309,0.0,0.0,0.0,0.0,
2016-08-16,25.03520774841309,25.22975958534201,24.99629807952239,25.09242846604213,135177600,-0.0009134047397637,23.88788833618164,22.76124771118164,24.998584747314453,0.0,0.0,0.0,0.0,
2016-08-17,24.998584747314453,25.03291752350013,24.79716672501847,24.9711181771184,101424000,-0.0014628598838352,24.00002489089966,22.81033653259277,24.96654510498047,0.0,0.0,0.0,0.0,
2016-08-18,24.96654510498047,25.085563434881703,24.95281094466424,25.000877886414337,87938800,-0.0012816582481705,24.11659202575684,22.8591943359375,25.03063201904297,0.0,0.0,0.0,0.0,
2016-08-19,25.03063201904297,25.106163788909825,24.80174913792241,24.895590211138185,101472400,0.0025669115928144,24.245127868652343,22.90610126495361,24.836082458496094,0.0,0.0,0.0,0.0,
2016-08-22,24.836082458496094,24.971122523094618,24.685018915483,24.91619111937978,103280800,-0.0077724589774187,24.37896137237549,22.95285057067871,24.91389274597168,0.0,0.0,0.0,0.0,
2016-08-23,24.91389274597168,25.02146794273071,24.84065031889448,24.854382728272327,85030800,0.0031329533393849,24.52431116104126,23.00794017791748,24.72621154785156,0.0,0.0,0.0,0.0,
2016-08-24,24.72621154785156,24.89100746286576,24.64610290756338,24.849808484112213,94700400,-0.0075331944322696,24.58879518508911,23.058729782104493,24.620929718017575,0.0,0.0,0.0,0.0,
2016-08-25,24.620929718017575,24.691882847370994,24.417224107868105,24.579730732468377,100344800,-0.0042579037888694,24.63219356536865,23.108870582580565,24.47673797607422,0.0,0.0,0.0,0.0,
2016-08-26,24.47673797607422,24.70790844864497,24.332540630944195,24.584313218873454,111065200,-0.0058564702306038,24.66986207962036,23.15426082611084,24.44926643371582,0.0,0.0,0.0,0.0,
2016-08-29,24.44926643371582,24.591174432069376,24.32795880029892,24.403490561337307,99881200,-0.0011223530841917,24.68521280288696,23.20920936584473,24.26158142089844,0.0,0.0,0.0,0.0,
2016-08-30,24.26158142089844,24.37602284269513,24.147139999101743,24.21580555067477,99455600,-0.0076765089589175,24.7090500831604,23.261451416015625,24.28447532653809,0.0,0.0,0.0,0.0,
2016-08-31,24.28447532653809,24.39205056887319,24.179189402148264,24.183768038038835,118649600,0.000943627921135,24.71912097930908,23.31046333312988,24.428667068481445,0.0,0.0,0.0,0.0,
2016-09-01,24.428667068481445,24.444688797948064,24.17460696819824,24.29362528048776,106806000,0.0059376099341041,24.72896270751953,23.36399810791016,24.657554626464844,0.0,0.0,0.0,0.0,
2016-09-02,24.657554626464844,24.71935223871697,24.449270357370363,24.65068667289205,107210000,0.0093696294333929,24.731823921203613,23.41960662841797,24.650678634643555,0.0,0.0,0.0,0.0,
2016-09-06,24.650678634643555,24.78800972151161,24.60719208695682,24.696456245678675,107521600,-0.0002788594378255,24.72415580749512,23.48737068176269,24.80174446105957,0.0,0.0,0.0,0.0,
2016-09-07,24.80174446105957,24.89329794549112,24.50648539054249,24.680436836338693,169457200,0.0061282623758565,24.719005870819093,23.56434810638428,24.151716232299805,0.0,0.0,0.0,0.0,
2016-09-08,24.151716232299805,24.55226119771989,24.087629317230583,24.54768430931672,212008000,-0.0262089721059884,24.69062433242798,23.62126777648926,23.60468864440918,0.0,0.0,0.0,0.0,
2016-09-09,23.60468864440918,24.197496157875143,23.60468864440918,23.95030225080275,186228000,-0.0226496362672167,24.635692405700684,23.66355899810791,24.133420944213867,0.0,0.0,0.0,0.0,
2016-09-12,24.133420944213867,24.197507896491704,23.46737066252959,23.49483724760801,181171200,0.0223994608770201,24.60433568954468,23.710961418151854,24.707902908325195,0.0,0.0,0.0,0.0,
2016-09-13,24.707902908325195,24.90016540997437,24.54539629470703,24.607195641973306,248704800,0.0238044148585185,24.586826038360595,23.768532943725585,25.582239151000977,0.0,0.0,0.0,0.0,
2016-09-14,25.582239151000977,25.87063207350197,24.856680828536582,24.88643672101932,443554800,0.0353869062024352,24.61417760848999,23.84768898010254,26.45199584960937,0.0,0.0,0.0,0.0,
2016-09-15,26.45199584960937,26.488617950649573,25.975919013514144,26.060606312491185,359934400,0.0339984585975683,24.686848163604736,23.94178165435791,26.30321884155273,0.0,0.0,0.0,0.0,
2016-09-16,26.30321884155273,26.58016690302219,26.101802545821595,26.348996463017336,319547600,-0.0056244152200272,24.75368185043335,24.031031723022465,25.99651527404785,0.0,0.0,0.0,0.0,
2016-09-19,25.99651527404785,26.5916103520135,25.92098351226608,26.365016812905782,188092000,-0.011660305506806,24.801976013183594,24.11077869415283,25.99423217773437,0.0,0.0,0.0,0.0,
2016-09-20,25.99423217773437,26.12011847749904,25.75161685044761,25.875213832151637,138057200,-8.782316742872442e-05,24.859883499145507,24.18911403656006,25.98964500427246,0.0,0.0,0.0,0.0,
2016-09-21,25.98964500427246,26.09035225799833,25.735584933446983,26.05830880278046,144012800,-0.0001764688962747,24.91367111206055,24.26535438537597,26.234560012817383,0.0,0.0,0.0,0.0,
2016-09-22,26.234560012817383,26.30780247483782,26.09265197867364,26.1727606486588,124296000,0.0094235611338537,24.98908853530884,24.348997077941892,25.79738426208496,0.0,0.0,0.0,0.0,
2016-09-23,25.79738426208496,26.273460980543124,25.531881080100096,26.18877370249205,209924800,-0.0166641159797927,25.04791126251221,24.415154571533204,25.83629608154297,0.0,0.0,0.0,0.0,
2016-09-26,25.83629608154297,25.95302682671023,25.53188321108831,25.552481829874388,119477600,0.0015083629821801,25.11588916778565,24.482136001586912,25.88435935974121,0.0,0.0,0.0,0.0,
2016-09-27,25.88435935974121,25.90495972324331,25.712697230919463,25.86376074247659,98429600,0.0018603006424198,25.187643814086915,24.54529792785645,26.08120346069336,0.0,0.0,0.0,0.0,
2016-09-28,26.08120346069336,26.239133206587653,25.962185131514705,26.021695169222927,118564400,0.0076047507383283,25.27862491607666,24.612214584350586,25.676084518432617,0.0,0.0,0.0,0.0,
2016-09-29,25.676084518432617,26.046875455570937,25.589109642617057,25.900390535124732,143548000,-0.0155329850047484,25.348205375671387,24.67061920166016,25.875207901000977,0.0,0.0,0.0,0.0,
2016-09-30,25.875207901000977,25.9484503460104,25.58910432733329,25.74016610618626,145516400,0.0077552082532448,25.420532417297363,24.73541931152344,25.7539005279541,0.0,0.0,0.0,0.0,
2016-10-03,25.7539005279541,25.875209919492,25.698969126471315,25.797388833340097,86807200,-0.0046881699853774,25.475349712371827,24.801299018859865,25.86376190185547,0.0,0.0,0.0,0.0,
2016-10-04,25.86376190185547,26.163597874842026,25.779074619195026,25.87749431398079,118947200,0.0042658149503265,25.536003875732423,24.87538600921631,25.875207901000977,0.0,0.0,0.0,0.0,
2016-10-05,25.875207901000977,26.01482658464982,25.79280993208567,25.955316552380403,85812400,0.0004425496642346,25.58967704772949,24.952752227783204,26.06747436523437,0.0,0.0,0.0,0.0,
2016-10-06,26.06747436523437,26.17047097578492,25.89352286545492,26.02398605373001,115117200,0.0074305282867297,25.685464954376226,25.00537109375,26.10637664794922,0.0,0.0,0.0,0.0,
2016-10-07,26.10637664794922,26.220818070037357,25.980492131394783,26.16359735899329,97433600,0.0014923686955543,25.810549354553224,25.05243938446045,26.56185913085937,0.0,0.0,0.0,0.0,
2016-10-10,26.56185913085937,26.72207644962108,26.257444478974328,26.326108295770283,144944000,0.0174471735029508,25.931971263885497,25.10920921325684,26.61907958984375,0.0,0.0,0.0,0.0,
2016-10-11,26.61907958984375,27.166109532262723,26.59618990489879,26.93951422421971,256164000,0.0021542339601483,26.027530097961424,25.158745765686035,26.857118606567383,0.0,0.0,0.0,0.0,
2016-10-12,26.857118606567383,27.003605268881365,26.722078533968947,26.85940792451049,150347200,0.0089424210149795,26.091274070739747,25.22019142150879,26.774717330932617,0.0,0.0,0.0,0.0,
2016-10-13,26.774717330932617,26.880003235410356,26.4863244426968,26.731229029386608,140769600,-0.0030681353737855,26.107410144805907,25.274024620056156,26.92349624633789,0.0,0.0,0.0,0.0,
2016-10-14,26.92349624633789,27.0470932280746,26.80905479060813,26.98071697420277,142608800,0.0055566941591345,26.138424015045167,25.327857894897463,26.90518569946289,0.0,0.0,0.0,0.0,
2016-10-17,26.90518569946289,26.97156020403492,26.728944887875503,26.85483118186649,94499600,-0.0006800954343918,26.18385753631592,25.373955001831053,26.886871337890625,0.0,0.0,0.0,0.0,
2016-10-18,26.886871337890625,27.056244174757325,26.88229270254308,27.049377967973744,98214000,-0.0006807000619449,26.22848949432373,25.4156116104126,26.80677032470703,0.0,0.0,0.0,0.0,
2016-10-19,26.80677032470703,26.95325526531432,26.04687904046739,26.83652447799849,80138400,-0.0029791868372096,26.26934576034546,25.45365215301514,26.793031692504883,0.0,0.0,0.0,0.0,
2016-10-20,26.793031692504883,26.86627415059332,26.625948153539685,26.747255811038844,96503200,-0.0005125060585715,26.297269344329838,25.49512584686279,26.68773651123047,0.0,0.0,0.0,0.0,
2016-10-21,26.68773651123047,26.758691373000744,26.61449407854692,26.735801693969297,92770800,-0.0039299465056009,26.34178695678711,25.5348140335083,26.92806625366211,0.0,0.0,0.0,0.0,
2016-10-24,26.92806625366211,26.94866487089861,26.779292059638845,26.802179994203005,94154800,0.0090052501204254,26.396375465393067,25.578164253234863,27.065399169921875,0.0,0.0,0.0,0.0,
2016-10-25,27.065399169921875,27.0905764251278,26.8502487149759,26.99673361095342,192516000,0.0050999917694085,26.4554274559021,25.618310317993163,26.45657539367676,0.0,0.0,0.0,0.0,
2016-10-26,26.45657539367676,26.48175265410861,25.93472262515837,26.16360554091121,264536800,-0.0224945426602727,26.47419605255127,25.64673767089844,26.202510833740234,0.0,0.0,0.0,0.0,
2016-10-27,26.202510833740234,26.518368554939595,26.11553422850968,26.41079333030453,138248000,-0.0096030781065203,26.50051736831665,25.670816192626955,26.028562545776367,0.0,0.0,0.0,0.0,
2016-10-28,26.028562545776367,26.36959756313388,25.96676318754617,26.06289532854449,151446800,-0.0066386114318433,26.50818510055542,25.69205654144287,25.987354278564453,0.0,0.0,0.0,0.0,
2016-10-31,25.987354278564453,26.145283975176305,25.909533215655262,26.01253152719061,105677600,-0.0015831941214364,26.519857788085936,25.7111909866333,25.518150329589844,0.0,0.0,0.0,0.0,
2016-11-01,25.518150329589844,26.040002986475454,25.29842298701894,25.969049856566283,175303200,-0.0180550872530194,26.50257720947265,25.724832344055176,25.541038513183597,0.0,0.0,0.0,0.0,
2016-11-02,25.541038513183597,25.71498998256789,25.45864228688336,25.497551955515803,113326800,0.0008969374072229,26.485868740081788,25.73737525939941,25.26726722717285,0.0,0.0,0.0,0.0,
2016-11-03,25.26726722717285,25.64226108581835,25.202851276505207,25.53183424330325,107730400,-0.0107188783991468,26.44585838317871,25.74819637298584,25.039514541625977,0.0,0.0,0.0,0.0,
2016-11-04,25.039514541625977,25.363897198636803,24.87157316667137,24.96819711570307,123348000,-0.0090137442842234,26.39251527786255,25.75656806945801,25.40070343017578,0.0,0.0,0.0,0.0,
2016-11-07,25.40070343017578,25.423708878055244,25.18214728731297,25.324783872490706,130240000,0.0144247560370773,26.33445749282837,25.77504737854004,25.550241470336918,0.0,0.0,0.0,0.0,
2016-11-08,25.550241470336918,25.70208059611489,25.23736244316104,25.377697966609183,97016800,0.0058871613761484,26.281015586853027,25.79706687927246,25.508832931518555,0.0,0.0,0.0,0.0,
2016-11-09,25.508832931518555,25.61005902319711,24.857770061068404,25.27877490876069,236705600,-0.0016206711340256,26.213601303100585,25.822011909484864,24.79795455932617,0.0,0.0,0.0,0.0,
2016-11-10,24.79795455932617,25.55714498362053,24.34704104396992,25.55714498362053,228538000,-0.0278679300656685,26.114763164520262,25.832281494140624,24.945192337036133,0.0,0.0,0.0,0.0,
2016-11-11,24.945192337036133,25.04641843220124,24.512683871227598,24.643816878508083,136575600,0.0059374968753052,26.015847969055176,25.84261199951172,24.31943702697754,0.0,0.0,0.0,0.0,
2016-11-14,24.31943702697754,24.802558596275126,23.944443025445405,24.779553141585467,204702000,-0.0250852068648729,25.88656053543091,25.83584964752197,24.641511917114254,0.0,0.0,0.0,0.0,
2016-11-15,24.641511917114254,24.77264490369558,24.422957524546455,24.517280389531447,129058000,0.0132435175115048,25.77429256439209,25.835666313171387,25.30408096313477,0.0,0.0,0.0,0.0,
2016-11-16,25.30408096313477,25.35929615132072,24.52418442084292,24.54718987165204,235362000,0.0268883276419551,25.699158096313475,25.84571304321289,25.29487419128418,0.0,0.0,0.0,0.0,
2016-11-17,25.29487419128418,25.386897734297023,25.03721037709193,25.262666214510148,110528000,-0.0003638453364103,25.62425022125244,25.86857620239258,25.3201847076416,0.0,0.0,0.0,0.0,
2016-11-18,25.3201847076416,25.43061332773471,25.22816290530128,25.24196582461165,113715600,0.0010006183927233,25.555872631073,25.902886123657225,25.70438003540039,0.0,0.0,0.0,0.0,
2016-11-21,25.70438003540039,25.764193849148143,25.308680011145785,25.333986530501825,117058400,0.0151734804542258,25.494688320159916,25.93430530548096,25.720483779907227,0.0,0.0,0.0,0.0,
2016-11-22,25.720483779907227,25.863118609244932,25.62846023359709,25.754991073970764,103862000,0.000626498070938,25.42744255065918,25.9545569229126,25.58934593200684,0.0,0.0,0.0,0.0,
2016-11-23,25.58934593200684,25.65376187561672,25.382293430973053,25.619252832910615,109705600,-0.0050985762562847,25.384081077575683,25.954699058532714,25.718189239501957,0.0,0.0,0.0,0.0,
2016-11-25,25.718189239501957,25.736594304478437,25.524939567656112,25.566350086251397,45903600,0.0050350371532537,25.35986499786377,25.940022926330567,25.667570114135746,0.0,0.0,0.0,0.0,
2016-11-28,25.667570114135746,25.874622658112735,25.626159605340344,25.635362135650787,108776000,-0.0019682227584072,25.341815376281737,25.927309951782227,25.642261505126957,0.0,0.0,0.0,0.0,
2016-11-29,25.642261505126957,25.773394479759837,25.322481062509876,25.485822013003247,114115200,-0.0009860149946507,25.324560737609865,25.920224876403807,25.426006317138672,0.0,0.0,0.0,0.0,
2016-11-30,25.426006317138672,25.81250378067143,25.36849182408441,25.67446934838181,144649200,-0.0084335458455971,25.319953536987303,25.90886035919189,25.189048767089844,0.0,0.0,0.0,0.0,
2016-12-01,25.189048767089844,25.522633904830364,25.083222302593835,25.391500921084965,148347600,-0.009319495444674,25.302354049682616,25.892848434448243,25.28337860107422,0.0,0.0,0.0,0.0,
2016-12-02,25.28337860107422,25.327088434537696,25.041816960298217,25.115435461882715,106112000,0.003744874800815,25.303159618377684,25.873824806213378,25.10162925720215,0.0,0.0,0.0,0.0,
2016-12-05,25.10162925720215,25.31328220216583,24.90377923097857,25.306380742795778,137298000,-0.0071884911719966,25.30626535415649,25.85990970611572,25.29487419128418,0.0,0.0,0.0,0.0,
2016-12-06,25.29487419128418,25.3891988055532,25.12003139028318,25.191348802396664,104782000,0.0076985016431387,25.300973892211918,25.849081268310545,25.54334259033203,0.0,0.0,0.0,0.0,
2016-12-07,25.54334259033203,25.580152717341864,25.11313520092625,25.136140652705663,119994800,0.0098228754635778,25.30062894821167,25.842260932922365,25.79410552978516,0.0,0.0,0.0,0.0,
2016-12-08,25.79410552978516,25.865422953478195,25.444416360599178,25.504231936550035,108273200,0.0098171544529195,25.314892578125,25.8365189743042,26.215110778808597,0.0,0.0,0.0,0.0,
2016-12-09,26.215110778808597,26.387654294479216,25.837815764958435,25.837815764958435,137610400,0.0163217619055364,25.385750389099123,25.84729949951172,26.065570831298828,0.0,0.0,0.0,0.0,
2016-12-12,26.065570831298828,26.45666871015022,25.879222666845703,26.063269759954103,105497600,-0.0057043416208123,25.44176931381225,25.85110675811768,26.500383377075195,0.0,0.0,0.0,0.0,
2016-12-13,26.500383377075195,26.66832474553946,26.169099272965543,26.18980365187071,174935200,0.0166814894862865,25.55081663131714,25.866036415100098,26.500383377075195,0.0,0.0,0.0,0.0,
2016-12-14,26.500383377075195,26.732740709071145,26.45207140442643,26.465874323696543,136127200,0.0,25.643760204315186,25.87876884460449,26.64531135559082,0.0,0.0,0.0,0.0,
2016-12-15,26.64531135559082,26.854664929891648,26.50957800933649,26.54408529722973,186098000,0.0054689012024256,25.71082172393799,25.89417091369629,26.679821014404297,0.0,0.0,0.0,0.0,
2016-12-16,26.679821014404297,26.801751448315244,26.606202539861677,26.794849990577323,177404400,0.0012951493924364,25.780069065093997,25.906417846679688,26.833969116210938,0.0,0.0,0.0,0.0,
2016-12-19,26.833969116210938,27.004211570997985,26.62921760506345,26.6407212089181,111117600,0.0057777037455917,25.855758285522462,25.92096969604492,26.905282974243164,0.0,0.0,0.0,0.0,
2016-12-20,26.905282974243164,27.03181557903485,26.84316808520206,26.856971003832687,85700000,0.0026575963370676,25.9158034324646,25.9278381729126,26.930591583251957,0.0,0.0,0.0,0.0,
2016-12-21,26.930591583251957,27.00881222369797,26.86617561771019,26.870777761079413,95132800,0.0009406557453053,25.97630882263184,25.93406841278076,26.75344467163086,0.0,0.0,0.0,0.0,
2016-12-22,26.75344467163086,26.804057711784225,26.6039066225968,26.76724758978061,104343600,-0.0065779064330417,26.03451375961304,25.93199493408203,26.806360244750977,0.0,0.0,0.0,0.0,
2016-12-23,26.806360244750977,26.806360244750977,26.59240621173948,26.59240621173948,56998000,0.0019778975668216,26.08892230987549,25.9326277923584,26.976598739624023,0.0,0.0,0.0,0.0,
2016-12-27,26.976598739624023,27.10083025720737,26.79945311530583,26.80635457374884,73187600,0.0063506754859188,26.154373741149904,25.933689842224123,26.861572265625,0.0,0.0,0.0,0.0,
2016-12-28,26.861572265625,27.151444078578333,26.732738593553627,27.03641507988799,83623600,-0.0042639353874537,26.21533927917481,25.932817573547364,26.854677200317383,0.0,0.0,0.0,0.0,
2016-12-29,26.854677200317383,26.942098628262887,26.77875762185743,26.79025947134298,60158000,-0.0002566888207226,26.28677282333374,25.9321736907959,26.64531135559082,0.0,0.0,0.0,0.0,
2016-12-30,26.64531135559082,26.962790690628545,26.55558889666271,26.836259872880024,122345200,-0.007796252517386,26.35958595275879,25.928944511413576,26.721227645874023,0.0,0.0,0.0,0.0,
2017-01-03,26.721227645874023,26.762638141506752,26.40144727884453,26.64070772525556,115127600,0.0028491425478229,26.431478404998774,25.927508430480955,26.69132804870605,0.0,0.0,0.0,0.0,
2017-01-04,26.69132804870605,26.80405773102062,26.6292131617844,26.65221861045156,84472400,-0.0011189454902378,26.510963344573973,25.927580261230467,26.82706642150879,0.0,0.0,0.0,0.0,
2017-01-05,26.82706642150879,26.88458092772844,26.64301929952454,26.66832582267746,88774400,0.0050854859134412,26.587572956085204,25.925560264587403,27.126140594482425,0.0,0.0,0.0,0.0,
2017-01-06,27.126140594482425,27.183655096543283,26.7948565009468,26.86617392183721,127007600,0.011148225015533,26.66671285629273,25.92677509307861,27.37460327148437,0.0,0.0,0.0,0.0,
2017-01-09,27.37460327148437,27.475829361813165,27.133043403931666,27.13534272038212,134247600,0.0091595292052895,26.745737743377685,25.945135650634764,27.40220832824707,0.0,0.0,0.0,0.0,
2017-01-10,27.40220832824707,27.46432321552204,27.21586191121894,27.323987696089937,97848400,0.0010084185143772,26.80509262084961,25.9691296005249,27.549449920654297,0.0,0.0,0.0,0.0,
2017-01-11,27.549449920654297,27.590860437507263,27.284882827160544,27.31709081191246,110354400,0.0053733476748822,26.879286575317384,25.99954734802246,27.43441772460937,0.0,0.0,0.0,0.0,
2017-01-12,27.43441772460937,27.445921327204168,27.195157183304943,27.3538977720558,108344800,-0.0041754806856844,26.925988292694093,26.02848861694336,27.38611221313477,0.0,0.0,0.0,0.0,
2017-01-13,27.38611221313477,27.51954631181525,27.333198086001563,27.402216207444223,104447600,-0.0017607631391891,26.97027473449707,26.06584785461426,27.60696601867676,0.0,0.0,0.0,0.0,
2017-01-17,27.60696601867676,27.662179459257096,27.1974629702323,27.225068812920654,137759200,0.008064445359136,27.018357467651366,26.10716640472412,27.604656219482425,0.0,0.0,0.0,0.0,
2017-01-18,27.604656219482425,27.72198627942481,27.540240266636584,27.60695729071351,94852000,-8.366725966091337e-05,27.064599227905276,26.15391418457031,27.556346893310547,0.0,0.0,0.0,0.0,
2017-01-19,27.556346893310547,27.627664311475066,27.462024026241657,27.46892548539264,102389200,-0.0017500426662723,27.10071811676025,26.204250831604003,27.60696601867676,0.0,0.0,0.0,0.0,
2017-01-20,27.60696601867676,27.710491439165345,27.544851117424333,27.710491439165345,130391600,0.0018369316354664,27.135802268981934,26.248376083374023,27.62537002563477,0.0,0.0,0.0,0.0,
2017-01-23,27.62537002563477,27.793311412900668,27.554050839280222,27.606964961078525,88200800,0.000666643590808,27.170541191101076,26.28987865447998,27.600061416625977,0.0,0.0,0.0,0.0,
2017-01-24,27.600061416625977,27.62996832786897,27.491933864527088,27.503437467807007,92844000,-0.0009161364711243,27.21287202835083,26.331703224182128,28.039474487304688,0.0,0.0,0.0,0.0,
2017-01-25,28.039474487304688,28.090087539110517,27.67138195853999,27.703589945106675,129510400,0.015920728002946,27.274527740478515,26.3965336227417,28.053272247314453,0.0,0.0,0.0,0.0,
2017-01-26,28.053272247314453,28.168301243893303,27.975051616935176,27.99115560624809,105350400,0.0004920834024908,27.32836141586304,26.458695220947263,28.055574417114254,0.0,0.0,0.0,0.0,
2017-01-27,28.055574417114254,28.14759797477796,27.975054462359783,28.099286001925275,82251600,8.206421623513371e-05,27.3880615234375,26.53341796875,27.981956481933597,0.0,0.0,0.0,0.0,
2017-01-30,27.981956481933597,27.981956481933597,27.758801675778333,27.82091656920229,121510000,-0.0026240038463,27.44442548751831,26.600226860046387,27.91754150390625,0.0,0.0,0.0,0.0,
2017-01-31,27.91754150390625,27.926744035702463,27.749600125434853,27.871530600128644,196804000,-0.0023020183763394,27.50803699493408,26.65249607086181,29.619970321655277,0.0,0.0,0.0,0.0,
2017-02-01,29.619970321655277,30.020272543535167,29.21966985497879,29.2242702431276,447940000,0.0609806138377484,27.652974128723145,26.73899799346924,29.569355010986328,0.0,0.0,0.0,0.0,
2017-02-02,29.569355010986328,29.76720503509484,29.396811507766348,29.442824161746977,134841600,-0.0017088238144499,27.79687547683716,26.82398139953613,29.69588851928711,0.0,0.0,0.0,0.0,
2017-02-03,29.69588851928711,29.721195040945894,29.48423557014394,29.518742867675616,98029200,0.004279210968713,27.940316581726076,26.903811569213868,29.97425842285156,0.0,0.0,0.0,0.0,
2017-02-06,29.97425842285156,30.02257215250357,29.654477909689444,29.70739378273852,107383600,0.0093740217061919,28.08272247314453,26.988887062072752,30.25953865051269,0.0,0.0,0.0,0.0,
2017-02-07,30.25953865051269,30.38837061223797,30.01107550558208,30.031779890057717,152735200,0.0095175074437752,28.226969242095947,27.082290916442872,30.376861572265625,0.0,0.0,0.0,0.0,
2017-02-08,30.376861572265625,30.41827384421646,30.188215807887737,30.218124475940726,92016400,0.0038772211006905,28.375701904296875,27.175464363098143,30.596364974975582,0.0,0.0,0.0,0.0,
2017-02-09,30.596364974975582,30.60329635703919,30.295992158254823,30.41845127554744,113399600,0.0072260066165086,28.52804765701294,27.27404026031494,30.527042388916016,0.0,0.0,0.0,0.0,
2017-02-10,30.527042388916016,30.716509534471417,30.51087034208567,30.605603914863373,80262000,-0.0022657131367163,28.68267889022827,27.371735877990723,30.797378540039062,0.0,0.0,0.0,0.0,
2017-02-13,30.797378540039062,30.91984116877839,30.67261015171443,30.74885887121192,92141600,0.0088556286481655,28.853242206573487,27.47916332244873,31.19710350036621,0.0,0.0,0.0,0.0,
2017-02-14,31.19710350036621,31.213275546287704,30.78813442366091,30.83896689762997,132904800,0.0129791878165044,29.03274908065796,27.599324417114257,31.31031990051269,0.0,0.0,0.0,0.0,
2017-02-15,31.31031990051269,31.48592428287456,31.104680709820027,31.31263271120233,142492400,0.0036290676839647,29.21803226470947,27.719863243103028,31.273357391357425,0.0,0.0,0.0,0.0,
2017-02-16,31.273357391357425,31.400435071703008,31.155516852353124,31.347293303978866,90338400,-0.0011805216067009,29.403882789611817,27.843297805786133,31.35884475708008,0.0,0.0,0.0,0.0,
2017-02-17,31.35884475708008,31.384260996633373,31.215591511757644,31.215591511757644,88792800,0.0027335525461134,29.591476726531983,27.96457721710205,31.585283279418945,0.0,0.0,0.0,0.0,
2017-02-21,31.585283279418945,31.596836758496227,31.418923052461174,31.476686922220768,98028800,0.0072208821496124,29.789472389221192,28.08541603088379,31.68000030517578,0.0,0.0,0.0,0.0,
2017-02-22,31.68000030517578,31.68230958953289,31.44894494696594,31.522880828268104,83347600,0.0029987708173746,29.993469333648683,28.2031339263916,31.54600143432617,0.0,0.0,0.0,0.0,
2017-02-23,31.54600143432617,31.765503414548835,31.49285966610156,31.742399984098636,83152800,-0.0042297622966789,30.16879568099976,28.30975173950195,31.57603073120117,0.0,0.0,0.0,0.0,
2017-02-24,31.57603073120117,31.57603073120117,31.257173161896297,31.40273918712252,87106400,0.0009519208619044,30.344933605194093,28.4199609375,31.63841438293457,0.0,0.0,0.0,0.0,
2017-02-27,31.63841438293457,31.756254893905695,31.48822978245742,31.68693756844485,81029600,0.0019756647776427,30.52407560348511,28.52272155761719,31.652294158935547,0.0,0.0,0.0,0.0,
2017-02-28,31.652294158935547,31.7562684286285,31.5852860897014,31.67308830774871,93931600,0.0004387001141392,30.707592487335205,28.625759773254394,32.29922866821289,0.0,0.0,0.0,0.0,
2017-03-01,32.29922866821289,32.38240874255942,31.79322036869876,31.860224874821583,145658400,0.0204387873444147,30.92667684555054,28.73883811950684,32.107460021972656,0.0,0.0,0.0,0.0,
2017-03-02,32.107460021972656,32.41245131747088,32.06124612134738,32.34775608734624,104844000,-0.0059372515737182,31.05105133056641,28.847390899658205,32.29692077636719,0.0,0.0,0.0,0.0,
2017-03-03,32.29692077636719,32.30847425050728,32.02196430970943,32.06586539606659,84432400,0.0059008328365082,31.18742961883545,28.95664993286133,32.19526672363281,0.0,0.0,0.0,0.0,
2017-03-06,32.19526672363281,32.29462240405926,32.02428794083728,32.2021981053339,87000000,-0.0031474843511632,31.312398529052736,29.06244960784912,32.236854553222656,0.0,0.0,0.0,0.0,
2017-03-07,32.236854553222656,32.34313807658122,32.06818155101605,32.13056750423803,69785200,0.0012917373832257,31.42552833557129,29.16857486724853,32.1167106628418,0.0,0.0,0.0,0.0,
2017-03-08,32.1167106628418,32.30155574588277,32.0751223701116,32.105157184096726,74828800,-0.0037269110788245,31.518386936187746,29.275840187072752,32.04277420043945,0.0,0.0,0.0,0.0,
2017-03-09,32.04277420043945,32.068190445792496,31.66615614282426,32.0566404915996,88623600,-0.0023021181458624,31.601682567596438,29.380568466186524,32.14906311035156,0.0,0.0,0.0,0.0,
2017-03-10,32.14906311035156,32.19989560395344,32.033535356824984,32.1744793571525,78451200,0.0033170944952278,31.679317474365234,29.484017753601076,32.16291809082031,0.0,0.0,0.0,0.0,
2017-03-13,32.16291809082031,32.21605985740259,32.07511941682055,32.082050798304046,69686800,0.0004309606292784,31.76111125946045,29.59004467010498,32.11439895629883,0.0,0.0,0.0,0.0,
2017-03-14,32.11439895629883,32.26689287710669,32.0797385226766,32.18602558324106,61236400,-0.0015085426759001,31.82696228027344,29.69523910522461,32.45404815673828,0.0,0.0,0.0,0.0,
2017-03-15,32.45404815673828,32.52105268203677,32.12363704927191,32.211439243327874,102767200,0.0105762278441408,31.88980951309204,29.81141384124756,32.50718688964844,0.0,0.0,0.0,0.0,
2017-03-16,32.50718688964844,32.583435599648205,32.407831227906016,32.51411827004607,76928000,0.0016373529937936,31.949652862548827,29.927133026123048,32.34544372558594,0.0,0.0,0.0,0.0,
2017-03-17,32.34544372558594,32.57880838879118,32.322336777471435,32.57880838879118,175540000,-0.0049756124579948,32.00325717926025,30.040215339660644,32.68510437011719,0.0,0.0,0.0,0.0,
2017-03-20,32.68510437011719,32.694345036519806,32.400903638062616,32.44018264011968,86168000,0.0105010352435688,32.06957015991211,30.157376098632813,32.310791015625,0.0,0.0,0.0,0.0,
2017-03-21,32.310791015625,32.99471665093121,32.2853747768826,32.83528783751306,158119600,-0.0114521082831361,32.10584554672241,30.261069107055665,32.67586135864258,0.0,0.0,0.0,0.0,
2017-03-22,32.67586135864258,32.71745317302266,32.292308464990825,32.31310613499406,103440800,0.0112987126449808,32.15563859939575,30.367094268798827,32.560333251953125,0.0,0.0,0.0,0.0,
2017-03-23,32.560333251953125,32.71283069351587,32.488706627299024,32.638891257984966,81385200,-0.0035355795344289,32.2063551902771,30.47025676727295,32.49564743041992,0.0,0.0,0.0,0.0,
2017-03-24,32.49564743041992,32.74980990671602,32.42864288246588,32.694355313989405,89582400,-0.0019866449471711,32.25233602523804,30.56918071746826,32.55110168457031,0.0,0.0,0.0,0.0,
2017-03-27,32.55110168457031,32.629659712562045,32.02891397063479,32.206827702191504,94300400,0.0017065132882527,32.297970390319826,30.67151439666748,33.22575759887695,0.0,0.0,0.0,0.0,
2017-03-28,33.22575759887695,33.28120862241116,32.49099980642747,32.55800782736408,133499200,0.0207260547075873,32.37664356231689,30.788307304382325,33.299713134765625,0.0,0.0,0.0,0.0,
2017-03-29,33.299713134765625,33.38520605590323,33.08483324044029,33.19804816408955,116760000,0.0022258494984979,32.42666778564453,30.9021622467041,33.25580978393555,0.0,0.0,0.0,0.0,
2017-03-30,33.25580978393555,33.38751308494501,33.15645763106996,33.315886458343975,84829200,-0.0013184303015584,32.48408527374268,31.015185317993165,33.19342803955078,0.0,0.0,0.0,0.0,
2017-03-31,33.19342803955078,33.33437201036823,33.04323987603545,33.2072908029711,78646800,-0.0018758149264763,32.528910636901855,31.12792694091797,33.202659606933594,0.0,0.0,0.0,0.0,
2017-04-03,33.202659606933594,33.2997024499063,33.052475010205114,33.20497241728746,79942800,0.0002781143114176,32.57928028106689,31.239840812683106,33.44989776611328,0.0,0.0,0.0,0.0,
2017-04-04,33.44989776611328,33.477623291318075,33.080207643793266,33.0986925024719,79565600,0.007446335989544,32.63993244171142,31.356331367492675,33.27660369873047,0.0,0.0,0.0,0.0,
2017-04-05,33.27660369873047,33.609324078860624,33.22808050761731,33.322814079164985,110871600,-0.0051807054417478,32.69792709350586,31.469862213134764,33.19342803955078,0.0,0.0,0.0,0.0,
2017-04-06,33.19342803955078,33.39213587503724,33.14490484195315,33.33899058109066,84596000,-0.0024995236873546,32.755459785461426,31.572941284179688,33.11948013305664,0.0,0.0,0.0,0.0,
2017-04-07,33.11948013305664,33.31356582257368,33.10330808840969,33.20959159787709,66688800,-0.002227787573071,32.80398063659668,31.67426544189453,33.08021545410156,0.0,0.0,0.0,0.0,
2017-04-10,33.08021545410156,33.244266410090745,33.01782948203501,33.179571152254006,75733600,-0.0011855463551159,32.849845504760744,31.77475826263428,32.72438430786133,0.0,0.0,0.0,0.0,
2017-04-11,32.72438430786133,33.121799961435954,32.36162556132028,33.02706638137571,121517600,-0.0107566151355316,32.880344772338866,31.869606819152832,32.763671875,0.0,0.0,0.0,0.0,
2017-04-12,32.763671875,32.84453918775802,32.58113604857397,32.71746147833437,81400000,0.001200559398431,32.895825958251955,31.966529426574706,32.59037399291992,0.0,0.0,0.0,0.0,
2017-04-13,32.59037399291992,32.897678183969354,32.59037399291992,32.78908183353735,71291600,-0.005289330290611,32.89998531341553,32.0259375,32.770591735839844,0.0,0.0,0.0,0.0,
2017-04-17,32.770591735839844,32.782145212350784,32.548776973958354,32.68972092588931,66328400,0.0055297844375481,32.92124271392822,32.08996223449707,32.625022888183594,0.0,0.0,0.0,0.0,
2017-04-18,32.625022888183594,32.819108584656504,32.604228747624155,32.673546075114686,58790000,-0.004442057343049,32.91823863983154,32.148544921875,32.5048828125,0.0,0.0,0.0,0.0,
2017-04-19,32.5048828125,32.809877734445,32.45174103996478,32.78215220540519,69313600,-0.0036824518436462,32.92794322967529,32.19915740966797,32.91154098510742,0.0,0.0,0.0,0.0,
2017-04-20,32.91154098510742,33.02244662108617,32.6157902720797,32.62965303587372,93278400,0.0125106795478444,32.939727210998534,32.252197456359866,32.872257232666016,0.0,0.0,0.0,0.0,
2017-04-21,32.872257232666016,32.96698728012244,32.77521437449348,32.91153623295304,69283600,-0.001193616320159,32.95532341003418,32.30210536956787,33.188804626464844,0.0,0.0,0.0,0.0,
2017-04-24,33.188804626464844,33.260431251712454,33.08251756841505,33.156457004558625,68537200,0.0096296214634226,32.98998126983643,32.35395416259766,33.394439697265625,0.0,0.0,0.0,0.0,
2017-04-25,33.394439697265625,33.47992907478972,33.241942273336754,33.25118646452234,75486000,0.0061959167591352,33.03214817047119,32.41130210876465,33.19804763793945,0.0,0.0,0.0,0.0,
2017-04-26,33.19804763793945,33.4106217690531,33.12873381869219,33.380583430294884,80164800,-0.0058809808191587,33.03076267242432,32.45931549072266,33.22345352172852,0.0,0.0,0.0,0.0,
2017-04-27,33.22345352172852,33.30894641485601,33.11254791988466,33.253491851121325,56985200,0.0007652824667927,33.02694969177246,32.499842491149906,33.19110107421875,0.0,0.0,0.0,0.0,
2017-04-28,33.19110107421875,33.34128917368637,33.103302434789605,33.29276599678145,83441600,-0.000973783399387,33.023714256286624,32.53745811462402,33.868099212646484,0.0,0.0,0.0,0.0,
2017-05-01,33.868099212646484,34.01135242507627,33.493790612103915,33.52613822541469,134411600,0.020396977398065,33.057447814941405,32.589352951049804,34.082984924316406,0.0,0.0,0.0,0.0,
2017-05-02,34.082984924316406,34.21699749566795,33.928178210589465,34.089916305108204,181408800,0.0063447821597759,33.101464080810544,32.64383575439453,33.97902297973633,0.0,0.0,0.0,0.0,
2017-05-03,33.97902297973633,34.07837868307375,33.3343796534977,33.63937109555477,182788000,-0.0030502593834117,33.1279203414917,32.69171054840088,33.85655212402344,0.0,0.0,0.0,0.0,
2017-05-04,33.85655212402344,33.99749607838162,33.690191931153905,33.854242838931896,93487600,-0.0036043077455737,33.15691776275635,32.73524158477783,34.41801452636719,0.0,0.0,0.0,0.0,
2017-05-05,34.41801452636719,34.42263309599607,33.90968981713678,33.90968981713678,109310800,0.0165835670533431,33.218147087097165,32.79268184661865,35.35379409790039,0.0,0.0,0.0,0.0,
2017-05-08,35.35379409790039,35.51322292684159,34.43419436903658,34.43419436903658,195009600,0.0271886564175953,33.32986278533936,32.86823711395264,35.580230712890625,0.0,0.0,0.0,0.0,
2017-05-09,35.580230712890625,35.78586992640068,35.455458793091545,35.55250166092058,156521600,0.0064048745196398,33.45486354827881,32.947073440551755,35.41154861450195,0.0,0.0,0.0,0.0,
2017-05-10,35.41154861450195,35.56866811663145,35.1458363201568,35.49704150818844,103222800,-0.0047408938899196,33.58922176361084,33.022258529663084,35.71781921386719,0.0,0.0,0.0,0.0,
2017-05-11,35.71781921386719,35.74566272798145,35.33732422931705,35.369805378967186,109020400,0.0086488903012789,33.7369291305542,33.09063034057617,36.21663284301758,0.0,0.0,0.0,0.0,
2017-05-12,36.21663284301758,36.2908739365039,35.88485788911661,35.89181788100036,130108000,0.0139653999076385,33.91824207305908,33.17281379699707,36.12382125854492,0.0,0.0,0.0,0.0,
2017-05-15,36.12382125854492,36.34422922660591,35.97301673833962,36.19574352326371,104038800,-0.0025626784487379,34.085903549194335,33.249351806640625,36.07046508789063,0.0,0.0,0.0,0.0,
2017-05-16,36.07046508789063,36.20734964530216,35.896458214516294,36.17950967841952,80194000,-0.0014770356179213,34.258175659179685,33.32685577392578,34.859371185302734,0.0,0.0,0.0,0.0,
2017-05-17,34.859371185302734,35.861652309017664,34.73408781492753,35.636603173558846,203070800,-0.0335757772913904,34.37590007781982,33.379306106567384,35.39067840576172,0.0,0.0,0.0,0.0,
2017-05-18,35.39067840576172,35.57628645594224,35.063548155767805,35.09602929903596,134272800,0.0152414459123402,34.49985694885254,33.44478546142578,35.51131057739258,0.0,0.0,0.0,0.0,
2017-05-19,35.51131057739258,35.72475851433993,35.411548368459925,35.585555185119176,107843200,0.003408586019397,34.631809616088866,33.51415618896485,35.727088928222656,0.0,0.0,0.0,0.0,
2017-05-22,35.727088928222656,35.863973471889224,35.47651863090263,35.7294077451704,91865600,0.0060763274382626,34.75872383117676,33.58571670532226,35.68301010131836,0.0,0.0,0.0,0.0,
2017-05-23,35.68301010131836,35.93821805739705,35.56932433658928,35.93821805739705,79675600,-0.0012337648609673,34.8731523513794,33.65611854553222,35.57628631591797,0.0,0.0,0.0,0.0,
2017-05-24,35.57628631591797,35.76885435745666,35.4208405923051,35.69229090430183,76712000,-0.0029908851606789,34.99206428527832,33.72535629272461,35.699241638183594,0.0,0.0,0.0,0.0,
2017-05-25,35.699241638183594,35.81060856307925,35.504354829883454,35.666760503466904,76942400,0.0034561033485558,35.11585369110107,33.79026016235352,35.63890838623047,0.0,0.0,0.0,0.0,
2017-05-26,35.63890838623047,35.785075212688504,35.56930496695631,35.729391769233786,87710400,-0.0016900429584641,35.23824405670166,33.85289459228515,35.65283966064453,0.0,0.0,0.0,0.0,
2017-05-30,35.65283966064453,35.829165310531,35.573957412551486,35.59483738289763,80507600,0.0003909007050126,35.32748107910156,33.91904251098633,35.44171905517578,0.0,0.0,0.0,0.0,
2017-05-31,35.44171905517578,35.76885283009231,35.35355797909039,35.722451704755954,97804800,-0.0059215649434453,35.39541778564453,33.9741748046875,35.53915786743164,0.0,0.0,0.0,0.0,
2017-06-01,35.53915786743164,35.57396136205059,35.31643107865565,35.536839050528435,65616400,0.0027492687954602,35.4734245300293,34.03874214172363,36.06581878662109,0.0,0.0,0.0,0.0,
2017-06-02,36.06581878662109,36.06581878662109,35.471875976360536,35.63196284353732,111082800,0.014819172732061,35.58388786315918,34.106541290283204,35.713157653808594,0.0,0.0,0.0,0.0,
2017-06-05,35.713157653808594,35.833803372295485,35.604116638077066,35.80828223069591,101326800,-0.0097782649798962,35.64864501953125,34.16959777832031,35.83381652832031,0.0,0.0,0.0,0.0,
2017-06-06,35.83381652832031,36.14934914931527,35.67837080520811,35.70621077347326,106499600,0.0033785552003366,35.67264614105225,34.23636116027832,36.04725646972656,0.0,0.0,0.0,0.0,
2017-06-07,36.04725646972656,36.188782177000014,35.8407684909353,35.96605540041843,84278400,0.0059563831621887,35.695997428894046,34.306284255981446,35.959102630615234,0.0,0.0,0.0,0.0,
2017-06-08,35.959102630615234,36.08670484231927,35.82221452940671,36.019423740514945,85003200,-0.0024455075848938,35.723375129699704,34.36095115661621,34.56473159790039,0.0,0.0,0.0,0.0,
2017-06-09,34.56473159790039,36.00551036982716,33.87798630919757,36.00551036982716,259530800,-0.0387765803568104,35.665720748901364,34.386251525878905,33.738765716552734,0.0,0.0,0.0,0.0,
2017-06-12,33.738765716552734,33.89421140172117,33.06361832949146,33.813010334042374,289229200,-0.0238962041122237,35.54182739257813,34.39591064453125,34.01022720336914,0.0,0.0,0.0,0.0,
2017-06-13,34.01022720336914,34.209755253603035,33.676133394588724,34.14247414441947,136661600,0.0080459815601146,35.436147689819336,34.41224662780762,33.67845153808594,0.0,0.0,0.0,0.0,
2017-06-14,33.67845153808594,34.221352139331366,33.37219773829891,34.221352139331366,126124800,-0.0097551734453081,35.3165470123291,34.421762466430664,33.47660446166992,0.0,0.0,0.0,0.0,
2017-06-15,33.47660446166992,33.520686774191034,32.9940284619106,33.25155880437353,128661600,-0.0059933597655982,35.24740867614746,34.422296600341795,33.00794982910156,0.0,0.0,0.0,0.0,
2017-06-16,33.00794982910156,33.525329353127965,32.991707485838134,33.35828244614716,201444400,-0.0139994673923683,35.128272247314456,34.41692352294922,33.95222473144531,0.0,0.0,0.0,0.0,
2017-06-19,33.95222473144531,34.04503053351135,33.330441788409985,33.330441788409985,130165600,0.0286074993216096,35.05031795501709,34.43209945678711,33.64364242553711,0.0,0.0,0.0,0.0,
2017-06-20,33.64364242553711,34.075179545849174,33.62740362744633,34.075179545849174,99600400,-0.0090887212354719,34.946145629882814,34.44258270263672,33.84316635131836,0.0,0.0,0.0,0.0,
2017-06-21,33.84316635131836,33.8895710035528,33.55083615920216,33.76196529026394,85063200,0.0059305090470762,34.85415344238281,34.45784172058106,33.78749465942383,0.0,0.0,0.0,0.0,
2017-06-22,33.78749465942383,34.035742616466905,33.66916772366512,33.81997579978962,76425200,-0.001644990640551,34.76471385955811,34.47910392761231,33.93829727172852,0.0,0.0,0.0,0.0,
2017-06-23,33.93829727172852,34.14246645112893,33.66684699830492,33.671488172430905,141757600,0.004463267070399,34.67666664123535,34.50259643554688,33.831565856933594,0.0,0.0,0.0,0.0,
2017-06-26,33.831565856933594,34.40230621312439,33.72948129496707,34.144775991864364,102769600,-0.0031448665187994,34.58629951477051,34.52742027282715,33.34666442871094,0.0,0.0,0.0,0.0,
2017-06-27,33.34666442871094,33.910448339947045,33.321143288034776,33.643635771027576,99047600,-0.0143328106737122,34.47099075317383,34.53894172668457,33.83390426635742,0.0,0.0,0.0,0.0,
2017-06-28,33.83390426635742,33.89886656337777,33.21444008679785,33.52301276773436,88329600,0.0146113515697534,34.39060001373291,34.563119354248045,33.3350715637207,0.0,0.0,0.0,0.0,
2017-06-29,33.3350715637207,33.67148764914415,33.010260183521176,33.57404423508429,125997600,-0.0147435749273763,34.280395698547366,34.57972312927246,33.41395568847656,0.0,0.0,0.0,0.0,
2017-06-30,33.41395568847656,33.63204483576465,33.3582722231546,33.51371791447777,92096400,0.0023664003422063,34.14780254364014,34.58977142333984,33.293304443359375,0.0,0.0,0.0,0.0,
2017-07-03,33.293304443359375,33.710921513750655,33.20050222335143,33.61347812068899,57111200,-0.0036108040078234,34.02680988311768,34.59819236755371,33.430198669433594,0.0,0.0,0.0,0.0,
2017-07-05,33.430198669433594,33.59260437172023,33.11234725637412,33.33739642246375,86278400,0.0041117644632455,33.90662899017334,34.60302024841309,33.11467361450195,0.0,0.0,0.0,0.0,
2017-07-06,33.11467361450195,33.29332169778916,33.04043250805533,33.181958268029426,96515200,-0.0094383242544153,33.75999984741211,34.59742492675781,33.45107650756836,0.0,0.0,0.0,0.0,
2017-07-07,33.45107650756836,33.58332341824197,33.15410508801684,33.15410508801684,76806800,0.0101587259165703,33.63459854125976,34.602485504150394,33.655242919921875,0.0,0.0,0.0,0.0,
2017-07-10,33.655242919921875,33.86173089842264,33.263146934412056,33.43483496042663,84362400,0.0061034332424942,33.58912410736084,34.611121292114255,33.7642822265625,0.0,0.0,0.0,0.0,
2017-07-11,33.7642822265625,33.83852683386078,33.49747319196195,33.57867424849451,79127200,0.0032398906434896,33.59039993286133,34.622584915161134,33.813018798828125,0.0,0.0,0.0,0.0,
2017-07-12,33.813018798828125,33.91509986316414,33.59957078037794,33.84317758457734,99538000,0.0014434357567145,33.580539512634275,34.62148330688476,34.28398895263672,0.0,0.0,0.0,0.0,
2017-07-13,34.28398895263672,34.451035803707775,33.74340727350098,33.75732725439386,100797600,0.0139286632941781,33.610816383361815,34.625503387451175,34.57863998413086,0.0,0.0,0.0,0.0,
2017-07-14,34.57863998413086,34.645924615900284,34.18190634507622,34.33039205013278,80528400,0.0085944209088737,33.66591815948486,34.63749572753906,34.69928359985352,0.0,0.0,0.0,0.0,
2017-07-17,34.69928359985352,35.010174972615246,34.46959683558217,34.52759911588152,95174000,0.0034889635849768,33.75048484802246,34.65435035705566,34.81993103027344,0.0,0.0,0.0,0.0,
2017-07-18,34.81993103027344,34.83153219493407,34.49279730380701,34.61576186081721,71475200,0.0034769429770138,33.79387016296387,34.66238868713379,35.03803253173828,0.0,0.0,0.0,0.0,
2017-07-19,35.03803253173828,35.130834801378214,34.789780973172995,34.91274557352675,83692000,0.0062636971128753,33.863589668273924,34.65607345581055,34.88025665283203,0.0,0.0,0.0,0.0,
2017-07-20,34.88025665283203,35.2050716045532,34.845456694516386,35.14938813106929,68974800,-0.0045029891094293,33.91544418334961,34.642073974609374,34.864013671875,0.0,0.0,0.0,0.0,
2017-07-21,34.864013671875,34.90345479996306,34.54152111616352,34.799051397356024,105010400,-0.0004656783669541,33.96927013397217,34.631123275756835,35.28626251220703,0.0,0.0,0.0,0.0,
2017-07-24,35.28626251220703,35.36746711176589,34.77816202624112,34.93593005219546,85972800,0.0121113089360866,34.036668395996095,34.62249214172363,35.43708419799805,0.0,0.0,0.0,0.0,
2017-07-25,35.43708419799805,35.69229217743829,35.21899499762855,35.21899499762855,75415600,0.0042742323797777,34.11694431304932,34.60690116882324,35.6041259765625,0.0,0.0,0.0,0.0,
2017-07-26,35.6041259765625,35.71316702089403,35.51132019177788,35.578604828269064,63124000,0.0047137562907584,34.229817390441895,34.5965072631836,34.93130874633789,0.0,0.0,0.0,0.0,
2017-07-27,34.93130874633789,35.72710223802041,34.17495993871165,35.67141874892319,129905200,-0.0188971702512094,34.28468761444092,34.57372413635254,34.68535614013672,0.0,0.0,0.0,0.0,
2017-07-28,34.68535614013672,34.854721770842204,34.61343389450195,34.7758395362865,68854800,-0.0070410361085299,34.35220184326172,34.57024383544922,34.5067138671875,0.0,0.0,0.0,0.0,
2017-07-31,34.5067138671875,34.87792985848564,34.367510525584244,34.77816410050082,79383600,-0.0051503658266464,34.406839752197264,34.552564544677736,34.81296920776367,0.0,0.0,0.0,0.0,
2017-08-01,34.81296920776367,34.85241033339182,34.43247439209287,34.59256125152247,141474400,0.0088752392289488,34.48282299041748,34.53859771728516,36.45790863037109,0.0,0.0,0.0,0.0,
2017-08-02,36.45790863037109,37.06345250301335,36.230540711117264,36.95440794639433,279747200,0.0472507648741602,34.63420848846435,34.553214111328124,36.09366607666016,0.0,0.0,0.0,0.0,
2017-08-03,36.09366607666016,36.47416095066588,35.966060332900575,36.43703863608513,108389200,-0.0099907692842124,34.78315811157226,34.56142723083496,36.28391647338867,0.0,0.0,0.0,0.0,
2017-08-04,36.28391647338867,36.51824447689042,36.12151075115087,36.2096753747282,82239600,0.0052710189185116,34.924800109863284,34.57557983398438,36.84536743164063,0.0,0.0,0.0,0.0,
2017-08-07,36.84536743164063,36.87088857620592,36.348868061152366,36.439351475487854,87481200,0.0154738245708323,35.08430633544922,34.59850234985352,37.14002227783203,0.0,0.0,0.0,0.0,
2017-08-08,37.14002227783203,37.54603825885882,36.72008631531287,36.79664975369933,144823600,0.0079970662998023,35.2530933380127,34.62852462768555,37.36740112304688,0.0,0.0,0.0,0.0,
2017-08-09,37.36740112304688,37.4161246126443,36.91498389183977,36.94978385570976,104526000,0.0061222054072531,35.430812454223634,34.66281585693359,36.17717361450195,0.0,0.0,0.0,0.0,
2017-08-10,36.17717361450195,37.267238638725885,36.01645807921951,37.243945192944345,163217200,-0.0318520280451303,35.525471687316895,34.67752494812012,36.6802864074707,0.0,0.0,0.0,0.0,
2017-08-11,36.6802864074707,36.934172225596136,36.35187149847819,36.47531896830066,105028400,0.0139069126386113,35.630554008483884,34.7003475189209,37.23229598999024,0.0,0.0,0.0,0.0,
2017-08-14,37.23229598999024,37.31614740550101,36.97608234424056,37.10884856633273,88490800,0.015049216802383,35.757204627990724,34.72367706298828,37.63991165161133,0.0,0.0,0.0,0.0,
2017-08-15,37.63991165161133,37.77966166110587,37.29984654242119,37.42096606058106,117862000,0.0109479055960093,35.898203659057614,34.762212142944335,37.488502502441406,0.0,0.0,0.0,0.0,
2017-08-16,37.488502502441406,37.85185741693669,37.30216564642129,37.719094761600296,110686400,-0.0040225691965311,36.02072715759277,34.79530586242676,36.76879501342773,0.0,0.0,0.0,0.0,
2017-08-17,36.76879501342773,37.43261922350006,36.76413561275204,37.38836380228439,111762400,-0.0191980858388995,36.11515407562256,34.80973663330078,36.684940338134766,0.0,0.0,0.0,0.0,
2017-08-18,36.684940338134766,37.150780850365045,36.50326282269144,36.768791772499455,109712400,-0.0022805935104032,36.20620040893554,34.82425338745117,36.61739349365234,0.0,0.0,0.0,0.0,
2017-08-21,36.61739349365234,36.775777555216585,36.128259554669306,36.68493880130041,105474000,-0.0018412690291935,36.27275695800781,34.86530662536621,37.216007232666016,0.0,0.0,0.0,0.0,
2017-08-22,37.216007232666016,37.26724998572293,36.80606876229256,36.85498003761294,86418400,0.0163477976420534,36.361703109741214,34.934851455688474,37.262577056884766,0.0,0.0,0.0,0.0,
2017-08-23,37.262577056884766,37.37670924800208,37.00636693869412,37.050622350639216,77596400,0.0012513385417087,36.44462566375732,34.99989845275879,37.09720993041992,0.0,0.0,0.0,0.0,
2017-08-24,37.09720993041992,37.43960298887121,36.92950706284864,37.36739472454608,79275600,-0.0044378875409608,36.552920722961424,35.06827362060547,37.234622955322266,0.0,0.0,0.0,0.0,
2017-08-25,37.234622955322266,37.39766638293493,37.09720089162589,37.18570814999838,101920400,0.0037041336844489,36.6803840637207,35.14343399047851,37.6096305847168,0.0,0.0,0.0,0.0,
2017-08-28,37.6096305847168,37.73307802479244,37.25093143296134,37.29984624604826,103864000,0.0100714764815665,36.83552989959717,35.23546760559082,37.94504165649414,0.0,0.0,0.0,0.0,
2017-08-29,37.94504165649414,37.99395292241599,37.26724282464148,37.29053627303937,118067600,0.0089182229807287,36.99213352203369,35.315323944091794,38.04752349853516,0.0,0.0,0.0,0.0,
2017-08-30,38.04752349853516,38.17329886722519,37.875161237511655,38.15233689812367,109078400,0.0027007966671575,37.071614265441895,35.40340156555176,38.19892120361328,0.0,0.0,0.0,0.0,
2017-08-31,38.19892120361328,38.32004072940156,38.077801677825,38.115069771003085,107140400,0.0039791737058512,37.17687702178955,35.490516662597656,38.210567474365234,0.0,0.0,0.0,0.0,
2017-09-01,38.210567474365234,38.41786635335139,38.11274139649231,38.385257660727085,66364400,0.0003048848078686,37.27320957183838,35.57897811889649,37.75171661376953,0.0,0.0,0.0,0.0,
2017-09-05,37.75171661376953,38.257153157457466,37.397676819239685,38.14069302608012,117874000,-0.0120084806618885,37.31852703094482,35.6552465057373,37.71212005615234,0.0,0.0,0.0,0.0,
2017-09-06,37.71212005615234,37.96367436281888,37.38836103771766,37.89845697450694,86606800,-0.0010488677381823,37.34713191986084,35.73285758972168,37.56070709228516,0.0,0.0,0.0,0.0,
2017-09-07,37.56070709228516,37.7889714285036,37.35108035110812,37.75403126892082,87714000,-0.0040149682288277,37.356797218322754,35.81713844299316,36.94814300537109,0.0,0.0,0.0,0.0,
2017-09-08,36.94814300537109,37.53509951790412,36.92484955709291,37.46755420442734,114446000,-0.0163086409797615,37.39534568786621,35.87942321777344,37.61661911010742,0.0,0.0,0.0,0.0,
2017-09-11,37.61661911010742,37.74472595411591,37.24161737805395,37.38369886793957,126323200,0.0180922788092259,37.44216232299805,35.96505416870117,37.467552185058594,0.0,0.0,0.0,0.0,
2017-09-12,37.467552185058594,38.18960639379144,36.980749707380006,37.875162629389486,286856000,-0.0039627943333369,37.453925132751465,36.04612609863281,37.18572616577149,0.0,0.0,0.0,0.0,
2017-09-13,37.18572616577149,37.25793444748649,36.78044709993865,37.23696891843019,179629600,-0.0075218690000116,37.431215858459474,36.12397453308105,36.86661529541016,0.0,0.0,0.0,0.0,
2017-09-14,36.86661529541016,37.127484826851486,36.822359881166186,37.03199022957224,95042800,-0.0085815419857273,37.40012149810791,36.19270286560059,37.239288330078125,0.0,0.0,0.0,0.0,
2017-09-15,37.239288330078125,37.49317053339173,36.80139715072568,36.91086994556379,196458400,0.0101086859122205,37.42364616394043,36.27519515991211,36.95745468139648,0.0,0.0,0.0,0.0,
2017-09-18,36.95745468139648,37.383699154318606,36.80139854443826,37.29286040134051,113077600,-0.0075681803095577,37.43727188110351,36.34532272338867,36.97140884399414,0.0,0.0,0.0,0.0,
2017-09-19,36.97140884399414,37.21364775378127,36.90386357446592,37.15308624929503,83242400,0.0003775736916395,37.45497264862061,36.411646041870114,36.35186004638672,0.0,0.0,0.0,0.0,
2017-09-20,36.35186004638672,36.86195233721681,35.830117479786594,36.77810091676466,211805600,-0.0167575111952507,37.41176528930664,36.4633975982666,35.72764205932617,0.0,0.0,0.0,0.0,
2017-09-21,35.72764205932617,36.28898079421191,35.57857322040231,36.28898079421191,150046800,-0.0171715556305513,37.33501853942871,36.50169006347656,35.37826156616211,0.0,0.0,0.0,0.0,
2017-09-22,35.37826156616211,35.46677241081668,35.068477163952586,35.29673804565591,186581600,-0.0097789966822863,37.24907112121582,36.52357551574707,35.06614685058594,0.0,0.0,0.0,0.0,
2017-09-25,35.06614685058594,35.36428450753414,34.7423878221462,34.935712069931256,177549200,-0.0088222174227661,37.140647315979,36.53332565307617,35.669410705566406,0.0,0.0,0.0,0.0,
2017-09-26,35.669410705566406,35.8510882354049,35.33167701825542,35.35263898998724,146640000,0.0172035968922086,37.04363632202149,36.55272819519043,35.92327880859375,0.0,0.0,0.0,0.0,
2017-09-27,35.92327880859375,36.03741097766786,35.762563313762016,35.82312483591887,102016800,0.0071172497107647,36.94254817962646,36.57479515075684,35.702003479003906,0.0,0.0,0.0,0.0,
2017-09-28,35.702003479003906,35.934923649693694,35.56690935351426,35.844084925287866,88022000,-0.0061596640654335,36.825272178649904,36.58807456970215,35.89765548706055,0.0,0.0,0.0,0.0,
2017-09-29,35.89765548706055,35.89998696337314,35.4038658636364,35.68570083331964,105199200,0.0054801408602098,36.710208892822266,36.60842254638672,35.8254508972168,0.0,0.0,0.0,0.0,
2017-10-02,35.8254508972168,35.97451966434531,35.57156876405851,35.93026426324657,74795200,-0.0020114012701965,36.59095306396485,36.62765129089355,35.98151779174805,0.0,0.0,0.0,0.0,
2017-10-03,35.98151779174805,36.12359928075232,35.84875510265796,35.872044994281765,64921200,0.0043563134761095,36.50244312286377,36.641556396484376,35.74858474731445,0.0,0.0,0.0,0.0,
2017-10-04,35.74858474731445,35.83709554439404,35.51100874580538,35.78352490335723,80655200,-0.0064736859012383,36.40426635742188,36.647786407470704,36.193485260009766,0.0,0.0,0.0,0.0,
2017-10-05,36.193485260009766,36.20513198582134,35.88137291111724,35.91165013332926,85135200,0.0124452622625497,36.33590526580811,36.65957359313965,36.1724967956543,0.997,0.067,0.008,0.925,1.0
2017-10-06,36.1724967956543,36.21675218887952,36.000134620482136,36.09563272648614,69630400,-0.0005798961941545,36.297122955322266,36.68439735412598,36.29829788208008,0.0,0.0,0.0,0.0,
2017-10-09,36.29829788208008,36.50559680225128,36.21677791136383,36.29131055756388,65051600,0.0034778104242141,36.2312068939209,36.71665618896484,36.312259674072266,0.0,0.0,0.0,0.0,
2017-10-10,36.312259674072266,36.80139354150929,36.12592634750615,36.34952776101765,62468000,0.0003846404048351,36.17344226837158,36.75276710510254,36.46366500854492,0.0,0.0,0.0,0.0,
2017-10-11,36.46366500854492,36.56381900777948,36.277328102020135,36.32857084016647,67622400,0.0041695376666619,36.137339210510255,36.78578102111816,36.3355598449707,0.0,0.0,0.0,0.0,
2017-10-12,36.3355598449707,36.65465945758535,36.27267038086556,36.41708335599889,64500400,-0.0035132278541994,36.11078643798828,36.78333404541016,36.56614685058594,0.0,0.0,0.0,0.0,
2017-10-13,36.56614685058594,36.6336921510215,36.431052695634285,36.50558531838799,65576800,0.0063460424608581,36.07712936401367,36.792783660888674,37.239288330078125,0.0,0.0,0.0,0.0,
2017-10-16,37.239288330078125,37.26723762098803,36.719873646797474,36.77810370558026,96486000,0.0184088709768281,36.09122104644776,36.811891098022464,37.376708984375,0.0,0.0,0.0,0.0,
2017-10-17,37.376708984375,37.469875653227085,37.08788662440458,37.21599345963665,75989200,0.0036902062434389,36.1114860534668,36.82251792907715,37.21133804321289,0.0,0.0,0.0,0.0,
2017-10-18,37.21133804321289,37.43261512506398,37.17407350413148,37.36506626194702,65496800,-0.0044244382572912,36.154459953308105,36.82394424438476,36.33089828491211,0.0,0.0,0.0,0.0,
2017-10-19,36.33089828491211,36.5871119722712,36.10729684329039,36.51024786606347,170336800,-0.0236605240391608,36.1846227645874,36.80321418762207,36.393775939941406,0.0,0.0,0.0,0.0,
2017-10-20,36.393775939941406,36.743156188964846,36.326230655591935,36.47762734187022,95896400,0.0017306936518937,36.23539848327637,36.80754623413086,36.37515640258789,0.0,0.0,0.0,0.0,
2017-10-23,36.37515640258789,36.72919619122614,36.21910025562893,36.542859273307,87937200,-0.0005116132325549,36.30084896087647,36.801443634033205,36.59177017211914,0.0,0.0,0.0,0.0,
2017-10-24,36.59177017211914,36.666302798854936,36.38213982913323,36.4031017972076,71028800,0.0059549921142287,36.3469669342041,36.78863311767578,36.43105697631836,0.0,0.0,0.0,0.0,
2017-10-25,36.43105697631836,36.696585917849305,36.16552803478742,36.54751710074563,84828400,-0.0043920585160222,36.37235584259033,36.76445602416992,36.66395950317383,0.0,0.0,0.0,0.0,
2017-10-26,36.66395950317383,36.761785533917546,36.51721868001864,36.6220320305241,68002000,0.00639296650127,36.42045364379883,36.74796516418457,37.97764205932617,0.0,0.0,0.0,0.0,
2017-10-27,37.97764205932617,38.1057488893798,36.96443769463346,37.10185976956351,177816800,0.0358303514937774,36.52445297241211,36.77214210510254,38.83245468139648,0.0,0.0,0.0,0.0,
2017-10-30,38.83245468139648,39.146898362121874,38.13369410563347,38.17329011177043,178803200,0.0225083121467883,36.67480316162109,36.815092391967774,39.37283706665039,0.0,0.0,0.0,0.0,
2017-10-31,39.37283706665039,39.51491855976353,38.883706679435335,39.10730812671052,144187200,0.0139157410904746,36.84436912536621,36.87020126342773,38.8720588684082,0.0,0.0,0.0,0.0,
2017-11-01,38.8720588684082,39.582466314093104,38.57392124433074,39.56616019126847,134551200,-0.0127188751319715,37.0005428314209,36.903322296142576,39.15622329711914,0.0,0.0,0.0,0.0,
2017-11-02,39.15622329711914,39.2470620522876,38.497058564350645,38.80451499973989,165573600,0.0073102489804541,37.14867973327637,36.941195220947264,40.178741455078125,0.0,0.0,0.0,0.0,
2017-11-03,40.178741455078125,40.588679798570986,39.85731038613164,40.52812181555706,237594400,0.0261138095520621,37.34899196624756,37.00282585144043,40.58634185791016,0.0,0.0,0.0,0.0,
2017-11-06,40.58634185791016,40.75870407267221,39.997054079679806,40.14845077688652,140105200,0.0101446782071994,37.56339416503906,37.069860229492186,40.716793060302734,0.0,0.0,0.0,0.0,
2017-11-07,40.716793060302734,40.81927855085233,40.43496151537272,40.50716623260138,97446000,0.0032141650718184,37.783620834350586,37.13200347900391,41.04986572265625,0.0,0.0,0.0,0.0,
2017-11-08,41.04986572265625,41.04986572265625,40.60498719669403,40.68185130490328,97638000,0.0081802282871399,38.01293087005615,37.19409996032715,40.96601867675781,0.0,0.0,0.0,0.0,
2017-11-09,40.96601867675781,41.01726142104952,40.327815850449234,40.786669071736846,117930400,-0.0020425656557546,38.24445381164551,37.252469863891605,40.83042907714844,0.0,0.0,0.0,0.0,
2017-11-10,40.83042907714844,40.99639849993857,40.736927487906414,40.93328296542886,100582000,-0.003309806615069,38.457667922973634,37.30510002136231,40.66680908203125,0.0,0.0,0.0,0.0,
2017-11-13,40.66680908203125,40.790700322015965,40.5335655408074,40.55694272704739,67928400,-0.0040073053067365,38.62904396057129,37.354224853515625,40.052024841308594,0.0,0.0,0.0,0.0,
2017-11-14,40.052024841308594,40.5522659440664,40.01462277065098,40.449412033186846,99130000,-0.0151175923216041,38.76280975341797,37.40023101806641,39.52372741699219,0.0,0.0,0.0,0.0,
2017-11-15,39.52372741699219,39.81358806625075,39.360097843562826,39.73177149610749,116632400,-0.0131902800522467,38.87842922210693,37.4364631652832,39.99592590332031,0.0,0.0,0.0,0.0,
2017-11-16,39.99592590332031,40.17591668320701,39.8089191140793,40.01462337207237,94550000,0.0119472154371025,39.06168060302734,37.48516754150391,39.77384185791016,0.0,0.0,0.0,0.0,
2017-11-17,39.77384185791016,40.0637024759367,39.65462680301197,39.98188591460903,87598000,-0.0055526666877767,39.23068389892578,37.54168151855469,39.734107971191406,0.0,0.0,0.0,0.0,
2017-11-20,39.734107971191406,39.86968778033293,39.63593022668008,39.80657224212664,65049600,-0.0009989954417956,39.39863147735596,37.58403129577637,40.4727897644043,0.0,0.0,0.0,0.0,
2017-11-21,40.4727897644043,40.603693446612,39.92112169877338,39.92112169877338,100525200,0.0185906222872414,39.592682456970216,37.64413604736328,40.89822006225586,0.0,0.0,0.0,0.0,
2017-11-22,40.89822006225586,40.9075687942775,40.45174231251265,40.52420657796541,102355600,0.010511514040125,39.81604061126709,37.71838592529297,40.90055847167969,0.0,0.0,0.0,0.0,
2017-11-24,40.90055847167969,41.0244496868098,40.82575434420491,40.930948094323455,56106800,5.717631281432212e-05,40.02787055969238,37.79906478881836,40.69486618041992,0.0,0.0,0.0,0.0,
2017-11-27,40.69486618041992,40.926287525182296,40.51954795262195,40.91927508141906,82867200,-0.0050290827056111,40.16373176574707,37.8681763458252,40.45642852783203,0.997,0.065,0.008,0.926,1.0
2017-11-28,40.45642852783203,40.87718934377625,40.17358026951966,40.743949369889336,105715200,-0.00585915804541,40.24493045806885,37.93815582275391,39.61722946166992,0.0,0.0,0.0,0.0,
2017-11-29,39.61722946166992,40.42135602235848,39.07491378830195,40.35356790075893,166665600,-0.020743281023553,40.25715007781982,37.991072235107424,40.17123794555664,0.0,0.0,0.0,0.0,
2017-11-30,40.17123794555664,40.2390260682573,39.37412381322835,39.83929907290369,166108800,0.0139840289544408,40.32210903167724,38.06745979309082,39.98423767089844,0.989,0.174,0.021,0.804,1.0
2017-12-01,39.98423767089844,40.12916623961013,39.38815508531585,39.72710288751525,159037200,-0.0046550787135721,40.36350975036621,38.152591705322266,39.6920280456543,0.0,0.0,0.0,0.0,
2017-12-04,39.6920280456543,40.35122240453448,39.65228969484031,40.31849649404904,130169600,-0.007308120456097,40.33917407989502,38.23886703491211,39.65462875366211,0.0,0.0,0.0,0.0,
2017-12-05,39.65462875366211,40.09409406815887,39.36476812137704,39.51904895308636,109400800,-0.0009422368630086,40.29258842468262,38.33063667297363,39.50735092163086,0.0,0.0,0.0,0.0,
2017-12-06,39.50735092163086,39.78552289712508,38.911272193407385,39.154378406334494,114240000,-0.0037140136387646,40.23211631774903,38.40739547729492,39.57982635498047,0.0,0.0,0.0,0.0,
2017-12-07,39.57982635498047,39.841633644959046,39.48398491245016,39.51203467441735,102693200,0.0018344797021034,40.15861434936524,38.48052642822265,39.59152603149414,0.0,0.0,0.0,0.0,
2017-12-08,39.59152603149414,39.97255208457209,39.46296219698933,39.85333698523089,93420800,0.0002955969641893,40.08988971710205,38.55831687927246,40.3629035949707,0.0,0.0,0.0,0.0,
2017-12-11,40.3629035949707,40.41433052585726,39.45592343226898,39.55176485499902,141095200,0.0194834006363622,40.06651344299316,38.64762184143066,40.13616943359375,0.0,0.0,0.0,0.0,
2017-12-12,40.13616943359375,40.29746270901659,40.08006990604287,40.24135961460868,77636800,-0.0056173897609587,40.03998146057129,38.7338362121582,40.2694091796875,0.0,0.0,0.0,0.0,
2017-12-13,40.2694091796875,40.566278663503006,40.2062936502376,40.32317241084876,95273600,0.0033196926356959,40.05085067749023,38.81959403991699,40.25770950317383,0.0,0.0,0.0,0.0,
2017-12-14,40.25770950317383,40.47042964494804,40.1244660406815,40.29978413331516,81906000,-0.0002905350923194,40.08754978179932,38.90977653503418,40.66680908203125,0.0,0.0,0.0,0.0,
2017-12-15,40.66680908203125,40.7135598876534,40.31383639769752,40.587332355787815,160677200,0.0101620182545449,40.12109394073487,38.99924301147461,41.23950958251953,0.0,0.0,0.0,0.0,
2017-12-18,41.23950958251953,41.42184019960957,40.874848348339455,40.87952449840411,117684400,0.014082749874303,40.19437732696533,39.10058326721192,40.80004501342773,0.0,0.0,0.0,0.0,
2017-12-19,40.80004501342773,40.99874037620498,40.69485481948698,40.91458750768088,109745600,-0.0106563965852318,40.24767417907715,39.19061820983887,40.75563049316406,0.0,0.0,0.0,0.0,
2017-12-20,40.75563049316406,41.00574921827256,40.498495760008446,40.87718185169475,93902400,-0.0010885899819241,40.26181621551514,39.27948562622071,40.909912109375,0.0,0.0,0.0,0.0,
2017-12-21,40.909912109375,41.14600954402588,40.69719542593479,40.71355660149593,83799600,0.0037855288789316,40.2624008178711,39.3684105682373,40.909912109375,0.0,0.0,0.0,0.0,
2017-12-22,40.909912109375,41.00575357162224,40.79069702963218,40.83277168123875,65397600,0.0,40.26286849975586,39.45989761352539,39.87202835083008,0.0,0.0,0.0,0.0,
2017-12-26,39.87202835083008,40.082408726132456,39.66398070018009,39.925791590410505,132742000,-0.0253699826039733,40.22172660827637,39.526015243530274,39.879051208496094,0.0,0.0,0.0,0.0,
2017-12-27,39.879051208496094,39.92112586780343,39.67100707036292,39.76217239905368,85992800,0.0001761349486466,40.19285774230957,39.57881050109863,39.991241455078125,0.0,0.0,0.0,0.0,
2017-12-28,39.991241455078125,40.17123576447634,39.85098550053407,39.97254042334844,65920800,0.0028132626825918,40.21155834197998,39.6311011505127,39.55879592895508,0.0,0.0,0.0,0.0,
2017-12-29,39.55879592895508,39.87670639380417,39.55645963712553,39.8603452172818,103999600,-0.0108135059175097,40.1809362411499,39.67805030822754,40.26708221435547,0.0,0.0,0.0,0.0,
2018-01-02,40.26708221435547,40.27643451563853,39.56580942615581,39.77619340273042,102223600,0.0179046472160686,40.19507846832276,39.756773986816405,40.26005935668945,0.0,0.0,0.0,0.0,
2018-01-03,40.26005935668945,40.8023785513596,40.196947390215975,40.330187330739136,118071600,-0.0001744069170105,40.22348003387451,39.83409965515137,40.447078704833984,0.0,0.0,0.0,0.0,
2018-01-04,40.447078704833984,40.54993262324948,40.22500969017766,40.33253619262437,89738400,0.0046452824743155,40.26310253143311,39.91553810119629,40.90757751464844,0.0,0.0,0.0,0.0,
2018-01-05,40.90757751464844,40.99406667999924,40.451750935713896,40.542916251500806,94640000,0.0113852180320606,40.33311386108399,40.00185424804688,40.75563049316406,0.0,0.0,0.0,0.0,
2018-01-08,40.75563049316406,41.05016372371372,40.65744918279034,40.75563049316406,82271200,-0.0037143979359316,40.39190406799317,40.08834571838379,40.75095748901367,0.0,0.0,0.0,0.0,
2018-01-09,40.75095748901367,40.9215995159032,40.53590095325459,40.80238443961448,86336000,-0.0001146591058424,40.44987564086914,40.17008567810058,40.74160003662109,0.0,0.0,0.0,0.0,
2018-01-10,40.74160003662109,40.74393989480724,40.44005437973839,40.47745644214682,95839600,-0.0002296253381309,40.46881046295166,40.22536483764648,40.9730224609375,0.0,0.0,0.0,0.0,
2018-01-11,40.9730224609375,41.02211311511454,40.7883555686387,40.81172918317203,74670800,0.0056802487901406,40.51065311431885,40.2681761932373,41.3961181640625,0.0,0.0,0.0,0.0,
2018-01-12,41.3961181640625,41.459233692882485,41.05950676616482,41.18339796582762,101672400,0.0103262019180636,40.5669885635376,40.308641815185545,41.18573760986328,0.0,0.0,0.0,0.0,
2018-01-16,41.18573760986328,41.933760953052094,41.174049020608194,41.58546096764788,118263600,-0.0050821324203741,40.61338996887207,40.35491539001465,41.86598205566406,0.0,0.0,0.0,0.0,
2018-01-17,41.86598205566406,41.90104426428869,40.923939337469655,41.176394373281866,137547200,0.0165165051126308,40.673348617553714,40.40911056518555,41.90337753295898,0.0,0.0,0.0,0.0,
2018-01-18,41.90337753295898,42.099736587663685,41.66728368925117,41.9290910063812,124773600,0.0008932186815826,40.70654201507568,40.44360328674316,41.71638488769531,0.0,0.0,0.0,0.0,
2018-01-19,41.71638488769531,41.97819227099237,41.47093868242528,41.75144710265185,129700400,-0.0044624719121172,40.75235900878906,40.466204147338864,41.37508773803711,0.0,0.0,0.0,0.0,
2018-01-22,41.37508773803711,41.5574183478053,41.28158614164321,41.44521571876117,108434400,-0.0081813692767723,40.78333187103272,40.47937004089356,41.38442611694336,0.0,0.0,0.0,0.0,
2018-01-23,41.38442611694336,41.94544625551665,41.33300274859244,41.44520534956455,130756400,0.0002257005221444,40.807057571411136,40.48606124877929,40.72522735595703,0.0,0.0,0.0,0.0,
2018-01-24,40.72522735595703,41.44520080302162,40.48679373404816,41.43351221596468,204420400,-0.0159286674442113,40.79782333374023,40.48124542236328,39.99825286865234,0.0,0.0,0.0,0.0,
2018-01-25,39.99825286865234,40.89588096747637,39.86267306723772,40.79302707903376,166116000,-0.0178507164846644,40.80413455963135,40.46460189819336,40.09176254272461,0.0,0.0,0.0,0.0,
2018-01-26,40.09176254272461,40.20630504465316,39.75281475426623,40.20630504465316,156572000,0.0023378439648185,40.81477012634277,40.45310096740722,39.26192474365234,0.0,0.0,0.0,0.0,
2018-01-29,39.26192474365234,39.77619070677116,39.05388063992829,39.77619070677116,202561600,-0.0206984613906143,40.77830429077149,40.4372989654541,39.0305061340332,0.0,0.0,0.0,0.0,
2018-01-30,39.0305061340332,39.12400774579682,38.499875391787135,38.6938946247116,184192800,-0.005894224777061,40.75188980102539,40.42743453979492,39.13801574707031,0.0,0.0,0.0,0.0,
2018-01-31,39.13801574707031,39.37411310023853,38.92062298841524,39.00711212032881,129915600,0.0027545021493677,40.69543647766113,40.41027633666992,39.21984100341797,0.995,0.054,0.009,0.937,1.0
2018-02-01,39.21984100341797,39.41619648711814,38.98140730643512,39.07724875688061,188923200,0.002090684844026,40.64342555999756,40.39919631958008,37.51808547973633,0.0,0.0,0.0,0.0,
2018-02-02,37.51808547973633,38.99075870726561,37.424583889707215,38.80375196035035,346375200,-0.0433901688569653,40.49697589874268,40.35487586975098,36.58071517944336,0.0,0.0,0.0,0.0,
2018-02-05,36.58071517944336,38.30818309023463,36.46617271185696,37.19082244248908,290954000,-0.0249844918339249,40.28063278198242,40.27703437805176,38.109493255615234,0.0,0.0,0.0,0.0,
2018-02-06,38.109493255615234,38.27078653650845,35.99866285535439,36.19268205071455,272975200,0.0417919132710389,40.14832592010498,40.22125984191894,37.29368591308594,0.0,0.0,0.0,0.0,
2018-02-07,37.29368591308594,38.19599039124016,37.18382312265855,38.12352610597919,206434400,-0.0214069323109955,39.97546234130859,40.14912239074707,36.26748275756836,0.0,0.0,0.0,0.0,
2018-02-08,36.26748275756836,37.63496586319116,36.23943299272922,37.46899643189285,217562000,-0.0275168069444563,39.751756477355954,40.06057472229004,36.71109390258789,0.0,0.0,0.0,0.0,
2018-02-09,36.71109390258789,37.05846466441262,35.26292961094662,36.866003792290925,282690400,0.0122316497118057,39.53866004943848,39.98566802978516,38.18976593017578,0.0,0.0,0.0,0.0,
2018-02-12,38.18976593017578,38.46672273816519,36.96926786105699,37.20163266035302,243278000,0.0402786152739418,39.37834243774414,39.95711875915527,38.57234954833984,0.0,0.0,0.0,0.0,
2018-02-13,38.57234954833984,38.66858177983185,37.94097729101988,38.01139120629208,130196800,0.0100179618503961,39.24767303466797,39.92514099121094,39.28351593017578,0.0,0.0,0.0,0.0,
2018-02-14,39.28351593017578,39.32341630642415,38.22966752219258,38.26721850010876,162579600,0.0184372067079992,39.11854972839355,39.91112655639648,40.60260009765625,0.0,0.0,0.0,0.0,
2018-02-15,40.60260009765625,40.62606901581881,39.66610323493551,39.85152308844231,204588800,0.0335785668936829,39.05351085662842,39.92933799743653,40.47114944458008,0.0,0.0,0.0,0.0,
2018-02-16,40.47114944458008,41.03211125006785,40.31624316123592,40.454721563931344,160704400,-0.0032374934797281,38.991249084472656,39.945668411254886,40.33501052856445,0.0,0.0,0.0,0.0,
2018-02-20,40.33501052856445,40.90066024732612,40.23408312703842,40.38195192353985,135722000,-0.0033638509872828,38.93924522399902,39.96222160339355,40.151947021484375,0.0,0.0,0.0,0.0,
2018-02-21,40.151947021484375,40.867811539145606,40.13786137607023,40.56503641863772,149886400,-0.0045385759091456,38.87762126922608,39.97366401672363,40.487579345703125,0.0,0.0,0.0,0.0,
2018-02-22,40.487579345703125,40.82790900653201,40.30215954364588,40.32328263855121,123967600,0.0083590547686058,38.86573886871338,39.99158508300781,41.191707611083984,0.0,0.0,0.0,0.0,
2018-02-23,41.191707611083984,41.22691276622604,40.73167328929835,40.76218681135434,135249600,0.0173912166832366,38.92541160583496,40.00816116333008,42.006160736083984,0.0,0.0,0.0,0.0,
2018-02-26,42.006160736083984,42.10473876856565,41.358360702033096,41.39122004619365,152648800,0.0197722593267981,39.02113151550293,40.04556098937988,41.87004470825195,0.0,0.0,0.0,0.0,
2018-02-27,41.87004470825195,42.36058924778314,41.81606224607517,42.03669089332113,155712400,-0.0032403824926353,39.15153751373291,40.07757369995117,41.80665588378906,0.0,0.0,0.0,0.0,
2018-02-28,41.80665588378906,42.39343245337469,41.79022800216865,42.074225856264114,151128400,-0.001513942125082,39.2903450012207,40.10855262756348,41.07435989379883,0.0,0.0,0.0,0.0,
2018-03-01,41.07435989379883,42.19627640895745,40.52513788389774,41.9052339409774,195208000,-0.0175162536804143,39.38716220855713,40.11670364379883,41.35835647583008,0.0,0.0,0.0,0.0,
2018-03-02,41.35835647583008,41.37947957033199,40.47584232615504,40.55799246886187,153816000,0.0069142059125339,39.49408798217773,40.11908058166504,41.50152969360352,0.0,0.0,0.0,0.0,
2018-03-05,41.50152969360352,41.71746301418378,40.96169460145311,41.12364548723818,113605600,0.0034617724197312,39.69326019287109,40.13311027526856,41.4663314819336,0.0,0.0,0.0,0.0,
2018-03-06,41.4663314819336,41.83717475100933,41.33958930254335,41.75737398689694,95154000,-0.0008481184170747,39.937541007995605,40.14732429504394,41.08140563964844,0.0,0.0,0.0,0.0,
2018-03-07,41.08140563964844,41.273870095734,40.90302683123286,41.06028254024403,126814000,-0.009282852582531,40.08613662719726,40.15075416564942,41.52970123291016,0.0,0.0,0.0,0.0,
2018-03-08,41.52970123291016,41.57194742905669,41.090793481964944,41.187022122543205,95096400,0.0109123723076569,40.29793739318848,40.16314994812012,42.24321746826172,0.0,0.0,0.0,0.0,
2018-03-09,42.24321746826172,42.2479126835741,41.63531780640628,41.76910458230956,128740800,0.0171808660830465,40.596724128723146,40.21057373046875,42.651615142822266,0.0,0.0,0.0,0.0,
2018-03-12,42.651615142822266,42.80887083210406,42.29720338770059,42.31597708610445,128828400,0.0096677691482043,40.89375019073486,40.26602500915527,42.24088287353516,0.0,0.0,0.0,0.0,
2018-03-13,42.24088287353516,43.069411316990255,42.06954507381295,42.85582373103191,126774000,-0.0096299347143534,41.09630603790284,40.31101783752442,41.88175964355469,0.0,0.0,0.0,0.0,
2018-03-14,41.88175964355469,42.36995811673612,41.73389082089603,42.32301671345703,117473600,-0.0085017927076866,41.261776542663576,40.35747711181641,41.93104553222656,0.0,0.0,0.0,0.0,
2018-03-15,41.93104553222656,42.30423809273555,41.79491654145905,41.89584037623486,90975200,0.0011767864839331,41.39415302276611,40.39075637817383,41.78318405151367,0.0,0.0,0.0,0.0,
2018-03-16,41.78318405151367,42.04136357525891,41.68929765809745,41.93104930136968,157618800,-0.0035263008311884,41.45318222045898,40.42121887207031,41.1447639465332,0.991,0.072,0.011,0.917,1.0
2018-03-19,41.1447639465332,41.65408545749349,40.75983875209598,41.61888030428851,133787200,-0.01527935506766,41.48686294555664,40.4351725769043,41.13068771362305,0.0,0.0,0.0,0.0,
2018-03-20,41.13068771362305,41.49683568443578,41.06027381583607,41.13068771362305,78597600,-0.0003421148053843,41.52664680480957,40.439634780883786,40.19889068603516,0.0,0.0,0.0,0.0,
2018-03-21,40.19889068603516,41.09548343216158,40.196541287634304,41.08374718435731,148219600,-0.0226545452892893,41.52899398803711,40.42849998474121,39.630897521972656,0.0,0.0,0.0,0.0,
2018-03-22,39.630897521972656,40.52983622418944,39.57221985527231,39.90081335623402,165963200,-0.0141295730894339,41.48615989685059,40.40609878540039,38.71316909790039,0.0,0.0,0.0,0.0,
2018-03-23,38.71316909790039,39.88202694835137,38.71316909790039,39.52291999681884,164115200,-0.0231568922597185,41.3622329711914,40.36553016662597,40.55096054077149,0.0,0.0,0.0,0.0,
2018-03-26,40.55096054077149,40.62841548606614,39.06524167681111,39.44782118743007,150164800,0.0474719968862162,41.28947296142578,40.35708892822266,39.51119613647461,0.0,0.0,0.0,0.0,
2018-03-27,39.51119613647461,41.10957533975339,39.17790739115458,40.76455034381911,163690400,-0.0256409315693386,41.17153053283691,40.3193904876709,39.07463073730469,-0.244,0.101,0.134,0.764,1.0
2018-03-28,39.07463073730469,39.90550850189874,38.771855553481785,39.25535895321478,166674000,-0.0110491567418509,41.034929275512695,40.277168350219725,39.37975311279297,0.0,0.0,0.0,0.0,
2018-03-29,39.37975311279297,40.31155469263699,39.17320659190049,39.38679414587791,153594000,0.0078087078426816,40.9501989364624,40.2274437713623,39.12156295776367,0.0,0.0,0.0,0.0,
2018-04-02,39.12156295776367,39.65201123119887,38.60285451256873,39.11217610913106,150347200,-0.0065564188350744,40.83835926055908,40.1718074798584,39.52292251586914,0.0,0.0,0.0,0.0,
2018-04-03,39.52292251586914,39.60741848522696,38.69908950068041,39.34688954482369,121112000,0.0102592925169882,40.73942890167236,40.12793823242188,40.27869415283203,0.0,0.0,0.0,0.0,
2018-04-04,40.27869415283203,40.37257697878735,38.67327419175449,38.69909250610223,138422000,0.0191223621345166,40.680047035217285,40.106010360717775,40.557987213134766,0.0,0.0,0.0,0.0,
2018-04-05,40.557987213134766,40.89362160917028,40.38899531621928,40.50635060122176,107732800,0.0069340147732444,40.6538761138916,40.0894815826416,39.52057647705078,0.0,0.0,0.0,0.0,
2018-04-06,39.52057647705078,40.48288789785752,39.478326701909054,40.12847614077942,140021200,-0.0255784571022306,40.55341987609863,40.06538856506348,39.91253280639648,0.0,0.0,0.0,0.0,
2018-04-09,39.91253280639648,40.6260513573316,39.86559140907428,39.872632439602654,116070800,0.0099177786430648,40.43688564300537,40.06367416381836,40.663612365722656,0.0,0.0,0.0,0.0,
2018-04-10,40.663612365722656,40.83964531968682,40.259909838119526,40.60493471440127,113634400,0.0188181382266425,40.33748550415039,40.07511116027832,40.47350692749024,0.0,0.0,0.0,0.0,
2018-04-11,40.47350692749024,40.820877702734585,40.29981974916783,40.42421611289858,89726400,-0.0046750750160275,40.24911670684814,40.09934280395508,40.87250900268555,0.0,0.0,0.0,0.0,
2018-04-12,40.87250900268555,41.07436028792793,40.61432587688714,40.70117124541933,91557200,0.009858351931552,40.19865417480469,40.13618286132812,41.010990142822266,0.0,0.0,0.0,0.0,
2018-04-13,41.010990142822266,41.27151910294791,40.80444720984534,41.02272639139374,100497200,0.0033881242800049,40.15265140533448,40.17364234924317,41.26681900024414,0.0,0.0,0.0,0.0,
2018-04-16,41.26681900024414,41.35366077533175,41.03445421925359,41.08139562250636,86313600,0.0062380561047401,40.126833152771,40.214581909179685,41.83481597900391,0.997,0.062,0.008,0.93,1.0
2018-04-17,41.83481597900391,41.99911267229984,41.40529517848783,41.42407245506441,106421600,0.0137640116810653,40.16133575439453,40.30091651916504,41.740943908691406,0.0,0.0,0.0,0.0,
2018-04-18,41.740943908691406,41.970962939576346,41.51562367531091,41.7339028752358,83018000,-0.0022438743452251,40.191848564147946,40.40412109375,40.557987213134766,0.0,0.0,0.0,0.0,
2018-04-19,40.557987213134766,41.16588672991181,40.525127876590034,40.78330735475603,139235200,-0.0283404395009457,40.20980339050293,40.45309097290039,38.89624786376953,0.0,0.0,0.0,0.0,
2018-04-20,38.89624786376953,40.187156394272286,38.82817977203165,40.0416369423364,261964400,-0.0409719382925165,40.17307090759277,40.48514221191406,38.78358459472656,0.0,0.0,0.0,0.0,
2018-04-23,38.78358459472656,39.17789672189711,38.513665229708735,39.15677362538438,146062000,-0.0028965073813176,40.17659168243408,40.53546424865723,38.24374771118164,0.0,0.0,0.0,0.0,
2018-04-24,38.24374771118164,39.03941654299841,37.84004517183039,38.88450667946601,134768000,-0.0139192106450708,40.06123104095459,40.5661173248291,38.41039276123047,0.0,0.0,0.0,0.0,
2018-04-25,38.41039276123047,38.8258315747344,38.11935387520056,38.16864110139597,113528400,0.0043574455962669,40.006190872192384,40.5705298614502,38.54418182373047,0.0,0.0,0.0,0.0,
2018-04-26,38.54418182373047,38.89859360300027,38.3446763459467,38.52070932702644,111852000,0.0034831474734369,39.97966842651367,40.56996650695801,38.09822845458984,0.0,0.0,0.0,0.0,
2018-04-27,38.09822845458984,38.56999549782901,37.70156694524858,38.49254056570322,142623200,-0.0115699269783452,39.91559219360352,40.54626075744629,38.78828430175781,0.0,0.0,0.0,0.0,
2018-04-30,38.78828430175781,39.25770564498742,37.98557423460327,38.05364233495592,169709600,0.0181125442089902,39.89892826080322,40.50997444152832,39.68956756591797,0.0,0.0,0.0,0.0,
2018-05-01,39.68956756591797,39.71303647925035,38.79062545495093,39.05819542045914,214277600,0.0232359662301255,39.90726051330567,40.49434280395508,41.44285583496094,0.0,0.0,0.0,0.0,
2018-05-02,41.44285583496094,41.71981264710468,40.792706415671205,41.12834088273352,266157600,0.0441750408625905,39.96546859741211,40.51649971008301,41.51795959472656,0.0,0.0,0.0,0.0,
2018-05-03,41.51795959472656,41.66113320985868,40.94291931740563,41.28090316830111,136272800,0.0018122245258558,40.0134672164917,40.543819961547854,43.14684295654297,0.0,0.0,0.0,0.0,
2018-05-04,43.14684295654297,43.24542096261933,41.8183803187254,41.83715759341599,224805200,0.0392332228682861,40.19478054046631,40.59700523376465,43.459022521972656,0.0,0.0,0.0,0.0,
2018-05-07,43.459022521972656,44.04814493310454,43.36279030101084,43.46371415611706,169805600,0.0072352817503731,40.37210502624512,40.64235153198242,43.66789627075195,0.0,0.0,0.0,0.0,
2018-05-08,43.66789627075195,43.70779663240718,43.10928404478157,43.41910367372606,113611200,0.0048062228890144,40.52231922149658,40.67558624267578,43.975372314453125,0.0,0.0,0.0,0.0,
2018-05-09,43.975372314453125,43.98475916138972,43.47309184046762,43.78525732674539,92844800,0.0070412378419775,40.69741249084473,40.7176927947998,44.60440444946289,0.0,0.0,0.0,0.0,
2018-05-10,44.60440444946289,44.68185938348441,44.043446213428126,44.0645728909975,111957200,0.0143041912303043,40.88400726318359,40.77364776611328,44.434757232666016,0.0,0.0,0.0,0.0,
2018-05-11,44.434757232666016,44.78111254653238,44.16615551938289,44.64681348749568,104848800,-0.0038033736553771,41.05519561767578,40.84085571289062,44.331085205078125,0.0,0.0,0.0,0.0,
2018-05-14,44.331085205078125,44.656235967916,44.262758245240285,44.53371481746541,83115200,-0.0023331291548427,41.20840892791748,40.900310287475584,43.928199768066406,0.0,0.0,0.0,0.0,
2018-05-15,43.928199768066406,44.07663883685339,43.61247553480892,44.008308257959634,94780800,-0.0090881022909308,41.31307811737061,40.94884368896484,44.33816909790039,0.0,0.0,0.0,0.0,
2018-05-16,44.33816909790039,44.40414481398957,43.82452850031834,43.84102332814337,76732400,0.0093327141107204,41.442939376831056,41.00628044128418,44.05777740478516,0.0,0.0,0.0,0.0,
2018-05-17,44.05777740478516,44.51015908006181,43.90933837555642,44.29574794788918,69176000,-0.0063239348583862,41.61792888641357,41.06580787658692,43.897560119628906,0.0,0.0,0.0,0.0,
2018-05-18,43.897560119628906,44.25098366663279,43.85515101968935,44.10490308433846,73190800,-0.0036365267290775,41.86799449920655,41.113165054321286,44.20858001708984,0.0,0.0,0.0,0.0,
2018-05-21,44.20858001708984,44.59498966564544,44.0389364059961,44.29575668563138,73603200,0.0070851294835829,42.13924427032471,41.15247230529785,44.09782028198242,0.0,0.0,0.0,0.0,
2018-05-22,44.09782028198242,44.50307943581472,44.00828519595627,44.385271625868334,60962800,-0.0025053900185123,42.43194789886475,41.181396408081056,44.38056564331055,0.0,0.0,0.0,0.0,
2018-05-23,44.38056564331055,44.41355169174006,43.76796349223717,43.90697946331335,80233600,0.0064117763535729,42.73045654296875,41.22419006347656,44.331085205078125,0.0,0.0,0.0,0.0,
2018-05-24,44.331085205078125,44.49366058649706,43.87399384244604,44.47716935972642,92936000,-0.0011149122935948,43.01980171203613,41.27317657470703,44.43239974975586,0.0,0.0,0.0,0.0,
2018-05-25,44.43239974975586,44.68450662598143,44.21327532554309,44.34993283409535,69844000,0.0022854063736326,43.33651027679444,41.32320365905762,44.272193908691406,0.0,0.0,0.0,0.0,
2018-05-29,44.272193908691406,44.47246871582709,44.02950999616362,44.20151206637124,90056400,-0.0036056085641724,43.61070575714111,41.37298385620117,44.17794036865234,0.0,0.0,0.0,0.0,
2018-05-30,44.17794036865234,44.29574820963541,44.00829679001992,44.22977610630169,74762000,-0.0021289557105178,43.83512439727783,41.43364738464356,44.02951431274414,0.0,0.0,0.0,0.0,
2018-05-31,44.02951431274414,44.34995187844999,43.85751582088478,44.11198126381687,109931200,-0.0033597323612107,43.96445732116699,41.491623916625976,44.82353210449219,0.0,0.0,0.0,0.0,
2018-06-01,44.82353210449219,44.82824182994524,44.23684771666393,44.293396778992886,93770000,0.0180337622193171,44.12973594665527,41.58411674499512,45.19816970825195,0.0,0.0,0.0,0.0,
2018-06-04,45.19816970825195,45.57279788752274,45.08507515502532,45.15340214056343,105064800,0.0083580562746909,44.23230228424072,41.695462188720704,45.546871185302734,0.0,0.0,0.0,0.0,
2018-06-05,45.546871185302734,45.69531022935619,45.32303698544506,45.49032571725215,86264000,0.0077149468507597,44.33669471740723,41.83213623046875,45.70472717285156,0.0,0.0,0.0,0.0,
2018-06-06,45.70472717285156,45.72829017819991,45.219359462438206,45.62226384455202,83734400,0.0034657921266778,44.43853626251221,41.93521156311035,45.58220672607422,0.0,0.0,0.0,0.0,
2018-06-07,45.58220672607422,45.75656001185925,45.3183147446756,45.742423647629074,85388800,-0.0026806952881258,44.51887798309326,42.05663177490234,45.167518615722656,0.0,0.0,0.0,0.0,
2018-06-08,45.167518615722656,45.23820402855917,44.71278214467778,45.04264261096891,106627200,-0.0090975874170293,44.54703369140625,42.17848953247071,45.056785583496094,0.0,0.0,0.0,0.0,
2018-06-11,45.056785583496094,45.231142481373176,44.81646017789385,45.08506190990398,73234000,-0.0024516076069766,44.57813510894776,42.29203018188477,45.30418395996094,0.0,0.0,0.0,0.0,
2018-06-12,45.30418395996094,45.381937568012425,45.0379370834704,45.09448614256514,67644400,0.0054908128323176,44.626790046691895,42.41568260192871,44.93190002441406,0.0,0.0,0.0,0.0,
2018-06-13,44.93190002441406,45.44554396849408,44.870641254749685,45.337159196554886,86553600,-0.0082174294514584,44.67697505950928,42.52386215209961,44.95547103881836,0.0,0.0,0.0,0.0,
2018-06-14,44.95547103881836,45.13689611332946,44.818813517322575,45.13218279322,86440400,0.0005245942057088,44.70784015655518,42.617397689819335,44.49366760253906,0.0,0.0,0.0,0.0,
2018-06-15,44.49366760253906,44.80468204998491,44.35701006610469,44.77405085873973,246876800,-0.0102724635201917,44.72963466644287,42.69611129760742,44.4701042175293,0.0,0.0,0.0,0.0,
2018-06-18,44.4701042175293,44.5831987359482,44.107254061254174,44.26747459129005,73939600,-0.0005295896310516,44.75826187133789,42.79510185241699,43.75147247314453,0.0,0.0,0.0,0.0,
2018-06-19,43.75147247314453,43.90226635171033,43.2236921005594,43.62188314112478,134314000,-0.0161598844218919,44.73540649414063,42.87188064575195,43.94231796264648,0.0,0.0,0.0,0.0,
2018-06-20,43.94231796264648,44.10724819574322,43.76089290863536,43.90697705384341,82514800,0.0043620358062028,44.72763137817383,42.93745475769043,43.697296142578125,0.0,0.0,0.0,0.0,
2018-06-21,43.697296142578125,44.37822547833607,43.57477495274452,44.11904672969014,102847600,-0.0055759875998494,44.6934679031372,43.00193054199219,43.570045471191406,0.0,0.0,0.0,0.0,
2018-06-22,43.570045471191406,43.8598517133983,43.51820974068812,43.85278353153053,108801600,-0.0029120948575747,44.65541591644287,43.0558812713623,42.92211532592773,-0.807,0.0,0.138,0.862,1.0
2018-06-25,42.92211532592773,43.570058556606334,42.5828281135387,43.21192165517229,126652400,-0.0148709999784618,44.579901695251465,43.094103775024415,43.45459747314453,0.0,0.0,0.0,0.0,
2018-06-26,43.45459747314453,43.94939183167297,43.009283988552895,43.11531391910178,98276800,0.0124057759775679,44.53902187347412,43.13785934448242,43.39098358154297,0.0,0.0,0.0,0.0,
2018-06-27,43.39098358154297,44.12610333725696,43.36035239331826,43.643090484345954,101141200,-0.0014639162551414,44.499674034118655,43.168982696533206,43.70670318603516,0.0,0.0,0.0,0.0,
2018-06-28,43.70670318603516,43.873991879852326,43.306157299059485,43.37684271328096,69460800,0.0072761568978694,44.483533477783205,43.20829788208008,43.61482620239258,0.0,0.0,0.0,0.0,
2018-06-29,43.61482620239258,44.10490733287168,43.09647233589699,43.89285102711627,90950800,-0.0021021256911442,44.423098182678224,43.26943466186523,44.1025505065918,0.0,0.0,0.0,0.0,
2018-07-02,44.1025505065918,44.13082683886514,43.21663665825936,43.31088510715263,70925200,0.0111825346256329,44.368317222595216,43.37356071472168,43.33444595336914,0.0,0.0,0.0,0.0,
2018-07-03,43.33444595336914,44.28397708664571,43.2449108227678,44.24627770584401,55819200,-0.0174163295410284,44.25769596099853,43.46457794189453,43.68315124511719,0.0,0.0,0.0,0.0,
2018-07-05,43.68315124511719,43.92112541341989,43.419262800087296,43.65016518948845,66416800,0.0080468385847896,44.156617164611816,43.573366012573246,44.28867721557617,0.0,0.0,0.0,0.0,
2018-07-06,44.28867721557617,44.39705840908352,43.636020811298415,43.6878565456575,69940800,0.0138617740066695,44.09194068908691,43.69093170166016,44.90364074707031,0.0,0.0,0.0,0.0,
2018-07-09,44.90364074707031,44.92720016005415,44.60205293727909,44.64917535845704,79026400,0.013885344294678,44.0787467956543,43.81812088012696,44.84944915771485,0.0,0.0,0.0,0.0,
2018-07-10,44.84944915771485,45.0685700292257,44.80939132562234,44.93427095205684,63756400,-0.001206841771711,44.06837997436524,43.953145294189454,44.26747131347656,0.0,0.0,0.0,0.0,
2018-07-11,44.26747131347656,44.71513962901053,44.20385407867217,44.41355187208477,75326000,-0.0129762540046307,44.016544342041016,44.06272903442383,45.00966644287109,0.0,0.0,0.0,0.0,
2018-07-12,45.00966644287109,45.09920155846209,44.60440715522057,44.65624289633007,72164400,0.0167661514735895,44.02043266296387,44.16913101196289,45.080352783203125,0.0,0.0,0.0,0.0,
2018-07-13,45.080352783203125,45.200515497182295,44.979036161635726,45.021448857587984,50055600,0.0015704702104768,44.02667675018311,44.24188095092774,44.98138427734375,0.0,0.0,0.0,0.0,
2018-07-16,44.98138427734375,45.39135320442927,44.86593131540765,45.12510996660727,60172400,-0.0021953800214324,44.05106258392334,44.31114944458008,45.10862350463867,0.0,0.0,0.0,0.0,
2018-07-17,45.10862350463867,45.20758166383214,44.5784881977529,44.708077547367004,62138000,0.0028287085722038,44.082988548278806,44.35038505554199,44.86122512817383,0.0,0.0,0.0,0.0,
2018-07-18,44.86122512817383,45.19108924534587,44.75048546825586,45.18637592497211,65573600,-0.0054845029008566,44.13847618103027,44.378429107666015,45.20994186401367,0.0,0.0,0.0,0.0,
2018-07-19,45.20994186401367,45.36780395227822,44.69394290352536,44.69394290352536,81147200,0.0077732325598223,44.20185737609863,44.40927001953125,45.10626602172852,0.0,0.0,0.0,0.0,
2018-07-20,45.10626602172852,45.33952324227363,44.80703310367688,45.18637448948724,82704800,-0.0022932089272974,44.27230587005615,44.43188789367676,45.14632415771485,0.0,0.0,0.0,0.0,
2018-07-23,45.14632415771485,45.22879109031837,44.66331125648758,44.92719968848247,63957600,0.0008880836194029,44.35111980438232,44.44272628784179,45.47382354736328,0.0,0.0,0.0,0.0,
2018-07-24,45.47382354736328,45.62933074980564,45.24998938365914,45.34423421199465,74791600,0.007254176187287,44.4787052154541,44.46350761413574,45.90266036987305,0.0,0.0,0.0,0.0,
2018-07-25,45.90266036987305,45.90972855448349,45.339535297694646,45.4879743649357,66839600,0.0094304104879834,44.601108360290525,44.49493911743164,45.7589225769043,0.0,0.0,0.0,0.0,
2018-07-26,45.7589225769043,46.17125001494184,45.617551731493165,45.85316741037176,76304000,-0.003131360836399,44.719505310058594,44.5315535736084,44.99787902832031,0.0,0.0,0.0,0.0,
2018-07-27,44.99787902832031,45.98982256720947,44.790539686327264,45.9427001529024,96096000,-0.0166315880210016,44.78406410217285,44.5447477722168,44.74577713012695,0.0,0.0,0.0,0.0,
2018-07-30,44.74577713012695,45.2853354853208,44.547860810814726,45.21465005836353,84118000,-0.0056025284666126,44.84061164855957,44.55850776672364,44.83530426025391,0.0,0.0,0.0,0.0,
2018-07-31,44.83530426025391,45.271194687816894,44.61147009280662,44.83766271788807,157492000,0.0020007950664617,44.87724933624268,44.57726264953613,47.476558685302734,0.0,0.0,0.0,0.0,
2018-08-01,47.476558685302734,47.53781746675014,46.48932842822588,46.91815068398744,271742800,0.0589101483446445,45.08435497283936,44.64262222290039,48.86433410644531,0.0,0.0,0.0,0.0,
2018-08-02,48.86433410644531,49.09759491616399,47.20560135629759,47.25979195423673,249616000,0.0292307500706068,45.34341411590576,44.73795249938965,49.005706787109375,0.0,0.0,0.0,0.0,
2018-08-03,49.005706787109375,49.182418547865296,48.41430912684515,48.7795141514494,133789600,0.00289316703582,45.57926559448242,44.83045532226563,49.26017379760742,0.0,0.0,0.0,0.0,
2018-08-06,49.26017379760742,49.30258289590306,48.7889424198688,49.008063284816416,101701600,0.0051925995395496,45.79709224700928,44.92903709411621,48.7983627319336,0.0,0.0,0.0,0.0,
2018-08-07,48.7983627319336,49.36148405297779,48.715895807364944,49.31907495705784,102349600,-0.0093749378061727,45.994537925720216,45.01635635375977,48.83135223388672,0.0,0.0,0.0,0.0,
2018-08-08,48.83135223388672,48.96329644635382,48.1881224005045,48.548614122141466,90102000,0.0006760370657177,46.22273197174072,45.10753952026367,49.21539688110352,0.0,0.0,0.0,0.0,
2018-08-09,49.21539688110352,49.4274495226711,48.819560729578775,49.36854561165684,93970400,0.0078647145665216,46.43301849365234,45.20828865051269,49.06880569458008,0.0,0.0,0.0,0.0,
2018-08-10,49.06880569458008,49.44002134910859,48.865465439702334,49.02861098938335,98444800,-0.0029785635352607,46.63244113922119,45.30907447814941,49.38563537597656,0.0,0.0,0.0,0.0,
2018-08-13,49.38563537597656,49.87743512898656,49.10899869137438,49.48967042478114,103563600,0.006456845177128,46.85265369415284,45.4003165435791,49.59371948242188,0.0,0.0,0.0,0.0,
2018-08-14,49.59371948242188,49.7852369637203,49.24141953269484,49.69066158781124,82992000,0.0042134540714349,47.07690849304199,45.4882275390625,49.70956802368164,0.0,0.0,0.0,0.0,
2018-08-15,49.70956802368164,49.82778902521528,49.25796293194664,49.46839617036378,115230400,0.002335951859808,47.319325637817386,45.57148147583008,50.43781661987305,0.0,0.0,0.0,0.0,
2018-08-16,50.43781661987305,50.55367090797726,50.00039741215219,50.066600893302926,114001600,0.0146500688930644,47.58071937561035,45.66614326477051,51.4450569152832,0.0,0.0,0.0,0.0,
2018-08-17,51.4450569152832,51.53253931119231,50.39998358384993,50.46618706310315,141708000,0.0199699424541166,47.89765892028809,45.783400268554686,50.94380569458008,0.0,0.0,0.0,0.0,
2018-08-20,50.94380569458008,51.82336680163039,50.86104953392936,51.56801256244055,121150800,-0.0097434282467323,48.18753299713135,45.89892601013184,50.844486236572266,0.0,0.0,0.0,0.0,
2018-08-21,50.844486236572266,51.35283870270329,50.60568111471057,51.26062646675485,104639200,-0.0019495885054849,48.4560661315918,46.01468002319336,50.84686279296875,0.0,0.0,0.0,0.0,
2018-08-22,50.84686279296875,51.156601296459534,50.56076632942316,50.62224357048316,76072400,4.67416739236004e-05,48.70327625274658,46.12553359985352,50.95090103149414,0.0,0.0,0.0,0.0,
2018-08-23,50.95090103149414,51.3197500694594,50.74046774148476,50.75228695828093,75532800,0.002046109293881,48.96287517547607,46.24591361999512,51.10930633544922,0.0,0.0,0.0,0.0,
2018-08-24,51.10930633544922,51.28427111585805,50.861041500529375,51.21334139829706,73905600,0.0031089794438996,49.26844654083252,46.36899032592773,51.530181884765625,0.0,0.0,0.0,0.0,
2018-08-27,51.530181884765625,51.71933624974518,51.14951003307881,51.34339064151377,82100400,0.0082348123951057,49.60766677856445,46.50972061157226,51.94630813598633,0.0,0.0,0.0,0.0,
2018-08-28,51.94630813598633,52.14491855568263,51.761883659437096,51.783162574157686,91107200,0.0080753887527753,49.96321697235108,46.6592446899414,52.72184371948242,0.0,0.0,0.0,0.0,
2018-08-29,52.72184371948242,52.84243146580002,51.87774753435485,52.05271233047196,109019200,0.0149295611435154,50.22548122406006,46.83865211486816,53.20655059814453,0.0,0.0,0.0,0.0,
2018-08-30,53.20655059814453,53.9702573574271,52.58470689450583,52.78568406644188,195175200,0.0091936632800835,50.44259204864502,47.02393676757813,53.82129287719727,0.0,0.0,0.0,0.0,
2018-08-31,53.82129287719727,54.11447864417697,53.43589126797498,53.55647538750839,173360400,0.011553883349735,50.68337135314941,47.226416702270505,53.99390411376953,0.0,0.0,0.0,0.0,
2018-09-04,53.99390411376953,54.18778470948037,53.58486039691757,54.00572693727098,109560400,0.003207117988899,50.92005786895752,47.43489387512207,53.6415901184082,0.0,0.0,0.0,0.0,
2018-09-05,53.6415901184082,54.30362837496612,53.22309041713026,54.14284956250599,133332000,-0.006525069841569,51.16221923828125,47.64928337097168,52.75021743774414,0.0,0.0,0.0,0.0,
2018-09-06,52.75021743774414,53.75509604813016,52.324621069428616,53.49027852572328,137160000,-0.0166171934630656,51.35816249847412,47.83519577026368,52.32461929321289,0.0,0.0,0.0,0.0,
2018-09-07,52.32461929321289,53.28693643019096,52.18511936850075,52.45466312464746,150479200,-0.0080681780133615,51.51362361907959,48.01386848449707,51.62238311767578,0.0,0.0,0.0,0.0,
2018-09-10,51.62238311767578,52.45465998116174,51.18260084633692,52.24186001307081,158066000,-0.0134207603423155,51.64130249023437,48.17218208312988,52.927547454833984,0.0,0.0,0.0,0.0,
2018-09-11,52.927547454833984,53.03394564193792,51.203883114038426,51.54672332040395,142996000,0.0252829152459508,51.81839809417725,48.35843650817871,52.27024459838867,0.0,0.0,0.0,0.0,
2018-09-12,52.27024459838867,53.19946010310294,51.97941828552849,53.18527415765987,197114800,-0.0124189177102193,51.95222434997559,48.52179039001465,53.5328369140625,0.0,0.0,0.0,0.0,
2018-09-13,53.5328369140625,53.99153499554689,52.6249004519719,52.849519642275006,166825600,0.0241550871891798,52.14338779449463,48.72575820922852,52.92518615722656,0.0,0.0,0.0,0.0,
2018-09-14,52.92518615722656,53.63451228780782,52.613084535836826,53.376791326239925,127997200,-0.0113509911273974,52.2677562713623,48.9105989074707,51.5159912109375,0.0,0.0,0.0,0.0,
2018-09-17,51.5159912109375,52.71475044000342,51.371761426756805,52.52559609238329,148780400,-0.0266261689113898,52.27130298614502,49.05514518737793,51.601104736328125,0.0,0.0,0.0,0.0,
2018-09-18,51.601104736328125,52.45466052309608,51.3362872360447,51.49470294727404,126286800,0.0016521767977271,52.304167938232425,49.18909446716309,51.63184356689453,0.0,0.0,0.0,0.0,
2018-09-19,51.63184356689453,51.927396096554034,50.90596843011665,51.66258218448119,108495200,0.000595701016935,52.34353580474853,49.32474235534668,52.02433776855469,0.0,0.0,0.0,0.0,
2018-09-20,52.02433776855469,52.55633231761007,51.81626763486653,52.073992180573526,106435200,0.0076017855367034,52.40240955352783,49.47987968444824,51.4639778137207,0.0,0.0,0.0,0.0,
2018-09-21,51.4639778137207,52.33881268301883,51.37649180131732,52.20167586016159,384986800,-0.0107711117309537,52.42806339263916,49.60896591186523,52.20402526855469,0.0,0.0,0.0,0.0,
2018-09-24,52.20402526855469,52.315153292233006,51.22042933428429,51.26535388953533,110773600,0.0143799116638956,52.48279933929443,49.75143936157227,52.53504943847656,0.0,0.0,0.0,0.0,
2018-09-25,52.53504943847656,52.68400905547717,51.94630754978628,51.95813037154832,98217600,0.0063409702263184,52.53304271697998,49.90251266479492,52.116546630859375,0.0,0.0,0.0,0.0,
2018-09-26,52.116546630859375,52.90389894530768,51.96049404071963,52.25368342754412,95938800,-0.0079661637723839,52.54155464172364,50.04267112731934,53.1876220703125,0.0,0.0,0.0,0.0,
2018-09-27,53.1876220703125,53.539921915292425,52.85423801645415,52.92044508928876,120724800,0.0205515428149822,52.564843559265135,50.20919906616211,53.37442398071289,0.0,0.0,0.0,0.0,
2018-09-28,53.37442398071289,53.39806601850307,52.96774340940435,53.14980117088278,91717600,0.0035121312653054,52.57323722839355,50.37248870849609,53.73380661010742,0.0,0.0,0.0,0.0,
2018-10-01,53.73380661010742,54.24452218637405,53.51864713609809,53.89695216428858,94403200,0.0067332366813812,52.56886291503906,50.54503952026367,54.21142959594727,0.0,0.0,0.0,0.0,
2018-10-02,54.21142959594727,54.38166815008611,53.58485964517176,53.73145255263943,99152800,0.0088886869546667,52.57973918914795,50.72634162902832,54.87109375,0.0,0.0,0.0,0.0,
2018-10-03,54.87109375,55.202111089246685,54.32963957845271,54.39347992524257,114619200,0.0121683593103778,52.64121437072754,50.91428703308105,53.90641784667969,0.0,0.0,0.0,0.0,
2018-10-04,53.90641784667969,54.93730520599613,53.60849859022037,54.566089500033,128168000,-0.0175807668007403,52.69902439117432,51.07436218261719,53.03158187866211,0.0,0.0,0.0,0.0,
2018-10-05,53.03158187866211,54.00572550581806,52.15438395852076,53.899327312763546,134322000,-0.0162287906146125,52.734372520446776,51.21981536865234,52.90863037109375,0.0,0.0,0.0,0.0,
2018-10-08,52.90863037109375,53.15216535637329,52.06453065114557,52.53978140728469,118655600,-0.0023184582321091,52.79868488311767,51.37803039550781,53.6415901184082,0.0,0.0,0.0,0.0,
2018-10-09,53.6415901184082,53.73616907381262,52.54922934016951,52.87788354358608,107564000,0.0138533116841916,52.83438701629639,51.55594665527344,51.15659332275391,0.0,0.0,0.0,0.0,
2018-10-10,51.15659332275391,53.51865029661315,51.08329687705558,53.30821705245848,167962400,-0.0463259345997932,52.778704452514646,51.68237243652344,50.704986572265625,0.0,0.0,0.0,0.0,
2018-10-11,50.704986572265625,51.89901940310349,50.20136756167063,50.72153924414712,212497600,-0.0088279285455744,52.637311935424805,51.74694099426269,52.516143798828125,0.0,0.0,0.0,0.0,
2018-10-12,52.516143798828125,52.69820518727146,51.27009318682296,52.11655615761714,161351600,0.0357195090463382,52.61685981750488,51.81997718811035,51.39303588867188,0.0,0.0,0.0,0.0,
2018-10-15,51.39303588867188,52.44993197126722,51.37175697346174,52.29151625611603,123164000,-0.0213859554208416,52.6107120513916,51.8677237701416,52.52560424804688,0.0,0.0,0.0,0.0,
2018-10-16,52.52560424804688,52.72421832818737,51.25118163892535,51.76426049633067,116736000,0.0220373896928054,52.65693702697754,51.93303237915039,52.298606872558594,0.0,0.0,0.0,0.0,
2018-10-17,52.298606872558594,52.64144705306185,51.86118772679396,52.56105763845365,91541600,-0.0043216518636569,52.69027519226074,52.00303726196289,51.076202392578125,0.0,0.0,0.0,0.0,
2018-10-18,51.076202392578125,51.955766930543895,50.36214653480621,51.51125481132157,130325200,-0.0233735572146162,52.64286842346191,52.04793426513672,51.854095458984375,0.0,0.0,0.0,0.0,
2018-10-19,51.854095458984375,52.31515664645652,51.40958333577089,51.55854295319215,132314800,0.0152300490241477,52.662374305725095,52.10070823669434,52.170936584472656,0.0,0.0,0.0,0.0,
2018-10-22,52.170936584472656,52.81169612366842,51.76662270171441,51.96759627834825,115168400,0.0061102430325661,52.660719871521,52.16275085449219,52.66272735595703,0.0,0.0,0.0,0.0,
2018-10-23,52.66272735595703,52.785678210129554,50.76409832307149,51.03127894622945,155071200,0.0094265275588467,52.66710376739502,52.2282926940918,50.85630798339844,0.995,0.051,0.008,0.941,1.0
2018-10-24,50.85630798339844,53.01738767953561,50.726264164214655,52.63198967990546,163702000,-0.0343016676737737,52.604091835021975,52.25354446411133,51.969947814941406,0.0,0.0,0.0,0.0,
2018-10-25,51.969947814941406,52.34352657548441,51.24879905591277,51.47578494366967,119423200,0.0218977718930462,52.54320812225342,52.298752059936525,51.14240264892578,0.0,0.0,0.0,0.0,
2018-10-26,51.14240264892578,52.06216183654757,50.28411707927676,51.0478236891772,189033600,-0.015923532749396,52.43160705566406,52.312843780517575,50.18244934082031,0.0,0.0,0.0,0.0,
2018-10-29,50.18244934082031,51.94394144771941,48.72832893518345,51.82572045252056,183742000,-0.0187702035568254,52.254039192199706,52.28759162902832,50.43307876586914,0.0,0.0,0.0,0.0,
2018-10-30,50.43307876586914,50.87758726765469,49.48021780499368,49.92472630677924,146640000,0.0049943641321021,52.0651216506958,52.2773770904541,51.74769592285156,0.0,0.0,0.0,0.0,
2018-10-31,51.74769592285156,52.12363783449441,51.21806454753168,51.27954177612992,153435600,0.0260665656182801,51.90895175933838,52.29544128417969,52.54214096069336,0.0,0.0,0.0,0.0,
2018-11-01,52.54214096069336,52.57524269602282,51.26298888864335,51.79262026173322,233292800,0.0153522784671649,51.84073791503906,52.32934684753418,49.05698394775391,0.0,0.0,0.0,0.0,
2018-11-02,49.05698394775391,50.51583061906915,48.572277138067086,49.54642060751403,365314800,-0.0663307004476024,51.642008018493655,52.29146850585938,47.66434860229492,0.0,0.0,0.0,0.0,
2018-11-05,47.66434860229492,48.32638701675462,46.85571728176754,48.30510809964528,264654800,-0.028388115888701,51.37979393005371,52.22256935119629,48.1797981262207,0.0,0.0,0.0,0.0,
2018-11-06,48.1797981262207,48.40441735489596,47.6879982232851,47.74237888525882,127531600,0.0108141522760885,51.10670433044434,52.15556167602539,49.64099884033203,0.0,0.0,0.0,0.0,
2018-11-07,49.64099884033203,49.66700760551551,48.264908230328544,48.699960659016895,133697600,0.0303280787994024,51.03092460632324,52.1094554901123,49.46780776977539,0.0,0.0,0.0,0.0,
2018-11-08,49.46780776977539,49.85455059323685,49.05496180600561,49.82133335158234,101450400,-0.0034888715900681,50.96906566619873,52.04437477111816,48.51399230957031,0.0,0.0,0.0,0.0,
2018-11-09,48.51399230957031,48.87938196083556,47.98725918732527,48.77024114907393,137463200,-0.0192815389079734,50.76895809173584,51.95052360534668,46.07014083862305,0.0,0.0,0.0,0.0,
2018-11-12,46.07014083862305,47.417819511836335,45.979978204665024,47.21614107916425,204542000,-0.0503741571164236,50.5028133392334,51.79550056457519,45.60983276367188,0.0,0.0,0.0,0.0,
2018-11-13,45.60983276367188,46.78430364755,45.42476479992899,45.46747474101187,187531600,-0.009991462291456,50.15702476501465,51.62781913757324,44.32147979736328,0.0,0.0,0.0,0.0,
2018-11-14,44.32147979736328,46.14368876236647,44.11505502930984,46.0060734571333,243204000,-0.0282472635447759,49.758168411254886,51.44141693115235,45.41527557373047,0.0,0.0,0.0,0.0,
2018-11-15,45.41527557373047,45.54814450930108,44.34519912826086,44.69872824786671,185915200,0.0246786835946812,49.4751220703125,51.29471809387207,45.91827774047852,0.0,0.0,0.0,0.0,
2018-11-16,45.91827774047852,46.259942766410056,44.95260302730357,45.19935909025038,147713200,0.0110756163073686,49.1783311843872,51.16659126281738,44.09845352172852,0.0,0.0,0.0,0.0,
2018-11-19,44.09845352172852,45.24682516087032,43.89203234926841,45.080738951970936,167701200,-0.0396318047692316,48.77470703125,51.01611267089844,41.99151611328125,0.0,0.0,0.0,0.0,
2018-11-20,41.99151611328125,43.05684633458593,41.64273330485172,42.32131712569472,271300800,-0.047778033926045,48.24114646911621,50.79739204406738,41.94405746459961,0.0,0.0,0.0,0.0,
2018-11-21,41.94405746459961,42.77212054847709,41.88948707157368,42.643994348703465,124496800,-0.0011301961223216,47.79553394317627,50.5908683013916,40.87873840332031,0.0,0.0,0.0,0.0,
2018-11-23,40.87873840332031,41.901362428757146,40.83366070501607,41.50749825732366,94496000,-0.025398569563243,47.240973472595215,50.33778633117676,41.43156051635742,0.0,0.0,0.0,0.0,
2018-11-26,41.43156051635742,41.50985905728153,40.39707629811021,41.34140152229291,179994000,0.013523463165199,46.7554313659668,50.10791381835938,41.341400146484375,0.0,0.0,0.0,0.0,
2018-11-27,41.341400146484375,41.467151357006,40.54418294408693,40.693658680506765,165549600,-0.0021761277815603,46.31337890625,49.90442199707032,42.93108749389648,0.0,0.0,0.0,0.0,
2018-11-28,42.93108749389648,43.01412876378861,41.50511064186913,41.93219192550799,184250000,0.0384526731503866,45.93827934265137,49.73102165222168,42.60128784179688,0.0,0.0,0.0,0.0,
2018-11-29,42.60128784179688,43.37240554234032,42.16234247178632,43.33918830928703,167080000,-0.0076820707639073,45.48095893859863,49.55041053771973,42.37113952636719,0.0,0.0,0.0,0.0,
2018-11-30,42.37113952636719,42.78635675904082,42.003374967632006,42.77686405200895,158126000,-0.0054023792962401,44.972408866882326,49.357346572875976,43.85169219970703,0.998,0.066,0.009,0.925,1.0
2018-12-03,43.85169219970703,43.88016308346337,42.995158116098935,43.76627592803061,163210000,0.0349424794775345,44.71214427947998,49.20510086059571,41.92269515991211,0.0,0.0,0.0,0.0,
2018-12-04,41.92269515991211,43.275115960024046,41.82304348205187,42.933450995699744,165377200,-0.0439891129174671,44.42506160736084,48.99947425842285,41.45528793334961,0.0,0.0,0.0,0.0,
2018-12-06,41.45528793334961,41.46952337319293,40.435039173164846,40.75297606435523,172393600,-0.0111492647307048,44.08883609771728,48.77787902832032,39.97711944580078,0.0,0.0,0.0,0.0,
2018-12-07,39.97711944580078,41.40072149253783,39.93203813505562,41.16345448474832,169126400,-0.0356569345248639,43.60564212799072,48.53509048461914,40.24049377441406,0.0,0.0,0.0,0.0,
2018-12-10,40.24049377441406,40.35675231372011,38.75282833330837,39.14906387872286,248104000,0.0065881267150913,43.14427642822265,48.27614791870117,40.01033401489258,0.0,0.0,0.0,0.0,
2018-12-11,40.01033401489258,40.76009495801711,39.623587659446784,40.72925271093741,189126800,-0.0057196057486706,42.71909351348877,48.00886611938476,40.12184524536133,0.0,0.0,0.0,0.0,
2018-12-12,40.12184524536133,40.79093620431171,40.10286345370511,40.43028940365676,142510800,0.0027870607235431,42.421678733825686,47.736626892089845,40.56078720092773,0.0,0.0,0.0,0.0,
2018-12-13,40.56078720092773,40.9451621485516,40.22861489597536,40.451646423760494,127594400,0.0109402235336411,42.16922645568848,47.463614044189455,39.26293563842773,0.0,0.0,0.0,0.0,
2018-12-14,39.26293563842773,40.11709814501256,39.21548297037447,40.09811635370996,162814800,-0.0319976916638914,41.9162992477417,47.151450881958006,38.89755630493164,0.0,0.0,0.0,0.0,
2018-12-17,38.89755630493164,39.943904744588174,38.61046161430654,39.25582820608512,177151600,-0.0093059606357729,41.59041328430176,46.85127365112304,39.40292739868164,0.0,0.0,0.0,0.0,
2018-12-18,39.40292739868164,39.74933514704061,39.00431700694578,39.23921261031191,135366000,0.0129923610056172,41.26464576721192,46.57870056152344,38.17388153076172,0.0,0.0,0.0,0.0,
2018-12-19,38.17388153076172,39.73035222871584,37.746800273297104,39.38631585646059,196189200,-0.031191740032012,40.96841716766357,46.2840055847168,37.21058654785156,0.0,0.0,0.0,0.0,
2018-12-20,37.21058654785156,38.4633561025011,36.84756830306149,38.05762791222595,259092000,-0.0252343996544837,40.72937068939209,45.955385513305664,35.76325607299805,0.0,0.0,0.0,0.0,
2018-12-21,35.76325607299805,37.52615187290748,35.50226452935719,37.21770403005254,382978400,-0.0388956640872161,40.42033061981201,45.64751876831055,34.83791732788086,0.0,0.0,0.0,0.0,
2018-12-24,34.83791732788086,35.95781796306272,34.780971939167266,35.151107914787005,148676800,-0.0258740071996922,40.11828956604004,45.33017738342285,37.29125213623047,0.0,0.0,0.0,0.0,
2018-12-26,37.29125213623047,37.30548757627083,34.81181283127579,35.186695107435334,234330000,0.070421397044484,39.911274147033694,45.0256795501709,37.04924392700195,0.0,0.0,0.0,0.0,
2018-12-27,37.04924392700195,37.196351942081705,35.60666362348881,36.97569172966579,212468400,-0.0064896777492057,39.69666633605957,44.7388037109375,37.0682258605957,0.0,0.0,0.0,0.0,
2018-12-28,37.0682258605957,37.611569368803295,36.66961900113825,37.369555992471305,169165600,0.0005123433458222,39.40352325439453,44.42965614318848,37.4265022277832,0.0,0.0,0.0,0.0,
2018-12-31,37.4265022277832,37.81087365387044,37.12754345601977,37.61394158656188,140014000,0.0096653227628127,39.14478397369385,44.132214050292966,37.46920394897461,0.0,0.0,0.0,0.0,
2019-01-02,37.46920394897461,37.6898641400753,36.59368814570471,36.75028523353009,148158800,0.0011409487568867,38.89968719482422,43.8600740814209,33.73698806762695,0.0,0.0,0.0,0.0,
2019-01-03,33.73698806762695,34.574540108213995,33.69190676803851,34.16169431348471,365248800,-0.0996075573537716,38.393951988220216,43.49773193359375,35.17720413208008,0.9795,0.129,0.044,0.8274999999999999,2.0
2019-01-04,35.17720413208008,35.24601358953824,34.11899533904399,34.29219923540596,234428400,0.0426895270427272,38.056677436828615,43.1578572845459,35.09890365600586,0.0,0.0,0.0,0.0,
2019-01-07,35.09890365600586,35.31244611659193,34.617251961933846,35.281600249745665,219111200,-0.0022258868493421,37.73885822296143,42.80658081054688,35.768001556396484,0.0,0.0,0.0,0.0,
2019-01-08,35.768001556396484,36.021878993464554,35.238897140785376,35.48565323681881,164101200,0.0190632136817792,37.52840232849121,42.50481468200684,36.37540435791016,0.0,0.0,0.0,0.0,
2019-01-09,36.37540435791016,36.66487039683081,35.50226350768915,35.89612398881753,180396400,0.0169817371696308,37.335147857666016,42.19292381286621,36.49166870117188,0.0,0.0,0.0,0.0,
2019-01-10,36.49166870117188,36.532003660455786,35.794103077351124,36.18322084854541,143122800,0.0031962350746057,37.15921459197998,41.89990913391113,36.13338851928711,0.0,0.0,0.0,0.0,
2019-01-11,36.13338851928711,36.46793584598435,35.94832055566885,36.27337879569127,108092800,-0.0098181364305014,36.95979175567627,41.61892791748047,35.59005355834961,0.0,0.0,0.0,0.0,
2019-01-14,35.59005355834961,35.891383692191056,35.40498556947879,35.79173197667657,129756800,-0.0150369224477101,36.71125507354736,41.32206741333008,36.31845474243164,0.0,0.0,0.0,0.0,
2019-01-15,36.31845474243164,36.39437828584423,35.601907520616955,35.654106540640925,114843600,0.0204664256233226,36.56403102874756,41.01348258972168,36.76214599609375,0.0,0.0,0.0,0.0,
2019-01-16,36.76214599609375,36.98517753374155,36.30184748144305,36.320829274052095,122278800,0.0122166886451733,36.45726051330566,40.69788269042969,36.98044204711914,0.0,0.0,0.0,0.0,
2019-01-17,36.98044204711914,37.40752345530275,36.36354627747528,36.586577880660485,119284800,0.0059380660489347,36.33613624572754,40.456351852416994,37.20822143554688,0.0,0.0,0.0,0.0,
2019-01-18,37.20822143554688,37.45972393547824,37.00891435712629,37.36956129572626,135004000,0.0061594555342932,36.2878532409668,40.24722930908203,36.37303924560547,0.0,0.0,0.0,0.0,
2019-01-22,36.37303924560547,37.18686348386207,36.21169577007339,37.11093991098238,121576000,-0.0224461733917632,36.24597587585449,40.011094131469726,36.520137786865234,0.0,0.0,0.0,0.0,
2019-01-23,36.520137786865234,36.80960382903162,35.99340473442524,36.57470818551413,92522400,0.0040441641476944,36.28381996154785,39.74867691040039,36.23067092895508,0.0,0.0,0.0,0.0,
2019-01-24,36.23067092895508,36.65300590810053,36.00289663164888,36.565218274806185,101766000,-0.007926225788071,36.353457641601565,39.48393417358398,37.43123245239258,0.0,0.0,0.0,0.0,
2019-01-25,37.43123245239258,37.51902368512095,36.61503719155783,36.8902641000177,134142000,0.0331366075387256,36.36045665740967,39.26227897644043,37.08483123779297,0.0,0.0,0.0,0.0,
2019-01-28,37.08483123779297,37.09194895785594,36.4584465294026,36.96382275590851,104768400,-0.0092543363363786,36.36223602294922,39.08257278442383,36.70046615600586,0.0,0.0,0.0,0.0,
2019-01-29,36.70046615600586,37.51904038821024,36.565225817907695,37.07297716838964,166348800,-0.0103644824300941,36.34384803771973,38.90438545227051,39.2083740234375,0.0,0.0,0.0,0.0,
2019-01-30,39.2083740234375,39.42191288765638,38.01729260066048,38.73383999592237,244439200,0.0683344962641907,36.43294162750245,38.80212333679199,39.490718841552734,0.0,0.0,0.0,0.0,
2019-01-31,39.490718841552734,40.09812176355808,39.044655736777,39.41242029951825,162958400,0.0072011356029826,36.53401737213135,38.68363220214844,39.50970077514648,0.0,0.0,0.0,0.0,
2019-02-01,39.50970077514648,40.09337555178489,39.369710497458655,39.61409883156168,130672400,0.0004806682215614,36.82265300750733,38.5554606628418,40.63197708129883,0.0,0.0,0.0,0.0,
2019-02-04,40.63197708129883,40.72925742817227,39.69002672443846,39.7208725954977,125982000,0.028405082400885,37.09539165496826,38.4861311340332,41.3271598815918,0.0,0.0,0.0,0.0,
2019-02-05,41.3271598815918,41.54070233089087,40.89296450420444,41.013969357855885,144406400,0.0171092536034367,37.40680446624756,38.47284400939942,41.341400146484375,0.0,0.0,0.0,0.0,
2019-02-06,41.341400146484375,41.656965666225744,41.01159918712273,41.43867685735861,112958400,0.0003445740025054,37.68547439575195,38.46079086303711,40.55841827392578,0.0,0.0,0.0,0.0,
2019-02-07,40.55841827392578,41.27021921626802,40.41605663729461,40.904826038437854,126966800,-0.018939413512466,37.89462509155273,38.45438446044922,40.606082916259766,0.0,0.0,0.0,0.0,
2019-02-08,40.606082916259766,40.66565407118559,40.13189521411374,40.26771919259328,95280000,0.0011752095955039,38.10034580230713,38.43787490844726,40.37255859375,0.0,0.0,0.0,0.0,
2019-02-11,40.37255859375,40.79670853270349,40.32966911040256,40.75858212354943,83973600,-0.0057509689617526,38.31230430603027,38.41849807739258,40.7204475402832,0.0,0.0,0.0,0.0,
2019-02-12,40.7204475402832,40.74665898682319,40.43688833751438,40.532204341266045,89134000,0.0086169655491454,38.56882400512696,38.37428527832032,40.55127334594727,0.0,0.0,0.0,0.0,
2019-02-13,40.55127334594727,41.099328678315466,40.48932065603714,40.83959932500604,89960800,-0.0041545268913997,38.78046493530273,38.33328498840332,40.69902420043945,0.0,0.0,0.0,0.0,
2019-02-14,40.69902420043945,40.80863311746357,40.36066039007715,40.43929477103916,87342800,0.0036435564731027,38.97730884552002,38.29984268188477,40.60846710205078,0.0,0.0,0.0,0.0,
2019-02-15,40.60846710205078,40.913471144288906,40.44881683274918,40.80624378561589,98507200,-0.0022250434787498,39.1587100982666,38.23497817993164,40.72998046875,0.0,0.0,0.0,0.0,
2019-02-19,40.72998046875,40.851507928428646,40.38685373654159,40.4392766336708,75891200,0.002992316021037,39.33479804992676,38.2111238861084,40.99208831787109,0.0,0.0,0.0,0.0,
2019-02-20,40.99208831787109,41.29947740453898,40.744274000963244,40.79193018083782,104457600,0.0064352559491698,39.56575050354004,38.201859893798826,40.76095199584961,0.0,0.0,0.0,0.0,
2019-02-21,40.76095199584961,41.073104155107245,40.57985705809458,40.937283860774336,68998800,-0.0056385593295259,39.77779121398926,38.217536544799806,41.216087341308594,0.0,0.0,0.0,0.0,
2019-02-22,41.216087341308594,41.223235588397145,40.837215701877646,40.884871894446135,75652800,0.0111659645610173,40.027062034606935,38.2370484161377,41.51631927490234,0.997,0.064,0.009,0.928,1.0
2019-02-25,41.51631927490234,41.90710582108216,41.44959988672047,41.49964124582385,87493600,0.0072843385425584,40.23131637573242,38.26716812133789,41.54015350341797,0.0,0.0,0.0,0.0,
2019-02-26,41.54015350341797,41.77128984933254,41.26374250311724,41.39241821936573,68280800,0.0005740930056397,40.45408248901367,38.29553428649902,41.668827056884766,0.0,0.0,0.0,0.0,
2019-02-27,41.668827056884766,41.69980521854615,41.15889815564964,41.2732773821219,111341600,0.003097570485776,40.70250053405762,38.31769508361816,41.25896835327149,0.0,0.0,0.0,0.0,
2019-02-28,41.25896835327149,41.6783514880164,41.20416392486593,41.53776447622518,112861600,-0.0098360988912348,40.80503025054932,38.35761573791504,41.692657470703125,0.0,0.0,0.0,0.0,
2019-03-01,41.692657470703125,41.73554695419303,41.19702505785762,41.52824051212283,103544800,0.0105113902441347,40.91512718200684,38.41351776123047,41.902339935302734,0.0,0.0,0.0,0.0,
2019-03-04,41.902339935302734,42.35507912985598,41.45436381391855,41.86421353434797,109744800,0.0050292420133437,41.03475914001465,38.46350601196289,41.82609176635742,0.0,0.0,0.0,0.0,
2019-03-05,41.82609176635742,41.93808580910875,41.590188724744905,41.92378931615056,78949600,-0.0018196637482068,41.09446487426758,38.5365502166748,41.58543395996094,0.0,0.0,0.0,0.0,
2019-03-06,41.58543395996094,41.81657033812453,41.44722844052762,41.62117519949764,83241600,-0.0057537722563421,41.10737857818604,38.624047164917,41.10407638549805,0.0,0.0,0.0,0.0,
2019-03-07,41.10407638549805,41.56634889877118,40.98970084318224,41.43052498807564,99185600,-0.0115751485225896,41.09551239013672,38.73086357116699,41.201786041259766,0.0,0.0,0.0,0.0,
2019-03-08,41.201786041259766,41.23991244524117,40.38923478158426,40.58462987503848,95997600,0.0023771281185189,41.12768077850342,38.85814094543457,42.62910842895508,0.0,0.0,0.0,0.0,
2019-03-11,42.62910842895508,42.681531325611424,41.78320110804429,41.816560802649775,128044000,0.0346422455149391,41.22883205413818,38.96489807128906,43.10807037353516,0.0,0.0,0.0,0.0,
2019-03-12,43.10807037353516,43.527449985065225,42.74111003200352,42.89123050226052,129870400,0.0112355609167456,41.36560764312744,39.086074600219725,43.29869079589844,0.0,0.0,0.0,0.0,
2019-03-13,43.29869079589844,43.67756238941142,43.11044394955633,43.42736286383217,124130000,0.0044219196245978,41.494519805908205,39.21068389892578,43.780029296875,0.0,0.0,0.0,0.0,
2019-03-14,43.780029296875,43.86819707283481,43.50123674636694,43.82053724326323,94318000,0.0111166987298876,41.65595760345459,39.33775444030762,44.34952545166016,0.0,0.0,0.0,0.0,
2019-03-15,44.34952545166016,44.63785139707803,43.7824106162076,44.04690664893718,156171600,0.0130081263976176,41.83848266601562,39.47536087036133,44.80226516723633,0.0,0.0,0.0,0.0,
2019-03-18,44.80226516723633,44.89042929325558,44.2708879665926,44.27327313925296,104879200,0.0102084455462696,42.0481725692749,39.69666641235352,44.44721603393555,0.0,0.0,0.0,0.0,
2019-03-19,44.44721603393555,45.033397616371296,44.30186231557087,44.88089565250784,126585600,-0.0079248031762561,42.23403434753418,39.88206665039063,44.83562850952149,0.0,0.0,0.0,0.0,
2019-03-20,44.83562850952149,45.15254744475512,44.01831049003808,44.375737368520994,124140800,0.0087387357464499,42.4262113571167,40.07680114746094,46.4869270324707,0.0,0.0,0.0,0.0,
2019-03-21,46.4869270324707,46.78240115191629,45.22878503343353,45.27882638341113,204136800,0.0368300518548221,42.71251010894776,40.29117965698242,45.52427291870117,0.0,0.0,0.0,0.0,
2019-03-22,45.52427291870117,47.10648249507304,45.45993505954188,46.546512238552936,169630800,-0.0207080608511103,42.92791938781738,40.47415702819824,44.97384262084961,0.0,0.0,0.0,0.0,
2019-03-25,44.97384262084961,45.745882499269285,44.46391365530103,45.63388843168261,175381200,-0.0120909190320191,43.10079555511474,40.6438005065918,44.50918197631836,0.0,0.0,0.0,0.0,
2019-03-26,44.50918197631836,45.96033805607303,43.98257500926579,45.66963053267575,199202000,-0.0103317977173654,43.24924697875976,40.81131637573242,44.90949249267578,0.0,0.0,0.0,0.0,
2019-03-27,44.90949249267578,45.2168779833319,44.4519865617811,44.97621188035205,119393600,0.0089938861732037,43.41128025054932,40.99770515441895,44.969085693359375,0.0,0.0,0.0,0.0,
2019-03-28,44.969085693359375,45.16924395457376,44.685526338671146,45.023890152419945,83121600,0.0013269622384022,43.59678611755371,41.1707177734375,45.26215744018555,0.0,0.0,0.0,0.0,
2019-03-29,45.26215744018555,45.2931356005877,44.926175293457625,45.23356445269698,94256000,0.0065171826891168,43.77526111602784,41.340718002319335,45.56954193115234,0.0,0.0,0.0,0.0,
2019-04-01,45.56954193115234,45.67438408651486,44.88804792365926,45.66485430363971,111448000,0.0067912028138077,43.95862121582032,41.5125,46.23197555541992,0.994,0.049,0.008,0.943,1.0
2019-04-02,46.23197555541992,46.33682135310815,45.52427005695858,45.5337998404147,91062800,0.0145367628506865,44.17891540527344,41.69297508239746,46.54889678955078,0.0,0.0,0.0,0.0,
2019-04-03,46.54889678955078,46.822922617672326,46.02466777516016,46.048497688881305,93087200,0.0068550225319909,44.42708854675293,41.89649223327637,46.62990188598633,0.0,0.0,0.0,0.0,
2019-04-04,46.62990188598633,46.79193362679722,46.022275586078464,46.4154436199364,76457200,0.0017402151720538,44.70337982177735,42.09868751525879,46.94207000732422,0.0,0.0,0.0,0.0,
2019-04-05,46.94207000732422,46.965899923630765,46.68710371939616,46.81101273950768,74106400,0.0066945909965918,44.990394020080565,42.31291549682617,47.68075180053711,0.0,0.0,0.0,0.0,
2019-04-08,47.68075180053711,47.71172632732698,46.78479934209682,46.80386254716306,103526800,0.015736029388939,45.24297618865967,42.51790588378906,47.53778076171875,0.0,0.0,0.0,0.0,
2019-04-09,47.53778076171875,48.33603567750495,47.47344289751336,47.73317589155191,143072800,-0.002998506387157,45.464461708068846,42.72696487426758,47.80465316772461,0.0,0.0,0.0,0.0,
2019-04-10,47.80465316772461,47.833249790891394,47.22323818776864,47.34238048248308,86781200,0.0056139012324438,45.68975982666016,42.94904861450196,47.406715393066406,0.0,0.0,0.0,0.0,
2019-04-11,47.406715393066406,47.89519949822014,47.28519156894748,47.85945826640106,83603200,-0.008324247709988,45.871094131469725,43.11301544189453,47.387657165527344,0.0,0.0,0.0,0.0,
2019-04-12,47.387657165527344,47.690279625122976,46.753822893813584,47.46629151971839,111042800,-0.0004020153554415,46.023000717163086,43.27095420837402,47.47343826293945,0.0,0.0,0.0,0.0,
2019-04-15,47.47343826293945,47.62117718246721,47.18273076972158,47.31855473245824,70146400,0.0018101991645729,46.15655937194824,43.43022895812988,47.47821044921875,0.0,0.0,0.0,0.0,
2019-04-16,47.47821044921875,47.98337267920693,47.31379347996625,47.528251819139626,102785600,0.0001005232916324,46.3081090927124,43.56715362548828,48.40275573730469,0.906,0.083,0.062,0.855,1.0
2019-04-17,48.40275573730469,48.46232689195172,47.32570824322464,47.54731119326293,115627200,0.0194730441467418,46.48646545410156,43.70866554260254,48.57669448852539,0.0,0.0,0.0,0.0,
2019-04-18,48.57669448852539,48.64579541672132,48.25739402484164,48.40036259088173,96783200,0.0035935712455033,46.5909538269043,43.85337142944336,48.73634338378906,-0.949,0.069,0.098,0.832,1.0
2019-04-22,48.73634338378906,48.834040931260986,48.214499587608906,48.33126033721687,77758000,0.0032865327076008,46.75155735015869,44.01692993164063,49.43928909301758,-0.924,0.076,0.105,0.819,1.0
2019-04-23,49.43928909301758,49.50362695477499,48.58622976622122,48.712520316675125,93292000,0.0144234396842815,46.97482967376709,44.19359405517578,49.36303329467773,0.0,0.0,0.0,0.0,
2019-04-24,49.36303329467773,49.67756704213216,49.33682184606203,49.410689482360645,70162400,-0.0015424129217629,47.21752223968506,44.373403549194336,48.91505432128906,0.0,0.0,0.0,0.0,
2019-04-25,48.91505432128906,49.50599901366292,48.87692791895943,49.28439611749792,74172800,-0.0090751913626218,47.41780033111572,44.53729568481445,48.681549072265625,0.7543333333333333,0.08566666666666667,0.07066666666666667,0.8436666666666667,3.0
2019-04-26,48.681549072265625,48.84834758072015,48.16208670486749,48.82451766411174,74596400,-0.0047736888420832,47.60342350006104,44.69990119934082,48.75539779663086,0.0,0.0,0.0,0.0,
2019-04-29,48.75539779663086,49.079464902654784,48.57668439924854,48.70535644555312,88818800,0.001516975646268,47.7780855178833,44.86102867126465,47.81656646728516,-0.987,0.064,0.113,0.823,1.0
2019-04-30,47.81656646728516,48.467082355820594,47.444843102407766,48.38606647084663,186139600,-0.0192559464546216,47.89043674468994,45.00519065856933,50.16367721557617,0.0,0.0,0.0,0.0,
2019-05-01,50.16367721557617,51.30505889994742,49.8562880319381,50.01117521030859,259309200,0.0490857232481727,48.08702182769776,45.19386459350586,49.83721923828125,0.36200000000000004,0.079,0.06966666666666667,0.8516666666666667,3.0
2019-05-02,49.83721923828125,50.67121528142872,49.594171580722325,50.00163618282265,127985200,-0.0065078557915916,48.25143795013428,45.370767211914064,50.45676803588867,0.0,0.0,0.0,0.0,
2019-05-03,50.45676803588867,50.47821277895846,50.09457439721513,50.25184311826302,83569600,0.0124314479635239,48.44278125762939,45.564683532714845,49.67755889892578,0.0,0.0,0.0,0.0,
2019-05-06,49.67755889892578,49.76334147706705,48.49090293124945,48.6791461143168,129772400,-0.0154431044098714,48.57955570220948,45.73391296386719,48.338417053222656,0.0,0.0,0.0,0.0,
2019-05-07,48.338417053222656,49.42499431382498,47.854699576559206,49.05803760722793,155054800,-0.0269566757180591,48.61243896484375,45.8703549194336,48.347938537597656,0.906,0.082,0.062,0.856,1.0
2019-05-08,48.347938537597656,48.92935347903369,48.07391273228292,48.10965396395561,105358000,0.0001969755104829,48.652946853637694,46.00651062011719,47.828495025634766,0.0,0.0,0.0,0.0,
2019-05-09,47.828495025634766,48.057246252491176,46.86105993269764,47.75224219272583,139634400,-0.0107438606003634,48.6541389465332,46.12970397949218,47.1659049987793,0.0,0.0,0.0,0.0,
2019-05-10,47.1659049987793,47.56537602832093,46.11102569153266,47.22331486139337,164834800,-0.0138534575779635,48.64209842681885,46.247842712402345,44.42464065551758,-0.987,0.064,0.113,0.823,1.0
2019-05-13,44.42464065551758,45.32403977104099,43.73813138927743,44.90065443085275,229722400,-0.058119617196631,48.49394760131836,46.30248237609863,45.127891540527344,0.906,0.082,0.062,0.856,1.0
2019-05-14,45.127891540527344,45.37666024246978,44.35048432829495,44.58968654744338,146118800,0.0158301986157409,48.37667026519775,46.36699340820312,45.66848373413086,-0.924,0.076,0.105,0.819,1.0
2019-05-15,45.66848373413086,45.86702199876712,44.49639441030362,44.55619496049758,106178800,0.011979114803492,48.28618392944336,46.4438412475586,45.467552185058594,0.03649999999999998,0.08049999999999999,0.08,0.8394999999999999,2.0
2019-05-16,45.467552185058594,46.0392452665206,45.17094015892705,45.42688825122322,132125600,-0.0043997858619969,48.13942375183105,46.52148361206055,45.20922088623047,-0.985,0.066,0.108,0.825,1.0
2019-05-17,45.20922088623047,45.66370365738736,44.67340658397215,44.7140705245547,131516400,-0.0056816627773732,47.97105007171631,46.6035865020752,43.79553985595703,-0.422,0.078,0.079,0.842,1.0
2019-05-20,43.79553985595703,44.09693703228056,43.12338210548431,43.89839872325471,154449200,-0.0312697498997158,47.72400989532471,46.65546157836914,44.6351318359375,-0.924,0.076,0.105,0.819,1.0
2019-05-21,44.6351318359375,44.97001345488248,44.180645467442574,44.30503163302324,113459200,0.0191707188161598,47.48380203247071,46.69558204650879,43.72137451171875,0.906,0.082,0.062,0.856,1.0
2019-05-22,43.72137451171875,44.422238802588666,43.66635903186872,44.17107578162933,118994400,-0.0204717066273577,47.20171909332275,46.70784812927246,42.97507095336914,0.863,0.085,0.069,0.846,1.0
2019-05-23,42.97507095336914,43.185566421251686,42.53254539430105,43.00855911757338,146118800,-0.0170695355917864,46.90471992492676,46.70137573242187,42.810020446777344,-0.993,0.054,0.107,0.839,1.0
2019-05-24,42.810020446777344,43.56829102566304,42.72629821206873,43.10423814743245,94858800,-0.0038406104499719,46.61114349365234,46.681975555419925,42.63301086425781,0.844,0.073,0.057,0.871,1.0
2019-05-28,42.63301086425781,43.19752825231062,42.55646805143749,42.79806098088244,111792800,-0.0041347698663118,46.30502414703369,46.64764526367188,42.4296875,0.0,0.0,0.0,0.0,
2019-05-29,42.4296875,42.900916127061286,42.09958729527348,42.20005178150852,113924800,-0.0047691532954401,46.03568019866943,46.60019371032715,42.64975357055664,0.975,0.097,0.056,0.847,1.0
2019-05-30,42.64975357055664,42.87220986761559,42.25985281126963,42.56603133944261,84873600,0.0051866059715062,45.659984016418456,46.56424446105957,41.87712860107422,-0.966,0.07,0.102,0.828,1.0
2019-05-31,41.87712860107422,42.57559854863849,41.857991988135176,42.154600363851024,108174400,-0.018115578750162,45.2619794845581,46.50507446289063,41.453739166259766,-0.705,0.07,0.095,0.8345,2.0
2019-06-03,41.453739166259766,42.55885208700269,40.72895684162504,42.003904918771,161584400,-0.0101102785448282,44.81182804107666,46.404410705566406,42.97028732299805,0.03149999999999997,0.091,0.0785,0.8305,2.0
2019-06-04,42.97028732299805,43.01573632949458,41.74557310553312,41.96563871336283,123872000,0.0365841100764352,44.47646446228028,46.35333099365234,43.66396713256836,0.0,0.0,0.0,0.0,
2019-06-05,43.66396713256836,44.25001543111583,43.32908551905767,44.08018026644808,119093600,0.0161432434546242,44.24274196624756,46.32713348388672,44.30502700805664,0.0,0.0,0.0,0.0,
2019-06-06,44.30502700805664,44.36482755162113,43.57067458111561,43.793134501142,90105200,0.0146816681485206,44.040596389770506,46.32305038452149,45.48430252075195,-0.989,0.062,0.12,0.818,1.0
2019-06-07,45.48430252075195,45.90769148933359,44.43659923654732,44.61360655057878,122737600,0.0266171943080153,43.92338676452637,46.33454658508301,46.065574645996094,-0.988,0.062,0.111,0.827,1.0
2019-06-10,46.065574645996094,46.73294738855598,45.8359388555826,45.88138787190985,104883600,0.0127796205070735,43.86837024688721,46.356476364135744,46.5989875793457,-0.924,0.076,0.105,0.819,1.0
2019-06-11,46.5989875793457,46.88363882764626,46.30955491422111,46.61094842127884,107731600,0.0115794264469459,43.977087593078615,46.38321296691895,46.4506721496582,0.0,0.0,0.0,0.0,
2019-06-12,46.4506721496582,46.87645174018506,46.25930967471751,46.3932623121953,73012800,-0.0031828036914955,44.04322662353516,46.400835571289065,46.44110870361328,0.0,0.0,0.0,0.0,
2019-06-13,46.44110870361328,47.07260240686576,46.30955040496847,46.57267065219424,86698400,-0.0002058839108745,44.08185787200928,46.40501823425293,46.10382843017578,0.906,0.082,0.062,0.856,1.0
2019-06-14,46.10382843017578,46.307148088553,45.52017454036724,45.81917725851215,75046000,-0.0072625370679675,44.113671684265135,46.39611686706543,46.37892532348633,-0.988,0.062,0.111,0.827,1.0
2019-06-17,46.37892532348633,46.63487348967202,45.96749715069551,46.14211377579519,58676400,0.0059668991204751,44.17215690612793,46.39109733581543,47.46968460083008,0.0,0.0,0.0,0.0,
2019-06-18,47.46968460083008,47.90981585388891,46.69467166608227,46.89560067509566,106204000,0.0235184250117022,44.35586414337158,46.40164962768554,47.3309440612793,0.0,0.0,0.0,0.0,
2019-06-19,47.3309440612793,47.811742879326864,47.1969913965281,47.76389951339883,84496800,-0.0029227187986911,44.49065475463867,46.39465347290039,47.711273193359375,0.0,0.0,0.0,0.0,
2019-06-20,47.711273193359375,47.98635426785553,47.36921214383364,47.9289444249456,86056000,0.0080355281227364,44.6901496887207,46.398123321533205,47.54862594604492,0.0,0.0,0.0,0.0,
2019-06-21,47.54862594604492,48.04377638657859,47.39792735111087,47.55341101332739,191202400,-0.0034089898765705,44.91882743835449,46.39300277709961,47.500789642333984,0.0,0.0,0.0,0.0,
2019-06-24,47.500789642333984,47.87872968624275,47.40271583063661,47.49121950708015,72881600,-0.0010060501804031,45.15336589813232,46.39488426208496,46.7807731628418,0.0,0.0,0.0,0.0,
2019-06-25,46.7807731628418,47.66342616125191,46.7137931929715,47.46488790932587,84281200,-0.0151579896863544,45.36075401306152,46.38274658203125,47.79259490966797,0.0,0.0,0.0,0.0,
2019-06-26,47.79259490966797,48.07724607961271,47.206550315629954,47.30701479032771,104270000,0.0216290086378876,45.62889938354492,46.38912971496582,47.77824401855469,0.0,0.0,0.0,0.0,
2019-06-27,47.77824401855469,48.21598443927139,47.73758008656709,47.90980229559993,83598800,-0.0003002743655247,45.88532390594482,46.39513038635254,47.34290313720703,0.0,0.0,0.0,0.0,
2019-06-28,47.34290313720703,47.720843084338505,47.13479837293914,47.52469551117032,124442400,-0.0091116969719228,46.15861263275146,46.37393333435059,48.21121597290039,0.0,0.0,0.0,0.0,
2019-07-01,48.21121597290039,48.9144711974964,47.9959317500997,48.59872246403011,109012000,0.0183409292238976,46.49648647308349,46.36662376403809,48.49346160888672,0.0,0.0,0.0,0.0,
2019-07-02,48.49346160888672,48.589144680081205,48.16575575864351,48.17771659878482,67740800,0.0058543563005126,46.77264518737793,46.36176612854004,48.895320892333984,0.0,0.0,0.0,0.0,
2019-07-03,48.895320892333984,48.90249666609173,48.48389283052297,48.62502124767299,45448000,0.0082868755934226,47.03421287536621,46.350886764526365,48.85226821899414,0.0,0.0,0.0,0.0,
2019-07-05,48.85226821899414,49.05559156534589,48.534128829376186,48.64177274799548,69062000,-0.0008805070210019,47.26157493591309,46.3406714630127,47.84522247314453,0.0,0.0,0.0,0.0,
2019-07-08,47.84522247314453,48.17531900929946,47.46010680601736,48.03419059493213,101354400,-0.0206141041667756,47.37962093353271,46.319274826049806,48.137054443359375,0.0,0.0,0.0,0.0,
2019-07-09,48.137054443359375,48.20163641262728,47.5557911703956,47.64907988705199,82312000,0.0060995007469899,47.48319492340088,46.30838493347168,48.613067626953125,0.0,0.0,0.0,0.0,
2019-07-10,48.613067626953125,48.73266874059022,48.21360034539757,48.28297103527144,71588400,0.0098887060934285,47.58389892578125,46.30553833007812,48.2590446472168,0.0,0.0,0.0,0.0,
2019-07-11,48.2590446472168,48.89053831965134,48.24947816503057,48.6321995013914,80767200,-0.0072824653332521,47.67431755065918,46.31438789367676,48.62979888916016,0.0,0.0,0.0,0.0,
2019-07-12,48.62979888916016,48.79723966783726,48.36667505842812,48.426475597236745,70380800,0.0076825856096747,47.783752059936525,46.28371032714844,49.08668518066406,0.0,0.0,0.0,0.0,
2019-07-15,49.08668518066406,49.244555859075206,48.797248912027776,48.81877623409258,67789600,0.0093951918770067,47.93289489746094,46.268699645996094,48.9168586730957,0.0,0.0,0.0,0.0,
2019-07-16,48.9168586730957,49.30197443016253,48.67765643019548,48.938385998971945,67467200,-0.0034597265417966,48.059791564941406,46.23790145874023,48.64177322387695,0.0,0.0,0.0,0.0,
2019-07-17,48.64177322387695,49.05798275351496,48.62263660815599,48.80921404901501,56430000,-0.005623530551238,48.11839599609375,46.217185745239256,49.194332122802734,0.0,0.0,0.0,0.0,
2019-07-18,49.194332122802734,49.246956906066245,48.725494140074105,48.79725553997312,74162400,0.0113597605988291,48.21156539916992,46.23430404663086,48.45997619628906,0.0,0.0,0.0,0.0,
2019-07-19,48.45997619628906,49.39525773939744,48.40496070844038,49.2254225596,83717200,-0.0149276531426529,48.249000549316406,46.23654479980469,49.56747817993164,0.0,0.0,0.0,0.0,
2019-07-22,49.56747817993164,49.56986888785843,48.70395812670782,48.71352460835078,89111600,0.0228539522833564,48.34994316101074,46.27132446289063,49.95499420166016,0.0,0.0,0.0,0.0,
2019-07-23,49.95499420166016,49.971740110187,49.58423000504602,49.86409983373424,73420800,0.0078179491061016,48.47265338897705,46.32710624694824,49.914329528808594,0.0,0.0,0.0,0.0,
2019-07-24,49.914329528808594,50.029145578681785,49.5555261792605,49.67512729577653,59966400,-0.0008140261749887,48.62933120727539,46.43690002441407,49.51963806152344,0.0,0.0,0.0,0.0,
2019-07-25,49.51963806152344,50.050667211733845,49.45026738292767,49.96694498582467,55638400,-0.0079073779215517,48.71568336486816,46.52473495483398,49.69187927246094,0.0,0.0,0.0,0.0,
2019-07-26,49.69187927246094,50.16788943836609,49.54835645514004,49.62968434831801,70475600,0.0034782405057869,48.81136512756348,46.60520286560059,50.15592575073242,0.0,0.0,0.0,0.0,
2019-07-29,50.15592575073242,50.38556151543497,49.85931729833176,49.86410236528758,86693600,0.0093384771327948,48.95201625823975,46.69897033691407,49.94064331054688,0.0,0.0,0.0,0.0,
2019-07-30,49.94064331054688,50.27074356929918,49.5890157262072,49.935858243770845,135742800,-0.0042922633161127,49.03848762512207,46.79359878540039,50.95963668823242,0.0,0.0,0.0,0.0,
2019-07-31,50.95963668823242,52.95219151502836,50.54342718307284,51.76814131769529,277125600,0.0204040899383117,49.16179637908935,46.9368807220459,49.8569221496582,0.0,0.0,0.0,0.0,
2019-08-01,49.8569221496582,52.15326516054023,49.45267342174729,51.16535872118057,216071600,-0.0216389795971378,49.209876441955565,47.04131652832032,48.802040100097656,0.0,0.0,0.0,0.0,
2019-08-02,48.802040100097656,49.37851470178692,48.23034691506533,49.16323415426072,163448400,-0.0211581863476059,49.20736503601074,47.14292984008789,46.24735641479492,0.0,0.0,0.0,0.0,
2019-08-05,46.24735641479492,47.51751962109188,46.0655640412733,47.35964892958403,209572000,-0.0523478870978105,49.12747173309326,47.20837554931641,47.12284469604492,0.0,0.0,0.0,0.0,
2019-08-06,47.12284469604492,47.37879286336873,46.41480440834536,46.95779455449021,143299200,0.0189305583955481,49.07676124572754,47.29463203430176,47.61080551147461,0.0,0.0,0.0,0.0,
2019-08-07,47.61080551147461,47.73519168066867,46.362173353172416,46.742503985009016,133457600,0.0103550797617835,49.026648139953615,47.394187927246094,48.66090393066406,0.0,0.0,0.0,0.0,
2019-08-08,48.66090393066406,48.6848256116888,47.69452860620365,47.88828181272135,108038000,0.0220558843293749,49.04674110412598,47.51881225585937,48.25992965698242,0.0,0.0,0.0,0.0,
2019-08-09,48.25992965698242,48.68492365150392,47.85173786990309,48.33436350922728,98478800,-0.0082401731429605,49.02824764251709,47.63101577758789,48.13745880126953,0.0,0.0,0.0,0.0,
2019-08-12,48.13745880126953,48.51443488116721,47.8181106881789,47.93096316663212,89927600,-0.0025377338214824,48.98078632354736,47.7562223815918,50.176002502441406,0.0,0.0,0.0,0.0,
2019-08-13,50.176002502441406,50.93715403198438,48.137458527792965,48.267120536421295,188874000,0.0423483863073825,49.04374351501465,47.93066764831543,48.682525634765625,0.0,0.0,0.0,0.0,
2019-08-14,48.682525634765625,49.56853618197208,48.64410697936589,48.78097206530071,146189600,-0.029764763894914,49.04578113555908,48.04491241455078,48.44001388549805,0.0,0.0,0.0,0.0,
2019-08-15,48.44001388549805,49.2563901473788,47.94298215754146,48.8530052642296,108909600,-0.0049814948198659,49.00806522369385,48.140433349609374,49.58294296264648,0.0,0.0,0.0,0.0,
2019-08-16,49.58294296264648,49.74141717055693,48.944246546865365,49.04989601880567,110481600,0.0235947305847203,49.06421356201172,48.24599166870117,50.507354736328125,0.0,0.0,0.0,0.0,
2019-08-19,50.507354736328125,51.07881647496091,50.43051745097723,50.5721820740641,97654400,0.0186437455795644,49.11120738983154,48.346452713012695,50.50975799560547,0.0,0.0,0.0,0.0,
2019-08-20,50.50975799560547,51.227691316707656,50.50015516617898,50.634616760971866,107537200,4.758236280411055e-05,49.13894557952881,48.43533638000488,51.057220458984375,0.0,0.0,0.0,0.0,
2019-08-21,51.057220458984375,51.2997313334478,50.80750654514709,51.14126080341854,86141600,0.0108387465136248,49.1960901260376,48.52450103759766,51.01399230957031,0.0,0.0,0.0,0.0,
2019-08-22,51.01399230957031,51.48941113488219,50.60340082602576,51.18927233994728,89014800,-0.0008466608449394,49.27080783843994,48.6157674407959,48.65610122680664,0.0,0.0,0.0,0.0,
2019-08-23,48.65610122680664,50.91554700309597,48.2623192659155,50.28645358396467,187272000,-0.046220477481064,49.21901893615723,48.66006729125976,49.58053588867188,0.0,0.0,0.0,0.0,
2019-08-26,49.58053588867188,49.74861290398016,49.23717515529538,49.429264742992345,104174400,0.0189993575020746,49.1902494430542,48.72960144042969,49.02107238769531,0.0,0.0,0.0,0.0,
2019-08-27,49.02107238769531,50.07515974076012,48.86980125519638,49.90948253160488,103493200,-0.0112839341275532,49.14427089691162,48.782444381713866,49.35003662109375,0.0,0.0,0.0,0.0,
2019-08-28,49.35003662109375,49.39565831864245,48.81939311460726,49.00667948910894,63755200,0.0067106698685974,49.06379089355469,48.82005142211914,50.18560791015625,0.0,0.0,0.0,0.0,
2019-08-29,50.18560791015625,50.26004541127674,49.621349155907794,50.06315259687426,83962000,0.0169315231815927,49.08022518157959,48.87714469909668,50.12077713012695,0.0,0.0,0.0,0.0,
2019-08-30,50.12077713012695,50.53136493485516,49.75100409655746,50.46173434904984,84573600,-0.0012918201597827,49.146162033081055,48.92533477783204,49.39083862304688,0.0,0.0,0.0,0.0,
2019-09-03,49.39083862304688,49.69818045135938,49.03547532102372,49.56611865080238,80092000,-0.0145635911666924,49.30333614349365,48.96217903137208,50.22883224487305,0.0,0.0,0.0,0.0,
2019-09-04,50.22883224487305,50.29846283883695,49.77982574387522,50.036742667870506,76752400,0.0169665801429648,49.45863552093506,49.01673988342285,51.21088409423828,0.0,0.0,0.0,0.0,
2019-09-05,51.21088409423828,51.376561303793046,50.78588651283309,50.90354224548307,95654800,0.0195515564562118,49.63863945007324,49.105342102050784,51.20608139038086,0.0,0.0,0.0,0.0,
2019-09-06,51.20608139038086,51.48461108870742,51.0259981022255,51.39577117230135,77449200,-9.37828733552637e-05,49.76589832305908,49.17361183166504,51.4245719909668,0.0,0.0,0.0,0.0,
2019-09-09,51.4245719909668,51.96962498217467,50.68023009560839,51.5854459199359,109237600,0.0042668877339047,49.9241304397583,49.24653839111328,52.03206634521485,0.0,0.0,0.0,0.0,
2019-09-10,52.03206634521485,52.05127566981013,50.83391449199176,51.3501518092004,127111600,0.0118133089052205,50.11886081695557,49.34032165527344,53.686431884765625,0.0,0.0,0.0,0.0,
2019-09-11,53.686431884765625,53.71524770381324,52.27938090410862,52.36102145030546,177158400,0.0317951151233286,50.29438228607178,49.44982597351074,53.56637191772461,0.0,0.0,0.0,0.0,
2019-09-12,53.56637191772461,54.365942133767874,53.51114740347887,53.97696341496987,128906800,-0.0022363186158229,50.538574600219725,49.5512841796875,52.5242919921875,0.0,0.0,0.0,0.0,
2019-09-13,52.5242919921875,53.01411692029238,52.10890090309722,52.82443080357143,159053200,-0.0194539948895119,50.7427885055542,49.62386360168457,52.800418853759766,0.0,0.0,0.0,0.0,
2019-09-16,52.800418853759766,52.855647033642335,52.23855987155783,52.27937831072937,84632400,0.0052571267712344,50.903662300109865,49.70282661437988,52.99251556396485,0.0,0.0,0.0,0.0,
2019-09-17,52.99251556396485,53.02133138546332,52.61313961117362,52.81483570644543,73274800,0.0036381664080566,51.0279203414917,49.80577247619629,53.48954391479492,0.0,0.0,0.0,0.0,
2019-09-18,53.48954391479492,53.508753239988586,52.6899736146539,53.07895237436418,101360000,0.0093792179054066,51.176909637451175,49.912822265625,53.05493927001953,0.0,0.0,0.0,0.0,
2019-09-19,53.05493927001953,53.72724727960935,52.91327096589523,53.307052941713785,88242400,-0.0081250392687528,51.27679557800293,50.00165969848633,52.27937698364258,0.0,0.0,0.0,0.0,
2019-09-20,52.27937698364258,53.43911377467882,52.216949430695024,53.15578449922015,221652400,-0.0146180977124444,51.34006481170654,50.08206634521484,52.51709747314453,0.0,0.0,0.0,0.0,
2019-09-23,52.51709747314453,52.78602071935204,52.26017685029636,52.57232199753262,76662000,0.00454711787358,51.53311462402344,50.15981231689453,52.267372131347656,0.0,0.0,0.0,0.0,
2019-09-24,52.267372131347656,53.42230937106519,52.14972006049818,53.07174562246372,124763200,-0.0047551245939396,51.66745643615722,50.223426055908206,53.071739196777344,0.0,0.0,0.0,0.0,
2019-09-25,53.071739196777344,53.18459167085364,52.13770746251856,52.47626488474743,87613600,0.0153894682787631,51.86998977661133,50.30652366638184,52.79801177978516,0.0,0.0,0.0,0.0,
2019-09-26,52.79801177978516,53.05012908229732,52.5434946860541,52.82442413840649,75334000,-0.0051576869560892,52.0423885345459,50.3896484375,52.541107177734375,0.0,0.0,0.0,0.0,
2019-09-27,52.541107177734375,53.05494473156102,52.17133407059121,52.95409485593707,101408000,-0.0048658006881452,52.160163497924806,50.45658393859864,53.77767181396485,0.0,0.0,0.0,0.0,
2019-09-30,53.77767181396485,53.92413970007018,53.01411677472275,53.04052913660416,103909600,0.0235351842139042,52.3430082321167,50.56293785095215,53.926544189453125,0.0,0.0,0.0,0.0,
2019-10-01,53.926544189453125,54.79814854366671,53.8329010189528,54.04180014068749,139223200,0.002768293428605,52.56979351043701,50.65011917114258,52.57471466064453,0.0,0.0,0.0,0.0,
2019-10-02,52.57471466064453,53.68402648733403,52.32739692001443,53.5591677213098,138449200,-0.0250679799554628,52.68708763122559,50.70251358032227,53.02132797241211,0.0,0.0,0.0,0.0,
2019-10-03,53.02132797241211,53.05494337549281,51.65509540469614,52.447459000713295,114426000,0.0084948309211061,52.77760982513428,50.764653549194335,54.50761413574219,0.0,0.0,0.0,0.0,
2019-10-04,54.50761413574219,54.62287009035569,53.75846874977578,54.17866313348463,138478800,0.0280318547302969,52.94268646240234,50.86441307067871,54.51961135864258,0.0,0.0,0.0,0.0,
2019-10-07,54.51961135864258,55.208728860944525,54.22667560102354,54.32992525189106,122306000,0.000220101780102,53.09743843078613,50.96096771240234,53.88092422485352,0.0,0.0,0.0,0.0,
2019-10-08,53.88092422485352,54.75973164617533,53.86411835463812,54.22188517841453,111820000,-0.0117148145020262,53.18988132476807,51.03546768188477,54.51241302490234,0.0,0.0,0.0,0.0,
2019-10-09,54.51241302490234,54.694896109411246,54.17865880193493,54.51241302490234,74770400,0.0117200810701303,53.231180381774905,51.12690307617188,55.24716567993164,0.0,0.0,0.0,0.0,
2019-10-10,55.24716567993164,55.33120603586923,54.57725727983536,54.72852479119621,113013600,0.0134786301735285,53.31522006988526,51.21265365600586,56.71663284301758,0.0,0.0,0.0,0.0,
2019-10-11,56.71663284301758,57.059989886560345,55.78019754791175,55.93386847365883,166795600,0.0265980552124454,53.52483711242676,51.349847869873045,56.63499450683594,0.0,0.0,0.0,0.0,
2019-10-14,56.63499450683594,57.17764784685901,56.34686196781524,56.40208648570823,96427600,-0.0014394073147395,53.71656589508056,51.50650695800781,56.50293350219727,0.0,0.0,0.0,0.0,
2019-10-15,56.50293350219727,57.06238901917909,56.397284055002885,56.75985041805286,87360000,-0.0023317916032062,53.892086791992185,51.71161849975586,56.27483749389648,0.0,0.0,0.0,0.0,
2019-10-16,56.27483749389648,56.48373664287502,55.99390794575773,56.03472639321673,73903200,-0.0040368878952437,54.031351470947264,51.89465835571289,56.49333190917969,0.0,0.0,0.0,0.0,
2019-10-17,56.49333190917969,56.70222736637808,56.070737747547255,56.447710219951496,67585200,0.0038826307638275,54.20327110290528,52.07230888366699,56.7646598815918,0.0,0.0,0.0,0.0,
2019-10-18,56.7646598815918,57.045589398505086,56.25562191334341,56.327655968301634,97433600,0.0048028318253259,54.42753524780274,52.234384002685545,57.74909973144531,0.0,0.0,0.0,0.0,
2019-10-21,57.74909973144531,57.86435565824575,56.9831486601448,57.03117013107662,87247200,0.0173424777301054,54.68913536071777,52.4241674041748,57.61705780029297,0.0,0.0,0.0,0.0,
2019-10-22,57.61705780029297,58.15490428802028,57.53541724657344,57.90519037069038,82293600,-0.0022864760102995,54.95661964416504,52.61375938415527,58.39020538330078,0.0,0.0,0.0,0.0,
2019-10-23,58.39020538330078,58.40461512439032,57.91958976088768,58.13088866455298,75828800,0.0134187272402492,55.222542953491214,52.77804344177246,58.48625564575195,0.0,0.0,0.0,0.0,
2019-10-24,58.48625564575195,58.77919144814045,58.06125802035155,58.7095571851868,69275200,0.0016449721630649,55.50695514678955,52.974118041992185,59.20659637451172,0.0,0.0,0.0,0.0,
2019-10-25,59.20659637451172,59.242611574535424,58.3181860238151,58.38541683972914,73477200,0.012316410425089,55.84022960662842,53.18944969177246,59.79964828491211,0.0,0.0,0.0,0.0,
2019-10-28,59.79964828491211,59.84766975456233,59.24018918716893,59.40826616284637,96572800,0.0100166526487865,56.14132843017578,53.393783798217775,58.416622161865234,0.0,0.0,0.0,0.0,
2019-10-29,58.416622161865234,59.96774132739238,58.24374555756727,59.78045498091568,142839600,-0.0231276631671397,56.36583232879639,53.55196914672852,58.40941619873047,0.0,0.0,0.0,0.0,
2019-10-30,58.40941619873047,58.89924482176762,57.91719144782321,58.76958279527963,124522000,-0.0001233546697513,56.65756740570068,53.70996231079101,59.73002624511719,0.0,0.0,0.0,0.0,
2019-10-31,59.73002624511719,59.82847265948915,56.96874904224295,59.365060070154456,139162000,0.0226095402476462,56.993002319335936,53.88341842651367,61.42521667480469,0.0,0.0,0.0,0.0,
2019-11-01,61.42521667480469,61.45162537567779,59.82607604354988,59.91731576023175,151125200,0.0283808753528895,57.33888244628906,54.09164291381836,61.82860565185547,0.0,0.0,0.0,0.0,
2019-11-04,61.82860565185547,61.9126459988458,61.319571313663445,61.78778354242281,103272000,0.0065671559481246,57.7043321609497,54.355093002319336,61.73975372314453,0.0,0.0,0.0,0.0,
2019-11-05,61.73975372314453,61.99427084278033,61.54526436432109,61.720540736224365,79897600,-0.0014370682918396,58.097273635864255,54.59827735900879,61.76617050170898,0.0,0.0,0.0,0.0,
2019-11-06,61.76617050170898,61.82619827037496,61.31716396450484,61.65331800351261,75864400,0.000427873079684,58.45996150970459,54.85317932128906,62.47903060913086,0.0,0.0,0.0,0.0,
2019-11-07,62.47903060913086,62.70059923548496,62.161130673338896,62.31285597676723,94940400,0.0115412709195261,58.82155475616455,55.115759201049805,62.65003204345703,0.0,0.0,0.0,0.0,
2019-11-08,62.65003204345703,62.722278694428965,61.85769280629216,62.30082274800635,69986400,0.0027369412210627,59.118224716186525,55.36504768371582,63.1461296081543,0.0,0.0,0.0,0.0,
2019-11-11,63.1461296081543,63.211151577858246,62.20206528912608,62.2068792814575,81821200,0.0079185524494727,59.44378147125244,55.62555473327637,63.088321685791016,0.0,0.0,0.0,0.0,
2019-11-12,63.088321685791016,63.28821627609812,62.837861804605424,62.98957972605956,87388800,-0.0009154626375678,59.77305088043213,55.89950439453125,63.69282913208008,0.0,0.0,0.0,0.0,
2019-11-13,63.69282913208008,63.7674864521532,62.87400193315638,62.88845126287323,102734400,0.0095819230902953,60.14395046234131,56.16878433227539,63.25209045410156,0.0,0.0,0.0,0.0,
2019-11-14,63.25209045410156,63.79155153017044,63.12203917697569,63.51941032138736,89182800,-0.0069197535104705,60.48188838958741,56.40960845947266,64.00348663330078,0.0,0.0,0.0,0.0,
2019-11-15,64.00348663330078,64.0083006253325,63.34119892343502,63.50255217696832,100206400,0.0118793888677002,60.84382972717285,56.665556564331055,64.32621002197266,0.0,0.0,0.0,0.0,
2019-11-18,64.32621002197266,64.40568132510607,63.635023558282754,64.01312410296957,86703200,0.0050422782515096,61.17268524169922,56.92358932495117,64.13114929199219,0.0,0.0,0.0,0.0,
2019-11-19,64.13114929199219,64.5429699152776,63.9144019823477,64.51888524762629,76167200,-0.0030323678313061,61.49838981628418,57.16557098388672,63.384552001953125,0.0,0.0,0.0,0.0,
2019-11-20,63.384552001953125,64.0805524112698,62.71262890433902,63.95050846949165,106234400,-0.0116417263417465,61.7481071472168,57.35953338623047,63.100364685058594,0.0,0.0,0.0,0.0,
2019-11-21,63.100364685058594,63.58202845616034,62.90047010427208,63.50496048887865,121395200,-0.004483542249944,61.97881259918213,57.55021324157715,63.04497909545898,0.0,0.0,0.0,0.0,
2019-11-22,63.04497909545898,63.38214231017823,62.81859650494602,63.2400523607468,65325200,-0.0008777380269677,62.170731735229495,57.76062698364258,64.1504135131836,0.0,0.0,0.0,0.0,
2019-11-25,64.1504135131836,64.16727351573608,63.22320891771047,63.26896758200509,84020400,0.0175340595489901,62.38826999664307,57.98762687683106,63.64946746826172,0.0,0.0,0.0,0.0,
2019-11-26,63.64946746826172,64.3406538731176,63.21837629203759,64.28767055900286,105207600,-0.0078089293191995,62.64991226196289,58.20076591491699,64.5044174194336,0.0,0.0,0.0,0.0,
2019-11-27,64.5044174194336,64.53813741439751,63.89511298558591,63.96013495495072,65235600,0.0134321618888357,62.95466232299805,58.42106338500977,64.36231994628906,0.0,0.0,0.0,0.0,
2019-11-29,64.36231994628906,64.54294385633477,64.03719543828564,64.20578069417058,46617600,-0.002202910728122,63.18627700805664,58.64721099853516,63.6181755065918,0.0,0.0,0.0,0.0,
2019-12-02,63.6181755065918,64.60317740407082,63.44718686194022,64.36715942230869,94487200,-0.0115618026248628,63.29592494964599,58.87398696899414,62.483863830566406,0.0,0.0,0.0,0.0,
2019-12-03,62.483863830566406,62.50312715627298,61.72283384699571,62.20931182938562,114430400,-0.0178299938184781,63.328687858581546,59.07332229614258,63.035343170166016,0.0,0.0,0.0,0.0,
2019-12-04,63.035343170166016,63.41345104116114,62.78006192787032,62.87398990266559,67181600,0.0088259481054984,63.393467330932616,59.288681716918944,63.96016311645508,0.0,0.0,0.0,0.0,
2019-12-05,63.96016311645508,64.03482780252034,63.27379775546852,63.52907910262776,74424400,0.014671450963509,63.50316696166992,59.5064501953125,65.19562530517578,0.0,0.0,0.0,0.0,
2019-12-06,65.19562530517578,65.26546863947017,64.37438734550834,64.41774268897909,106075600,0.0193161200428968,63.63899669647217,59.75440246582031,64.28288269042969,0.0,0.0,0.0,0.0,
2019-12-09,64.28288269042969,65.21730470607133,63.79880800336891,65.02464203987111,128042400,-0.0140000592136912,63.7206392288208,59.98923797607422,64.65858459472656,0.0,0.0,0.0,0.0,
2019-12-10,64.65858459472656,65.04150663179412,64.02759851675567,64.6874832617339,90420400,0.0058445092779388,63.79626197814942,60.20685623168945,65.2100601196289,0.0,0.0,0.0,0.0,
2019-12-11,65.2100601196289,65.28953877362453,64.66337427533851,64.73803158690569,78756800,0.0085290379979539,63.90234889984131,60.43252655029297,65.37623596191406,0.0,0.0,0.0,0.0,
2019-12-12,65.37623596191406,65.64115256416365,64.3791955584024,64.48997619221315,137310400,0.0025483160417318,63.986519241333006,60.68855697631836,66.26492309570312,0.0,0.0,0.0,0.0,
2019-12-13,66.26492309570312,66.30104642565348,65.24861176531338,65.37625243087754,133587600,0.0135934276532343,64.13716087341308,60.95342887878418,67.39920806884766,0.0,0.0,0.0,0.0,
2019-12-16,67.39920806884766,67.623187308464,66.70561841103523,66.71043240289573,128186000,0.0171174268399336,64.30694694519043,61.21126075744629,67.53167724609375,0.0,0.0,0.0,0.0,
2019-12-17,67.53167724609375,67.85920511821561,67.14393404643634,67.32937932220554,114158400,0.0019654411534149,64.46722030639648,61.47150207519531,67.3703384399414,0.0,0.0,0.0,0.0,
2019-12-18,67.3703384399414,67.89053641959352,67.22102378228007,67.38478777135322,116028400,-0.0023890833566061,64.62917976379394,61.74129035949707,67.43771362304688,0.0,0.0,0.0,0.0,
2019-12-19,67.43771362304688,67.71707937490825,67.18002919943235,67.31248374101362,98369200,0.0010000719109573,64.83183784484864,61.99979637145996,67.2980728149414,0.0,0.0,0.0,0.0,
2019-12-20,67.2980728149414,68.07114122602003,67.08613954782287,67.96999593464518,275978000,-0.0020706634404306,65.04172325134277,62.24081451416016,68.39627838134766,0.0,0.0,0.0,0.0,
2019-12-23,68.39627838134766,68.45648637288053,67.52205716835296,67.560591164887,98572000,0.0163185292010683,65.30928821563721,62.47440742492676,68.4612808227539,0.0,0.0,0.0,0.0,
2019-12-24,68.4612808227539,68.61060277279962,68.136163640974,68.56243345348084,48478800,0.0009503798005474,65.52483158111572,62.71093315124512,69.81958770751953,0.0,0.0,0.0,0.0,
2019-12-26,69.81958770751953,69.83644770700805,68.56485537418061,68.59375403067095,93121200,0.0198405123077127,65.83333759307861,62.97726623535157,69.7930908203125,0.0,0.0,0.0,0.0,
2019-12-27,69.7930908203125,70.79736320865955,69.38849493923185,70.11099073385043,146266000,-0.0003795050655129,66.09777126312255,63.247631301879885,70.20732879638672,0.0,0.0,0.0,0.0,
2019-12-30,70.20732879638672,70.48910541724575,68.69009042144484,69.7112155576161,144114400,0.0059352289919456,66.39002170562745,63.521911239624025,70.72029113769531,0.0,0.0,0.0,0.0,
2019-12-31,70.72029113769531,70.72751580123949,69.72565414200866,69.8243961101836,100805600,0.0073063930803616,66.74512748718261,63.80102386474609,72.3338623046875,0.0,0.0,0.0,0.0,
2020-01-02,72.3338623046875,72.39407027941263,71.09116882440814,71.34403937841115,135480400,0.0228162404457654,67.23762741088868,64.09271911621094,71.6306381225586,0.0,0.0,0.0,0.0,
2020-01-03,71.6306381225586,72.38925722098051,71.40666619485818,71.56320547713457,146322800,-0.009721922205215,67.6673921585083,64.37299072265625,72.20142364501953,0.0,0.0,0.0,0.0,
2020-01-06,72.20142364501953,72.23995764322866,70.5035611498287,70.75402846338375,118387200,0.0079684550832053,68.07945518493652,64.64921508789062,71.86186218261719,0.0,0.0,0.0,0.0,
2020-01-07,71.86186218261719,72.46634548952974,71.64270418623039,72.2110641639823,108872000,-0.0047029746126864,68.41276702880859,64.91672721862793,73.017822265625,0.0,0.0,0.0,0.0,
2020-01-08,73.017822265625,73.31886213203573,71.56560624404386,71.56560624404386,132079200,0.0160858631810885,68.84951400756836,65.1929517364502,74.56879425048828,0.0,0.0,0.0,0.0,
2020-01-09,74.56879425048828,74.76145686133366,73.74274246581768,73.99320238999518,170108400,0.0212410057810426,69.34502449035645,65.48833465576172,74.73735809326172,0.0,0.0,0.0,0.0,
2020-01-10,74.73735809326172,75.30091119032697,74.23643098983341,74.80238740809561,140644800,0.0022605145284662,69.82138938903809,65.81474937438965,76.3340835571289,0.0,0.0,0.0,0.0,
2020-01-13,76.3340835571289,76.36057889021191,74.93485068528152,75.05286332420356,121532000,0.021364488986548,70.36928176879883,66.17324272155761,75.30335235595703,0.0,0.0,0.0,0.0,
2020-01-14,75.30335235595703,76.4810244319536,75.18053302658049,76.2715017557603,161954400,-0.0135028961263479,70.82120323181152,66.48470924377442,74.9806137084961,0.0,0.0,0.0,0.0,
2020-01-15,74.9806137084961,75.98247543934815,74.54952248725758,75.10344034713454,121923600,-0.0042858470089799,71.20027351379395,66.75581718444825,75.91984558105469,0.0,0.0,0.0,0.0,
2020-01-16,75.91984558105469,76.03063354644571,75.16122656820497,75.52247441714353,108829200,0.012526329488447,71.61968193054199,67.03764198303223,76.7603530883789,0.0,0.0,0.0,0.0,
2020-01-17,76.7603530883789,76.76275640961391,75.86204746774389,76.16790133072386,137816400,0.0110709854701542,72.08918266296386,67.33805397033692,76.24016571044922,0.0,0.0,0.0,0.0,
2020-01-21,76.24016571044922,76.83019952815127,76.10288974668396,76.3894803308505,110843200,-0.0067767715624075,72.52930526733398,67.62753387451171,76.5123062133789,0.0,0.0,0.0,0.0,
2020-01-22,76.5123062133789,77.06380603496487,76.4183782339569,76.72423213565071,101832400,0.0035695161519355,72.99001693725586,67.90819938659668,76.88079071044922,0.0,0.0,0.0,0.0,
2020-01-23,76.88079071044922,76.96026202494508,76.01860816134078,76.56530142477,104472000,0.0048160160803762,73.41424255371093,68.19281455993652,76.65921783447266,0.0,0.0,0.0,0.0,
2020-01-24,76.65921783447266,77.86819158420508,76.46895853504518,77.1264324079885,146537600,-0.0028820317003639,73.82413940429687,68.46307632446289,74.40504455566406,0.0,0.0,0.0,0.0,
2020-01-27,74.40504455566406,75.08418516629278,73.42485661478304,74.67236453066312,161940000,-0.0294051171207608,74.0534122467041,68.68941078186035,76.50991821289062,0.0,0.0,0.0,0.0,
2020-01-28,76.50991821289062,76.68090687398296,75.18534222076916,75.28408422213496,162234000,0.0282893944865776,74.38925361633301,68.94575256347656,78.11143493652344,0.0,0.0,0.0,0.0,
2020-01-29,78.11143493652344,78.95675744540253,77.39857441186852,78.13793027321145,216229200,0.0209321452831325,74.78445892333984,69.242939453125,77.99823760986328,0.0,0.0,0.0,0.0,
2020-01-30,77.99823760986328,78.05122092954578,76.76517927864235,77.19627050016777,126743200,-0.0014491774059988,75.14835624694824,69.52283447265626,74.53990936279297,0.0,0.0,0.0,0.0,
2020-01-31,74.53990936279297,77.71166246110458,74.24609404973549,77.29020649112265,199588400,-0.0443385434472046,75.25865859985352,69.72710845947266,74.33518981933594,0.0,0.0,0.0,0.0,
2020-02-03,74.33518981933594,75.4984048922783,72.78423148900761,73.28515870612867,173788400,-0.0027464420765611,75.39388618469238,69.93118927001953,76.78924560546875,0.0,0.0,0.0,0.0,
2020-02-04,76.78924560546875,76.97950484657014,75.53210291102174,75.93669870128832,136616400,0.0330133788868656,75.62327728271484,70.19928314208984,77.4154281616211,0.0,0.0,0.0,0.0,
2020-02-05,77.4154281616211,78.21258127557842,76.81334832632962,77.91394467954083,118826800,0.0081545605926325,75.90095558166504,70.48558441162109,78.3209457397461,0.0,0.0,0.0,0.0,
2020-02-06,78.3209457397461,78.32335641079244,77.12883215929374,77.68515330009288,105425600,0.0116968619773636,76.16611175537109,70.79110374450684,77.25636291503906,0.0,0.0,0.0,0.0,
2020-02-07,77.25636291503906,78.06989154294402,76.76631409771366,77.82124622907054,117684000,-0.0135925685607085,76.30049018859863,71.05322273254394,77.62330627441406,0.0,0.0,0.0,0.0,
2020-02-10,77.62330627441406,77.62330627441406,75.76450341427329,75.84416334192943,109348800,0.0047496846282879,76.44478759765624,71.33269950866699,77.15497589111328,0.0,0.0,0.0,0.0,
2020-02-11,77.15497589111328,78.19059906005786,76.9377141953968,78.11818095050265,94323200,-0.0060333732969984,76.48583221435547,71.58571067810058,78.98722076416016,0.0,0.0,0.0,0.0,
2020-02-12,78.98722076416016,78.99204618157108,77.60397618630914,77.60397618630914,113730400,0.0237475918031868,76.67002563476562,71.87820869445801,78.42476654052734,0.0,0.0,0.0,0.0,
2020-02-13,78.42476654052734,78.75066279160559,78.0578358133656,78.26061390209061,94747600,-0.0071208255992724,76.84223327636718,72.17434051513672,78.44406127929688,0.0,0.0,0.0,0.0,
2020-02-14,78.44406127929688,78.69270656111114,77.93711251400148,78.3933612458328,80113600,0.0002460286414696,76.9684440612793,72.49354446411132,77.00772857666016,0.0,0.0,0.0,0.0,
2020-02-18,77.00772857666016,77.18878123005356,75.94796350927948,76.12901616267288,152531200,-0.0183102796975632,76.98081283569336,72.77299217224122,78.12299346923828,0.0,0.0,0.0,0.0,
2020-02-19,78.12299346923828,78.3523297233802,77.24911404532844,77.24911404532844,93984000,0.0144825060184432,77.07495422363282,73.05624877929688,77.321533203125,0.0,0.0,0.0,0.0,
2020-02-20,77.321533203125,78.3716398349872,76.81700080414447,77.88400744802773,100566000,-0.0102589548930798,77.11541557312012,73.29876693725586,75.57136535644531,0.0,0.0,0.0,0.0,
2020-02-21,75.57136535644531,77.35775721221363,74.95578935685651,76.91598466630131,129554000,-0.0226349345929544,77.04994430541993,73.52453659057618,71.981689453125,0.0,0.0,0.0,0.0,
2020-02-24,71.981689453125,73.43011036441114,69.82113268068633,71.75960237227564,222195200,-0.0475004770178358,76.81606788635254,73.67099868774415,69.54350280761719,0.0,0.0,0.0,0.0,
2020-02-25,69.54350280761719,73.03178561562022,69.07277049917455,72.65037140517215,230673600,-0.033872317585649,76.5729907989502,73.7576675415039,70.646728515625,0.0,0.0,0.0,0.0,
2020-02-26,70.646728515625,71.90927139616765,69.16209855410392,69.16934036398257,198054800,0.0158638213990995,76.27983131408692,73.86307739257812,66.02869415283203,0.0,0.0,0.0,0.0,
2020-02-27,66.02869415283203,69.04141300899963,65.89350875868202,67.85853712666133,320605600,-0.0653679860316758,75.67569427490234,73.8583528137207,65.99005126953125,0.0,0.0,0.0,0.0,
2020-02-28,65.99005126953125,67.20914325476264,61.88860853206062,62.10346116385855,426510000,-0.0005852437913028,75.07528495788574,73.83016967773438,72.13379669189453,0.0,0.0,0.0,0.0,
2020-03-02,72.13379669189453,72.76868922917748,67.0425965295844,68.14339616645945,341397200,0.0931010857571488,74.95497932434083,73.92221206665039,69.84285736083984,0.0,0.0,0.0,0.0,
2020-03-03,69.84285736083984,73.38665871766685,68.99311238709194,73.3069988099028,319475600,-0.0317595833869661,74.73036270141601,73.97166244506836,73.08250427246094,0.0,0.0,0.0,0.0,
2020-03-04,73.08250427246094,73.2418314905751,70.76261982320094,71.56166493954149,219178400,0.0463847991625487,74.54502563476562,74.08455825805665,70.7119369506836,0.0,0.0,0.0,0.0,
2020-03-05,70.7119369506836,72.31243643111517,70.34741520260532,71.33958033890666,187572800,-0.032436864956619,74.20985107421875,74.15283554077149,69.77286529541016,0.0,0.0,0.0,0.0,
2020-03-06,69.77286529541016,70.20497969740977,67.88992061879122,68.07579869358199,226176800,-0.013280242286792,73.78244705200196,74.18036727905273,64.25437927246094,0.0,0.0,0.0,0.0,
2020-03-09,64.25437927246094,67.1319051551366,63.48912685930832,63.670179502443226,286744800,-0.0790921513626334,73.13234786987304,74.09622924804688,68.88208770751953,0.0,0.0,0.0,0.0,
2020-03-10,68.88208770751953,69.14763308452109,65.0268727397902,66.90258302825225,285290000,0.0720216814395715,72.69528694152832,74.07747924804687,66.4897689819336,0.0,0.0,0.0,0.0,
2020-03-11,66.4897689819336,67.88749740945617,65.62795665733853,66.96292517997638,255598800,-0.0347306361523763,72.16202659606934,74.0114128112793,59.92359924316406,0.0,0.0,0.0,0.0,
2020-03-12,59.92359924316406,65.17895530003963,59.86807746077714,61.78482214303871,418474000,-0.0987545879510225,71.20884552001954,73.80573822021485,67.10293579101562,0.0,0.0,0.0,0.0,
2020-03-13,67.10293579101562,67.57367559511492,61.06301877546382,63.94538103600016,370732000,0.1198081663739609,70.64275398254395,73.73339111328124,58.47035217285156,0.0,0.0,0.0,0.0,
2020-03-16,58.47035217285156,62.54282496971143,57.9368487366503,58.40758489593045,322423600,-0.1286468843188806,69.64406852722168,73.45612091064453,61.041290283203125,0.0,0.0,0.0,0.0,
2020-03-17,61.041290283203125,62.1879532458274,57.55059398806874,59.74978006097213,324056000,0.043969943994031,68.84574661254882,73.24433395385742,59.54700469970703,0.0,0.0,0.0,0.0,
2020-03-18,59.54700469970703,60.35087884798524,57.24160039100893,57.88132191691277,300233600,-0.0244799147685658,67.91694717407226,72.99124557495117,59.09075164794922,0.0,0.0,0.0,0.0,
2020-03-19,59.09075164794922,61.03646337436918,58.56690646649194,59.72081496454535,271857200,-0.0076620655238441,67.00540809631347,72.73582336425781,55.3393440246582,0.0,0.0,0.0,0.0,
2020-03-20,55.3393440246582,60.79264863512061,55.04000233501268,59.67012006159394,401693200,-0.0634855289308409,65.99380702972412,72.38225379943847,54.163692474365234,0.0,0.0,0.0,0.0,
2020-03-23,54.163692474365234,55.16068993061355,51.324789145799386,55.059300920685246,336752800,-0.0212444070491533,65.10290718078613,71.97415176391601,59.59769821166992,0.994,0.111,0.02,0.869,1.0
2020-03-24,59.59769821166992,59.79323446043245,56.56084169108887,57.05813231967632,287531200,0.1003256146149287,64.60561695098878,71.67135856628418,59.26939392089844,0.94,0.094,0.076,0.83,1.0
2020-03-25,59.26939392089844,62.34245973328567,58.97488132854125,60.53193331315153,303602000,-0.005508674002903,64.03675022125245,71.33006477355957,62.388328552246094,0.0,0.0,0.0,0.0,
2020-03-26,62.388328552246094,62.44626304168301,59.47217348326275,59.510798931904375,252087200,0.052623022187644,63.85473194122314,71.07176429748534,59.805301666259766,0.0,0.0,0.0,0.0,
2020-03-27,59.805301666259766,61.767909526223264,59.638732669554486,61.01473181958192,204216800,-0.0414024056410361,63.54549446105957,70.76825805664062,61.512020111083984,0.9795,0.07,0.0285,0.901,2.0
2020-03-30,61.512020111083984,61.68341820252802,60.20602640105231,60.529509863529455,167976400,0.0285379121461248,63.01440563201904,70.4801015472412,61.38650131225586,0.15549999999999997,0.0685,0.06,0.872,2.0
2020-03-31,61.38650131225586,63.3660094986333,60.8336888557072,61.70274302705608,197002000,-0.0020405572537115,62.59158782958984,70.17262451171875,58.156524658203125,0.0,0.0,0.0,0.0,
2020-04-01,58.156524658203125,60.04188561745125,57.726826674200176,59.50596949204973,176218400,-0.0526170507360038,61.84528884887696,69.81095169067383,59.126949310302734,0.0,0.0,0.0,0.0,
2020-04-02,59.126949310302734,59.18005836764035,57.18847976805371,58.01890828257861,165934000,0.0166864278394036,61.26603946685791,69.46324455261231,58.2772102355957,0.0,0.0,0.0,0.0,
2020-04-03,58.2772102355957,59.31282945954129,57.68818520309446,58.612760898074754,129880000,-0.014371434424048,60.69125671386719,69.09117294311524,63.361175537109375,0.0,0.0,0.0,0.0,
2020-04-06,63.361175537109375,63.51566994282337,60.201204676104986,60.568135335844495,201820400,0.0872376230941882,60.64659652709961,68.82521209716796,62.62731552124024,0.0,0.0,0.0,0.0,
2020-04-07,62.62731552124024,65.58934152567265,62.52351377225885,65.37207245676143,202887200,-0.0115821717265857,60.33385791778564,68.58965751647949,64.2302474975586,0.238,0.091,0.072,0.837,2.0
2020-04-08,64.2302474975586,64.54406918127975,63.06185514174084,63.426369510698045,168895200,0.0255947738295556,60.22088184356689,68.34406410217285,64.69371795654297,0.559,0.05,0.046,0.904,1.0
2020-04-09,64.69371795654297,65.19584133375365,63.8995057906406,64.86511973614601,161834800,0.0072157663568397,60.45938777923584,68.07570976257324,65.9635238647461,0.987,0.104,0.052,0.844,1.0
2020-04-13,65.9635238647461,66.07215841536981,64.17230617831575,64.77098966919036,131022800,0.0196279630899571,60.40241718292236,67.8350154876709,69.29489135742188,0.0,0.0,0.0,0.0,
2020-04-14,69.29489135742188,69.58457858630197,67.12225924197793,67.59299914714502,194994800,0.0505031765662873,60.94364414215088,67.73011512756348,68.66241455078125,0.0,0.0,0.0,0.0,
2020-04-15,68.66241455078125,69.12107985304799,67.74508394624776,68.17236560618718,131154400,-0.0091273222924662,61.324700355529785,67.61665962219239,69.20796203613281,0.0,0.0,0.0,0.0,
2020-04-16,69.20796203613281,69.57248363661981,68.16027185080422,69.37453102131897,157125200,0.0079453583000359,61.80774822235107,67.46503395080566,68.26890563964844,0.0,0.0,0.0,0.0,
2020-04-17,68.26890563964844,69.27073604048029,66.83496828577375,68.72516178272222,215250000,-0.0135686179574844,62.26665592193604,67.2821035003662,66.85186767578125,0.0,0.0,0.0,0.0,
2020-04-20,66.85186767578125,67.99853426971617,66.83255863780644,67.09810395402242,130015200,-0.0207567112815152,62.842282104492185,67.05272193908691,64.78546905517578,0.0,0.0,0.0,0.0,
2020-04-21,64.78546905517578,66.92913374203486,64.07574203406564,66.69497200558625,180991600,-0.0309101105540851,63.37337093353271,66.80330406188965,66.65149688720703,0.0,0.0,0.0,0.0,
2020-04-22,66.65149688720703,67.08602016909022,65.71002486509416,66.05039726124157,116862400,0.0288031847148009,63.72606086730957,66.58386787414551,66.39321899414062,0.0,0.0,0.0,0.0,
2020-04-23,66.39321899414062,68.01545116760279,66.35459354155203,66.59599709494192,124814400,-0.0038750501508388,64.08225212097167,66.36863273620605,68.3099365234375,-0.7806666666666667,0.06999999999999999,0.08066666666666666,0.8496666666666667,3.0
2020-04-24,68.3099365234375,68.31959472449138,66.86875759043463,66.91704122865521,126161200,0.0288691760745329,64.37833251953126,66.1550870513916,68.35823059082031,0.999,0.1195,0.05,0.8305,2.0
2020-04-27,68.35823059082031,68.68895219864656,67.58091104598891,68.02750161594408,117087600,0.0007069845155871,64.80597896575928,65.95375633239746,67.25019073486328,0.8917999999999999,0.0892,0.038,0.8725999999999999,5.0
2020-04-28,67.25019073486328,69.00036629064134,67.1584635837108,68.81931364694016,112004800,-0.0162093115398137,65.09288749694824,65.72987892150879,69.45903778076172,0.98,0.073,0.026,0.901,1.0
2020-04-29,69.45903778076172,69.92736120107678,68.53204914375017,68.73482721743544,137280800,0.0328452160768868,65.49651432037354,65.57890510559082,70.92435455322266,0.0,0.0,0.0,0.0,
2020-04-30,70.92435455322266,71.10058178322025,69.60870972779222,69.99736587702316,183064000,0.0210961282977459,66.13490581512451,65.4349323272705,69.78251647949219,0.994,0.112,0.028,0.86,1.0
2020-05-01,69.78251647949219,72.17965163700352,69.00519685948858,69.1017567929507,240616800,-0.016099379133209,66.66768417358398,65.28415199279785,70.76985168457031,0.998,0.12,0.031,0.848,1.0
2020-05-04,70.76985168457031,70.89779524622708,69.11865261133845,69.80665406694762,133568000,0.0141487474927661,67.29231624603271,65.18812171936035,71.83203125,0.0,0.0,0.0,0.0,
2020-05-05,71.83203125,72.66245995311394,71.0836788601292,71.2285224464027,147751200,0.0150089273913409,67.71585903167724,65.18512855529785,72.5731430053711,0.6475,0.08249999999999999,0.0105,0.907,2.0
2020-05-06,72.5731430053711,73.20320267035598,72.14827044329485,72.5321011645588,142333600,0.0103172880186523,68.2131504058838,65.24572135925293,73.32389068603516,0.991,0.119,0.056,0.825,1.0
2020-05-07,73.32389068603516,73.66910326152602,72.89660917840814,73.19836352852457,115215200,0.0103447039713919,68.66783256530762,65.29926460266114,75.06913757324219,0.9784999999999999,0.11900000000000001,0.020499999999999997,0.86,2.0
2020-05-08,75.06913757324219,75.12239040799929,73.65552559886389,73.98230402182824,133838400,0.0238018860002939,69.18660354614258,65.48007347106933,76.25037384033203,0.0,0.0,0.0,0.0,
2020-05-11,76.25037384033203,76.74416477518758,74.36958632362644,74.57775917368724,145946400,0.0157353115444727,69.70094604492188,65.68527992248535,75.37896728515625,0.0,0.0,0.0,0.0,
2020-05-12,75.37896728515625,77.38319884408511,75.25793879153254,76.93296900656856,162301200,-0.0114282266602456,70.0051498413086,65.75018333435058,74.46884155273438,0.997,0.097,0.015,0.888,1.0
2020-05-13,74.46884155273438,76.47791927324582,73.39410778103768,75.55809815483286,200622400,-0.0120740010801541,70.29547119140625,65.84270301818847,74.92631530761719,-0.02699999999999997,0.077,0.0665,0.8565,2.0
2020-05-14,74.92631530761719,74.98682954910396,72.98743664654351,73.70876906438306,158929200,0.0061431565919936,70.58138885498047,65.87957923889161,74.48335266113281,0.9715,0.10300000000000001,0.0015,0.8955,2.0
2020-05-15,74.48335266113281,74.52934407916516,72.66792527667609,72.70181680027588,166348400,-0.0059119769157971,70.8921112060547,65.95500755310059,76.23825073242188,0.984,0.094,0.034,0.872,1.0
2020-05-18,76.23825073242188,76.61102048338427,75.11511038710799,75.80497413426188,135178400,0.0235609436013586,71.36143035888672,66.08431526184081,75.79772186279297,0.996,0.124,0.079,0.797,1.0
2020-05-19,75.79772186279297,77.09998213452099,75.76625327530091,76.25520568719914,101729600,-0.0057783181722657,71.91204299926758,66.31518211364747,77.27185821533203,0.998,0.134,0.015,0.851,1.0
2020-05-20,77.27185821533203,77.34204942619355,76.6158784313997,76.65460843756124,111504800,0.0194482936467075,72.44306106567383,66.48297752380371,76.69575500488281,0.85,0.083,0.051500000000000004,0.866,2.0
2020-05-21,76.69575500488281,77.67366726497515,76.4585365069764,77.13387754437865,102688800,-0.0074555371613272,72.95818786621093,66.6870972442627,77.18955993652344,0.0,0.0,0.0,0.0,
2020-05-22,77.18955993652344,77.27185842972254,76.33267609193112,76.43433589476804,81803200,0.0064384910430725,73.40216903686523,67.03241645812989,76.66668701171875,0.0,0.0,0.0,0.0,
2020-05-26,76.66668701171875,78.48452936483687,76.61101126364815,78.30540961703058,125522000,-0.0067738814061729,73.81759185791016,67.22369148254394,77.00074768066406,0.0,0.0,0.0,0.0,
2020-05-27,77.00074768066406,77.14598335609439,75.78562421645006,76.52390248864035,112945200,0.0043573119168986,74.3051197052002,67.5942993927002,77.03462219238281,0.0,0.0,0.0,0.0,
2020-05-28,77.03462219238281,78.29089831885972,76.4004341829612,76.67637525704153,133560800,0.0004399244518926,74.68389892578125,67.91416603088379,76.9595947265625,0.973,0.058,0.023,0.919,1.0
2020-05-29,76.9595947265625,77.73659554294788,76.60377068012559,77.27668877080987,153532400,-0.0009739447495821,74.98566093444825,68.2624178314209,77.90602111816406,0.0,0.0,0.0,0.0,
2020-06-01,77.90602111816406,78.02704957806893,76.78287346449119,76.91358626954592,80791200,0.0122977049835595,75.39183616638184,68.6387232208252,78.26671600341797,0.0,0.0,0.0,0.0,
2020-06-02,78.26671600341797,78.2909231828301,77.19924365819143,77.63978920771235,87642800,0.0046298717361887,75.76667938232421,69.0972706604004,78.69756317138672,0.0,0.0,0.0,0.0,
2020-06-03,78.69756317138672,78.95898884323296,78.01496072344597,78.58621903033732,104491200,0.0055048581308807,76.10995597839356,69.58794807434082,78.0197982788086,0.0,0.0,0.0,0.0,
2020-06-04,78.0197982788086,78.81858326292213,77.64702850562604,78.52085794063949,87560400,-0.0086122729251743,76.38228874206543,69.9563900756836,80.24190521240234,0.0,0.0,0.0,0.0,
2020-06-05,80.24190521240234,80.30241946972693,78.24009623942295,78.26914190101967,137250400,0.0284813211853345,76.72818946838379,70.37584030151368,80.71630096435547,0.0,0.0,0.0,0.0,
2020-06-08,80.71630096435547,80.75019247995644,79.23007527095147,79.9393002955481,95654400,0.0059120698928742,77.01054763793945,70.74239974975586,83.26517486572266,0.0,0.0,0.0,0.0,
2020-06-09,83.26517486572266,83.65730597576551,80.36533708864444,80.3968056767083,147712400,0.0315781802549743,77.36128768920898,71.21159721374512,85.40739440917969,0.0,0.0,0.0,0.0,
2020-06-10,85.40739440917969,85.8745626649843,83.77350959383725,84.2116321903992,166651600,0.0257276772301466,77.86270904541016,71.68950469970703,81.30693817138672,0.996,0.095,0.039,0.867,1.0
2020-06-11,81.30693817138672,84.97652287764004,81.20527837641917,84.55292316229209,201662400,-0.0480105530224704,78.20461387634278,72.08791343688965,82.00891876220703,0.0,0.0,0.0,0.0,
2020-06-12,82.00891876220703,84.18743203095863,80.90030081571983,83.44189962926336,200146000,0.0086337108075649,78.55874404907226,72.56496131896972,83.02311706542969,0.0,0.0,0.0,0.0,
2020-06-15,83.02311706542969,83.6742509001126,80.50330314287096,80.6654845616587,138808800,0.0123669268968589,78.98573226928711,73.04288467407227,85.22340393066406,0.953,0.091,0.061,0.849,1.0
2020-06-16,85.22340393066406,85.49451390772815,83.44186840333514,85.07332981023045,165428800,0.02650209896962,79.43498992919922,73.58180854797364,85.10481262207031,0.0,0.0,0.0,0.0,
2020-06-17,85.10481262207031,86.02704912393895,84.98378413219785,85.96653487900272,114406400,-0.001391534521318,79.90034446716308,74.01668128967285,85.13871002197266,0.0,0.0,0.0,0.0,
2020-06-18,85.13871002197266,85.55504835135272,84.53114459703605,85.06125001022909,96820400,0.0003983017981941,80.29368705749512,74.4669091796875,84.65217590332031,0.0,0.0,0.0,0.0,
2020-06-19,84.65217590332031,86.3078449275457,83.54597361995395,85.84309961565448,264476000,-0.0057146052427476,80.69150810241699,74.87534774780273,86.86698150634766,0.995,0.078,0.021,0.901,1.0
2020-06-22,86.86698150634766,87.00979422869749,84.99830144840965,85.04429286253834,135445200,0.0261635992151794,81.17537918090821,75.31881301879883,88.72114562988281,0.0,0.0,0.0,0.0,
2020-06-23,88.72114562988281,90.13718045697549,87.68998051908838,88.1087417587427,212155600,0.0213448665002784,81.77810211181641,75.77396545410156,87.15502166748047,0.0,0.0,0.0,0.0,
2020-06-24,87.15502166748047,89.26818142371512,86.78225190963218,88.35078354810454,192623200,-0.0176522062613543,82.28581581115722,76.13116806030274,88.31206512451172,-0.908,0.013,0.048,0.938,1.0
2020-06-25,88.31206512451172,88.35079512662277,86.55231359048508,87.3099530977363,137522400,0.0132756946747794,82.84968795776368,76.52416107177734,85.59861755371094,0.0,0.0,0.0,0.0,
2020-06-26,85.59861755371094,88.42826445687878,85.45095894340278,88.20799170182455,205256800,-0.0307256722733759,83.2816390991211,76.85197418212891,87.57136535644531,0.0,0.0,0.0,0.0,
2020-06-29,87.57136535644531,87.66577111516035,85.02976731524565,85.50661981464565,130646000,0.0230464913933514,83.76490631103516,77.23802337646484,88.30237579345703,0.3025,0.0535,0.09,0.8565,2.0
2020-06-30,88.30237579345703,88.58800861953088,87.1405053436716,87.1598666501381,140223200,0.0083475966605779,84.26668930053711,77.66703353881836,88.13536071777344,0.0,0.0,0.0,0.0,
2020-07-01,88.13536071777344,88.92204587845694,88.08695375546539,88.37984062385425,110737200,-0.0018913995708819,84.73857917785645,78.13403137207031,88.13536071777344,0.0,0.0,0.0,0.0,
2020-07-02,88.13536071777344,89.67484690422407,88.02160103220285,89.04065881814572,114041600,0.0,85.24435729980469,78.56370864868164,90.49300384521484,0.34400000000000003,0.10366666666666667,0.06766666666666667,0.8286666666666666,3.0
2020-07-06,90.49300384521484,90.9601720457748,89.52961440129422,89.56108299075036,118655600,0.026750252205707,85.75691223144531,79.04570434570313,90.21221923828124,0.0,0.0,0.0,0.0,
2020-07-07,90.21221923828124,91.6476154008952,90.100875092419,90.87061453958542,112424400,-0.003102832208044,86.2317081451416,79.48375,92.3132781982422,0.9006666666666666,0.09066666666666667,0.056,0.8533333333333334,3.0
2020-07-08,92.3132781982422,92.34474679060094,91.1005702474556,91.1877146099101,117092000,0.0232901815042518,86.68411331176758,79.96285095214844,92.71025848388672,-0.676,0.037,0.054,0.909,2.0
2020-07-09,92.71025848388672,93.25730230757912,91.66457041968783,93.2040494694858,125642800,0.004300359529991,87.04925651550293,80.4720523071289,92.87239837646484,0.0,0.0,0.0,0.0,
2020-07-10,92.87239837646484,92.93049706109667,91.696005277293,92.3059860634942,90257200,0.0017488883671519,87.62752952575684,80.94031951904297,92.44398498535156,0.0,0.0,0.0,0.0,
2020-07-13,92.44398498535156,96.77922651804644,92.23097365442624,94.17469096863012,191649200,-0.0046129248151498,88.14928283691407,81.37071212768555,93.97378540039062,0.0,0.0,0.0,0.0,
2020-07-14,93.97378540039062,94.16500509879576,90.89482027358297,91.82673375082923,170989200,0.0165484040446921,88.6968162536621,81.85453750610351,94.6200714111328,0.992,0.086,0.026,0.888,2.0
2020-07-15,94.6200714111328,96.09419752364778,93.42430934647336,95.84487913129124,153198000,0.006877301025904,89.16664962768554,82.33154190063476,93.45577239990234,0.999,0.129,0.029,0.841,1.0
2020-07-16,93.45577239990234,94.31023318785084,92.85789140298706,93.49450240060445,110577600,-0.0123049897750708,89.58419761657714,82.7640167236328,93.2669677734375,0.927,0.08399999999999999,0.0335,0.882,4.0
2020-07-17,93.2669677734375,94.06091431617956,92.79495374103924,93.90600170117716,92186800,-0.0020202564444808,89.9906105041504,83.17789321899414,95.23247528076172,0.819,0.079,0.054,0.868,2.0
2020-07-20,95.23247528076172,95.37044953138845,93.01039399095431,93.35411815070974,90318000,0.0210739938720725,90.51962547302246,83.61606491088867,93.91810607910156,0.987,0.091,0.041,0.868,2.0
2020-07-21,93.91810607910156,96.09661884897764,93.66878769091768,96.02158177786352,103433200,-0.0138016910490372,90.87218170166015,83.99304428100587,94.18195343017578,0.0,0.0,0.0,0.0,
2020-07-22,94.18195343017578,94.86213298167614,93.5332424693202,93.62037944003524,89001600,0.0028093342390442,91.1452220916748,84.35167587280273,89.8951187133789,0.0,0.0,0.0,0.0,
2020-07-23,89.8951187133789,93.99314144318696,89.08664931990235,93.91568143989768,197004400,-0.0455165194675541,91.28222694396972,84.64199890136719,89.67242431640625,0.0,0.0,0.0,0.0,
2020-07-24,89.67242431640625,90.01614846898383,86.31267234298356,88.09663844239333,185438800,-0.0024772690682204,91.35024490356446,84.94607055664062,91.79769134521484,0.0,0.0,0.0,0.0,
2020-07-27,91.79769134521484,91.88967418415685,90.50995376100629,90.73264205708286,121214000,0.0237003409354659,91.66019859313964,85.28349807739258,90.2896728515625,0.0,0.0,0.0,0.0,
2020-07-28,90.2896728515625,91.54594911832494,90.2848269844815,91.36924487069622,103625600,-0.0164276298407253,91.79611396789552,85.59962448120118,92.0203857421875,0.0,0.0,0.0,0.0,
2020-07-29,92.0203857421875,92.20435141750036,90.73506372270916,90.771370793628,90329200,0.0191684479073295,91.98201446533204,85.91526718139649,93.13385009765624,0.0,0.0,0.0,0.0,
2020-07-30,93.13385009765624,93.23793283077006,90.7883172670131,91.1949712384762,158130000,0.0121001922181496,92.23193893432617,86.26198974609375,102.88390350341795,0.976,0.061,0.023,0.916,2.0
2020-07-31,102.88390350341795,103.03397765297316,97.62157959922048,99.61613418906327,374336800,0.1046886110210005,92.9693660736084,86.77423065185548,105.47631072998048,0.0,0.0,0.0,0.0,
2020-08-03,105.47631072998048,108.09052270549662,104.4645145020522,104.7622398081077,308151200,0.0251974034643462,93.71853141784668,87.34984176635743,106.1807098388672,0.93875,0.07575,0.03475,0.8895,8.0
2020-08-04,106.1807098388672,107.26996618839968,104.94379489849536,105.6651273181697,173071600,0.006678268361983,94.51695594787596,87.9296647644043,106.56559753417967,0.0,0.0,0.0,0.0,
2020-08-05,106.56559753417967,106.88511455690512,105.43761099297777,105.90236369757778,121776800,0.003624836337001,95.22957191467285,88.52764297485352,110.28357696533205,0.906,0.093,0.022,0.885,2.0
2020-08-06,110.28357696533205,110.77737527223312,106.30900549573542,106.89720218347466,202428800,0.0348891154104384,96.10823783874513,89.19329956054688,107.77618408203124,0.984,0.077,0.031,0.892,2.0
2020-08-07,107.77618408203124,110.26174118969138,106.98080610359244,109.80585245809036,198045600,-0.0227358683159958,96.85342712402344,89.80813079833985,109.34271240234376,0.989,0.093,0.051,0.856,1.0
2020-08-10,109.34271240234376,110.3587604567114,106.69710821737102,109.21903838608284,212403600,0.0145350137755868,97.69836349487304,90.45579315185547,106.09085083007812,0.991,0.103,0.052,0.845,2.0
2020-08-11,106.09085083007812,109.10504168444446,105.8313811445449,108.60793322925056,187902400,-0.0297400851032475,98.30421676635744,91.01948974609375,109.61672973632812,0.998,0.143,0.029,0.827,1.0
2020-08-12,109.61672973632812,109.87377217439806,106.98567459916234,107.17966637873178,165598000,0.0332345237941136,99.0540496826172,91.64649002075195,111.55667114257812,0.0,0.0,0.0,0.0,
2020-08-13,111.55667114257812,112.55817011651828,110.50667052619416,110.99408465160128,210082000,0.01769749390368,99.95909461975096,92.30367218017578,111.45724487304688,0.882,0.069,0.055,0.875,2.0
2020-08-14,111.45724487304688,111.54696624880587,109.65066604650144,111.3820725095563,165565200,-0.0008912624275438,100.86860847473145,92.97242111206054,111.1662826538086,0.0,0.0,0.0,0.0,
2020-08-17,111.1662826538086,112.6018472908006,110.5406527405879,112.57759646308833,119561600,-0.0026105276473475,101.6652988433838,93.59090866088869,112.0925750732422,0.0,0.0,0.0,0.0,
2020-08-18,112.0925750732422,112.51693852673742,110.58426581680664,110.91890789561272,105633600,0.008332494325804,102.57402229309082,94.2184341430664,112.23322296142578,0.9213333333333332,0.07666666666666666,0.032,0.8916666666666666,6.0
2020-08-19,112.23322296142578,113.64453639963617,112.13865437862,112.4999671955,145538000,0.0012547475878013,103.47658576965333,94.79779510498048,114.72362518310548,0.988,0.109,0.067,0.824,2.0
2020-08-20,114.72362518310548,114.8375973733061,112.2574641314498,112.27444044495672,126907200,0.0221895278061794,104.71801109313964,95.38411972045898,120.63561248779295,-0.908,0.065,0.099,0.836,1.0
2020-08-21,120.63561248779295,121.11817195845911,115.66934527196244,115.6814669811538,338054800,0.05153243105116,106.26617050170898,96.1706932067871,122.07844543457033,0.998,0.079,0.021,0.9,1.0
2020-08-24,122.07844543457033,124.91804835697144,120.21609797723066,124.83316679017967,345937600,0.0119602571497976,107.78020820617677,96.97208374023438,121.07697296142578,0.0032000000000000028,0.0686,0.0968,0.8346,5.0
2020-08-25,121.07697296142578,121.42131690614454,119.35769534098384,120.95330633788028,211495600,-0.0082035159407504,109.31957321166992,97.73316085815428,122.7234878540039,0.991,0.084,0.02,0.897,2.0
2020-08-26,122.7234878540039,123.17937664467516,121.32672345710664,122.39127306939878,163022400,0.0135989102824918,110.85472831726074,98.4831625366211,121.25640106201172,0.0,0.0,0.0,0.0,
2020-08-27,121.25640106201172,123.65708422717836,120.11425182681508,123.32486945527224,155552400,-0.011954409197834,112.26085586547852,99.20619430541991,121.05998229980467,-0.103,0.017,0.021,0.962,2.0
2020-08-28,121.05998229980467,122.64588380173387,120.8368851164902,122.2287948592591,187630000,-0.0016198630380476,113.16965980529784,99.92461975097656,125.16539764404295,0.6736666666666666,0.05533333333333334,0.021333333333333333,0.9236666666666666,3.0
2020-08-31,125.16539764404295,127.06655257654673,122.21668415759454,123.74924435405828,225702700,0.0339122414050188,114.15411415100098,100.73488418579102,130.1510467529297,0.997,0.142,0.06,0.799,2.0
2020-09-01,130.1510467529297,130.75244043183687,126.61064913629612,128.77368605712132,151948100,0.0398324872746809,115.35263099670412,101.60056549072266,127.45452117919922,0.0,0.0,0.0,0.0,
2020-09-02,127.45452117919922,133.8369490459464,123.18664339139956,133.45865994566697,200119000,-0.0207184317068872,116.39707717895509,102.37523300170898,117.25041198730467,0.46925,0.119,0.0995,0.78175,8.0
2020-09-03,117.25041198730467,124.97140134269284,116.8818246649217,123.09935930505593,257599600,-0.0800607863690272,116.74541893005372,102.97714080810547,117.32801818847656,0.5505,0.07925,0.0625,0.85825,4.0
2020-09-04,117.32801818847656,119.98574406174012,107.56038329847304,116.46474218511382,332607200,0.0006618842514622,117.22301063537596,103.55745986938476,109.43242645263672,0.3525,0.05375,0.041999999999999996,0.90425,4.0
2020-09-08,109.43242645263672,115.41716207276087,109.29663073421304,110.52849400857392,231366600,-0.067295023454298,117.22749633789064,104.03413604736328,113.7973175048828,0.649,0.218,0.0,0.782,1.0
2020-09-09,113.7973175048828,115.56266939432574,111.799173992742,113.7391214492864,176940500,0.0398866331830378,117.61281967163086,104.55865509033202,110.08230590820312,0.9996666666666667,0.16066666666666665,0.053,0.7863333333333333,3.0
2020-09-10,110.08230590820312,116.88182317054356,109.122034080383,116.74602745349068,182274400,-0.0326458626454027,117.6360984802246,104.99425369262696,108.63705444335938,0.982,0.105,0.035,0.86,1.0
2020-09-11,108.63705444335938,111.77007275174712,106.6971070425851,111.12988655734183,180860300,-0.0131288262261596,117.49011764526368,105.40428756713868,111.89614868164062,0.78,0.048,0.047,0.905,2.0
2020-09-14,111.89614868164062,112.4490333059739,109.41301877590674,111.27536620520716,140150100,0.0299998398794993,117.51206283569336,105.879503326416,112.07074737548828,0.866,0.069,0.0305,0.901,4.0
2020-09-15,112.07074737548828,115.2619613147954,110.1986980858738,114.77697452888816,184642000,0.0015603637471421,117.55728607177734,106.31105819702148,108.76312255859376,0.993,0.12,0.024,0.856,1.0
2020-09-16,108.76312255859376,112.51692255269629,108.67582849841732,111.77004623671576,154679000,-0.0295137214157452,117.39081344604492,106.68207626342772,107.02687072753906,0.975,0.098,0.053,0.849,1.0
2020-09-17,107.02687072753906,108.83102200073318,105.44581661191644,106.42549190334796,178011000,-0.0159636077947221,117.13049583435058,106.97634811401367,103.6319580078125,0.9002000000000001,0.10700000000000001,0.021400000000000002,0.8716000000000002,5.0
2020-09-18,103.6319580078125,107.55065156434694,102.90447793321523,107.08506846077827,287104900,-0.0317201904217967,116.57591247558594,107.1947821044922,106.77471923828124,0.0,0.0,0.0,0.0,
2020-09-21,106.77471923828124,106.88141694986336,100.00429875934016,101.4010634198238,195713800,0.0303261782454387,115.88286781311037,107.47282852172852,108.4527587890625,0.0,0.0,0.0,0.0,
2020-09-22,108.4527587890625,109.47123415071694,105.88233436259476,109.2966385858708,183055400,0.0157157008957944,115.20158348083496,107.79300399780271,103.90359497070312,0.703,0.023,0.004,0.973,1.0
2020-09-23,103.90359497070312,108.74376210707231,103.56409822420848,108.26847702241764,150718700,-0.0419460405540016,114.34291458129884,107.99160018920898,104.97054290771484,0.0,0.0,0.0,0.0,
2020-09-24,104.97054290771484,106.93958810787352,101.84722676940336,102.01212050333626,167743300,0.0102686335089037,113.45526733398438,108.19860961914064,108.90863037109376,0.7298,0.060399999999999995,0.0482,0.8914,5.0
2020-09-25,108.90863037109376,109.06382969318264,104.43705165768294,105.17423363698332,149981400,0.0375161198017341,112.83787879943849,108.50766677856446,111.50816345214844,0.0,0.0,0.0,0.0,
2020-09-28,111.50816345214844,111.85735453793174,109.39362072171006,111.5566650919616,137672400,0.0238689355673382,112.36028785705568,108.87249069213868,110.66429901123048,0.984,0.085,0.017,0.897,2.0
2020-09-29,110.66429901123048,111.84766814275456,110.1599159291002,111.11049343812664,99382200,-0.0075677368794626,111.63523292541504,109.18112716674804,112.3326416015625,0.5606666666666666,0.06733333333333334,0.06033333333333333,0.8723333333333333,3.0
2020-09-30,112.3326416015625,113.73910777869786,110.2084044241761,110.37329816208845,142675200,0.0150757073892704,110.74431266784669,109.54941787719729,113.2832260131836,0.0,0.0,0.0,0.0,
2020-10-01,113.2832260131836,114.18530182393523,112.35205217632898,114.10770215411938,116120400,0.0084622278802342,110.0357479095459,109.93144332885744,109.62640380859376,0.6635,0.2435,0.032,0.7245,4.0
2020-10-02,109.62640380859376,111.90584749739754,108.85042943395284,109.50030991529614,144712000,-0.0322803501743874,109.65454750061036,110.32606903076172,113.001953125,0.0,0.0,0.0,0.0,
2020-10-05,113.001953125,113.14745068204762,110.14053323775404,110.48972441454302,106243800,0.0307913896573668,109.43824424743651,110.7926596069336,109.7622299194336,0.0,0.0,0.0,0.0,
2020-10-06,109.7622299194336,112.63335124814374,108.87955028037824,112.2259566607193,161498200,-0.0286696213293119,109.45473442077636,111.15195037841796,111.62458038330078,0.968,0.13,0.034,0.837,1.0
2020-10-07,111.62458038330078,112.080469227634,110.70310088509402,111.17839334850784,96849000,0.0169671340062438,109.34609756469726,111.57864852905271,111.51786041259766,0.98,0.104,0.046,0.85,1.0
2020-10-08,111.51786041259766,112.90492288741171,111.14926572678704,112.75942537460811,83477200,-0.0009560615622173,109.417875289917,111.96859802246094,113.45780181884766,0.9899999999999999,0.10066666666666667,0.042333333333333334,0.8576666666666667,3.0
2020-10-09,113.45780181884766,113.48689983988513,111.4693531777682,111.81854423083884,100506900,0.0173957911232562,109.6589126586914,112.37507705688476,120.66472625732422,1.0,0.18,0.05,0.769,1.0
2020-10-12,120.66472625732422,121.4213045373118,115.6984583933761,116.45503667336372,240226800,0.0635207480044739,110.0973415374756,112.7306935119629,117.46379852294922,0.6533333333333333,0.08666666666666667,0.044333333333333336,0.8690000000000001,6.0
2020-10-13,117.46379852294922,121.62498605023444,116.05733979847938,121.50858655705257,262330500,-0.0265274520040665,110.36699409484864,112.97044326782226,117.5511245727539,-0.05,0.112,0.157,0.731,2.0
2020-10-14,117.5511245727539,119.33587277286529,116.02826603667376,117.36682718675728,150712000,0.0007434294727632,110.80639419555663,113.1978515625,117.08551025390624,0.0,0.0,0.0,0.0,
2020-10-15,117.08551025390624,117.56079523723751,114.60238025084044,115.15526489684528,112559200,-0.0039609516330869,111.309326171875,113.40824981689452,115.44628143310548,0.0,0.0,0.0,0.0,
2020-10-16,115.44628143310548,117.90032142742068,115.24258781782645,117.6384243504098,115393800,-0.0140002705479612,111.90004234313965,113.51150390625,112.49755096435548,0.9894000000000001,0.1204,0.027600000000000003,0.8513999999999999,5.0
2020-10-19,112.49755096435548,116.80422908289772,112.1871596819352,116.35804207693808,120639300,-0.0255420134121741,112.18618392944336,113.60593124389648,113.98162078857422,0.0,0.0,0.0,0.0,
2020-10-20,113.98162078857422,115.4074834270812,112.15806534871491,112.71095010647144,124423700,0.0131920189506078,112.46262702941894,113.6987094116211,113.36082458496094,0.979,0.083,0.015,0.902,1.0
2020-10-21,113.36082458496094,115.14557257156684,112.9534300225298,113.16682541230044,89946000,-0.0054464588178194,112.93548851013183,113.84410888671874,112.27444458007812,0.994,0.0955,0.0345,0.8694999999999999,4.0
2020-10-22,112.27444458007812,114.49568501963496,111.14927164811972,113.92339674553574,101988000,-0.0095833812859097,113.30068359375,113.89726318359376,111.58576202392578,0.202,0.076,0.066,0.859,1.0
2020-10-23,111.58576202392578,113.05042420827988,110.84858002778375,112.89522488264528,82572600,-0.0061339208466193,113.4345401763916,113.8978450012207,111.595458984375,0.994,0.11399999999999999,0.025500000000000002,0.8605,2.0
2020-10-26,111.595458984375,113.0504192975986,109.49061077367529,110.58668561250266,111850700,8.690141352563074e-05,113.43890495300292,113.90060928344728,113.09891510009766,0.997,0.099,0.057,0.843,2.0
2020-10-27,113.09891510009766,113.75849741390176,111.10077194371064,112.02224386138344,92276800,0.0134723771863616,113.56063575744628,113.93926193237304,107.86105346679688,0.971,0.07,0.021,0.91,2.0
2020-10-28,107.86105346679688,111.9640447506843,107.76405759395712,111.5954574737689,143937800,-0.0463122181911739,113.337056350708,113.85463150024414,111.85736846923828,0.956,0.078,0.017,0.905,1.0
2020-10-29,111.85736846923828,113.41902674173544,108.83104781563942,108.99594897135508,146129200,0.0370505838205224,113.26576347351076,113.8471144104004,105.59130859375,0.986,0.07,0.034,0.896,2.0
2020-10-30,105.59130859375,108.62732277738228,104.48553947126106,107.7252471879508,190272600,-0.0560183022472184,113.06400871276855,113.66446807861328,105.5040054321289,0.3782,0.096,0.047,0.8573999999999999,5.0
2020-11-02,105.5040054321289,107.35665821287547,104.0975469359875,105.83380024244885,122866900,-0.0008268025350172,112.689111328125,113.3618359375,107.1239013671875,0.4584,0.13879999999999998,0.0872,0.7748,5.0
2020-11-03,107.1239013671875,108.14236934595198,105.46524717293195,106.3673230400161,107624400,0.0153538809111912,112.5571949005127,113.06274505615234,111.49845123291016,0.986,0.059,0.011,0.93,2.0
2020-11-04,111.49845123291016,112.1192336829344,108.97652160464789,110.71277506341616,138235500,0.0408363568717315,112.55088844299316,112.87117462158204,115.4559555053711,0.0,0.0,0.0,0.0,
2020-11-05,115.4559555053711,116.02824377297978,113.3608163942021,114.408382249631,126387100,0.0354938048798012,112.74779319763184,112.72582397460936,115.3248062133789,0.0,0.0,0.0,0.0,
2020-11-06,115.3248062133789,115.82034093796346,112.83738439067112,114.96529408792372,114457900,-0.0011359248764442,112.8411434173584,112.60719207763673,113.02198791503906,0.0,0.0,0.0,0.0,
2020-11-09,113.02198791503906,118.53122507296646,112.7596464655049,117.08347300114552,154515300,-0.0199681089780378,112.45900650024414,112.4464321899414,112.68192291259766,-0.5103333333333333,0.057666666666666665,0.11599999999999999,0.826,6.0
2020-11-10,112.68192291259766,114.25598657554706,110.8940882741732,112.27383288243148,138023400,-0.0030088393304233,112.21991271972657,112.1967626953125,116.10210418701172,0.993,0.093,0.048,0.859,1.0
2020-11-11,116.10210418701172,116.23813418126792,113.138585125769,113.86732041488948,112295000,0.030352528480251,112.14746170043944,111.91578384399412,115.8300552368164,0.988,0.063,0.008,0.9289999999999999,3.0
2020-11-12,115.8300552368164,117.1126291713714,115.2082016572188,116.22843412444456,103162300,-0.0023431870774461,112.08468894958496,111.68329452514648,115.87865447998048,0.0,0.0,0.0,0.0,
2020-11-13,115.87865447998048,116.27702600238624,114.5280653795672,116.0535512835704,81581900,0.0004195736854712,112.1063076019287,111.655859375,116.88914489746094,0.9924999999999999,0.1195,0.013000000000000001,0.868,2.0
2020-11-16,116.88914489746094,117.55957633149036,114.80010222486769,115.54826720324448,91183000,0.0087202463820033,112.32588729858398,111.64708190917968,116.00493621826172,0.0,0.0,0.0,0.0,
2020-11-17,116.00493621826172,117.24864320805052,115.58712770640344,116.16040329852451,74271000,-0.0075645063532193,112.42705307006835,111.7785321044922,114.68351745605467,0.0,0.0,0.0,0.0,
2020-11-18,114.68351745605467,116.42276682795456,114.65436922624248,115.24707460935672,76322100,-0.0113910563229895,112.49318771362304,111.79625610351565,115.27618408203124,0.0,0.0,0.0,0.0,
2020-11-19,115.27618408203124,115.6842739883574,113.49806853051076,114.25595190313857,74113000,0.005167844857947,112.64327468872072,111.9001336669922,114.01307678222656,0.0,0.0,0.0,0.0,
2020-11-20,114.01307678222656,115.40253254906612,113.9644988709724,115.27622108410968,73604300,-0.0109572268536044,112.76464042663574,112.00765411376952,110.62201690673828,0.0,0.0,0.0,0.0,
2020-11-23,110.62201690673828,114.2851304944073,110.5248536828197,113.85760341347095,127959300,-0.0297427275115595,112.71596832275392,111.98217147827148,111.9045867919922,0.993,0.103,0.019,0.878,2.0
2020-11-24,111.9045867919922,112.56530706965944,109.39773567263003,110.68031687022992,113874200,0.0115941647161903,112.65625190734865,111.97884826660156,112.7401885986328,0.0,0.0,0.0,0.0,
2020-11-25,112.7401885986328,113.439775552587,111.90457167175173,112.27380223804838,76499200,0.0074670916590204,112.90020866394045,112.05838958740236,113.28433227539062,0.865,0.088,0.027999999999999997,0.8845000000000001,2.0
2020-11-27,113.28433227539062,114.158816151439,112.92482759135008,113.26490259506916,46691300,0.004826527997882,112.97155685424804,112.18353881835938,115.67459869384766,0.0,0.0,0.0,0.0,
2020-11-30,115.67459869384766,117.5401594833683,113.49810369299398,113.6535707986605,169410200,0.0210997087633122,113.47572135925292,112.42439163208007,119.24053955078124,0.06,0.017,0.016,0.968,1.0
2020-12-01,119.24053955078124,119.9692749139944,116.60737666127396,117.57902381222485,127728200,0.0308273458235326,114.16254806518556,112.67370803833008,119.59031677246094,0.987,0.129,0.0,0.871,1.0
2020-12-02,119.59031677246094,119.87209529729247,117.46240743053764,118.5603658923336,89004200,0.0029333750333353,114.78586883544922,112.89645919799804,119.4542999267578,0.0,0.0,0.0,0.0,
2020-12-03,119.4542999267578,120.27047995352808,118.74499426371094,120.01784962535092,78967600,-0.0011373566804904,115.1836612701416,113.20747329711914,118.78384399414062,0.0,0.0,0.0,0.0,
2020-12-04,118.78384399414062,119.37654924842552,118.07453843287112,119.123918956498,78260400,-0.0056126563298958,115.35005569458008,113.48373931884764,120.2413330078125,0.987,0.102,0.057,0.84,2.0
2020-12-07,120.2413330078125,121.038083362331,118.7838623046875,118.84215876062711,86712000,0.0122700946918654,115.59588203430177,113.71039337158204,120.8534698486328,0.9883333333333333,0.13466666666666668,0.042666666666666665,0.8226666666666667,3.0
2020-12-08,120.8534698486328,121.43646406909802,119.60004413555974,120.84375871455,82225500,0.0050909019844327,115.98745613098144,113.89729949951172,118.32717895507812,0.0,0.0,0.0,0.0,
2020-12-09,118.32717895507812,122.37894545635208,117.5692954268489,120.9992083965974,115089200,-0.0209037514331928,116.26971893310548,114.05055709838868,119.74576568603516,0.988,0.092,0.026,0.882,1.0
2020-12-10,119.74576568603516,120.35790799685957,116.74338022789216,117.08345517108472,81312200,0.0119886803985715,116.45190200805663,114.19881958007812,118.9393310546875,0.991,0.094,0.006,0.9,2.0
2020-12-11,118.9393310546875,119.27940607418536,117.13206676469385,118.95876073591047,86939800,-0.0067345565559459,116.6073657989502,114.3119416809082,118.32717895507812,0.997,0.108,0.046,0.846,2.0
2020-12-14,118.32717895507812,119.85266455789508,118.09398573402578,119.12392925566252,79184500,-0.0051467592274242,116.72979202270508,114.4859571838379,124.25424194335938,-0.09950000000000002,0.0645,0.08516666666666667,0.8503333333333334,6.0
2020-12-15,124.25424194335938,124.27367903878984,120.6105649235341,120.81460994707471,157243700,0.0500904613853037,117.098046875,114.71100296020508,124.18620300292967,0.21739999999999998,0.086,0.059199999999999996,0.8548,10.0
2020-12-16,124.18620300292967,124.73032296084445,122.97164423038534,123.79755012617824,98208600,-0.0005475784115338,117.5071102142334,114.999482421875,125.05097198486328,0.923,0.10716666666666667,0.007333333333333334,0.8856666666666667,6.0
2020-12-17,125.05097198486328,125.9060261306018,124.4096813755594,125.24529842903368,94359800,0.0069634867724652,118.02548294067384,115.26801025390624,123.06884002685548,-0.0015000000000000013,0.069,0.11199999999999999,0.8194999999999999,4.0
2020-12-18,123.06884002685548,125.43966160781515,122.5441496402621,125.30363159052206,192541500,-0.0158505921749071,118.41511573791504,115.4990298461914,124.59429168701172,0.0,0.0,0.0,0.0,
2020-12-21,124.59429168701172,124.67202522679209,119.94982017477122,121.47530568083864,121251600,0.0123951087848344,118.9441764831543,115.72175964355468,128.14077758789062,-0.883,0.063,0.079,0.858,2.0
2020-12-22,128.14077758789062,130.59904266881472,125.97399466980124,127.87842881518668,168904800,0.0284642727436332,119.82011451721192,115.87128067016602,127.24688720703124,0.97125,0.093,0.0335,0.87375,4.0
2020-12-23,127.24688720703124,128.6751945398209,127.07198305177502,128.41286054616967,88223700,-0.006975846390867,120.58722953796386,116.06694244384764,128.22828674316406,0.9896666666666666,0.1085,0.028999999999999998,0.8626666666666667,6.0
2020-12-24,128.22828674316406,129.67604646021374,127.38295839338778,127.59672197110412,54930100,0.0077125622298019,121.36163444519045,116.28048568725586,132.814453125,-0.064,0.027,0.0345,0.938,2.0
2020-12-28,132.814453125,133.44601785068772,129.72460743607215,130.1910087492954,124486200,0.0357656371953392,122.3381404876709,116.59506454467774,131.0460205078125,0.5071666666666667,0.07966666666666666,0.006333333333333333,0.9143333333333333,6.0
2020-12-29,131.0460205078125,134.85487480481046,130.53104880605997,134.1358655444837,121047300,-0.0133150615432126,123.10671157836914,116.90705932617188,129.92864990234375,0.875,0.289,0.0,0.711,1.0
2020-12-30,129.92864990234375,132.13429294527648,129.61771571736733,131.7359140805847,96452100,-0.0085265512156634,123.64111709594728,117.25568130493164,128.92787170410156,0.9135,0.2105,0.02325,0.7662500000000001,4.0
2020-12-31,128.92787170410156,130.91975146585497,127.9853727167279,130.27846074381847,99116600,-0.0077025213376293,124.1079948425293,117.55460632324218,125.74087524414062,0.0,0.0,0.0,0.0,
2021-01-04,125.74087524414062,129.82179076341993,123.16600852724952,129.73434606845893,143301900,-0.0247192202728306,124.42232360839844,117.80220733642578,127.29549407958984,0.963,0.056,0.015,0.929,2.0
2021-01-05,127.29549407958984,128.00480720900393,124.7886425294723,125.2356067640872,97664900,0.0123636711803598,124.8479061126709,118.102628326416,123.01053619384766,0.8213333333333334,0.07416666666666667,0.029833333333333333,0.896,6.0
2021-01-06,123.01053619384766,127.33437075749548,122.79677262000745,124.09878374563417,155088000,-0.0336615048059995,124.98636627197266,118.33112380981446,127.20804595947266,0.9059999999999999,0.091,0.0065,0.9025000000000001,2.0
2021-01-07,127.20804595947266,127.89792197499628,124.2348079857969,124.72063157172194,109578200,0.0341231726606761,125.30409507751465,118.6433755493164,128.3059844970703,0.5426666666666666,0.08800000000000001,0.06766666666666667,0.8443333333333333,3.0
2021-01-08,128.3059844970703,128.86954151504634,126.53757990692247,128.67520026141898,105158200,0.0086310463250685,125.80303535461424,118.94751693725586,125.32301330566406,0.94725,0.10875,0.019125,0.872,8.0
2021-01-11,125.32301330566406,126.4792754915705,124.85662694388972,125.5270656786526,100384500,-0.0232488858808792,126.0818977355957,119.2967561340332,125.1481475830078,0.0,0.0,0.0,0.0,
2021-01-12,125.1481475830078,126.01291289609364,123.26314986487158,124.85665049211372,91951100,-0.0013953201255203,126.39233856201172,119.5625717163086,127.17888641357422,0.9179999999999999,0.1046,0.043800000000000006,0.8518000000000001,5.0
2021-01-13,127.17888641357422,127.72300640920702,124.8469393391028,125.10927337732424,88636800,0.0162266790982221,126.83492393493653,119.99432327270507,125.2550277709961,0.1556,0.0596,0.0506,0.8897999999999999,5.0
2021-01-14,125.2550277709961,127.28576659581172,125.10927181431389,127.09144014639318,90221800,-0.0151271857839823,126.88496322631836,120.38934371948244,123.5352020263672,0.9979999999999999,0.13733333333333334,0.043000000000000003,0.8203333333333335,3.0
2021-01-15,123.5352020263672,126.52787663913662,123.39917203606664,125.1287025525268,111598500,-0.0137305924978378,126.85241317749023,120.71756973266602,124.20563507080078,0.8601333333333333,0.10099999999999999,0.038799999999999994,0.8603333333333333,15.0
2021-01-19,124.20563507080078,125.06068915645736,123.34086985277312,124.1570497566328,90757300,0.00542706073602,126.81014633178712,120.97171340942384,128.2865753173828,0.2394,0.08399999999999999,0.041999999999999996,0.8744,5.0
2021-01-20,128.2865753173828,128.7335395413519,124.90524730001776,125.01212908230433,104319500,0.0328563212470656,127.07103309631349,121.22832580566406,132.98931884765625,0.855,0.049,0.0,0.951,2.0
2021-01-21,132.98931884765625,135.70993338633443,129.80231790485385,130.00637029637122,120150900,0.0366581110972741,127.4907844543457,121.5816160583496,135.126953125,0.06720000000000001,0.06720000000000001,0.0512,0.882,5.0
2021-01-22,135.126953125,135.88483658611096,131.19177987621222,132.41604973812463,114459400,0.0160737290473116,127.84009323120117,122.02371536254884,138.8677978515625,0.994875,0.10775,0.019875,0.87225,8.0
2021-01-25,138.8677978515625,140.97627022018892,132.6686847833474,139.01355380816258,157611700,0.0276839271518392,128.4211387634277,122.54743286132812,139.10096740722656,0.609875,0.072125,0.05175,0.876125,8.0
2021-01-26,139.10096740722656,140.20864422957436,137.3617112330404,139.52849439587914,98390600,0.0016790757776206,128.96477279663085,123.00741012573242,138.03219604492188,0.9582857142857143,0.12757142857142859,0.02514285714285714,0.8470000000000001,7.0
2021-01-27,138.03219604492188,140.20869106595407,136.42898412808006,139.36334793740457,140843800,-0.0076834214903466,129.22565994262695,123.45145294189452,133.20310974121094,0.996,0.133,0.031,0.836,4.0
2021-01-28,133.20310974121094,137.9641898687069,132.82416793009364,135.56422012291074,142621100,-0.034985216797821,129.33351440429686,123.79794204711914,128.21856689453125,0.5235,0.11075,0.047,0.8422499999999999,8.0
2021-01-29,128.21856689453125,132.86303917443942,126.51818434944722,131.97883669271752,177523800,-0.037420619205991,129.24801025390624,124.02453048706056,130.33676147460938,0.43220000000000003,0.0678,0.0802,0.8524,5.0
2021-02-01,130.33676147460938,131.54160940158948,127.21776727973176,129.95781964029345,106239800,0.0165201860493455,129.31845474243164,124.3111669921875,131.1626434326172,0.991,0.104,0.004,0.892,2.0
2021-02-02,131.1626434326172,132.4452098565485,130.79341280132044,131.8816527763116,83305400,0.0063365235461116,129.58954315185548,124.64074951171877,130.14239501953125,0.37075,0.0755,0.06874999999999999,0.8552500000000001,4.0
2021-02-03,130.14239501953125,131.92051071941538,129.82174974648763,131.91078476116337,89880900,-0.0077784984076664,129.73188819885254,124.93807373046874,133.49461364746094,0.925,0.126,0.0075,0.8665,2.0
2021-02-04,133.49461364746094,133.50432478243863,130.7739984115147,132.43552171463995,84183100,0.0257580831167782,130.2560920715332,125.32770446777344,133.0810089111328,0.9987999999999999,0.1282,0.0198,0.8523999999999999,5.0
2021-02-05,133.0810089111328,133.72325779067754,132.20522578325316,133.65514858435046,75693800,-0.0030982878262069,130.54974021911622,125.77688430786132,133.2270050048828,0.76675,0.126,0.028999999999999998,0.845,8.0
2021-02-08,133.2270050048828,133.27566293088242,131.29053239728702,132.37067302189544,71297200,0.0010970467908573,130.79579124450683,126.20333267211916,132.35121154785156,0.49441176470588233,0.08329411764705882,0.03235294117647059,0.8842941176470588,17.0
2021-02-09,132.35121154785156,134.1709170758531,132.1955269668042,132.9448026300194,76774200,-0.0065736932013081,131.1472011566162,126.59555313110351,131.7479248046875,0.3016666666666667,0.05466666666666666,0.07666666666666667,0.8686666666666666,6.0
2021-02-10,131.7479248046875,133.30488975603777,130.78455107060373,132.80859956803178,73046600,-0.0045582260721953,131.4771900177002,126.96482498168945,131.49484252929688,0.8654444444444445,0.09677777777777778,0.029333333333333336,0.8741111111111111,9.0
2021-02-11,131.49484252929688,132.72094164331563,130.17142759822354,132.24411789704274,64280000,-0.0019209583434867,131.69298782348633,127.28122985839843,131.7283935546875,0.9970000000000001,0.10422222222222222,0.015888888888888886,0.8796666666666666,9.0
2021-02-12,131.7283935546875,131.88409294253404,130.09359452723146,130.7358433658653,60145100,0.0017761230851209,132.0166561126709,127.53098693847656,129.60702514648438,0.982,0.111,0.081,0.809,1.0
2021-02-16,129.60702514648438,132.3511559058319,129.21777673672364,131.84515524560578,80576300,-0.0161041090000269,132.32024726867675,127.73132110595704,127.32028198242188,0.7665,0.16049999999999998,0.0,0.8394999999999999,2.0
2021-02-17,127.32028198242188,128.6631634845205,125.98714097419074,127.71925617483,97918500,-0.0176436667802379,132.47597961425782,127.88864074707033,126.22068786621094,0.8567,0.10500000000000001,0.0337,0.8617000000000001,10.0
2021-02-18,126.22068786621094,126.50288006540656,123.98255701846796,125.7243978338029,96856700,-0.0086364411002698,132.37268524169923,128.03737762451172,126.37638092041016,0.17609090909090908,0.065,0.06572727272727273,0.8694545454545455,11.0
2021-02-19,126.37638092041016,127.19379548505816,125.3351725587671,126.7364377000899,87668800,0.0012334986984403,132.04203834533692,128.16007858276367,122.61048126220705,0.06715384615384615,0.06807692307692308,0.034076923076923074,0.8981538461538462,13.0
2021-02-22,122.61048126220705,126.23041094448013,122.22124015432108,124.56640502266376,103916400,-0.029799078204137,131.41621475219728,128.19521881103515,122.47425079345705,0.4157,0.0838,0.0382,0.8779999999999999,10.0
2021-02-23,122.47425079345705,123.30138352656304,115.20519947854248,120.43074421044317,158273000,-0.0011110833865717,130.596537399292,128.27816024780273,121.97796630859376,0.27137500000000003,0.089875,0.118875,0.791125,8.0
2021-02-24,121.97796630859376,122.1823162213377,118.94190197736168,121.57899955251936,111039900,-0.0040521536702455,129.74038734436036,128.32280426025392,117.73526763916016,0.4972,0.039400000000000004,0.013600000000000001,0.9470000000000001,5.0
2021-02-25,117.73526763916016,123.0581213384482,117.29737597808456,121.32600598694728,148199500,-0.0347825004615992,128.72554092407228,128.29872299194335,117.99799346923828,0.7091000000000001,0.1179,0.046099999999999995,0.8361000000000001,10.0
2021-02-26,117.99799346923828,121.49141551253577,117.93960247752108,119.29220956982276,164560400,0.0022314964355738,127.96528511047364,128.29213928222657,124.35232543945312,0.5993888888888889,0.11527777777777778,0.04133333333333333,0.8431666666666666,18.0
2021-03-01,124.35232543945312,124.48855870917816,119.48683030882653,120.42100448300808,116307900,0.0538511866464186,127.77197303771972,128.29410095214843,121.75415802001952,0.782125,0.17975,0.009375,0.810875,8.0
2021-03-02,121.75415802001952,125.25731317881322,121.6471165286429,124.95565484356456,102260900,-0.0208935973674142,127.34284286499025,128.24546005249024,118.77648162841795,0.8126428571428572,0.09092857142857143,0.047142857142857146,0.8618571428571429,14.0
2021-03-03,118.77648162841795,122.32829506323422,118.5623986243893,121.4525043304613,112966300,-0.0244564657176796,126.72353477478028,128.11997024536132,116.8983917236328,0.15919999999999998,0.1416,0.097,0.7614,5.0
2021-03-04,116.8983917236328,120.27504677444026,115.4290174341431,118.47481493176636,178155000,-0.0158119678158222,126.06133460998537,127.99656127929688,118.15367889404295,0.8261538461538461,0.11307692307692307,0.03492307692307692,0.8521538461538462,13.0
2021-03-05,118.15367889404295,118.65969453198088,114.40724922583529,117.72552038212189,153766600,0.0107382757957685,125.29428787231446,127.8677490234375,113.22981262207033,0.7296666666666667,0.11183333333333333,0.030111111111111113,0.8579444444444444,18.0
2021-03-08,113.22981262207033,117.74499188213018,113.08384627126932,117.67687524164398,154376600,-0.041673406347239,124.30172805786133,127.5695297241211,117.83257293701172,0.4795,0.09441666666666666,0.030833333333333334,0.87475,12.0
2021-03-09,117.83257293701172,118.77648030379828,115.5944493383936,115.82799105647608,129525800,0.0406497212028791,123.53200645446778,127.3812434387207,116.75241088867188,0.615125,0.1119375,0.0135625,0.874375,16.0
2021-03-10,116.75241088867188,118.88349246045178,116.2366622283132,118.41640913957764,111943300,-0.0091669223663414,122.7520664215088,127.15172592163086,118.67914581298828,0.6776190476190477,0.10552380952380953,0.026761904761904765,0.8677619047619047,21.0
2021-03-11,118.67914581298828,119.89551948779854,117.99797952475684,119.2435449798976,103026500,0.016502742081734,122.09862747192383,126.86901977539064,117.77417755126952,0.7268666666666667,0.09946666666666666,0.021,0.8794666666666667,15.0
2021-03-12,117.77417755126952,117.91041082516712,115.9544870681418,117.1611278187304,88105100,-0.0076253351464525,121.41259422302248,126.60358291625975,120.65453338623048,0.7295454545454546,0.10099999999999999,0.029454545454545455,0.8696363636363637,11.0
2021-03-15,120.65453338623048,120.66426645422422,117.18057052802266,118.14394380720243,92403800,0.0244565990172767,120.8589012145996,126.4181005859375,122.19204711914062,0.6512,0.0864,0.042133333333333335,0.8716,15.0
2021-03-16,122.19204711914062,123.79766203262986,121.36491441345116,122.31854732264156,115227900,0.012743107861421,120.48815231323242,126.28338409423829,121.4038314819336,0.46240625,0.0785,0.051625,0.869875,32.0
2021-03-17,121.4038314819336,122.47423888090718,119.0489262952044,120.7129320932856,111932600,-0.0064506296096218,120.192329788208,126.19664321899414,117.28762817382812,0.23344444444444445,0.08218518518518518,0.05277777777777778,0.865074074074074,27.0
2021-03-18,117.28762817382812,119.8663421601818,117.08327826271947,119.57440947336566,121229700,-0.0339050527307123,119.74567680358886,125.99648590087892,116.76213836669922,0.7288181818181818,0.09918181818181818,0.024545454545454547,0.8763636363636365,22.0
2021-03-19,116.76213836669922,118.163403199646,116.46048007455592,116.67456302671786,185549500,-0.0044803515537895,119.26496467590331,125.87151794433592,120.07068634033205,0.5158076923076923,0.08207692307692308,0.03180769230769231,0.8860769230769231,26.0
2021-03-22,120.07068634033205,120.53777713211232,117.02488910943605,117.09300574322106,111912300,0.0283357946326925,119.13797492980956,125.72877075195312,119.2435531616211,0.5792058823529412,0.09026470588235294,0.04164705882352941,0.8680882352941177,34.0
2021-03-23,119.2435531616211,120.89781850320576,118.85431207414344,120.01230226774646,95467100,-0.0068887186699881,118.97644004821775,125.54752212524414,116.85945892333984,0.6367777777777778,0.08522222222222223,0.02488888888888889,0.8897777777777777,18.0
2021-03-24,116.85945892333984,119.59387224546332,116.84000020937296,119.51602254128296,88530500,-0.0199934853924546,118.72051467895508,125.37825103759764,117.34600830078124,0.45804761904761904,0.08452380952380951,0.04495238095238095,0.8705238095238095,21.0
2021-03-25,117.34600830078124,118.38723138862224,115.79878440882976,116.32425877519718,98844700,0.0041635429594157,118.70105171203612,125.22220825195312,117.94932556152344,0.7817368421052632,0.10010526315789474,0.01994736842105263,0.8799473684210527,19.0
2021-03-26,117.94932556152344,118.2120664416162,115.720928023681,117.1124598512715,94071200,0.0051413530760737,118.6986183166504,125.0376170349121,118.12449645996094,0.7089666666666666,0.08736666666666666,0.024133333333333333,0.8884666666666666,30.0
2021-03-29,118.12449645996094,119.28248673827066,117.4822549291758,118.3775042989523,80819200,0.0014851369230266,118.38722686767578,124.8950064086914,116.6745834350586,0.49218181818181816,0.08981818181818181,0.0325,0.8776363636363637,22.0
2021-03-30,116.6745834350586,117.16113298447571,115.66255948137214,116.87893335491496,85671900,-0.0122744483011938,118.13324813842772,124.75779403686523,118.8640594482422,0.405825,0.08,0.031625,0.88835,40.0
2021-03-31,118.8640594482422,120.19720049628938,117.8909603245139,118.37750988637804,118323800,0.018765663855164,118.13762702941897,124.65096252441408,119.69117736816406,0.58268,0.08310000000000001,0.02704,0.8897400000000001,50.0
2021-04-01,119.69117736816406,120.83943448866228,119.1948947978738,120.33342627373456,75089100,0.0069585198735537,118.2772663116455,124.47905456542968,122.51317596435548,0.7213214285714286,0.09289285714285714,0.018571428571428572,0.8885357142857143,28.0
2021-04-05,122.51317596435548,122.76618380455446,119.75930377924526,120.53778601486208,88651200,0.023577331748614,118.49524116516112,124.26953170776368,122.81483459472656,0.7338148148148148,0.13655555555555554,0.028185185185185185,0.8351851851851853,27.0
2021-04-06,122.81483459472656,123.71008397089405,122.26990148299974,123.09703422020137,80171300,0.002462254594223,118.97449226379396,124.0232893371582,124.4593734741211,0.5737142857142857,0.12471428571428572,0.035666666666666666,0.8397619047619048,21.0
2021-04-07,124.4593734741211,124.47883218903851,121.77361794195266,122.44505868103396,83466700,0.0133903928203893,119.30583229064942,123.73512084960936,126.8531723022461,0.5059166666666667,0.08920833333333333,0.036166666666666666,0.874625,24.0
2021-04-08,126.8531723022461,126.88236408117513,125.06267390248308,125.48109929933943,88844600,0.0192335760763149,119.81087036132811,123.49016494750975,129.4221649169922,0.2017142857142857,0.07278571428571429,0.0360952380952381,0.8912380952380953,42.0
2021-04-09,129.4221649169922,129.4610823431084,125.987126690143,126.3082511367721,106686700,0.0202517017755385,120.34802131652832,123.31796432495118,127.70952606201172,0.5000689655172414,0.11751724137931034,0.02220689655172414,0.8603448275862069,29.0
2021-04-12,127.70952606201172,129.2762161435529,127.11593504109705,128.95509167174853,91420000,-0.0132329640450606,120.84478874206545,123.20809265136718,130.8136749267578,0.6908275862068965,0.08024137931034482,0.022275862068965518,0.8975172413793103,29.0
2021-04-13,130.8136749267578,131.0374983592836,128.3809277339075,128.8772176641677,91266500,0.0243063220142154,121.3527458190918,123.25999481201173,128.47825622558594,0.56464,0.06436,0.02948,0.9061199999999999,25.0
2021-04-14,128.47825622558594,131.36836136344672,128.11821435701262,131.3099778007929,87222800,-0.0178530165327093,121.66705627441408,123.22282470703124,130.88185119628906,0.4989166666666667,0.08650000000000001,0.021541666666666667,0.8919166666666666,24.0
2021-04-15,130.88185119628906,131.36840082898902,130.04498523411246,130.220150823009,89347100,0.018708184881361,122.14095726013184,123.21720886230467,130.5509490966797,0.6219,0.09025,0.0182,0.8915,20.0
2021-04-16,130.5509490966797,131.0472241792983,129.6946173321828,130.68718234573052,84922400,-0.0025282504532512,122.80412330627442,123.22537994384766,131.21266174316406,0.5211904761904762,0.10509523809523809,0.030142857142857145,0.8646666666666667,21.0
2021-04-19,131.21266174316406,131.82571884662076,129.75301328602865,129.91843832937323,94264200,0.0050686161308128,123.52664947509766,123.17974090576172,129.52920532226562,0.34281481481481485,0.09907407407407406,0.03888888888888889,0.8621481481481481,27.0
2021-04-20,129.52920532226562,131.88410306298763,128.26417368348118,131.38782793049364,94812300,-0.0128299845345233,123.99957542419432,123.10870483398438,129.90872192382812,0.6352295081967213,0.07955737704918033,0.023950819672131148,0.8964426229508197,61.0
2021-04-21,129.90872192382812,130.15199668398512,127.76790700410928,128.7993896114448,68847100,0.0029299693502964,124.53283386230468,123.04233917236328,128.39071655273438,0.1821607142857143,0.067625,0.04580357142857143,0.8865357142857143,56.0
2021-04-22,128.39071655273438,130.54125756563838,127.87497514158638,129.46111681150813,84566500,-0.0116851690064646,125.1093967437744,122.96312927246092,130.70668029785156,0.4972333333333333,0.09566666666666666,0.049499999999999995,0.8548333333333333,30.0
2021-04-23,130.70668029785156,131.48514771146148,128.60478264515086,128.60478264515086,78657500,0.0180384050132311,125.77743034362793,122.94230438232422,131.0959014892578,0.7212272727272727,0.09925,0.03368181818181818,0.8670681818181819,44.0
2021-04-26,131.0959014892578,131.426751593288,129.9671030596472,131.20294297565732,66905100,0.0029778217189764,126.43475914001463,122.93432556152344,130.77479553222656,0.48180392156862745,0.08609803921568628,0.03311764705882353,0.8808039215686274,51.0
2021-04-27,130.77479553222656,131.76736083305914,130.5023289552631,131.3781122600293,66015800,-0.0024493973753829,127.06727409362792,122.9152536010742,129.98660278320312,0.50536,0.08299999999999999,0.0277,0.88936,50.0
2021-04-28,129.98660278320312,131.38786811328342,129.50005314627617,130.69696109558785,107760100,-0.0060270998384333,127.73287506103516,122.9228451538086,129.88925170898438,0.6073647058823529,0.09897647058823529,0.026435294117647057,0.8745529411764706,85.0
2021-04-29,129.88925170898438,133.38268843991688,128.886960916459,132.79882309453924,151101000,-0.000748931598598,128.28413467407228,122.97422454833983,127.92362213134766,0.5173,0.09144999999999999,0.03196,0.87664,100.0
2021-04-30,127.92362213134766,129.96712145874997,127.5441140528076,128.23500614148355,109839500,-0.0151331195751338,128.69575691223145,123.00828323364256,128.97451782226562,0.21304918032786885,0.07365573770491804,0.06770491803278689,0.8585901639344262,61.0
2021-05-03,128.97451782226562,130.4633727552625,128.283625938946,128.48796838679135,75135100,0.0082150245076624,129.01882400512696,123.06024597167968,124.41069793701172,0.45838,0.09566000000000001,0.04152,0.8627800000000001,50.0
2021-05-04,124.41069793701172,127.95278490720769,123.2916326716947,127.66085225567952,137564700,-0.0353854386301573,129.0986171722412,123.0962503051758,124.65397644042967,0.43072727272727274,0.08848484848484849,0.043151515151515156,0.8684545454545454,33.0
2021-05-05,124.65397644042967,126.94074997232988,124.52746883053813,125.7243763335603,84000900,0.0019554468180955,129.10834732055665,123.13984481811524,126.24986267089844,0.6374642857142857,0.11035714285714285,0.03421428571428571,0.8555357142857142,28.0
2021-05-06,126.24986267089844,126.25958831497178,123.71006640231248,124.44962368045476,78128300,0.0128025296588223,129.07818183898925,123.22528274536133,126.92243957519533,0.6551071428571429,0.09896428571428571,0.04217857142857143,0.8587857142857143,28.0
2021-05-07,126.92243957519533,127.9459170756659,126.21086004578888,127.5462801379204,78973300,0.0053273476110633,128.9531955718994,123.40902618408204,123.64728546142578,0.5023703703703704,0.09266666666666667,0.040407407407407406,0.8669259259259259,27.0
2021-05-10,123.64728546142578,126.26936319427196,123.60829449035424,126.14265555263232,88071200,-0.0258043741101364,128.7500835418701,123.52201202392578,122.73102569580078,0.6675,0.125,0.02538888888888889,0.8496666666666667,18.0
2021-05-11,122.73102569580078,123.08192956770212,119.67029762868589,120.38186984814408,126142800,-0.007410269964324,128.3459510803223,123.48958602905272,119.6702880859375,0.09229032258064515,0.056225806451612896,0.08812903225806452,0.8556129032258065,31.0
2021-05-12,119.6702880859375,121.4930768252382,119.16342036759428,120.28438654552215,112172300,-0.024938580872367,127.90555267333984,123.44790863037107,121.81473541259766,0.21210344827586206,0.08206896551724138,0.06279310344827586,0.8552413793103448,29.0
2021-05-13,121.81473541259766,122.96494285084452,121.12266251691544,121.43458279999426,105861300,0.0179196303523576,127.45219688415528,123.5086737060547,124.23212432861328,0.6705333333333333,0.07993333333333334,0.0274,0.8927999999999999,15.0
2021-05-14,124.23212432861328,124.66101753625983,122.67252280548946,123.06242504546208,81918000,0.0198447988072025,127.13625564575196,123.6553483581543,123.08191680908205,0.4594642857142857,0.08735714285714287,0.04625,0.8665714285714285,28.0
2021-05-17,123.08191680908205,123.72525662054228,122.0096912267483,123.61803331863224,74244600,-0.0092585353888723,126.72971839904784,123.75391311645508,121.69776916503906,0.4632045454545455,0.08906818181818182,0.04286363636363636,0.868090909090909,44.0
2021-05-18,121.69776916503906,123.78373756646234,121.62953683178752,123.36459396598384,63342900,-0.0112457433222297,126.33814659118651,123.92327224731446,121.54183197021484,0.6422424242424242,0.09327272727272727,0.022727272727272728,0.883939393939394,33.0
2021-05-19,121.54183197021484,121.76602077062454,119.75803398561096,120.0504625668393,92612000,-0.0012813480139701,125.91980209350588,123.99745742797852,124.0956573486328,0.42865625,0.08821875,0.04075,0.87115625,32.0
2021-05-20,124.0956573486328,124.49530918227134,121.94145662294912,122.06817912472064,76857100,0.0210119046012389,125.70504913330078,124.14432235717771,122.2631378173828,0.44888888888888895,0.08466666666666667,0.02588888888888889,0.8893703703703705,27.0
2021-05-21,122.2631378173828,124.76825004025154,122.04869119774337,124.59279439116176,79295400,-0.0147669916127826,125.28287200927734,124.21600219726562,123.89095306396484,0.48258139534883726,0.08788372093023256,0.053651162790697676,0.8584651162790699,43.0
2021-05-24,123.89095306396484,124.70974844818085,122.76024483604364,122.8284771649978,63092900,0.0133140313232709,124.9226245880127,124.33833770751951,123.69601440429688,0.49870967741935485,0.08370967741935484,0.027870967741935485,0.888483870967742,31.0
2021-05-25,123.69601440429688,125.08016771850949,123.13065653206684,124.59278434432386,72009500,-0.001573469691264,124.5686855316162,124.39916732788086,123.64728546142578,0.5839629629629629,0.1132962962962963,0.04666666666666667,0.840074074074074,27.0
2021-05-26,123.64728546142578,124.17365241574042,123.228141818366,123.75450877268064,56575900,-0.0003939410910348,124.25171966552736,124.42827209472657,122.11693572998048,0.6552962962962964,0.1068888888888889,0.038814814814814816,0.8543703703703704,27.0
2021-05-27,122.11693572998048,124.41735116472776,121.9219882945346,123.2476516785167,94625600,-0.0123767353705693,123.86310386657716,124.4425341796875,121.46381378173828,0.8178823529411765,0.1418235294117647,0.021058823529411765,0.8371176470588235,17.0
2021-05-28,121.46381378173828,122.62377072126802,121.40533105764956,122.3995745509854,71311100,-0.0053483322713431,123.54011344909668,124.52605789184572,121.14216613769533,0.5169444444444444,0.08261111111111112,0.03744444444444445,0.8797777777777778,36.0
2021-06-01,121.14216613769533,122.18515038351808,120.8107540580726,121.9219706400981,67637100,-0.0026480943914781,123.14849586486817,124.61365844726562,121.90248107910156,0.7427222222222222,0.09088888888888888,0.02938888888888889,0.8799444444444444,18.0
2021-06-02,121.90248107910156,122.07793673418138,120.91798692698966,121.14217571934483,59278900,0.0062762204577226,123.02308502197266,124.65029434204102,120.42086029052734,0.5938947368421053,0.10302631578947369,0.039473684210526314,0.857421052631579,38.0
2021-06-03,120.42086029052734,121.69778300232346,120.02120840977952,121.5320769508381,76229200,-0.0121541479341409,122.81142921447754,124.67384048461912,122.7115249633789,0.712,0.1098,0.0292,0.8612666666666667,15.0
2021-06-04,122.7115249633789,122.97471215998662,120.72303005127525,120.93747667465416,75169300,0.019022158348023,122.63451232910155,124.79088180541991,122.72127532958984,0.5247567567567568,0.10205405405405404,0.02983783783783784,0.868108108108108,37.0
2021-06-07,122.72127532958984,123.13066937489864,121.67829101219802,122.9844550910691,71057600,7.945762399952372e-05,122.4244541168213,124.8983871459961,123.5400619506836,0.6472173913043479,0.09934782608695653,0.028507246376811596,0.8721304347826087,69.0
2021-06-08,123.5400619506836,125.21664395698274,123.02344459916289,123.40359727053726,74403800,0.0066719207317129,122.41909294128418,125.0102018737793,123.92020416259766,0.6162105263157894,0.09597368421052631,0.03607894736842105,0.8678947368421052,38.0
2021-06-09,123.92020416259766,124.52455300706954,123.32560491924684,123.99818609803276,56877900,0.0030770764229162,122.47855186462402,125.12611602783204,122.92595672607422,0.814111111111111,0.13211111111111112,0.031629629629629626,0.8361481481481482,27.0
2021-06-10,122.92595672607422,124.953442364302,122.7602506959565,123.81297704481985,71186400,-0.0080232875925452,122.64133529663086,125.25114349365236,124.1346435546875,0.41768,0.0818,0.02484,0.8934799999999999,25.0
2021-06-11,124.1346435546875,124.2223750861466,122.91620377217826,123.33534735483208,53522400,0.009832641215937,122.75733070373536,125.35655517578124,127.18558502197266,0.5858484848484848,0.08884848484848484,0.028393939393939395,0.8827575757575757,33.0
2021-06-14,127.18558502197266,127.24406773840047,123.86168592215144,124.59274962455731,96906500,0.0245776793642709,122.90500373840332,125.50644332885742,126.3668441772461,0.5370303030303031,0.09581818181818182,0.03387878787878788,0.8701818181818182,33.0
2021-06-15,126.3668441772461,127.30261260822044,126.12315618593904,126.65927274152148,62746300,-0.0064373713780937,123.06925010681152,125.58351669311524,126.86397552490234,0.6738378378378378,0.09245945945945945,0.026864864864864866,0.8806216216216216,37.0
2021-06-16,126.86397552490234,127.58529740869534,125.21665702603656,127.07842216944792,91815000,0.0039340330993702,123.32756042480467,125.66449951171874,128.46255493164062,0.7925,0.10030555555555556,0.02125,0.878361111111111,36.0
2021-06-17,128.46255493164062,129.20337594415264,126.37658632134162,126.52280804022224,96721700,0.0126007355525801,123.67359657287598,125.74456314086916,127.16612243652344,0.688,0.0987,0.027100000000000003,0.8741,20.0
2021-06-18,127.16612243652344,128.1895998960208,126.95167585727803,127.40981037898122,108953300,-0.010091909629285,123.82711982727052,125.75082214355469,128.9596405029297,0.7929310344827587,0.11824137931034483,0.020655172413793103,0.8610689655172414,29.0
2021-06-21,128.9596405029297,129.06686377457612,125.94766160876556,127.01013729010695,79663300,0.0141037410911188,124.16194496154785,125.74157165527345,130.59722900390625,0.589219512195122,0.09753658536585366,0.026487804878048783,0.8759268292682926,41.0
2021-06-22,130.59722900390625,130.69471012361893,128.2968143898753,128.79394727746697,74783600,0.0126984573979125,124.49725875854492,125.79932571411132,130.32432556152344,0.7422820512820513,0.1026923076923077,0.02158974358974359,0.8757948717948718,39.0
2021-06-23,130.32432556152344,130.92868185123652,129.8661909803765,130.39256533356104,60214200,-0.0020896572191025,124.82867431640624,125.78953872680664,130.04165649414062,0.5812727272727273,0.10327272727272727,0.031575757575757576,0.8651212121212121,33.0
2021-06-24,130.04165649414062,131.240597184488,129.5737648661965,131.05539194095186,68711000,-0.0021689662782822,125.148392868042,125.82080673217772,129.7492218017578,0.6887045454545455,0.09379545454545454,0.030181818181818185,0.8759999999999999,44.0
2021-06-25,129.7492218017578,130.5095270692511,129.45679326652197,130.09039090512184,70783700,-0.0022487770478069,125.53000717163086,125.79815414428712,131.37705993652344,0.5764705882352942,0.09547058823529411,0.04352941176470588,0.8609411764705882,17.0
2021-06-28,131.37705993652344,131.835194519561,129.98317185834844,130.04165459260284,62111300,0.0125460338964713,126.02566947937012,125.81467636108398,132.887939453125,0.7956399999999999,0.10232,0.023399999999999997,0.87428,25.0
2021-06-29,132.887939453125,133.04390333984907,130.95793469390316,131.39657011097157,64556100,0.0115003297937368,126.6129581451416,125.8481819152832,133.50201416015625,0.2980277777777778,0.07777777777777778,0.030500000000000003,0.8916666666666667,36.0
2021-06-30,133.50201416015625,133.94064949902392,132.43952338561445,132.73195190270366,63261400,0.0046209965295447,127.19293479919432,125.92763809204102,133.80419921875,0.5414857142857142,0.11534285714285714,0.03288571428571429,0.8518,35.0
2021-07-01,133.80419921875,133.86268195374564,132.3323143115352,133.15111722207564,52485800,0.0022635243407731,127.86210174560549,126.00554763793946,136.42626953125,0.7491290322580645,0.11090322580645162,0.024741935483870967,0.8645483870967742,31.0
2021-07-02,136.42626953125,136.46525305919846,134.27206149217562,134.41826831389758,78852600,0.0195963230437432,128.54783897399903,126.16625869750976,138.43423461914062,0.6376999999999999,0.10115,0.0211,0.8776999999999999,20.0
2021-07-06,138.43423461914062,139.53569387856405,136.53347186094717,136.53347186094717,108181800,0.0147183170425302,129.33348693847657,126.32080978393554,140.91986083984375,0.31816666666666665,0.0785,0.06566666666666666,0.855875,24.0
2021-07-07,140.91986083984375,141.23177365056304,139.05808151749494,139.91585290212095,104911600,0.0179552856093838,130.20247688293458,126.51728897094726,139.6234588623047,0.51221875,0.12684375,0.02603125,0.8470624999999999,32.0
2021-07-08,139.6234588623047,140.42274763655988,137.11833949517367,138.00536723887996,105575500,-0.0091995689593564,130.9876396179199,126.69426223754884,141.4462432861328,0.08259999999999999,0.07215,0.03805,0.8897,20.0
2021-07-09,141.4462432861328,141.97260274724476,139.04834716131978,139.1458282969305,99890800,0.0130550012059631,131.91365394592285,126.92345504760742,140.8516387939453,0.45683999999999997,0.09536,0.0394,0.86528,25.0
2021-07-12,140.8516387939453,142.62569425576672,140.36426288116348,142.51847096001342,76299700,-0.004203748918129,132.74950370788574,127.14270278930664,141.96287536621094,0.6222857142857142,0.09914285714285713,0.024523809523809524,0.8762857142857143,21.0
2021-07-13,141.96287536621094,143.7369310790402,140.00362927408963,140.39352411006757,100827100,0.0078894117369219,133.48836822509764,127.42348785400392,145.3842315673828,0.41224999999999995,0.08153571428571428,0.03435714285714286,0.8840357142857143,28.0
2021-07-14,145.3842315673828,145.79364043052715,143.95134516697595,144.3607540301203,127050800,0.0241003585785795,134.4392375946045,127.75168212890624,144.73118591308594,0.547603448275862,0.08734482758620689,0.02481034482758621,0.8878793103448276,58.0
2021-07-15,144.73118591308594,146.21281325196273,143.37628110522587,145.4720070192926,106820300,-0.0044918602743668,135.33259811401368,128.15809188842775,142.69395446777344,0.6514000000000001,0.11783333333333333,0.031433333333333334,0.8507666666666667,30.0
2021-07-16,142.69395446777344,145.9788641734468,142.196836268165,144.71169838540143,93251400,-0.0140759673353045,136.0441680908203,128.5188914489746,138.85340881347656,0.6482758620689656,0.08855172413793104,0.03020689655172414,0.8813103448275862,29.0
2021-07-19,138.85340881347656,140.43251704679776,138.0931035014654,140.12058929133983,121434600,-0.0269145645912016,136.62853240966797,128.77096237182616,142.45997619628906,0.6278571428571429,0.10478571428571429,0.036071428571428574,0.8591428571428572,14.0
2021-07-20,142.45997619628906,143.3860023478585,139.35053030452949,139.83790622702588,96350000,0.0259739203641535,137.30354919433594,129.08171310424805,141.7289276123047,0.43165714285714285,0.08211428571428572,0.03377142857142857,0.8840571428571429,35.0
2021-07-21,141.7289276123047,142.4405072449087,140.97837931958148,141.85565012536404,74993500,-0.0051316068098811,137.86013412475586,129.4433459472656,143.09356689453125,0.5060454545454546,0.09404545454545454,0.025454545454545452,0.8805,22.0
2021-07-22,143.09356689453125,144.45821346206498,142.1285572602189,142.25527975346566,77338200,0.0096285162472935,138.49859619140625,129.85059677124025,144.80911254882812,0.5711379310344827,0.08603448275862069,0.03410344827586207,0.8799310344827587,29.0
2021-07-23,144.80911254882812,144.96507639303513,143.2105203295334,143.82461867014172,71447400,0.011988978201664,139.23696899414062,130.35337326049805,145.2283172607422,0.63656,0.096,0.022160000000000003,0.88188,25.0
2021-07-26,145.2283172607422,146.04710543551434,143.9708787526298,144.5264945756414,72434100,0.0028948779847863,140.01092376708985,130.82164489746094,143.06436157226562,0.5159736842105263,0.07689473684210527,0.021342105263157895,0.901842105263158,38.0
2021-07-27,143.06436157226562,145.44275893789174,141.87516288945258,145.35501995009983,104818600,-0.0149003701846341,140.59528884887695,131.19828964233398,141.3195037841797,0.46721428571428575,0.08873214285714286,0.024214285714285716,0.8871607142857142,56.0
2021-07-28,141.3195037841797,143.25926511063363,138.9411071473103,141.1537977724019,118931200,-0.0121963133858781,141.0168670654297,131.56304138183594,141.96287536621094,0.4672941176470588,0.08215294117647058,0.03209411764705883,0.885764705882353,85.0
2021-07-29,141.96287536621094,142.84990322262558,140.92964066468824,141.03686397561236,56699500,0.0045526028948827,141.4399101257324,131.96834350585937,142.1772918701172,0.5325,0.09326666666666666,0.04126666666666667,0.8653333333333334,30.0
2021-07-30,142.1772918701172,142.635426385787,140.4714762953773,140.73466343435456,70440600,0.0015103702524561,141.8585647583008,132.38105270385742,141.845947265625,0.386103448275862,0.10620689655172413,0.045137931034482756,0.8487241379310345,29.0
2021-08-02,141.845947265625,143.23983580138477,141.58276000154768,142.66473556104495,62880000,-0.0023305029947741,142.12954864501953,132.73605850219727,143.63946533203125,0.6371578947368421,0.11178947368421054,0.04852631578947369,0.8396842105263158,19.0
2021-08-03,143.63946533203125,144.30228959895825,141.51449808960257,142.12859665195967,64786600,0.0126441262579581,142.38981018066406,133.16358505249025,143.2398223876953,0.6725454545454546,0.08663636363636364,0.024636363636363637,0.8888181818181817,22.0
2021-08-04,143.2398223876953,144.05861060643986,142.58674024606307,143.55175020828588,56368300,-0.0027822642155631,142.50580825805665,133.55056243896485,143.34701538085938,0.3934285714285714,0.09635714285714285,0.04871428571428572,0.8548571428571429,14.0
2021-08-05,143.34701538085938,144.107320690727,142.47948676454712,143.26903344221475,46397700,0.0007483463144344,142.69198608398438,133.94358245849608,142.6636505126953,0.2240769230769231,0.06976923076923078,0.05003846153846154,0.8801538461538462,26.0
2021-08-06,142.6636505126953,143.6105775396916,142.16578765248929,142.86866162914254,54126800,-0.0047672068117248,142.7528564453125,134.32390975952148,142.61485290527344,0.4018529411764706,0.09064705882352941,0.04647058823529412,0.8630882352941176,34.0
2021-08-09,142.61485290527344,143.21034301067533,142.05841963396023,142.72223685529076,48908700,-0.0003420465356558,142.8410171508789,134.73386810302733,142.1365203857422,0.4141818181818182,0.08009090909090909,0.04436363636363636,0.8758181818181818,11.0
2021-08-10,142.1365203857422,144.19632898598317,141.84365370926938,142.95653516321173,69023100,-0.0033540161475955,142.84969940185547,135.14732223510742,142.3903350830078,0.6415238095238095,0.08904761904761904,0.02419047619047619,0.8867619047619048,21.0
2021-08-11,142.3903350830078,143.2298783064216,142.06818321748432,142.57581781429272,48493500,0.0017857106433787,142.70000457763672,135.57228561401368,145.3482208251953,0.619,0.09263636363636363,0.020863636363636362,0.8863636363636364,22.0
2021-08-12,145.3482208251953,145.50441833818107,142.37077090309373,142.71245110077322,72282600,0.0207730794401401,142.7308563232422,136.04120040893554,145.55325317382812,0.34514285714285714,0.06614285714285714,0.04342857142857143,0.8904761904761904,21.0
2021-08-13,145.55325317382812,145.88516176552068,144.74299521470792,145.42634081402107,59375000,0.001410628540678,142.87382125854492,136.54384826660157,147.5252227783203,0.40344,0.0842,0.04256,0.8732,25.0
2021-08-16,147.5252227783203,147.59356480078714,142.9858407795006,145.00659283395282,103296000,0.0135480970812595,143.30741195678712,137.04012222290038,146.61734008789062,0.41265,0.0732,0.0405,0.8862500000000001,20.0
2021-08-17,146.61734008789062,148.0718870042623,145.5435005089824,146.6563820290242,92229700,-0.0061540845242031,143.5152801513672,137.5180435180664,142.87844848632812,0.6827727272727273,0.09536363636363636,0.027954545454545454,0.8765909090909091,22.0
2021-08-18,142.87844848632812,147.13473517673972,142.67343732669485,146.2366215497856,86326000,-0.0255010191790493,143.57275619506837,137.9048112487793,143.2103729248047,0.16435294117647056,0.07717647058823529,0.05252941176470588,0.8702352941176471,17.0
2021-08-19,143.2103729248047,144.47945217305653,141.06270837166667,141.5800998127829,86960300,0.0023231245999169,143.57859649658204,138.29061462402345,144.66488647460938,0.25434615384615383,0.09219230769230768,0.05307692307692307,0.8546923076923078,26.0
2021-08-20,144.66488647460938,144.9675098694575,143.28842371499448,143.93272733385453,60549600,0.0101564818252963,143.5713851928711,138.72539321899413,146.14874267578125,0.4162307692307692,0.07007692307692308,0.034846153846153846,0.8951538461538462,26.0
2021-08-23,146.14874267578125,146.6173203855108,144.3720292286724,144.78203658666283,60131800,0.0102571967346913,143.61740646362304,139.165675201416,146.06088256835938,0.4426666666666667,0.08793333333333334,0.026933333333333333,0.8851333333333333,15.0
2021-08-24,146.06088256835938,147.27139120779157,145.60206158624177,145.89492826143862,48606400,-0.0006011690953564,143.76723251342773,139.54318115234375,144.8308868408203,0.62425,0.11895,0.0338,0.8473499999999999,20.0
2021-08-25,144.8308868408203,146.7442698916124,144.28421022511418,146.24639198416384,58991300,-0.0084211166323974,143.94280166625975,139.91246200561525,144.03036499023438,0.5638846153846153,0.10103846153846154,0.03792307692307692,0.8610384615384615,26.0
2021-08-26,144.03036499023438,145.57278230599707,144.00107981111,144.82110951404735,48597200,-0.0055272868104837,144.04617614746093,140.25578979492187,145.06517028808594,0.7426153846153846,0.09638461538461539,0.019769230769230768,0.8839230769230769,13.0
2021-08-27,145.06517028808594,145.2115961914639,143.33727014912955,143.97180225819312,55802400,0.0071846328926663,144.19057006835936,140.5878421020508,149.4776153564453,0.5036451612903226,0.1152258064516129,0.031903225806451614,0.8528709677419355,31.0
2021-08-30,149.4776153564453,149.83882401907485,145.07490345956626,145.45562564226032,90956700,0.0304169847220849,144.5721534729004,141.0340719604492,148.21835327148438,0.5661428571428572,0.08502857142857143,0.022314285714285714,0.8926,35.0
2021-08-31,148.21835327148438,149.1652806367618,147.6911901527622,149.02861147557854,86453100,-0.008424419147697,144.80109786987305,141.41924621582032,148.88211059570312,0.5194054054054054,0.09816216216216217,0.031270270270270274,0.8705405405405405,37.0
2021-09-01,148.88211059570312,151.29335581344367,148.71615631662897,149.19450563571235,80313700,0.0044782397696929,145.08321228027344,141.78494384765625,149.99501037597656,0.507483870967742,0.09393548387096774,0.034967741935483874,0.8711612903225806,31.0
2021-09-02,149.99501037597656,151.03956466217258,148.77474502994417,150.20977826854366,71115500,0.0074750403243246,145.4156120300293,142.1783575439453,150.62957763671875,0.5205714285714286,0.08323809523809524,0.032,0.8847857142857143,42.0
2021-09-03,150.62957763671875,150.95172951907767,149.44835406806936,150.10241459437898,57808700,0.0042305891319422,145.81390838623048,142.59011596679687,152.9627227783203,0.13447058823529415,0.08105882352941177,0.04211764705882353,0.876764705882353,17.0
2021-09-07,152.9627227783203,153.51915609845358,150.71743128739138,151.28363626481303,82278300,0.0154892895419818,146.3313018798828,143.05438598632813,151.42031860351562,0.5834736842105264,0.06968421052631579,0.016026315789473684,0.9142631578947368,38.0
2021-09-08,151.42031860351562,153.30440154284446,150.31719373274197,153.24583117728486,74420200,-0.0100835298090241,146.79549179077148,143.45525115966797,150.405029296875,0.28700000000000003,0.07245161290322581,0.042,0.8855806451612903,31.0
2021-09-09,150.405029296875,152.39649574316758,150.2878736971047,151.7912489116524,57305700,-0.0067051061310938,147.19622650146485,143.80559295654297,145.4263458251953,0.7898695652173914,0.1117391304347826,0.019739130434782606,0.8685652173913043,23.0
2021-09-10,145.4263458251953,151.78148246152148,145.16276433644302,151.3129047338198,140893200,-0.0331018417067197,147.20013275146485,144.04407958984376,145.99252319335938,0.45936231884057965,0.07620289855072464,0.04123188405797102,0.8824927536231885,69.0
2021-09-13,145.99252319335938,147.81803506194143,145.21155053067017,147.04683405361763,102404300,0.003893224195048,147.22209625244142,144.28784606933593,144.59652709960938,0.15267999999999998,0.06826,0.03916,0.89262,50.0
2021-09-14,144.59652709960938,147.47636462391318,143.41531883609252,146.77349074156675,109296300,-0.009562106765571,147.07566146850587,144.4512512207031,145.4849090576172,0.34120560747663553,0.06164485981308411,0.03152336448598131,0.906841121495327,107.0
2021-09-15,145.4849090576172,145.88515965134906,142.88818092204215,145.02608811276684,83281300,0.0061438678772403,147.0190399169922,144.59226470947266,145.25062561035156,0.3585217391304348,0.09154347826086957,0.0401304347826087,0.8683260869565217,46.0
2021-09-16,145.25062561035156,145.42635157507345,143.71798000246844,144.90896023332135,68034100,-0.00161036253714,147.13764877319335,144.6788800048828,142.58554077148438,0.39226923076923076,0.09476923076923077,0.04746153846153846,0.8578076923076924,26.0
2021-09-17,142.58554077148438,145.2798957731565,142.2926741544572,145.2798957731565,129868800,-0.0183481814805847,147.10640716552734,144.7381216430664,139.53977966308594,0.43217241379310345,0.09227586206896553,0.03641379310344828,0.8713103448275862,29.0
2021-09-20,139.53977966308594,141.39457695669392,137.90950701335717,140.37932278347847,123478900,-0.0213609394888065,146.85015182495118,144.69999237060546,140.01812744140625,0.30400000000000005,0.11966666666666666,0.04719444444444445,0.8332222222222222,36.0
2021-09-21,140.01812744140625,141.16030897663776,139.38359538478255,140.5062336067531,75834000,0.0034280387963581,146.54362106323242,144.68332214355468,142.38058471679688,0.49007407407407405,0.10662962962962963,0.031148148148148147,0.8622592592592592,27.0
2021-09-22,142.38058471679688,142.94677480134484,140.28171911608493,141.01387841720836,76404300,0.0168725101425117,146.3596061706543,144.6916763305664,143.3372344970703,0.20371875,0.08125,0.049,0.86971875,32.0
2021-09-23,143.3372344970703,143.58128753921014,142.17553963315416,143.16150856090553,64838200,0.0067189622951491,146.2849235534668,144.65073638916016,143.4250946044922,0.277775,0.08805,0.0375,0.874475,40.0
2021-09-24,143.4250946044922,143.96201429353556,142.09744541695585,142.19507259526048,53477900,0.0006129608104283,146.2546600341797,144.62461456298828,141.9119873046875,0.6919000000000001,0.1283,0.0182,0.8533,10.0
2021-09-27,141.9119873046875,142.48796392317834,140.39887004950094,142.00961449990794,74150700,-0.0105498086229416,146.09700088500978,144.60897521972657,138.5343017578125,0.6027,0.10529999999999999,0.05670000000000001,0.83825,20.0
2021-09-28,138.5343017578125,141.30674132874793,138.31953384357482,139.8424227657557,108972300,-0.0238012701465666,145.54983520507812,144.60259307861327,139.4324188232422,0.4648,0.10272,0.04332,0.85384,25.0
2021-09-29,139.4324188232422,141.013878143942,138.65144592439347,139.08098176355122,74602000,0.0064829941323831,145.11053848266602,144.54204193115234,138.134033203125,0.19114285714285714,0.08033333333333334,0.04576190476190476,0.873904761904762,21.0
2021-09-30,138.134033203125,140.94552924628812,137.91926531672686,140.24265523549735,89056700,-0.0093119349938491,144.5731346130371,144.47014404296874,139.25665283203125,0.48964285714285716,0.10657142857142857,0.040999999999999995,0.8524285714285714,14.0
2021-10-01,139.25665283203125,139.5202342750178,135.80086848455736,138.52449374270236,94639600,0.0081270314264656,144.03621673583984,144.39340576171875,135.83018493652344,0.6627368421052632,0.08257894736842104,0.026947368421052633,0.8903157894736843,19.0
2021-10-04,135.83018493652344,138.82716398233575,134.9808849639791,138.3878565109193,98322000,-0.0246054161566037,143.29624710083007,144.21382720947267,137.75332641601562,0.5130714285714285,0.10653571428571429,0.04078571428571428,0.8526428571428571,28.0
2021-10-05,137.75332641601562,138.8564511470798,136.0449547897289,136.17186716291496,80861100,0.0141584249509114,142.53577728271483,144.06432739257812,138.62217712402344,0.38681818181818184,0.07051515151515152,0.025272727272727273,0.9041212121212121,33.0
2021-10-06,138.62217712402344,138.7686030429388,135.07852092806354,136.15236065284557,83221100,0.0063072938462762,141.89587020874023,143.9754837036133,139.88148498535156,0.35111764705882353,0.08870588235294118,0.05070588235294118,0.8604117647058824,17.0
2021-10-07,139.88148498535156,140.7893703718494,139.32505159657362,139.6569602773058,61732700,0.0090844617178493,141.36969299316405,143.94672332763673,139.50074768066406,0.4753684210526316,0.06736842105263158,0.032578947368421055,0.8998947368421052,19.0
2021-10-08,139.50074768066406,140.75029837603776,139.16883903566588,140.60387247260306,58773200,-0.0027218563252124,141.0734130859375,143.8974807739258,139.41287231445312,0.4641,0.08155,0.0403,0.8782500000000001,20.0
2021-10-11,139.41287231445312,141.36529686032225,138.43666004151856,138.88572424122802,64452200,-0.0006299275643461,140.7444305419922,143.8421923828125,138.143798828125,0.598125,0.11462499999999999,0.0379375,0.8475,16.0
2021-10-12,138.143798828125,139.84241361250955,137.68497785008697,139.82288519545196,73035900,-0.0091029864406326,140.42179412841796,143.7681494140625,137.55810546875,0.16996969696969697,0.07312121212121213,0.047696969696969696,0.8790606060606061,33.0
2021-10-13,137.55810546875,138.03644005527403,135.88877555756454,137.8802573777795,78762700,-0.0042397368853573,140.02545394897462,143.64652221679688,140.3402557373047,0.044788461538461534,0.06559615384615385,0.06623076923076923,0.8680769230769231,52.0
2021-10-14,140.3402557373047,140.45741132647578,138.14377836199483,138.72951162040368,69907100,0.0202252732332572,139.77993545532226,143.58853088378908,141.39459228515625,0.6153870967741935,0.09138709677419356,0.038548387096774196,0.8700322580645161,31.0
2021-10-15,141.39459228515625,141.45316264244676,140.0962280805495,140.35005282323274,67940300,0.007512716449834,139.72038803100585,143.549482421875,143.06393432617188,0.4233928571428572,0.10146428571428572,0.05778571428571428,0.84075,28.0
2021-10-18,143.06393432617188,143.347029376178,139.75457479053856,140.03766984054468,85589200,0.0118062651055919,139.89659576416017,143.55748809814452,145.22134399414062,0.5610363636363637,0.08229090909090908,0.024272727272727272,0.8935272727272727,55.0
2021-10-19,145.22134399414062,145.62159463310732,143.06392303976392,143.51297237963328,76378900,0.0150800387122729,140.15675659179686,143.60961791992187,145.7094268798828,0.3894878048780488,0.06263414634146341,0.0165609756097561,0.9209268292682927,41.0
2021-10-20,145.7094268798828,146.1877762179813,144.5965455732881,145.1627504339508,58418800,0.0033609583296645,140.32319869995118,143.6810760498047,145.92422485351562,0.648,0.097875,0.0158125,0.886375,16.0
2021-10-21,145.92422485351562,146.0804224119474,144.35252229936606,145.27016433537898,61421000,0.0014741528961601,140.45254821777343,143.75175384521484,145.15304565429688,0.3886176470588235,0.08661764705882352,0.05432352941176471,0.859,34.0
2021-10-22,145.15304565429688,146.60759281256946,145.10423204789777,146.12925819899365,58883400,-0.0052847921583472,140.53894577026367,143.74785034179686,145.1041717529297,0.3372916666666667,0.07541666666666667,0.05245833333333333,0.8720625000000001,48.0
2021-10-25,145.1041717529297,145.81680244360976,144.10843120026792,145.14321368433312,50720600,-0.0003367059998423,140.69855499267578,143.7388687133789,145.76806640625,0.6257567567567567,0.10008108108108107,0.034459459459459454,0.8655405405405405,37.0
2021-10-26,145.76806640625,147.25189877039264,145.46542800058126,145.77782316934065,60893400,0.0045752968043588,141.06024322509765,143.7037255859375,145.30921936035156,0.629780487804878,0.09268292682926829,0.044804878048780486,0.8625853658536585,41.0
2021-10-27,145.30921936035156,146.16827612937263,144.9577823061733,145.80708231384622,56094900,-0.0031477885191921,141.3540832519531,143.6775631713867,148.9407196044922,0.5658888888888889,0.10227777777777777,0.037611111111111116,0.8600833333333333,36.0
2021-10-28,148.9407196044922,149.52643805425132,146.1585085567286,146.256135746264,100077900,0.024991533642025,141.8944175720215,143.79880859375,146.23663330078125,0.5068658536585366,0.08151219512195122,0.038878048780487805,0.8796341463414633,82.0
2021-10-29,146.23663330078125,146.37330245291255,142.92727357091124,143.718003300801,124953200,-0.0181554534642478,142.243416595459,143.85933380126954,145.4165802001953,0.2862016806722689,0.07981512605042017,0.07285714285714286,0.8473613445378151,119.0
2021-11-01,145.4165802001953,146.13896771640327,144.2841704394488,145.44586537540286,74588300,-0.0056077132116358,142.72273635864258,143.87436767578126,146.45140075683594,0.4713214285714286,0.098,0.05289285714285714,0.849,28.0
2021-11-02,146.45140075683594,147.96453308347574,145.113979527006,145.12375118515345,69122000,0.007116248746986,143.1576400756836,143.88042083740234,147.88641357421875,0.5928064516129032,0.09512903225806452,0.039161290322580644,0.8658709677419354,31.0
2021-11-03,147.88641357421875,148.35499132920407,146.25614074482093,146.81257403590004,54511500,0.0097985598633192,143.62085189819337,143.91693145751952,147.3690185546875,0.6993809523809523,0.107,0.03438095238095238,0.8584761904761904,21.0
2021-11-04,147.3690185546875,148.80403696262286,147.0566234619275,147.97426542713765,60394600,-0.00349859738313,143.99522857666017,143.9676940917969,147.89697265625,0.5470344827586208,0.10227586206896552,0.024586206896551725,0.8730689655172413,29.0
2021-11-05,147.89697265625,148.79639720102944,146.70425393179946,148.49333201847526,65463900,0.0035825311638795,144.41503982543946,144.0450262451172,147.07571411132812,0.4985555555555556,0.10011111111111111,0.0375,0.8624444444444445,18.0
2021-11-08,147.07571411132812,148.18044870579655,146.80197694204415,148.0240232040466,55020900,-0.0055529097734183,144.7981819152832,144.08523712158205,147.4374542236328,0.7765000000000001,0.11,0.016,0.874,14.0
2021-11-09,147.4374542236328,148.0435844748696,146.70422637098488,146.8410949734435,56787900,0.0024595502696718,145.2628646850586,144.04443389892575,144.612060546875,0.5265263157894736,0.07405263157894737,0.024473684210526314,0.9016315789473685,19.0
2021-11-10,144.612060546875,146.7726448402154,144.54363371528353,146.66510417552325,65187100,-0.0191633373733668,145.61556243896484,143.9723080444336,144.56317138671875,0.2558888888888889,0.0787037037037037,0.046296296296296294,0.8750370370370371,27.0
2021-11-11,144.56317138671875,146.0882826457482,144.37741797894228,145.6288070022433,41000000,-0.0003380711122665,145.82670822143555,143.8859292602539,146.6357879638672,0.7629411764705882,0.11494117647058823,0.019823529411764705,0.8652941176470589,17.0
2021-11-12,146.6357879638672,147.03660782102534,144.18190939663026,145.11066161989166,63804000,0.0143370995341822,146.0887680053711,143.81874481201172,146.64553833007812,0.35862962962962963,0.08829629629629629,0.04633333333333334,0.8652962962962962,27.0
2021-11-15,146.64553833007812,148.48350051743287,146.08827812399716,147.00725921767452,59222800,6.649376899270365e-05,146.2678482055664,143.73906402587892,147.62322998046875,0.8195384615384615,0.08661538461538461,0.026307692307692306,0.8873846153846153,13.0
2021-11-16,147.62322998046875,148.1022776202638,146.00034850775356,146.58693684556133,59256200,0.0066670398671795,146.3879425048828,143.63227416992189,150.05751037597656,0.5550689655172414,0.08893103448275863,0.023793103448275864,0.8872758620689656,29.0
2021-11-17,150.05751037597656,151.53373689410836,147.61341784542643,147.62318884522813,88807000,0.0164898193585785,146.6053466796875,143.6050180053711,154.33953857421875,0.3579,0.0819,0.040833333333333326,0.8772666666666668,30.0
2021-11-18,154.33953857421875,155.12165110785514,149.62733629184328,150.27258025090998,137827700,0.0285359139140277,147.02611236572267,143.68370819091797,156.9596405029297,0.47628125,0.07509375,0.03440625,0.8905625,32.0
2021-11-19,156.9596405029297,157.41913113659675,153.02953515610952,154.12448394226502,117305600,0.0169762197873293,147.6164421081543,143.91437408447266,157.41912841796875,0.4577727272727273,0.10802272727272727,0.03663636363636364,0.8553636363636364,44.0
2021-11-22,157.41912841796875,161.99446283900974,157.39957149925132,158.0643575600625,117467900,0.0029274271625927,148.23218994140626,144.14290618896484,157.80043029785156,0.6642173913043479,0.11204347826086956,0.028130434782608696,0.8597391304347827,23.0
2021-11-23,157.80043029785156,158.18170822428823,155.50297681960475,157.5169071447605,96041900,0.0024222080487601,148.83380813598632,144.40698425292967,158.31854248046875,0.45031999999999994,0.10311999999999999,0.05288,0.84404,25.0
2021-11-24,158.31854248046875,158.5140669022848,156.0699743356913,157.1551520319611,69463600,0.0032833382116843,149.4842742919922,144.66365692138672,153.30331420898438,-0.018799999999999994,0.08285000000000001,0.059,0.8582000000000001,20.0
2021-11-26,153.30331420898438,156.86191365315102,152.86338037425756,156.00160290809217,76959800,-0.0316780851624065,149.7024040222168,144.82471069335938,156.65658569335938,0.4069047619047619,0.08828571428571429,0.03580952380952381,0.8758095238095238,21.0
2021-11-29,156.65658569335938,157.5853380225465,155.23899986098183,155.80603121042097,88748200,0.0218734441696661,150.2234016418457,145.10613159179687,161.60342407226562,0.5979444444444444,0.07472222222222222,0.035166666666666666,0.89,18.0
2021-11-30,161.60342407226562,161.8185054389282,156.34373142534065,156.41217318635103,174048100,0.0315775960328232,151.03274383544922,145.54740447998046,161.0852813720703,0.3896,0.09044,0.06656,0.84304,25.0
2021-12-01,161.0852813720703,166.49161375206606,160.8506430799377,163.73466976035556,152052500,-0.003206260654252,151.76443786621093,145.96874755859375,160.0978546142578,0.4639333333333333,0.09283333333333334,0.034333333333333334,0.8728666666666667,30.0
2021-12-02,160.0978546142578,160.52801734787488,154.27114554315142,155.1901268526862,136739200,-0.0061298384892891,152.3750099182129,146.32309295654298,158.2207794189453,0.09231666666666666,0.07575,0.0824,0.8418666666666667,60.0
2021-12-03,158.2207794189453,161.27101721338744,156.14819360952984,160.35203598315746,118023100,-0.0117245493378731,152.91759796142577,146.62076385498048,161.62298583984375,0.55434375,0.0856875,0.054718750000000003,0.85965625,32.0
2021-12-06,161.62298583984375,164.12573463510114,160.60623481829575,160.61600581977925,107497000,0.0215029052024191,153.60389862060546,146.9847216796875,167.35191345214844,0.5502647058823529,0.09252941176470587,0.04929411764705882,0.8581470588235294,34.0
2021-12-07,167.35191345214844,167.7429772469704,164.57542763792551,165.2988844701773,120405400,0.0354462428876398,154.6177085876465,147.49352020263672,171.1647186279297,0.5293265306122449,0.09346938775510204,0.03436734693877551,0.8721836734693877,49.0
2021-12-08,171.1647186279297,172.02504411674911,166.882663021836,168.28069194116756,116998900,0.0227831585377806,155.80407180786133,148.14612854003906,170.6563262939453,0.439780487804878,0.07792682926829268,0.03831707317073171,0.8836585365853658,41.0
2021-12-09,170.6563262939453,172.79735388590385,170.03063915946248,170.9985052389604,108923700,-0.0029701934958307,157.10628509521484,148.77060668945313,175.43699645996094,0.5372424242424242,0.09596969696969698,0.044212121212121216,0.859969696969697,33.0
2021-12-10,175.43699645996094,175.61297891700764,170.78344865474102,171.29182418696914,115402700,0.0280134365354918,158.64997634887695,149.51666595458985,171.80995178222656,0.5936190476190476,0.08442857142857144,0.02757142857142857,0.888095238095238,21.0
2021-12-13,171.80995178222656,178.05705234389498,171.60464142456377,177.06962931153166,153237000,-0.0206743432167807,159.90868453979493,150.16773193359376,170.43145751953125,0.6227678571428571,0.09673214285714285,0.028517857142857143,0.8747678571428572,56.0
2021-12-14,170.43145751953125,173.76520322122326,168.35887188331523,171.3308817563336,139380400,-0.0080233667979989,161.09798049926758,150.8597573852539,175.29031372070312,0.4867037037037037,0.07951851851851853,0.041166666666666664,0.8794074074074074,54.0
2021-12-15,175.29031372070312,175.48583813344078,168.45662585148168,171.1940123824784,131063300,0.0285091512558064,162.4813346862793,151.61049713134764,168.40774536132812,0.36972727272727274,0.10672727272727273,0.044954545454545455,0.8483181818181819,22.0
2021-12-16,168.40774536132812,177.08916675225177,166.9315188519041,175.27076132354634,150185800,-0.0392638258970844,163.3988464355469,152.20620849609375,167.31283569335938,0.2920625,0.06615625,0.05809375,0.87575,32.0
2021-12-17,167.31283569335938,169.59073223954843,165.8952646870351,166.12988807604526,195432700,-0.0065015398526924,164.0475112915039,152.7548355102539,165.95388793945312,0.47389285714285717,0.08732142857142856,0.03728571428571429,0.8754642857142858,28.0
2021-12-20,165.95388793945312,166.76532847471316,163.71510567618958,164.51676029378936,107499100,-0.008122196652006,164.4972236633301,153.2838983154297,169.12142944335938,0.22731578947368422,0.06468421052631579,0.06405263157894737,0.8710526315789474,19.0
2021-12-21,169.12142944335938,169.3267248588515,165.33796412188073,167.72340078083394,91185900,0.0190868773442771,165.08233871459962,153.8780694580078,171.7122039794922,0.7502142857142857,0.12592857142857145,0.039964285714285716,0.8340357142857143,28.0
2021-12-22,171.7122039794922,171.92728536537462,168.30024464668514,169.1703411922784,92135300,0.0153190198584531,165.77792739868164,154.54943756103515,172.33787536621094,0.6000357142857142,0.10757142857142857,0.036642857142857144,0.8557857142857143,28.0
2021-12-23,172.33787536621094,172.8951357013555,171.35046721642092,171.9174985527305,68356600,0.0036437211346578,166.47889404296876,155.24503295898438,176.2972869873047,0.7057333333333333,0.09746666666666666,0.0362,0.8662666666666666,15.0
2021-12-27,176.2972869873047,176.38527073958,173.11019564746687,173.12973764737882,74919600,0.0229747036899472,167.62859268188475,155.96417358398438,175.28053283691406,0.672608695652174,0.10434782608695652,0.024130434782608692,0.8713478260869565,23.0
2021-12-28,175.28053283691406,177.27492068975482,174.5375340801528,176.1310871789595,79144300,-0.0057672705449167,168.5597900390625,156.64189239501954,175.36851501464844,0.6356938775510205,0.09953061224489795,0.020142857142857143,0.880326530612245,49.0
2021-12-29,175.36851501464844,176.59056116138325,174.15623986676752,175.31963018526795,62348900,0.0005019506519656,169.24804458618163,157.28798400878907,174.21495056152344,0.37428125,0.07890625,0.04271875,0.87834375,32.0
2021-12-30,174.21495056152344,176.53196092937984,174.10740987004013,175.4565540145469,59773000,-0.0065779450377888,169.9045280456543,157.86785614013672,173.59902954101562,0.42592857142857143,0.12496428571428572,0.037964285714285714,0.8368214285714286,28.0
2021-12-31,173.59902954101562,175.2218958133562,173.29594950484335,174.1073900997929,64062300,-0.0035354085198922,170.5795867919922,158.42564819335936,177.9397430419922,0.45815384615384613,0.09084615384615385,0.040461538461538465,0.8686923076923077,13.0
2022-01-03,177.9397430419922,178.79029755777358,173.73591497728762,173.8532266687499,104487900,0.0250042498074622,171.56553497314454,159.0659585571289,175.68136596679688,0.7389444444444444,0.11511111111111111,0.021833333333333333,0.8630555555555556,36.0
2022-01-04,175.68136596679688,178.84891521802436,175.11433471652768,178.54585013474667,99310400,-0.0126918081176634,172.2684539794922,159.6765249633789,171.00827026367188,0.6013947368421053,0.09636842105263158,0.026789473684210526,0.8769210526315789,38.0
2022-01-05,171.00827026367188,176.14086475419518,170.73453308424857,175.59339039534856,94537600,-0.0265998370254486,172.45127182006837,160.19460693359375,168.15357971191406,0.43152,0.08372,0.03528,0.88104,25.0
2022-01-06,168.15357971191406,171.3797850968752,167.80162976232634,168.83792269234627,96904000,-0.0166932894377345,172.30071487426758,160.64231719970704,168.3197784423828,0.5868076923076923,0.08523076923076922,0.0205,0.8942307692307693,26.0
2022-01-07,168.3197784423828,170.24572473108867,167.2052727402814,169.02367835082143,86709100,0.0009883746201151,172.18388748168945,161.10252838134767,168.3392791748047,0.6517941176470589,0.10255882352941177,0.023911764705882355,0.8736176470588235,34.0
2022-01-10,168.3392791748047,168.64234418914765,164.40917515069916,165.29882819880834,106765600,0.0001158552643207,171.82900161743163,161.49049957275392,171.1647186279297,0.5074242424242424,0.08912121212121213,0.029333333333333333,0.8815454545454546,33.0
2022-01-11,171.1647186279297,171.26247339503044,166.9999896269401,168.46644539148625,76138300,0.0167841959819197,171.7967399597168,161.98906127929686,171.60462951660156,0.5588260869565217,0.09708695652173914,0.021739130434782608,0.8813478260869566,23.0
2022-01-12,171.60462951660156,173.21772467571947,170.91051556767007,172.1814317936139,74805200,0.0025701026017408,171.85539855957032,162.512822265625,168.3392791748047,0.6397105263157895,0.10173684210526317,0.02631578947368421,0.8718684210526316,38.0
2022-01-13,168.3392791748047,172.67020294051196,167.9482155131094,171.84899162728195,84505800,-0.0190283347890738,171.5078468322754,162.95057983398436,169.1996612548828,0.6774390243902438,0.09839024390243901,0.024585365853658538,0.8770731707317073,41.0
2022-01-14,169.1996612548828,169.89377524696252,167.26392904254132,167.50833831927105,80440800,0.0051110001438505,171.5474426269531,163.37684478759766,166.00277709960938,0.59376,0.09476000000000001,0.0318,0.87348,25.0
2022-01-18,166.00277709960938,168.6814931182034,165.6214992398613,167.67452813175186,90956700,-0.0188941522197118,171.48193969726563,163.74951995849608,162.5126495361328,0.6439230769230769,0.09579487179487178,0.030384615384615385,0.8737435897435898,39.0
2022-01-19,162.5126495361328,167.25419656378617,162.2291412735544,166.19834645502328,94815000,-0.0210245131102977,171.30987777709962,164.04183349609374,160.8310546875,0.67525,0.09678125,0.029718750000000002,0.87346875,32.0
2022-01-20,160.8310546875,165.8854360990158,160.50843269303434,163.24581922868165,91420500,-0.0103474705103427,170.89535903930664,164.3169403076172,158.778076171875,0.4831794871794872,0.07848717948717948,0.03541025641025641,0.8862051282051281,39.0
2022-01-21,158.778076171875,162.61041256635795,158.67053547305397,160.74312175844747,122848900,-0.0127648141064175,170.24865264892577,164.54375274658204,158.00570678710938,0.6011904761904762,0.09799999999999999,0.03940476190476191,0.8626666666666667,42.0
2022-01-24,158.00570678710938,158.67050778679211,151.24045969712583,156.44149634340394,162294600,-0.0048644586418187,169.53204421997071,164.8116256713867,156.20684814453125,0.4853,0.09384,0.03526,0.87098,50.0
2022-01-25,156.20684814453125,159.1202024043847,153.5085752311325,155.4247355135648,115798400,-0.0113847700767025,168.52752227783202,165.04449920654298,156.11886596679688,0.5988611111111112,0.084,0.03136111111111111,0.8845555555555555,36.0
2022-01-26,156.11886596679688,160.7137572085088,154.29068942101793,159.84366081362626,108275300,-0.000563241488958,167.56943893432617,165.23416076660158,155.65939331054688,0.44325000000000003,0.07566666666666667,0.04030555555555556,0.8839722222222223,36.0
2022-01-27,155.65939331054688,160.17607231774176,154.74041197266266,158.81715723147198,121954600,-0.0029430950154846,166.5839828491211,165.41443786621093,166.52093505859375,0.5223333333333333,0.09364814814814813,0.03309259259259259,0.8733148148148148,54.0
2022-01-28,166.52093505859375,166.54049197821774,159.15932862262193,162.00425626677838,179935700,0.0697776184080176,166.19928207397462,165.79239196777343,170.8713836669922,0.45444578313253015,0.10490361445783133,0.05192771084337349,0.8431807228915662,83.0
2022-01-31,170.8713836669922,171.0864649878099,165.7192328015865,166.35470576493188,115541600,0.0261255355482339,166.06289978027343,166.20866943359374,170.7052001953125,0.5893953488372093,0.09213953488372094,0.035372093023255814,0.8725116279069768,43.0
2022-02-01,170.7052001953125,170.93005253238587,168.4566320719076,170.1186120178827,86213900,-0.0009725646747471,165.70117263793946,166.53598266601563,171.90768432617188,0.6540263157894737,0.0925,0.029210526315789475,0.8783947368421052,38.0
2022-02-02,171.90768432617188,171.94679815950911,169.45382085751916,170.8420635898593,84914300,0.007044214994526,165.5124885559082,166.83494354248046,169.033447265625,0.59825,0.088425,0.030875000000000003,0.880725,40.0
2022-02-03,169.033447265625,172.29876649074853,168.27089152715303,170.57811566132818,89418100,-0.0167196543412998,165.41374740600585,167.0672299194336,168.7495880126953,0.2964126984126984,0.07060317460317461,0.05015873015873016,0.8792698412698412,63.0
2022-02-04,168.7495880126953,170.4234840013588,167.07569202403184,168.05457472378333,82465400,-0.0016793081932691,165.44354782104492,167.2862130737305,168.03500366210938,0.5771162790697674,0.10109302325581396,0.03790697674418604,0.860906976744186,43.0
2022-02-07,168.03500366210938,170.2766384169295,167.33999039041194,169.20965988540354,77251200,-0.0042345842677385,165.42930908203124,167.4805422973633,171.13803100585938,0.5574,0.110175,0.037925,0.8519500000000001,40.0
2022-02-08,171.13803100585938,171.64705409326743,167.8098215101135,168.10348925040896,74829200,0.0184665532545211,165.569246673584,167.8372366333008,172.55740356445312,0.6090909090909091,0.09727272727272727,0.04165909090909091,0.860909090909091,44.0
2022-02-09,172.55740356445312,172.91958530484067,171.20654095307694,172.3322647747442,71285000,0.0082937296301204,165.63888092041014,168.15525299072266,168.48524475097656,0.6367021276595745,0.10936170212765957,0.03446808510638298,0.8561276595744681,47.0
2022-02-10,168.48524475097656,171.77429042410176,167.92728951408122,170.46259150846328,90865900,-0.0235988646639293,165.4829116821289,168.2928894042969,165.07876586914062,0.7253030303030302,0.1143030303030303,0.0333030303030303,0.8524545454545455,33.0
2022-02-11,165.07876586914062,169.42500712943504,164.49143031742815,168.6908451580762,98670700,-0.0202182623580525,165.31988601684571,168.3727590942383,165.31373596191406,0.6691153846153846,0.09646153846153846,0.036576923076923076,0.8670000000000001,26.0
2022-02-14,165.31373596191406,165.99895095084156,163.0427206425354,163.83561333947773,86185500,0.0014233816901665,165.12558975219727,168.4770767211914,169.14111328125,0.4958888888888889,0.1202962962962963,0.04833333333333333,0.8314444444444443,27.0
2022-02-15,169.14111328125,169.29773807776493,166.654758116967,167.35955476472148,62527400,0.0231522038810962,165.2825065612793,168.6954833984375,168.90618896484375,0.32257142857142856,0.09157142857142857,0.024428571428571428,0.883904761904762,21.0
2022-02-16,168.90618896484375,169.67949961629867,166.4589825612284,168.22097415914394,61177400,-0.001388924974235,165.60218353271483,168.8411474609375,165.31373596191406,0.64125,0.1143888888888889,0.041805555555555554,0.8437777777777778,36.0
2022-02-17,165.31373596191406,168.27974972128823,164.9123904196256,167.41832805716996,69589300,-0.0212689246317517,165.82631759643556,168.80038391113283,163.76710510253906,0.43537837837837834,0.10321621621621621,0.04145945945945946,0.8552432432432432,37.0
2022-02-18,163.76710510253906,166.93867600251053,162.68054453288332,166.23389408651346,82772700,-0.0093557310914038,166.07576904296874,168.652431640625,160.8500213623047,0.29383333333333334,0.07195833333333333,0.06404166666666666,0.8640833333333333,24.0
2022-02-22,160.8500213623047,163.16996871038384,158.7258326412145,161.49607262837773,91162800,-0.0178123911905746,166.2179847717285,168.45630554199218,156.6897430419922,0.6151739130434782,0.08908695652173913,0.03926086956521739,0.8716086956521739,23.0
2022-02-23,156.6897430419922,162.64133603328534,156.37649344425944,162.04421705709984,90009200,-0.0258643317860787,166.24212951660155,168.0813604736328,159.3033905029297,0.6838148148148149,0.10425925925925926,0.03662962962962963,0.8592592592592593,27.0
2022-02-24,159.3033905029297,159.411068207212,148.79018396900835,149.35793777917277,141147500,0.0166803991773543,166.4013557434082,167.83122924804687,161.36880493164062,0.4130740740740741,0.09122222222222222,0.04914814814814815,0.8596296296296296,27.0
2022-02-25,161.36880493164062,161.6330924831591,157.47284137265066,160.38012393186045,91974200,0.0129652885741495,166.68682632446288,167.64997619628906,161.6331024169922,0.546,0.1095,0.0393125,0.8510625,16.0
2022-02-28,161.6331024169922,161.9267702066246,158.99990563300975,159.6166064975814,95056600,0.0016378474480462,166.44243469238282,167.37683197021485,159.75364685058594,0.4920344827586207,0.086,0.031758620689655175,0.8820689655172413,29.0
2022-03-01,159.75364685058594,163.0818568508139,158.5496253630897,161.22197083806662,83474400,-0.0116279124653407,165.8865478515625,167.20375,163.04269409179688,-0.020266666666666662,0.05926666666666667,0.058866666666666664,0.8819666666666667,30.0
2022-03-02,163.04269409179688,163.82580321014547,159.50892707803538,160.91852050375005,79724800,0.0205882451264922,165.50342254638673,167.11834716796875,162.7196502685547,0.26417391304347826,0.0808695652173913,0.04819565217391304,0.8710217391304348,46.0
2022-03-03,162.7196502685547,165.3430634011942,162.05401727070716,164.91235266773373,76678400,-0.0019813449786367,165.04402084350585,167.0536624145508,159.72427368164062,0.29390625,0.071375,0.0385625,0.89,32.0
2022-03-04,159.72427368164062,162.05401907314567,158.67687705595137,161.01640589639365,83737200,-0.0184082044299532,164.57856216430665,166.8657192993164,155.9359893798828,0.16927777777777778,0.07611111111111112,0.051444444444444445,0.8723888888888889,36.0
2022-03-07,155.9359893798828,161.53519862355543,155.6814703637219,159.91025004561254,96418800,-0.0237176492616805,163.93788223266603,166.55019500732422,154.1152801513672,0.12635714285714283,0.08302380952380953,0.07345238095238095,0.8436666666666666,42.0
2022-03-08,154.1152801513672,159.44040392728598,152.50991327214726,155.46614292973925,131148300,-0.0116760039536486,163.2418960571289,166.1857431030273,159.5089569091797,0.3224626865671642,0.07594029850746269,0.049238805970149256,0.8748955223880598,67.0
2022-03-09,159.5089569091797,159.95924959082657,156.04371820337047,158.0699979293642,91454900,0.0349976767554456,162.66044235229492,165.84997650146485,155.17250061035156,0.38894871794871794,0.09487179487179488,0.04494871794871795,0.8602820512820514,39.0
2022-03-10,155.17250061035156,157.00300660733848,152.6861300144377,156.81701649151432,105342000,-0.0271862871079847,161.79119720458985,165.4478158569336,151.46250915527344,0.3598461538461538,0.0917948717948718,0.051000000000000004,0.8572307692307692,39.0
2022-03-11,151.46250915527344,155.91642822664025,151.2373703266691,155.57381332247203,96970100,-0.0239088204448941,160.9400604248047,164.9696957397461,147.43934631347656,0.5171724137931034,0.09979310344827587,0.04817241379310345,0.8519655172413794,29.0
2022-03-14,147.43934631347656,150.8654366655289,146.93033792978673,148.2518209607801,108732100,-0.0265621034818094,160.05808944702147,164.43418365478516,151.81494140625,0.01653658536585366,0.07290243902439024,0.059487804878048785,0.8676585365853658,41.0
2022-03-15,151.81494140625,152.28481594029148,147.20441143229365,147.7134197726543,92964300,0.0296772551030599,159.38314971923828,163.99850189208985,156.21987915039062,0.5291,0.0949,0.04973333333333333,0.8553666666666667,30.0
2022-03-16,156.21987915039062,156.6212246232631,151.19822129277074,153.73352378158447,102300200,0.0290151792922226,158.73708801269532,163.5641046142578,157.22811889648438,0.3345,0.09670833333333334,0.043666666666666666,0.8595833333333333,24.0
2022-03-17,157.22811889648438,157.60009906528276,154.30126947324382,155.2605702418383,75615400,0.0064539785306267,158.15318450927734,163.19503967285155,160.5171661376953,0.5357714285714286,0.09114285714285714,0.03268571428571428,0.8760571428571429,35.0
2022-03-18,160.5171661376953,161.0066074424884,156.3862803303168,157.1204422875064,123511700,0.0209189505305751,157.9133560180664,162.98521759033204,161.88763427734375,0.5442916666666667,0.099375,0.028708333333333336,0.8720416666666666,24.0
2022-03-21,161.88763427734375,162.8371517415441,159.5676719986422,160.0571133745572,95811400,0.0085378291470259,157.81938247680665,162.85989868164063,165.25498962402344,0.0017500000000000109,0.08254166666666667,0.051125,0.866375,24.0
2022-03-22,165.25498962402344,165.84231029999864,161.42755456550665,162.01487524148183,81532000,0.0208005717157542,158.03963088989258,162.79860290527344,166.61561584472656,0.5966,0.09904,0.04672,0.8543999999999999,25.0
2022-03-23,166.61561584472656,168.9942934206818,164.1096638130363,164.4424952526729,98062700,0.0082334955440603,158.5359245300293,162.76412963867188,170.39413452148438,0.5640000000000001,0.1076896551724138,0.029310344827586206,0.8630689655172413,29.0
2022-03-24,170.39413452148438,170.4626485498089,166.6156463524789,167.44768776251115,90131400,0.0226780584616936,159.09046173095703,162.74871795654298,171.03042602539062,0.5232857142857144,0.10937142857142856,0.036828571428571426,0.8538857142857142,35.0
2022-03-25,171.03042602539062,171.57859807409892,169.10202546624805,170.20816795232818,80546200,0.003734233608998,159.57354278564452,162.73723388671874,171.89181518554688,0.49358333333333326,0.10972222222222222,0.03708333333333333,0.8531111111111112,36.0
2022-03-28,171.89181518554688,172.01905978493204,168.3678313455488,168.53423961902578,90371900,0.005036467371182,160.08647842407223,162.8082846069336,175.18087768554688,0.5649298245614035,0.12494736842105263,0.03126315789473684,0.8437368421052631,57.0
2022-03-29,175.18087768554688,175.22980987775352,172.61619451618012,172.95880948102644,100589400,0.0191344916362052,160.85783996582032,162.92790893554687,174.01597595214844,0.52653125,0.1265,0.05540625,0.81815625,32.0
2022-03-30,174.01597595214844,175.81711647524634,172.96856432856262,174.77950323773482,92633200,-0.0066497082831692,161.4065040588379,163.08817291259766,170.92271423339844,0.6402352941176471,0.12884313725490196,0.0363921568627451,0.834764705882353,51.0
2022-03-31,170.92271423339844,174.27049138056103,170.7171422878286,174.0845012718467,103049300,-0.0177757341061638,161.81665725708007,163.25637420654297,170.6290283203125,0.2785384615384615,0.06946153846153846,0.055948717948717946,0.8745384615384615,39.0
2022-04-01,170.6290283203125,171.18699858724577,168.30908127405286,170.35494237968112,78751300,-0.001718238061004,162.36189498901368,163.45233367919923,174.67181396484375,0.46402702702702703,0.09975675675675676,0.044918918918918915,0.8552702702702702,37.0
2022-04-04,174.67181396484375,174.72076108227714,170.75628355518236,170.8835430731966,76468400,0.0236934224166238,163.2986862182617,163.7702084350586,171.36318969726562,0.5425333333333333,0.0966,0.030366666666666667,0.8730666666666667,30.0
2022-04-05,171.36318969726562,174.53477477488693,170.73670541562527,173.7516656886956,73401800,-0.0189419471434816,164.16108169555665,164.03735809326173,168.201416015625,0.5153913043478261,0.09495652173913044,0.017130434782608697,0.888,23.0
2022-04-06,168.201416015625,169.9634078617043,166.537318414103,168.7202226513366,89058800,-0.0184507167917817,164.5957046508789,164.2772494506836,168.50486755371094,0.45666666666666667,0.09381481481481481,0.045925925925925926,0.860111111111111,27.0
2022-04-07,168.50486755371094,169.69910564386342,166.26323274049562,167.54556668896316,77594700,0.0018040962155618,165.26232299804687,164.52496948242188,166.49815368652344,0.41865217391304343,0.1021304347826087,0.03969565217391304,0.8582608695652173,23.0
2022-04-08,166.49815368652344,168.15246782773184,165.62694868711696,168.15246782773184,76575500,-0.0119089370907807,166.01410522460938,164.7417446899414,162.24981689453125,0.5553076923076923,0.1046923076923077,0.029961538461538463,0.8654615384615384,26.0
2022-04-11,162.24981689453125,165.46055114101816,162.0050962053992,165.14731642594322,72246700,-0.0255158192323909,166.7546287536621,164.65632232666016,164.11947631835938,0.44275,0.0911111111111111,0.041166666666666664,0.8677222222222222,36.0
2022-04-12,164.11947631835938,166.28279871101802,163.12101178667447,164.47187468621496,79265200,0.0115233376506271,167.36985549926757,164.5212841796875,166.8015899658203,0.44590322580645164,0.08325806451612904,0.052032258064516126,0.8647741935483871,31.0
2022-04-13,166.8015899658203,167.42807423573976,163.24825626550123,163.8551587010773,70618900,0.0163424458061161,167.89894104003906,164.44321197509765,161.79953002929688,0.4767272727272727,0.09315151515151515,0.03396969696969697,0.8728484848484848,33.0
2022-04-14,161.79953002929688,167.65325987659003,161.55480933143042,167.01697710019764,75329400,-0.0299880830725199,168.12751159667968,164.24104888916017,161.58413696289062,0.39561290322580644,0.11161290322580646,0.033483870967741934,0.8547741935483871,31.0
2022-04-18,161.58413696289062,163.08182595142617,160.1158132536157,160.4584131571765,69023900,-0.0013312341906509,168.18086013793945,164.09206268310547,163.86495971679688,0.75325,0.10583333333333333,0.042041666666666665,0.852,24.0
2022-04-19,163.86495971679688,164.27610359926777,160.44866861751814,161.53522902332887,67723800,0.0141153877897683,168.27972640991212,163.9943701171875,163.6985626220703,0.5515862068965517,0.10393103448275862,0.04555172413793103,0.8506896551724139,29.0
2022-04-20,163.6985626220703,165.3137281661249,162.59243524088046,165.1962520760154,67929800,-0.0010154525715206,168.20190505981446,163.9076412963867,162.90565490722656,0.5569333333333333,0.0898,0.0422,0.868,30.0
2022-04-21,162.90565490722656,167.90774603308134,162.4064301142371,165.34307817395856,87227800,-0.0048437060298099,168.01640701293945,163.74299377441406,158.37338256835938,0.5993225806451613,0.1,0.04719354838709678,0.8528064516129032,31.0
2022-04-22,158.37338256835938,164.32498956486253,158.08951323432865,162.94477668345723,84882400,-0.0278214549485606,167.4153694152832,163.4593133544922,159.4404296875,0.4427777777777778,0.09483333333333334,0.03680555555555556,0.8683611111111111,36.0
2022-04-25,159.4404296875,159.72429911751857,155.11376965466397,157.71758646013552,96046400,0.0067375407523422,166.83586959838868,163.27841705322265,153.4888153076172,0.37748275862068964,0.09131034482758621,0.05779310344827586,0.8508965517241379,29.0
2022-04-26,153.4888153076172,158.91181906878418,153.4105028966986,158.82372320771267,95623200,-0.037328138111192,165.91571960449218,163.0466180419922,153.263671875,0.26253191489361705,0.08089361702127659,0.05859574468085106,0.8603617021276595,47.0
2022-04-27,153.263671875,156.41566043489684,152.09879906936447,152.61760570667977,88063200,-0.0014668393404819,164.81985931396486,162.8056167602539,160.18435668945312,0.3382432432432433,0.08562162162162162,0.04940540540540541,0.8649729729729729,37.0
2022-04-28,160.18435668945312,161.04577820352466,155.57381282317428,155.88706244158715,130216800,0.04515541569497,164.12827835083007,162.62648162841796,154.3208465576172,0.3231833333333333,0.08768333333333334,0.049133333333333334,0.8632666666666666,60.0
2022-04-29,154.3208465576172,162.69029635210208,153.92929946524063,158.42236732431553,131747600,-0.0366047612452159,163.298184967041,162.33477478027345,154.6243438720703,0.20397402597402597,0.09132467532467532,0.06077922077922077,0.8479350649350649,77.0
2022-05-02,154.6243438720703,154.88863149119723,150.03338084701502,153.40074029125887,123055300,0.0019666643957905,162.4979507446289,162.12098693847656,156.1121826171875,0.09956818181818182,0.08313636363636363,0.06779545454545455,0.8490909090909091,44.0
2022-05-03,156.1121826171875,157.31621889046943,153.01892515604405,154.8102670522691,88966500,0.0096222800877212,161.5699691772461,161.96788848876952,162.51414489746094,0.39886206896551724,0.09648275862068965,0.04755172413793103,0.8560344827586207,29.0
2022-05-04,162.51414489746094,162.9644226715747,155.89688686657877,156.2982324444477,108256500,0.0410087295747576,161.12751693725585,162.00117095947266,153.4594268798828,0.381962962962963,0.07577777777777778,0.055148148148148154,0.8691851851851852,27.0
2022-05-05,153.4594268798828,160.61505617925764,151.6778534074066,160.38991736716943,130525300,-0.0557164917754774,160.39041748046876,161.93656463623046,154.1848602294922,0.25015,0.06985,0.04615,0.88405,20.0
2022-05-06,154.1848602294922,156.30235682996496,151.1458596477854,152.93984857664353,116124600,0.0047271996537376,159.6744171142578,161.83419403076172,149.0675811767578,0.15558333333333332,0.08891666666666666,0.07083333333333333,0.84025,24.0
2022-05-09,149.0675811767578,152.7633948486293,148.50880608897836,151.8810971374127,131577900,-0.033189244684061,158.80288848876953,161.58816955566405,151.46939086914062,0.4152666666666667,0.0951,0.059533333333333334,0.8453333333333333,30.0
2022-05-10,151.46939086914062,153.6555174482576,149.92048190900607,152.45952464307155,115366700,0.0161122201985344,158.2638671875,161.38489532470703,143.61700439453125,0.24628,0.06692000000000001,0.04104,0.89196,25.0
2022-05-11,143.61700439453125,152.39087300235883,142.9405806152843,150.47925033829725,142689800,-0.0518414078881013,157.2387435913086,161.06216247558595,139.7545623779297,0.4832083333333333,0.08470833333333333,0.043333333333333335,0.8719166666666668,24.0
2022-05-12,139.7545623779297,143.32293029647687,136.0685607235715,139.96043637411066,182602000,-0.0268940438695617,155.88639221191406,160.5963998413086,144.2150115966797,0.3030625,0.08289583333333334,0.04504166666666667,0.8720416666666666,48.0
2022-05-13,144.2150115966797,145.18553469561974,140.2937279042498,141.74459868206603,113990900,0.0319163048622905,155.0071662902832,160.2263070678711,142.6758575439453,0.3198205128205128,0.07782051282051282,0.04556410256410256,0.8765641025641026,39.0
2022-05-16,142.6758575439453,144.6169031565104,141.34262089221127,142.6856703236639,86643800,-0.0106726341155029,154.06175231933594,159.8853387451172,146.30307006835938,0.3116842105263158,0.08800000000000001,0.03847368421052631,0.8734210526315789,19.0
2022-05-17,146.30307006835938,146.82263885480765,143.79343645262884,145.93054340694096,78336300,0.0254227490680885,153.18365783691405,159.69268035888672,138.048828125,0.5748846153846153,0.10353846153846155,0.02688461538461539,0.8695769230769231,26.0
2022-05-18,138.048828125,144.46012170643934,137.14691952570857,143.96016331731076,109742900,-0.0564187883378156,151.90117111206055,159.3713513183594,134.64706420898438,0.28817241379310343,0.08075862068965517,0.06368965517241379,0.855551724137931,29.0
2022-05-19,134.64706420898438,138.87224434894858,133.91182362893937,137.127274568989,136095600,-0.0246417442452709,150.48824157714844,158.87411346435547,134.88235473632812,0.4625625,0.1001875,0.04884375,0.85109375,32.0
2022-05-20,134.88235473632812,137.93115346240322,130.00036063657,136.3528361484188,137426100,0.0017474612515766,149.31369018554688,158.468310546875,140.29373168945312,0.41196875,0.09559375,0.04884375,0.8555,32.0
2022-05-23,140.29373168945312,140.44077384848245,134.94117272312687,135.07841705772444,117726300,0.040119235490093,148.35635528564453,158.2449349975586,137.5978240966797,0.5566875,0.093875,0.03840625,0.86765625,32.0
2022-05-24,137.5978240966797,139.1761411372566,134.62745335548652,138.0389654521871,104132700,-0.0192161656854417,147.56180572509766,158.04810455322266,137.7547149658203,0.4587333333333333,0.13066666666666665,0.07303333333333333,0.7963333333333333,30.0
2022-05-25,137.7547149658203,138.9997119005548,135.61760734755066,135.70583264997845,92482700,0.0011402133003963,146.78635787963867,157.76690002441407,140.9505615234375,0.24682758620689657,0.08082758620689655,0.051517241379310345,0.8676206896551725,29.0
2022-05-26,140.9505615234375,141.4995389264538,134.44123025043575,134.68631051667606,90601500,0.0231995439024366,145.82466812133788,157.461513671875,146.69520568847656,0.34022727272727277,0.06334090909090909,0.044409090909090905,0.8922727272727272,44.0
2022-05-27,146.69520568847656,146.73441193920726,142.4013957458045,142.5288422380691,90978500,0.0407564475298938,145.44338607788086,157.25085540771485,145.91094970703125,0.4311304347826087,0.07743478260869566,0.05904347826086957,0.8635217391304348,23.0
2022-05-31,145.91094970703125,147.69514080945274,143.9503080341332,146.1364342695409,103718400,-0.0053461595950911,145.0077163696289,156.95873107910157,145.78350830078125,0.2788125,0.099,0.0471875,0.8538125,16.0
2022-06-01,145.78350830078125,148.753879037452,144.77376414576858,146.95007745203338,74286600,-0.0008734190717412,144.49128265380858,156.63664855957032,148.23434448242188,0.5421578947368421,0.08636842105263158,0.04073684210526316,0.8728421052631579,19.0
2022-06-02,148.23434448242188,148.29316134885798,143.96994216366954,144.92085472708317,72348100,0.0168114775821146,143.77729263305665,156.29623565673828,142.51904296875,0.3330909090909091,0.08895454545454545,0.0405,0.8706363636363637,22.0
2022-06-03,142.51904296875,145.05807025566116,141.61714962601158,144.00911981753086,88570300,-0.0385558524485505,143.2302734375,155.81430419921875,143.26412963867188,0.3466451612903226,0.08719354838709677,0.05196774193548387,0.8607741935483871,31.0
2022-06-06,143.26412963867188,145.64631776796745,142.04852604987164,144.13661484785112,71598400,0.0052279797450314,142.684236907959,155.2717041015625,145.78350830078125,0.601758064516129,0.09885483870967741,0.03930645161290323,0.8618870967741935,62.0
2022-06-07,145.78350830078125,146.06779474236183,141.26422895235845,141.5093091448792,67808200,0.0175855510270681,142.52003326416016,154.7667657470703,145.04827880859375,0.43053125,0.087890625,0.048046875,0.86409375,64.0
2022-06-08,145.04827880859375,146.9206802540853,144.55811838609154,145.6560729457736,53950200,-0.0050432967401948,142.1989776611328,154.22989501953126,139.83297729492188,0.6237272727272727,0.0937878787878788,0.035454545454545454,0.8708484848484849,33.0
2022-06-09,139.83297729492188,145.0384790561678,139.72514139394366,144.18560463111925,69473000,-0.0359556249581838,142.00977630615233,153.52293701171874,134.431396484375,0.436025,0.0824,0.041475,0.87605,40.0
2022-06-10,134.431396484375,137.98995082700978,134.36276684809005,137.51940103001422,91437900,-0.0386288049860684,141.7436180114746,152.7312454223633,129.2847442626953,0.3613125,0.10195833333333333,0.04591666666666667,0.8520833333333333,48.0
2022-06-13,129.2847442626953,132.53940235521404,128.85340060932865,130.2552525242583,122207100,-0.0382845998499903,140.9971046447754,151.8984860229492,130.1473846435547,0.3171935483870968,0.07458064516129032,0.039322580645161295,0.8860645161290323,31.0
2022-06-14,130.1473846435547,131.25515193955982,128.8925752102517,130.51011351307002,84784300,0.0066724065997034,140.37068099975585,151.08885314941406,132.76483154296875,0.5505952380952381,0.08730952380952381,0.03811904761904762,0.8745714285714286,42.0
2022-06-15,132.76483154296875,134.63724775917188,129.5591934714462,131.6472664900923,91533000,0.0201114060538571,139.69376907348632,150.25071350097656,127.50054931640624,0.5605,0.094175,0.03945,0.8664,40.0
2022-06-16,127.50054931640624,129.78469908531477,126.5006176888106,129.48080196283755,108123900,-0.0396511799501567,139.16635513305664,149.37346069335936,128.97103881835938,0.47129411764705886,0.08841176470588234,0.04605882352941176,0.8653529411764707,17.0
2022-06-17,128.97103881835938,130.46113104749855,127.25547692933144,127.51036998343508,134520300,0.0115332013064817,138.8825538635254,148.58885314941406,133.1962127685547,0.36796153846153845,0.11334615384615385,0.06030769230769231,0.8263076923076924,26.0
2022-06-21,133.1962127685547,134.36279718069025,130.69640612370614,130.79442925101708,81000500,0.032760641372719,138.79824676513672,147.88268005371094,132.68643188476562,0.5884285714285714,0.08378571428571428,0.03917857142857143,0.8769642857142858,28.0
2022-06-22,132.68643188476562,135.04899374439103,131.27476747959807,132.1374396483602,73409200,-0.0038272926323729,138.41788177490236,147.20644561767577,135.5489501953125,0.6739473684210526,0.11515789473684211,0.02178947368421053,0.8630526315789474,19.0
2022-06-23,135.5489501953125,135.86264504741038,132.9609040918498,134.12748814246305,72433800,0.0215735570689916,138.315438079834,146.6724282836914,138.87229919433594,0.4992857142857143,0.09110714285714286,0.03875,0.8700357142857144,28.0
2022-06-24,138.87229919433594,139.1173794844748,137.01949279922658,137.14692437830942,89116800,0.0245177037095072,138.37131729125977,146.16748474121093,138.87229919433594,0.4399285714285714,0.1085,0.027821428571428573,0.8637499999999999,28.0
2022-06-27,138.87229919433594,140.66628871317417,138.1958752001904,139.89182661956758,70207900,0.0,138.26740417480468,145.60889892578126,134.73533630371094,0.5597,0.09543333333333333,0.031966666666666664,0.8727,30.0
2022-06-28,134.73533630371094,140.5976523771425,134.61770255675322,139.33304472180774,67083400,-0.0297896910660043,137.6694107055664,145.06761505126954,136.49009704589844,0.45451351351351355,0.09462162162162162,0.04267567567567567,0.8625945945945946,37.0
2022-06-29,136.49009704589844,137.90176176618252,133.9804775247322,134.75493953918553,66242400,0.013023760435288,137.19836807250977,144.5657342529297,134.02944946289062,0.40715384615384614,0.09684615384615385,0.049846153846153846,0.8535384615384615,39.0
2022-06-30,134.02944946289062,135.64697266058235,131.13750634293814,134.54901824559195,98964500,-0.0180280301374564,136.61066513061525,143.96902404785158,136.19595336914062,0.21086363636363636,0.07377272727272727,0.0545,0.8717045454545453,44.0
2022-07-01,136.19595336914062,136.3037892489926,132.99031531614665,133.36282702594735,71051600,0.0161643871173988,136.00874557495118,143.41897186279297,138.7742462158203,0.4139428571428571,0.09,0.047971428571428575,0.8619428571428571,35.0
2022-07-05,138.7742462158203,138.82326526029516,134.23535494237336,135.05883599741875,73353800,0.0189307595629626,135.82150573730468,142.93634368896485,140.1074676513672,0.3361071428571428,0.09239285714285715,0.046464285714285715,0.8611071428571428,28.0
2022-07-06,140.1074676513672,141.28384979355582,138.30368070277723,138.5683715462856,74064300,0.0096071243181061,135.66367263793944,142.571025390625,143.469970703125,0.4238965517241379,0.09293103448275862,0.049448275862068965,0.8575862068965517,29.0
2022-07-07,143.469970703125,143.66603189279604,140.4603783389641,140.47017616296918,66253700,0.0239994563325118,135.54799575805663,142.2516162109375,144.14639282226562,0.5411724137931034,0.09282758620689656,0.030344827586206897,0.8769310344827587,29.0
2022-07-08,144.14639282226562,144.64636610420064,142.1465445700594,142.40142264422445,64547800,0.0047147296108418,135.50290145874024,142.06476776123046,142.0191192626953,0.24975,0.06555,0.0361,0.89835,20.0
2022-07-11,142.0191192626953,143.75429187495894,140.9505728063945,142.80337916914598,63141600,-0.014757730095912,135.6122085571289,141.83987670898438,142.98959350585938,0.20145454545454544,0.07296969696969696,0.05645454545454545,0.8705757575757576,33.0
2022-07-12,142.98959350585938,145.5286208059207,142.19553604555907,142.89155544175705,77588800,0.0068334055879402,136.0401184082031,141.4959814453125,142.6268768310547,0.41277777777777774,0.09433333333333332,0.055888888888888884,0.8497407407407408,27.0
2022-07-13,142.6268768310547,143.5679764107693,139.32318560371215,140.1760748610569,71185600,-0.0025366648433042,136.70722503662108,141.26210205078124,145.5482177734375,0.5280400000000001,0.12044,0.03932,0.84036,25.0
2022-07-14,145.5482177734375,146.01876752832248,140.43094244372892,141.2446104323155,78140700,0.0204824014049134,137.47726669311524,141.08057952880858,147.21478271484375,0.30608,0.08944,0.052320000000000005,0.8582,25.0
2022-07-15,147.21478271484375,147.8912065060331,145.2835494113212,146.83245817528143,76259900,0.0114502600368522,138.19976425170898,140.9026315307617,144.17578125,0.3667777777777778,0.09255555555555556,0.05722222222222222,0.8502777777777778,18.0
2022-07-18,144.17578125,148.58722466683977,143.81305239727462,147.77355664160174,81420900,-0.0206433172593157,139.03352584838868,140.5358642578125,148.02845764160156,0.47915,0.1012,0.050075,0.848725,40.0
2022-07-19,148.02845764160156,148.25392726287154,144.01894870347078,145.0090674390563,82982400,0.0267220774404617,139.98639678955078,140.42724487304687,150.02830505371094,0.3176792452830189,0.09183018867924528,0.06216981132075471,0.8459622641509433,53.0
2022-07-20,150.02830505371094,150.6949310490213,147.41085002655058,148.14609070693865,64823400,0.0135098848151975,140.8280014038086,140.34411376953125,152.2928466796875,0.35407500000000003,0.086125,0.042025,0.871825,40.0
2022-07-21,152.2928466796875,152.50851845862235,148.94994906470606,151.45956799212024,65086600,0.0150940959118737,141.80832214355468,140.40861907958984,151.0576629638672,0.4238064516129032,0.07670967741935485,0.037322580645161293,0.8859032258064516,31.0
2022-07-22,151.0576629638672,153.2045683993023,150.39105184778396,152.33208328648058,66675400,-0.0081105826225589,142.58375778198243,140.40038452148437,149.94007873535156,0.5404117647058824,0.10235294117647059,0.03935294117647059,0.8582941176470588,34.0
2022-07-25,149.94007873535156,151.9889458272938,149.28326552705713,150.97921649648936,53623900,-0.0073983948022746,143.1371467590332,140.5268460083008,148.6166534423828,0.34663793103448276,0.08537931034482758,0.032,0.8825172413793103,58.0
2022-07-26,148.6166534423828,150.07732200029463,147.83239373585778,149.2636538636445,55138700,-0.0088263611979598,143.62436447143554,140.70408782958984,153.70449829101562,0.3067931034482759,0.07462068965517242,0.04958620689655172,0.8758965517241379,29.0
2022-07-27,153.70449829101562,154.23387992265205,149.16562296270044,149.57735592146827,78620700,0.0342346885815547,144.57282257080078,140.89387756347656,154.2534942626953,0.2948181818181818,0.07666666666666667,0.06475757575757576,0.8586060606060606,33.0
2022-07-28,154.2534942626953,154.53778073211737,151.37134852302864,153.8907653704556,81378700,0.0035717625559679,145.46099243164062,141.12543029785155,159.31198120117188,0.34387500000000004,0.09324999999999999,0.047589285714285716,0.8591607142857143,56.0
2022-07-29,159.31198120117188,160.40995103683753,156.36121998956833,158.06698413815568,101786900,0.0327933377629805,146.7251190185547,141.38560852050782,158.3316192626953,0.5402714285714286,0.12041428571428572,0.03554285714285714,0.844,70.0
2022-08-01,158.3316192626953,160.3706884793457,157.72382510643268,157.84145882480365,67829400,-0.0061537238510555,147.83190231323243,141.79126434326173,156.86114501953125,0.5599705882352941,0.11635294117647059,0.042176470588235294,0.8414705882352941,34.0
2022-08-02,156.86114501953125,159.21392420256825,156.48863324172908,156.94938527079637,59907000,-0.0092873062879773,148.73624725341796,142.23554595947266,162.86074829101562,0.39489473684210524,0.09489473684210525,0.033947368421052636,0.871,19.0
2022-08-03,162.86074829101562,163.31168761792614,157.5866160134525,157.67484132195506,82507500,0.0382478610030376,149.8739112854004,142.7951138305664,162.54702758789062,0.49888461538461537,0.11292307692307692,0.045,0.8420384615384615,26.0
2022-08-04,162.54702758789062,163.89987539598906,161.19417977979222,162.7430888021846,55474100,-0.0019263125487082,150.82776412963867,143.24017974853516,162.32122802734375,0.3365625,0.0790625,0.042375,0.878625,16.0
2022-08-05,162.32122802734375,162.81206933981915,160.01426786699392,160.22042780912037,56697000,-0.0013891337411555,151.73650588989258,143.73464782714845,161.8500213623047,0.35400000000000004,0.09854545454545455,0.049772727272727274,0.8515454545454545,22.0
2022-08-08,161.8500213623047,164.7361708864107,161.19229575323052,163.32254540690658,60276900,-0.0029029269354694,152.72805099487306,144.21655395507813,161.89907836914062,0.3408,0.1071,0.0443,0.84855,20.0
2022-08-09,161.89907836914062,162.78260161908204,160.2596703687026,161.01557009848565,63135500,0.0003031016395489,153.67352523803712,144.6355242919922,166.1399688720703,0.35015789473684206,0.08307894736842106,0.0375,0.8793947368421053,38.0
2022-08-10,166.1399688720703,166.23812814464867,163.8428202002786,164.60853143111325,70170500,0.0261946550014335,154.84917984008788,145.02441955566405,165.4036865234375,0.5495,0.09042307692307693,0.036653846153846155,0.8730384615384617,26.0
2022-08-11,165.4036865234375,167.85789272456063,165.10917878344554,166.94492022851418,57149200,-0.0044316990886146,155.8419532775879,145.4142742919922,168.9475860595703,0.5847272727272727,0.09286363636363637,0.028545454545454544,0.8785454545454545,22.0
2022-08-12,168.9475860595703,169.01629605421468,166.29703098384925,166.70935086886797,68039400,0.0214257590663231,156.92859344482423,145.87755584716797,170.01763916015625,0.3476666666666666,0.08515151515151516,0.03175757575757576,0.883030303030303,33.0
2022-08-15,170.01763916015625,170.21397271578903,168.2113464814704,168.37823075272277,54091700,0.0063336394768531,158.22068634033204,146.31322174072267,169.8605499267578,0.5229999999999999,0.07946153846153847,0.024999999999999998,0.8955384615384616,39.0
2022-08-16,169.8605499267578,170.52810192661653,168.51564947224608,169.61512926108554,56377100,-0.0009239584443968,159.31229095458986,146.8600518798828,171.3527069091797,0.4353571428571429,0.08585714285714285,0.03580952380952381,0.8783571428571428,42.0
2022-08-17,171.3527069091797,172.92339013736907,169.4089794863745,169.60531301748716,79542000,0.0087845999737152,160.37851104736328,147.42182342529296,170.96005249023438,0.22285714285714286,0.08664285714285715,0.045178571428571436,0.8681428571428571,28.0
2022-08-18,170.96005249023438,171.69631458533323,169.94892041130856,170.5673853645646,62290100,-0.0022914981970691,161.31187133789064,147.92535430908202,168.37820434570312,0.33224,0.059800000000000006,0.05072,0.88952,25.0
2022-08-19,168.37820434570312,170.55754092380556,168.1720444080825,169.86053968443733,70346300,-0.0151020551697521,162.17789840698242,148.3919528198242,164.50057983398438,0.6568,0.10548,0.03784,0.85676,25.0
2022-08-22,164.50057983398438,166.74862666169574,164.07844847706937,166.58174239756778,69026800,-0.0230292544500443,162.90592346191406,148.88530487060547,164.1667938232422,0.5767083333333333,0.09533333333333333,0.047999999999999994,0.8568333333333333,24.0
2022-08-23,164.1667938232422,165.61969500518398,163.597416059393,164.0195474098714,54147100,-0.0020290871380456,163.68343048095704,149.4800128173828,164.4613037109375,0.3823076923076923,0.08707692307692308,0.04711538461538462,0.8658461538461538,26.0
2022-08-24,164.4613037109375,165.03068148199358,163.20475103663767,164.2551587296091,53841500,0.0017939674695262,164.2212707519531,150.18354400634766,166.91549682617188,0.53015,0.085025,0.0223,0.892675,40.0
2022-08-25,166.91549682617188,167.0234825149317,165.26627719342727,165.68839353539587,51218200,0.0149226174173344,164.85437088012696,150.91890625,160.6229248046875,0.43007142857142855,0.089,0.04042857142857143,0.8705714285714287,14.0
2022-08-26,160.6229248046875,167.91683533755338,160.5640262370915,167.44563181749547,78961000,-0.0376991480188179,164.9199180603027,151.47606811523437,158.42391967773438,0.5798461538461539,0.11253846153846155,0.03246153846153846,0.8550769230769231,26.0
2022-08-29,158.42391967773438,159.9160662270411,156.89249744175427,158.19812192757627,73314000,-0.0136904811665399,164.92453308105468,152.09453552246094,155.99916076660156,0.4582647058823529,0.09344117647058824,0.07176470588235294,0.8348235294117647,34.0
2022-08-30,155.99916076660156,159.58229569538483,154.83095626158936,159.1601794345339,77906200,-0.0153055101531716,164.8814338684082,152.63509796142577,154.34010314941406,0.5137058823529412,0.09676470588235295,0.06229411764705882,0.8407058823529412,17.0
2022-08-31,154.34010314941406,157.63855650622187,154.26156676243244,157.37349807256936,87991100,-0.0106350419389095,164.4554016113281,153.05797576904297,155.0665740966797,0.365,0.09133333333333334,0.06183333333333333,0.8469444444444444,18.0
2022-09-01,155.0665740966797,155.51813965771387,151.83683028732435,153.77074600824525,74229900,0.0047069486960387,164.08137893676758,153.50557861328124,152.95596313476562,0.35688888888888887,0.06814814814814815,0.047481481481481486,0.8842222222222221,27.0
2022-09-02,152.95596313476562,157.42262194968552,152.13135334781393,156.82379496598037,76957800,-0.0136109988513588,163.61311569213868,153.85371887207032,151.6994171142578,0.5435151515151515,0.0816969696969697,0.025757575757575757,0.8926666666666666,33.0
2022-09-06,151.6994171142578,154.21252227519972,150.87480729194033,153.60388383195894,73714800,-0.0082150835753994,163.10558547973633,154.11026123046875,153.10324096679688,0.39153125,0.08071875,0.053875,0.86534375,32.0
2022-09-07,153.10324096679688,153.80022729759784,150.79628062278962,151.9841232844313,87449600,0.0092539831677911,162.66579360961913,154.39488006591796,151.63072204589844,0.5239705882352942,0.09135294117647058,0.029529411764705884,0.8790735294117648,68.0
2022-09-08,151.63072204589844,153.4959132532277,149.88331299426738,151.80741774838046,84923800,-0.0096178167855883,161.94033126831056,154.73278778076173,154.48739624023438,0.5138983050847458,0.0868135593220339,0.030966101694915253,0.8822033898305084,59.0
2022-09-09,154.48739624023438,154.92916542303703,151.91539245059826,152.62220516793604,68028800,0.0188396794250655,161.3945167541504,155.09273376464844,160.4363555908203,0.4468717948717949,0.10235897435897436,0.03523076923076923,0.8624615384615385,39.0
2022-09-12,160.4363555908203,161.25115382171967,156.3820172588061,156.66669857838036,104956000,0.0385077326394642,160.96895523071288,155.62087188720704,151.02203369140625,0.6848125,0.09459375,0.02496875,0.88040625,32.0
2022-09-13,151.02203369140625,157.5993035102858,150.5606417135221,156.97102730327344,122656600,-0.0586794798768959,160.0191749572754,155.91739349365236,152.46511840820312,0.4408888888888889,0.10191666666666667,0.03183333333333333,0.8661944444444445,36.0
2022-09-14,152.46511840820312,154.22233860679495,150.79626102566698,151.95463927472932,87965400,0.0095554581111365,159.14940338134767,156.1912109375,149.5789794921875,0.5218064516129032,0.10203225806451613,0.041161290322580646,0.8568709677419355,31.0
2022-09-15,149.5789794921875,152.3964188629796,148.60712326254628,151.81721471946022,90481100,-0.0189298309419758,158.06071701049805,156.3806411743164,147.9395751953125,0.457,0.09332352941176471,0.03561764705882353,0.8711176470588234,34.0
2022-09-16,147.9395751953125,148.57767791761873,145.6522527794473,148.4402429431555,162278800,-0.010960124894826,156.90969314575196,156.47003326416015,151.6503448486328,0.29591666666666666,0.10225000000000001,0.0525,0.8453333333333334,24.0
2022-09-19,151.6503448486328,151.7288812650201,146.368901915373,146.57504690151106,81474200,0.0250830087109639,156.07330017089845,156.6201123046875,154.02597045898438,0.6541764705882354,0.11276470588235295,0.036941176470588234,0.8502352941176471,17.0
2022-09-20,154.02597045898438,155.1843635395565,150.2759512881002,150.59008188296497,107689800,0.0156651513896837,155.54956970214843,156.8602493286133,150.90423583984375,0.4887142857142857,0.0872,0.04077142857142857,0.872,35.0
2022-09-21,150.90423583984375,155.83228620825895,150.78643873263653,154.45792171393398,101696800,-0.0202675861079668,154.8864418029785,157.01854217529296,149.94223022460938,0.42244444444444446,0.0795,0.03244444444444444,0.8880555555555555,18.0
2022-09-22,149.94223022460938,151.6405372059972,148.1457489754599,149.58882383167358,86652500,-0.0063749411000985,154.1604881286621,157.16484924316407,147.6745147705078,0.5662666666666667,0.1036,0.0377,0.8587333333333333,30.0
2022-09-23,147.6745147705078,148.69547312127722,145.83877299693037,148.4206031759059,96029900,-0.0151239277333983,153.1984390258789,157.20737518310546,148.00831604003906,0.44675757575757574,0.10406060606060606,0.036272727272727276,0.8596666666666667,33.0
2022-09-26,148.00831604003906,150.95336436223522,146.89900971197227,146.91864756165486,93339400,0.0022603850776146,152.56770858764648,157.22324584960938,148.9801483154297,0.5781428571428572,0.09966666666666667,0.03904761904761905,0.8612619047619048,42.0
2022-09-27,148.9801483154297,151.88593544780034,147.20330517830297,149.9422080635759,84442700,0.0065660653495154,152.09552001953125,157.31933319091797,147.09535217285156,0.6130625,0.1269375,0.05325,0.81975,16.0
2022-09-28,147.09535217285156,147.88070143548975,142.18693800547695,144.935652935065,146691400,-0.0126513241119046,151.65032958984375,157.30067108154296,139.8701171875,0.39158000000000004,0.09083999999999999,0.05126,0.8578600000000001,50.0
2022-09-29,139.8701171875,144.03245634378814,138.103085707034,143.4238179924611,128138200,-0.0491193968988306,150.92683029174805,157.09750732421875,135.6685333251953,0.19486486486486487,0.08078378378378379,0.058945945945945946,0.8601621621621621,37.0
2022-09-30,135.6685333251953,140.4787870882612,135.47219979960417,138.69211755301987,124925300,-0.030039181683621,149.95692825317383,156.7650210571289,139.84068298339844,0.31295,0.0847,0.060024999999999995,0.8554,40.0
2022-10-03,139.84068298339844,140.44933637961338,135.1678792129988,135.67835835777296,114311700,0.0307525227548715,149.30116424560546,156.54068145751953,143.42379760742188,0.5193333333333333,0.09671428571428572,0.05128571428571428,0.8521428571428571,21.0
2022-10-04,143.42379760742188,143.54159469628158,141.6174906956308,142.37339030080977,87830100,0.0256228341250936,148.88738327026368,156.41035583496094,143.7183380126953,0.4479459459459459,0.09872972972972974,0.030567567567567566,0.8707027027027028,37.0
2022-10-05,143.7183380126953,144.68039782185656,140.39043433471556,141.43103055560152,79471000,0.0020536369151209,148.4181381225586,156.31238952636718,142.76608276367188,0.6656399999999999,0.09939999999999999,0.02476,0.8758,25.0
2022-10-06,142.76608276367188,144.8374334955695,142.5599378213271,143.13912691743977,68402200,-0.0066258437315029,147.97490615844723,156.09362121582032,137.52392578125,0.3831666666666667,0.06616666666666667,0.03706666666666667,0.8968333333333334,30.0
2022-10-07,137.52392578125,140.47880029356153,136.8956494527264,139.9290453992253,85925600,-0.0367185040098038,147.12673263549806,155.7590298461914,137.8478546142578,0.4933181818181818,0.10518181818181818,0.03468181818181818,0.8600909090909091,22.0
2022-10-10,137.8478546142578,139.2909290851068,136.0317509799681,137.8478546142578,74899000,0.0023554361989568,145.99730758666993,155.32974731445313,136.4342498779297,0.14964285714285713,0.07328571428571429,0.05721428571428572,0.8694642857142857,28.0
2022-10-11,136.4342498779297,138.76084793369003,135.68817645989057,137.33739611427865,77033700,-0.0102548185482018,145.2679183959961,154.8917999267578,135.80596923828125,0.4984166666666667,0.11216666666666665,0.041416666666666664,0.8464583333333334,24.0
2022-10-12,135.80596923828125,137.78897231294513,135.62927355780317,136.58150689181417,70433700,-0.0046050067355563,144.4349609375,154.47069641113282,140.3708038330078,0.6023214285714286,0.08603571428571428,0.022571428571428572,0.8912857142857142,28.0
2022-10-13,140.3708038330078,140.9598044199806,131.90868942611982,132.5173428390662,113224000,0.0336129156938398,143.97455215454102,154.02089752197264,135.84523010253906,0.5063103448275862,0.08055172413793103,0.03793103448275863,0.8815862068965516,29.0
2022-10-14,135.84523010253906,141.87276009592642,135.65870802953629,141.66660017858484,88598000,-0.032240135461877,143.36983489990234,153.48686157226564,139.8014373779297,0.6044666666666667,0.10373333333333333,0.0176,0.8786666666666666,15.0
2022-10-17,139.8014373779297,140.282452315822,137.7006369919499,138.48598615048115,85250900,0.0291229016462659,142.7773895263672,153.03646575927735,141.1168670654297,0.57505,0.10974999999999999,0.02595,0.86435,20.0
2022-10-18,141.1168670654297,144.0128276023933,138.03438444661543,142.82500010106065,99136600,0.009409271550935,142.13193435668944,152.62180267333986,141.22488403320312,0.5507352941176471,0.092,0.02397058823529412,0.8839705882352941,34.0
2022-10-19,141.22488403320312,142.2949146585481,138.9081120945048,139.09463421767856,61758300,0.0007654433521639,141.64796676635743,152.2083187866211,140.76345825195312,0.6619473684210526,0.10263157894736842,0.046526315789473686,0.8509473684210526,19.0
2022-10-20,140.76345825195312,143.21766459219867,140.0370077826972,140.40024050696854,64522000,-0.0032673121625046,141.18902816772462,151.70078857421876,144.57241821289062,0.45766666666666667,0.11166666666666668,0.05316666666666667,0.8348333333333334,12.0
2022-10-21,144.57241821289062,145.14179598739213,140.03703386545854,140.2530052619691,86548600,0.0270592951341095,141.03392333984374,151.2841632080078,146.71246337890625,0.4087179487179487,0.09820512820512821,0.03602564102564103,0.8657948717948718,39.0
2022-10-24,146.71246337890625,147.47817461798252,143.3256613631015,144.49386606815804,75981900,0.0148025826258526,140.9691307067871,150.83946075439454,149.54954528808594,0.510625,0.0805,0.03646875,0.88290625,32.0
2022-10-25,149.54954528808594,149.6968066869272,146.62413491177583,147.34075911907576,74732300,0.0193377020863763,140.99760055541992,150.43009887695314,146.61428833007812,0.4292820512820513,0.08792307692307692,0.038717948717948716,0.8732564102564103,39.0
2022-10-26,146.61428833007812,149.20592954793565,145.32827166402765,148.19479776463467,88194300,-0.0196273211821103,140.97354736328126,149.96517364501952,142.1476593017578,0.36439285714285713,0.09153571428571429,0.04471428571428571,0.8637499999999999,28.0
2022-10-27,142.1476593017578,146.3198108162611,141.48993368404496,145.35776595535313,109180200,-0.0304651687035061,141.08742446899413,149.3810726928711,152.88723754882812,0.5461463414634147,0.09290243902439024,0.03765853658536585,0.8694390243902439,41.0
2022-10-28,152.88723754882812,154.61499335183578,145.11231396636444,145.4853431294892,164762400,0.0755522693783639,141.94835968017577,149.01961639404297,150.5311737060547,0.42122727272727273,0.09562121212121212,0.05018181818181818,0.8542272727272727,66.0
2022-10-31,150.5311737060547,151.41469684238612,149.13718651330186,150.3544780663591,97943200,-0.015410467744379,142.4828842163086,148.66267578125,147.89047241210938,0.35938000000000003,0.08372,0.04552,0.8709,50.0
2022-11-01,147.89047241210938,152.60255171953904,146.3983256985316,152.2393339638939,80379300,-0.0175425543356345,142.70621795654296,148.3304736328125,142.37342834472656,0.32621739130434785,0.06821739130434783,0.04095652173913044,0.8907826086956522,23.0
2022-11-02,142.37342834472656,149.3826416112209,142.34397906464244,146.22162239502856,93604600,-0.0373049323421531,142.63897247314452,147.8946063232422,136.33607482910156,0.2834814814814815,0.08399999999999999,0.05581481481481481,0.8601481481481481,27.0
2022-11-03,136.33607482910156,140.18426855678922,136.20845130657773,139.45781809061094,97918500,-0.042405058203746,142.317472076416,147.33210174560546,136.07057189941406,0.3479130434782608,0.09521739130434782,0.042043478260869564,0.8627391304347826,23.0
2022-11-04,136.07057189941406,140.28896920604143,132.1373281619349,139.71864706361086,140814800,-0.0019474150918625,142.24480438232422,146.71520324707032,136.6015625,0.44437499999999996,0.07808333333333332,0.03975,0.8822916666666667,24.0
2022-11-07,136.6015625,136.827719829141,133.40580174577732,134.82177198830993,83374600,0.0039023176956913,142.18248977661133,146.23477600097655,137.171875,0.11674193548387096,0.056129032258064517,0.064,0.8798387096774193,62.0
2022-11-08,137.171875,139.06965789658196,135.19542542837,138.06669154902085,89908500,0.0041750071489847,142.21937103271483,145.8097351074219,132.61917114257812,0.39872,0.07724,0.047560000000000005,0.87524,25.0
2022-11-09,132.61917114257812,136.23776400792798,132.34384521853534,136.18859544917655,74917800,-0.0331897763839844,142.06003112792968,145.3421353149414,144.4188995361328,0.3994285714285714,0.08433333333333333,0.04690476190476191,0.8687142857142857,21.0
2022-11-10,144.4188995361328,144.4188995361328,137.171901375878,138.88286812786214,118854000,0.0889745297900321,142.26243591308594,145.14371124267578,147.20166015625,0.4828461538461538,0.07817948717948718,0.04335897435897436,0.8785641025641027,39.0
2022-11-11,147.20166015625,147.50648417895965,141.96061049585242,143.38642351170455,93979700,0.019268673484255,142.83025741577148,144.9864129638672,145.80535888671875,0.7072999999999999,0.12835000000000002,0.034300000000000004,0.8372999999999999,20.0
2022-11-14,145.80535888671875,147.77198095425382,144.96953850636208,146.48384590068005,73374100,-0.0094856353389568,143.13045349121094,144.84340087890624,147.53598022460938,0.28465384615384615,0.0721923076923077,0.04853846153846154,0.8791923076923076,26.0
2022-11-15,147.53598022460938,151.02673737922098,146.08068410249945,149.67960607049233,89868300,0.0118693945895034,143.45140914916993,144.76013214111327,146.3068389892578,0.4047692307692308,0.08850000000000001,0.042423076923076924,0.869,26.0
2022-11-16,146.3068389892578,147.36881668355312,144.83187247009243,146.6411761367448,64218300,-0.008331128674377,143.70550689697265,144.6242041015625,148.20465087890625,0.6240909090909091,0.0895909090909091,0.025318181818181816,0.8849999999999999,22.0
2022-11-17,148.20465087890625,148.95196191687904,143.71091192910288,143.98623783804743,80389400,0.0129714502941846,144.07756652832032,144.55568267822267,148.76513671875,0.6131428571428571,0.088,0.03635714285714286,0.8755714285714286,14.0
2022-11-18,148.76513671875,150.15160903599656,147.46717380781297,149.76811828911318,74829600,0.0037818370511308,144.28720245361328,144.44123748779296,145.53988647460938,0.46530769230769226,0.10323076923076924,0.040461538461538465,0.8563461538461539,26.0
2022-11-21,145.53988647460938,147.8605015253363,145.25473282614936,147.6540145740021,58724100,-0.0216801484223966,144.22857360839845,144.14330810546875,147.67364501953125,0.5396315789473685,0.10052631578947369,0.04710526315789474,0.8523157894736841,19.0
2022-11-22,147.67364501953125,147.9096450709946,144.47788413446048,145.65786938764137,51804100,0.0146609881085355,144.1347785949707,144.07634033203124,148.548828125,0.6964782608695651,0.11765217391304347,0.025739130434782608,0.8567391304347826,23.0
2022-11-23,148.548828125,149.29613922514196,146.84768896962234,146.95585380028717,58301400,0.0059264678226977,144.2315055847168,143.9980145263672,145.63819885253906,0.09951612903225807,0.0769032258064516,0.0876774193548387,0.8354838709677419,31.0
2022-11-25,145.63819885253906,146.3953525551104,144.66471552066162,145.8348580598712,35195900,-0.0195937545196366,144.40603256225586,143.9191989135742,141.81312561035156,0.3862424242424243,0.07287878787878789,0.038,0.8891515151515151,33.0
2022-11-28,141.81312561035156,144.19273663104678,140.98714790150922,142.71777000634123,69246000,-0.0262642168903808,143.85232696533205,143.796669921875,138.8140106201172,-0.020730769230769233,0.07428846153846154,0.07684615384615384,0.8489615384615384,52.0
2022-11-29,138.8140106201172,142.39326202258005,138.00770341068628,141.8819361067611,83763800,-0.0211483596974993,143.26646881103517,143.5399432373047,145.5595245361328,0.0398095238095238,0.07644444444444444,0.07533333333333334,0.8482539682539683,63.0
2022-11-30,145.5595245361328,146.23801151936658,138.20436253781247,139.04016787618127,111380900,0.0485938983095561,143.14992141723633,143.37061431884766,145.8348846435547,0.08135849056603772,0.07566037735849056,0.05137735849056604,0.8729811320754717,53.0
2022-12-01,145.8348846435547,146.64120704597445,144.16325857031342,145.73656252403373,71250400,0.0018917354140814,143.3229942321777,143.26922729492188,145.34320068359375,-0.07134210526315789,0.07457894736842105,0.08507894736842106,0.8402631578947368,38.0
2022-12-02,145.34320068359375,145.53003217962117,143.21924526160134,143.52408428382984,65447400,-0.0033715112893784,143.77335052490236,143.17724670410155,144.18289184570312,0.3681538461538461,0.10088461538461538,0.06157692307692308,0.8375384615384616,26.0
2022-12-05,144.18289184570312,148.40128929094377,143.3372438141924,145.30386574755366,68826400,-0.0079832343889039,144.1789665222168,143.10741424560547,140.52500915527344,0.1518857142857143,0.06854285714285714,0.04731428571428571,0.8841714285714286,35.0
2022-12-06,140.52500915527344,144.84174478338647,139.55152565219004,144.61558740538712,64727200,-0.0253697414693565,144.37513885498046,142.95774810791016,138.587890625,0.3643720930232558,0.09172093023255813,0.042534883720930235,0.8657441860465116,43.0
2022-12-07,138.587890625,140.97732977170875,137.663575645007,139.817029693259,69721100,-0.0137848667786458,144.44593963623046,142.74990295410157,140.26931762695312,0.23,0.07076744186046512,0.05251162790697674,0.8767906976744185,43.0
2022-12-08,140.26931762695312,141.12480845757423,138.7451974772698,139.9841640195035,62128300,0.0121325679636963,144.8284469604492,142.61338226318358,139.78753662109375,0.19913636363636364,0.09186363636363636,0.0630909090909091,0.8451363636363637,22.0
2022-12-09,139.78753662109375,143.1406317217956,138.54855479274573,139.96452545134943,76097000,-0.0034346856034522,144.59687881469728,142.61173065185548,142.07862854003906,0.28228000000000003,0.09183999999999999,0.05444,0.8537600000000001,25.0
2022-12-12,142.07862854003906,142.08845624970894,138.70586361029962,140.31849324023466,70462700,0.016389815389304,144.34072723388672,142.73993255615235,143.04226684570312,0.2736875,0.08312499999999999,0.0298125,0.8869375,16.0
2022-12-13,143.04226684570312,147.4671667934874,141.83279839446703,147.00500937638787,93886200,0.0067824296698675,144.20257263183595,142.80396423339843,140.82000732421875,0.6563703703703704,0.1111111111111111,0.04248148148148148,0.8464444444444444,27.0
2022-12-14,140.82000732421875,144.2124280542218,138.80421630941913,142.9242927483946,82291200,-0.0155356844552909,143.8667739868164,142.75188842773437,134.221923828125,0.408625,0.0955,0.048125,0.856125,16.0
2022-12-15,134.221923828125,139.43347405451232,133.75976655307488,138.754987203731,98931900,-0.046854730527762,143.26252822875978,142.56196014404296,132.26515197753906,0.1471904761904762,0.08147619047619047,0.06890476190476191,0.8495714285714286,21.0
2022-12-16,132.26515197753906,135.35274779526193,131.49817062820333,134.4087776749108,160156900,-0.0145786306348256,142.4655532836914,142.3519415283203,130.16087341308594,0.6078181818181818,0.1129090909090909,0.037136363636363634,0.8499545454545455,22.0
2022-12-19,130.16087341308594,132.94364536804903,129.12840885731634,132.8551509782634,79592600,-0.0159095463392388,141.5353401184082,142.20468048095702,130.09205627441406,0.4690869565217391,0.10260869565217391,0.041739130434782605,0.8555652173913044,23.0
2022-12-20,130.09205627441406,131.0261987808424,127.72227301817315,129.19723960857664,77432800,-0.0005287083350575,140.76294860839843,142.04956451416015,133.18946838378906,0.39744999999999997,0.09385,0.03175,0.8745499999999999,20.0
2022-12-21,133.18946838378906,134.52677190815584,130.53453175568677,130.76068907847488,85928000,0.0238093869685738,140.03873977661132,141.98466888427734,130.02325439453125,0.4691666666666667,0.11295833333333333,0.05629166666666666,0.8306666666666667,24.0
2022-12-22,130.02325439453125,132.31437161912214,128.1254707087497,132.10788463987004,77852100,-0.023772254876296,139.1124610900879,141.86901458740235,129.65939331054688,0.378952380952381,0.08628571428571429,0.036476190476190475,0.8770952380952381,21.0
2022-12-23,129.65939331054688,130.21004508793624,127.47644161865644,128.73507853958515,63814900,-0.0027984308320748,138.3135208129883,141.65478637695313,127.85991668701172,0.4587692307692308,0.11292307692307692,0.0366923076923077,0.8503076923076923,13.0
2022-12-27,127.85991668701172,129.21689054689435,126.5717817929533,129.18739241986506,69007800,-0.013878490231905,137.6158603668213,141.49508010864258,123.93653106689452,0.2546538461538462,0.09823076923076922,0.06426923076923077,0.8374999999999999,26.0
2022-12-28,123.93653106689452,128.84325132058044,123.76936998157429,127.50594763388185,85438400,-0.0306850318831447,136.87198638916016,141.17778198242186,127.44696044921876,0.26485185185185184,0.08714814814814814,0.06537037037037037,0.8474444444444444,27.0
2022-12-29,127.44696044921876,128.30243635978945,125.59833816334044,125.8539936642562,75703700,0.0283244121172754,135.96635818481445,140.90438385009764,127.76160430908205,0.3942962962962963,0.09674074074074074,0.074,0.8293333333333334,27.0
2022-12-30,127.76160430908205,127.78127473228464,125.30333405560762,126.26698223669044,77034200,0.0024688220005737,135.0626941680908,140.63511825561525,122.98271942138672,0.23545454545454544,0.08781818181818181,0.05327272727272727,0.8589545454545454,22.0
2023-01-03,122.98271942138672,128.7154174535332,122.09773792777466,128.10576937065363,112117500,-0.0374047031855845,133.94467010498047,140.2795034790039,124.25118255615234,0.19765,0.074525,0.053674999999999994,0.87185,40.0
2023-01-04,124.25118255615234,126.51280092971427,122.9925456360047,124.77233620258212,89113600,0.010314157474591,132.94808464050294,139.87307876586914,122.93355560302734,0.14088095238095238,0.08266666666666667,0.045785714285714284,0.8716666666666667,42.0
2023-01-05,122.93355560302734,125.63766124201172,122.67790010774006,125.00834271164996,80962700,-0.0106045425566032,132.06851196289062,139.39750061035156,127.4567642211914,0.36392,0.08016,0.046799999999999994,0.87316,25.0
2023-01-06,127.4567642211914,128.11558077623516,122.80570749443298,123.90701849100518,87754700,0.036793929826371,131.5119556427002,138.95564498901368,127.9779281616211,0.6063,0.11125,0.035949999999999996,0.8528,20.0
2023-01-09,127.9779281616211,131.18353181246084,127.72227268810084,128.2925949020793,70790800,0.004088946895947,130.8973861694336,138.58291778564453,128.5482635498047,0.3944242424242424,0.07057575757575758,0.031363636363636364,0.898090909090909,33.0
2023-01-10,128.5482635498047,129.06941726347972,125.98182082594904,128.08610610497774,63896200,0.0044565136846357,130.33542251586914,138.31092987060546,131.26220703125,0.4646764705882353,0.08073529411764706,0.04038235294117647,0.8788529411764706,34.0
2023-01-11,131.26220703125,131.28186245070447,128.28277553296553,129.0595847172529,69458900,0.0211122531452463,129.7946014404297,137.8784292602539,131.1835479736328,0.38665714285714287,0.0846,0.04285714285714286,0.8724571428571429,35.0
2023-01-12,131.1835479736328,132.019353473187,129.2464237509339,131.6457054280313,71379600,-0.0005992513717102,129.20166549682617,137.49147674560547,132.51100158691406,0.3819230769230769,0.08565384615384615,0.04065384615384615,0.8735769230769231,26.0
2023-01-13,132.51100158691406,132.6683349676498,129.46274610687885,129.8265664212103,57809700,0.0101190555811774,128.78621520996094,137.18388732910157,133.67127990722656,0.379,0.073,0.03891666666666667,0.8879166666666666,24.0
2023-01-17,133.67127990722656,134.99874055778392,131.89148966196402,132.57980425900854,63646600,0.0087560904862036,128.75868301391603,137.00984436035156,132.9534912109375,0.5607948717948718,0.07430769230769231,0.0241025641025641,0.9015384615384616,39.0
2023-01-18,132.9534912109375,136.29674271738915,132.7764874230637,134.53662257229425,69672800,-0.0053698049183582,128.79309997558593,136.94219268798827,133.01248168945312,0.2435675675675676,0.08048648648648649,0.04775675675675675,0.8718648648648649,37.0
2023-01-19,133.01248168945312,133.97612225756075,131.53751520588366,131.8423392118264,58280400,0.0004436925873727,128.9356803894043,136.88103088378907,135.56907653808594,0.7243636363636363,0.14754545454545454,0.027636363636363636,0.825,11.0
2023-01-20,135.56907653808594,135.71658218378784,131.97999755468973,133.02230476612493,80223600,0.0192207138470037,129.20953140258788,136.86038116455077,138.75503540039062,0.3426470588235294,0.07576470588235294,0.04252941176470588,0.8816470588235293,17.0
2023-01-23,138.75503540039062,140.92815961902411,135.59860004292767,135.81492969380113,81760300,0.0235006311443719,129.48780975341796,136.8920443725586,140.1513214111328,0.5641071428571428,0.08807142857142858,0.022214285714285714,0.8896428571428572,28.0
2023-01-24,140.1513214111328,140.77081216801105,137.95854199183503,137.9683697007518,66435100,0.0100629574034056,129.99421310424805,137.0426873779297,139.49252319335938,0.6311818181818182,0.12200000000000001,0.04381818181818182,0.8341363636363636,22.0
2023-01-25,139.49252319335938,140.05300275817604,136.49342112366645,138.53871015801215,65799300,-0.0047006208085677,130.48586959838866,136.94415985107423,141.5574493408203,0.4301333333333333,0.10586666666666668,0.030666666666666665,0.8634666666666667,15.0
2023-01-26,141.5574493408203,141.8426029112318,139.53181620357194,140.78062529691158,54105100,0.0148031313807308,131.1707462310791,136.83127563476563,143.49456787109375,0.5189375,0.10262500000000001,0.0609375,0.83625,16.0
2023-01-27,143.49456787109375,144.77287517943125,140.69214050710963,140.77080718806803,70555800,0.0136843277361513,132.14864807128907,136.78505981445312,140.61346435546875,0.30451999999999996,0.061,0.037000000000000005,0.9020400000000001,25.0
2023-01-30,140.61346435546875,143.12091025214485,140.46597371619012,142.54076039880331,64015300,-0.0200781364644632,132.80697326660157,136.6466094970703,141.88194274902344,0.3510754716981132,0.06684905660377359,0.04,0.8931132075471698,53.0
2023-01-31,141.88194274902344,141.93111130163894,139.9054929686203,140.31848180314623,65874500,0.0090210308050442,133.51299018859862,136.55811157226563,143.00289916992188,0.29233333333333333,0.07912121212121213,0.05645454545454545,0.8644848484848484,33.0
2023-02-01,143.00289916992188,144.1632138517995,138.96150571314269,141.56727363630213,77663600,0.0079006277978679,134.51399917602538,136.45407653808593,148.30300903320312,0.5117714285714285,0.08191428571428572,0.03242857142857143,0.8856285714285714,35.0
2023-02-02,148.30300903320312,148.6569866770964,145.69722523392414,146.41503824093917,118339000,0.0370629539264335,135.71659049987792,136.444833984375,151.92156982421875,0.3335762711864407,0.08033898305084747,0.041559322033898304,0.8780847457627119,59.0
2023-02-03,151.92156982421875,154.75351068440185,145.36288637728777,145.55954560277002,154357300,0.0243997799815745,137.1659912109375,136.5724676513672,149.1977996826172,0.2548904109589041,0.08168493150684931,0.06071232876712329,0.8576438356164383,73.0
2023-02-06,149.1977996826172,150.5449461888697,148.2636570715711,150.02379246889225,69858300,-0.0179287914464885,138.2530429840088,136.6029507446289,152.0690460205078,0.033849999999999984,0.0744,0.05685,0.86875,20.0
2023-02-07,152.0690460205078,152.63936822302708,148.12597415973434,148.12597415973434,83322600,0.0192445622120334,139.4575988769531,136.67335510253906,149.38465881347656,0.4454444444444445,0.108,0.03966666666666666,0.8522222222222222,18.0
2023-02-08,149.38465881347656,152.00027061110777,148.64717529938704,151.31195566545233,64120100,-0.0176524235357485,140.49941864013672,136.74828430175782,148.3521728515625,0.5498333333333333,0.10804166666666666,0.04516666666666667,0.8468749999999999,24.0
2023-02-09,148.3521728515625,151.7544365931666,147.90968576195635,151.21361237069686,56007100,-0.0069115929983362,141.35391693115236,136.87906524658203,148.7165069580078,0.6004615384615385,0.11392307692307692,0.02984615384615385,0.8562307692307692,13.0
2023-02-10,148.7165069580078,149.0414968354293,146.95369947058745,147.1900598433605,57450700,0.002455873071774,142.2305648803711,137.07711517333985,151.51339721679688,0.49404761904761907,0.11057142857142857,0.044333333333333336,0.8450476190476189,21.0
2023-02-13,151.51339721679688,151.91715888947925,148.62788900472555,148.65743217523777,62199000,0.0188068582028948,143.18068466186523,137.19619262695312,150.8732452392578,0.7237142857142856,0.10971428571428572,0.028214285714285716,0.8621428571428572,14.0
2023-02-14,150.8732452392578,151.4345954776921,148.56878800441328,149.80964612462722,61707600,-0.0042250519709691,144.0407829284668,137.2969598388672,152.97091674804688,0.4117826086956522,0.08730434782608695,0.06308695652173914,0.8495652173913043,23.0
2023-02-15,152.97091674804688,153.13833305811258,150.5581292969133,150.78463194852628,65573800,0.0139035354178438,145.04165420532226,137.44951416015624,151.37551879882812,0.6587307692307692,0.09911538461538462,0.03773076923076923,0.8630769230769231,26.0
2023-02-16,151.37551879882812,153.95572244720177,151.02098573800205,151.17854429955682,68167900,-0.0104294200697409,145.959806060791,137.59336669921876,150.23313903808594,0.6074444444444445,0.08405555555555555,0.02761111111111111,0.8882777777777778,18.0
2023-02-17,150.23313903808594,150.67630162569367,148.55896091432058,150.03617955770974,59144100,-0.007546661242234,146.69300918579103,137.787529296875,146.22496032714844,0.5926875,0.0935625,0.033125,0.8733125,16.0
2023-02-21,146.22496032714844,149.00213887625634,146.15603126407484,147.9188390818426,58867200,-0.0266797241713852,147.0665054321289,137.94027069091797,146.64842224121094,0.16315384615384615,0.11415384615384615,0.063,0.822923076923077,13.0
2023-02-22,146.64842224121094,147.67262055430007,144.9250004924314,146.60902132895072,51011300,0.0028959619008621,147.3913604736328,138.06785278320314,147.13095092773438,0.4750625,0.1046875,0.0365625,0.8585625,16.0
2023-02-23,147.13095092773438,148.0566768897737,145.0037677901394,147.810473815914,48394200,0.0032903776198134,147.77328186035157,138.21472106933595,144.48182678222656,0.7047777777777777,0.0951111111111111,0.012222222222222223,0.8927222222222222,18.0
2023-02-24,144.48182678222656,144.95453250364176,143.50685714395402,144.87574571223192,55469600,-0.0180052132389804,147.91950073242188,138.2627850341797,145.67344665527344,0.6464210526315789,0.11347368421052632,0.030947368421052637,0.8555263157894736,19.0
2023-02-27,145.67344665527344,146.9044621404894,145.21058363066865,145.46664446890208,44998500,0.008247541573813,148.0284446716309,138.31540863037108,145.1711883544922,0.5572380952380952,0.11171428571428572,0.028857142857142856,0.8593809523809524,21.0
2023-02-28,145.1711883544922,146.81582313308783,144.5999954030627,144.8166553166064,50547000,-0.0034478370101986,148.25633087158204,138.40243225097657,143.10308837890625,0.30208695652173917,0.08252173913043478,0.043434782608695655,0.8740869565217391,23.0
2023-03-01,143.10308837890625,144.9939263960711,142.8076416515582,144.60000744430354,55479000,-0.0142459395629928,148.31738815307617,138.58005554199218,143.69398498535156,0.4622857142857143,0.09157142857142857,0.04304761904761904,0.8654761904761905,21.0
2023-03-02,143.69398498535156,144.481837933212,141.71450238763347,142.1872231725768,52238100,0.0041291673935137,148.35194244384766,138.80863220214843,148.73623657226562,0.39117391304347826,0.07860869565217392,0.04504347826086957,0.8763913043478261,23.0
2023-03-03,148.73623657226562,148.81502337863614,145.09243318314816,145.79164167073546,70732300,0.0350902063675671,148.37360382080078,139.18013946533202,151.49371337890625,0.31258823529411767,0.06397058823529411,0.03691176470588236,0.8991764705882352,34.0
2023-03-06,151.49371337890625,153.926201531547,151.1293375512549,151.4543124625378,87558000,0.0185393746015676,148.35221099853516,139.60817260742186,149.2975616455078,0.5417857142857143,0.08392857142857142,0.02754761904761905,0.8885476190476191,42.0
2023-03-07,149.2975616455078,151.69064849711955,148.83469862838186,151.3656586110283,56182000,-0.0144966525964385,148.3571990966797,139.93033447265626,150.5482635498047,0.6800625,0.125,0.0193125,0.8555,16.0
2023-03-08,150.5482635498047,151.1391569879468,149.5240652876753,150.48917721139935,47204800,0.0083772426723656,148.28115997314453,140.3408346557617,148.30291748046875,0.3088235294117647,0.0811764705882353,0.029294117647058825,0.8895294117647059,17.0
2023-03-09,148.30291748046875,152.19292402611515,147.94838436334126,151.22781194000862,53833600,-0.014914460096666,148.22707290649413,140.71370513916017,146.2446746826172,0.46286363636363637,0.08963636363636364,0.03995454545454546,0.8705454545454546,22.0
2023-03-10,146.2446746826172,148.64761988981078,145.36819204822754,147.92871088177273,68572400,-0.0138786399675693,148.12169799804687,141.08140029907227,148.18472290039062,0.17165,0.08315,0.071,0.8458500000000001,20.0
2023-03-13,148.18472290039062,150.81417020284252,145.4567883472071,145.56511831219402,84457100,0.0132657699980103,148.09510879516603,141.5663641357422,150.27252197265625,0.5144545454545454,0.11118181818181819,0.032863636363636366,0.8558636363636364,22.0
2023-03-14,150.27252197265625,151.07021762009597,147.82034869008896,148.98242012042218,73695900,0.0140891654105872,148.03306503295897,142.02287536621094,150.6664581298828,0.47706666666666664,0.07473333333333333,0.0366,0.8885333333333333,15.0
2023-03-15,150.6664581298828,150.92250395033966,147.64307677577528,148.8937927615987,77167900,0.0026214783119047,148.02272567749023,142.48097244262695,153.4830322265625,0.1190909090909091,0.07054545454545455,0.05418181818181818,0.8754090909090909,22.0
2023-03-16,153.4830322265625,154.08376844517147,149.33696504123728,149.84907174243986,76161100,0.0186941017373067,148.048331451416,143.09097869873048,152.64593505859375,0.6977407407407407,0.12774074074074074,0.03314814814814815,0.8392222222222222,27.0
2023-03-17,152.64593505859375,154.35951419092353,151.93686886777078,153.70953434482817,98944600,-0.0054540046272546,148.1118522644043,143.65887374877929,155.0094451904297,0.603875,0.1595625,0.0266875,0.8136875,16.0
2023-03-20,155.0094451904297,155.4230795673691,151.80880531492744,152.7148458265595,73641400,0.0154836100347428,148.35066757202148,144.30039154052736,156.86093139648438,0.7847500000000001,0.09449999999999999,0.0165,0.8887499999999999,4.0
2023-03-21,156.86093139648438,156.9791040860205,154.16253977805687,154.93070734117964,73938300,0.011944344448044,148.8824661254883,144.8884748840332,155.4329376220703,0.5391999999999999,0.0732,0.026133333333333335,0.9004666666666666,15.0
2023-03-22,155.4329376220703,159.6774765177441,155.41323716716616,156.88061300312046,75701800,-0.0091035655704774,149.32169189453126,145.4375750732422,156.5162811279297,0.49019999999999997,0.07113333333333333,0.03973333333333333,0.8890666666666667,15.0
2023-03-23,156.5162811279297,159.09650071807965,155.28526520629035,156.41780887042844,67622100,0.0069698451462938,149.79095840454102,145.9969354248047,157.8162078857422,0.4169729729729729,0.10332432432432433,0.04605405405405405,0.8507027027027027,37.0
2023-03-24,157.8162078857422,157.9048374069247,155.4526638252611,156.44731907052963,59196500,0.0083053772326087,150.4576774597168,146.52801544189452,155.87611389160156,0.6915,0.1145,0.0179,0.86765,20.0
2023-03-27,155.87611389160156,158.32830230982592,155.47233717929535,157.5109061704178,52390300,-0.0122933760741814,150.9678108215332,147.0218667602539,155.2556915283203,0.6962307692307692,0.09707692307692307,0.03584615384615385,0.8669230769230769,13.0
2023-03-28,155.2556915283203,156.08294548571627,153.61105638332387,155.57083875533723,45992200,-0.0039802272958427,151.4720359802246,147.47676055908204,158.3282928466797,0.5573333333333333,0.08666666666666667,0.04576190476190476,0.8677142857142858,21.0
2023-03-29,158.3282928466797,158.60403911493316,156.92986104995282,156.94954647836764,51305700,0.0197905873086714,152.2332962036133,147.9699008178711,159.89413452148438,0.50336,0.0974,0.04136,0.8610800000000001,25.0
2023-03-30,159.89413452148438,160.0024644815908,158.82069266127598,159.07673846378026,49501700,0.0098898412068459,153.0433036804199,148.50871368408204,162.39553833007812,0.4728,0.08907999999999999,0.03624,0.8747199999999999,25.0
2023-03-31,162.39553833007812,162.49402556851254,159.45095924162882,159.972908545837,68749800,0.015644124883503,153.72626876831055,149.09637481689452,163.6462860107422,0.6182857142857143,0.08875,0.03610714285714286,0.8751428571428572,28.0
2023-04-03,163.6462860107422,163.76445869825218,161.7259047034759,161.77514833228696,56976200,0.0077018598757427,154.33389739990236,149.65791900634767,163.11448669433594,0.3820909090909091,0.08513636363636364,0.044409090909090905,0.8703181818181818,22.0
2023-04-04,163.11448669433594,164.30610131295074,162.60238002597387,164.06975594835677,46278300,-0.0032496876609307,155.02474365234374,150.14510803222657,161.27288818359375,0.5688,0.10595000000000002,0.03805,0.8558999999999999,20.0
2023-04-05,161.27288818359375,162.54330471265868,159.34266411557562,162.2380152446489,51511700,-0.0112902204339041,155.5609748840332,150.56753936767578,162.15919494628906,0.4039375,0.08209375,0.04321875,0.87459375,32.0
2023-04-06,162.15919494628906,162.4546416380935,159.5395906537556,159.963052724609,45390100,0.0054956959764145,156.25378875732423,151.02087280273437,159.5691375732422,0.64288,0.08044000000000001,0.0168,0.9027200000000001,25.0
2023-04-10,159.5691375732422,159.5691375732422,157.6487565719111,158.96840146235982,47716900,-0.0159723127258047,156.92001190185547,151.3811065673828,158.35781860351562,0.32768749999999996,0.08612500000000001,0.05603125,0.85784375,32.0
2023-04-11,158.35781860351562,159.89412336543904,158.0722146254148,159.88428065231392,47644200,-0.0075911857903635,157.4286666870117,151.67837158203125,157.66848754882812,0.5620909090909091,0.09336363636363636,0.04190909090909091,0.8646363636363635,22.0
2023-04-12,157.66848754882812,159.59871163720814,157.35334033527027,158.77147274218814,50133100,-0.004352996655084,157.7984649658203,152.01947204589842,163.0455322265625,0.29445454545454547,0.082,0.06463636363636363,0.8535454545454545,22.0
2023-04-13,163.0455322265625,163.28189260314673,158.96840964951016,159.17522685740187,68445600,0.0341034835897005,158.41741867065429,152.44274383544922,162.7008819580078,0.49773333333333336,0.0827,0.03546666666666667,0.8819333333333333,30.0
2023-04-14,162.7008819580078,163.79402444901268,161.3319931654023,162.09028798128088,49386500,-0.0021138283511857,158.87831115722656,152.83670349121093,162.72055053710938,0.5335333333333333,0.11266666666666666,0.02666666666666667,0.8606666666666667,15.0
2023-04-17,162.72055053710938,162.8781241294329,161.53877864877254,162.5826774005875,41516200,0.0001208879685521,159.38204193115234,153.12505432128907,163.9416961669922,0.6022325581395349,0.07476744186046512,0.0196046511627907,0.9056046511627908,43.0
2023-04-18,163.9416961669922,164.86742208466634,163.1341429104535,163.57732044379625,49923000,0.007504556897405,159.82865447998046,153.36545684814453,165.0841064453125,0.4532432432432432,0.07929729729729729,0.039783783783783784,0.8809459459459459,37.0
2023-04-19,165.0841064453125,165.60605581206516,163.0258371209191,163.28189796071484,47720200,0.0069683936730571,160.23981323242188,153.68318298339844,164.11898803710938,0.6663571428571429,0.12028571428571429,0.03503571428571429,0.84475,28.0
2023-04-20,164.11898803710938,165.32046042282218,163.04554607797024,163.56749547193866,52456400,-0.0058462224437265,160.67411575317382,153.92418182373046,162.51377868652344,0.6626842105263158,0.10426315789473684,0.02831578947368421,0.867421052631579,19.0
2023-04-21,162.51377868652344,163.9220534848416,161.9918292131701,162.54332186221907,58337300,-0.0097807655883362,160.9739906311035,154.1867642211914,162.8190155029297,0.6134285714285714,0.11,0.023476190476190477,0.8664761904761905,21.0
2023-04-24,162.8190155029297,163.08491902519904,161.4008834202169,162.49402564838778,41949600,0.0018782211506818,161.2241310119629,154.47610107421875,161.28274536132812,0.3647058823529412,0.08952941176470589,0.059117647058823525,0.8515294117647059,17.0
2023-04-25,161.28274536132812,163.78416246885476,161.24334444666383,162.68117729099055,48714100,-0.0094354466943323,161.4944625854492,154.72742584228516,161.27288818359375,0.5895263157894737,0.0948421052631579,0.03131578947368421,0.8739473684210527,19.0
2023-04-26,161.27288818359375,162.7698073781101,160.32747660698578,160.58352244501583,45498800,-6.111737317149313e-05,161.7953224182129,154.92261566162108,165.85227966308594,0.8392,0.1054,0.021666666666666667,0.8729333333333333,15.0
2023-04-27,165.85227966308594,165.99999552987848,162.68118215487013,162.68118215487013,64902300,0.0283952965130691,162.1715217590332,155.22219635009765,167.1029815673828,0.7500714285714285,0.10114285714285713,0.03864285714285714,0.8602142857142857,14.0
2023-04-28,167.1029815673828,167.27041291997128,165.33033104891717,165.93106728858945,55275900,0.0075410594707383,162.53196411132814,155.50483764648436,167.01434326171875,0.5098571428571429,0.08750000000000001,0.029285714285714286,0.8833571428571428,14.0
2023-05-01,167.01434326171875,167.86128258741087,166.07877442017465,166.70905380019818,52472900,-0.0005304411975936,162.76290435791014,155.8176141357422,165.98028564453125,0.254,0.07470833333333333,0.051666666666666666,0.873625,24.0
2023-05-02,165.98028564453125,167.76280882251325,164.9954731830596,167.50674796522142,48425700,-0.0061914300112959,162.8796043395996,156.1325570678711,164.90687561035156,0.2697826086956522,0.09734782608695651,0.043043478260869565,0.8596521739130434,23.0
2023-05-03,164.90687561035156,168.32417671575038,164.62128655310647,166.9257445528309,65136000,-0.0064670935467513,162.9692237854004,156.50619537353515,163.2720489501953,0.6854333333333333,0.1093,0.0307,0.8601,30.0
2023-05-04,163.2720489501953,164.50306450874902,161.81453073644045,162.3857237588548,81235400,-0.0099136355237187,163.06918182373047,156.83866790771484,170.9339141845703,0.5335555555555556,0.09642592592592593,0.037425925925925925,0.8661666666666668,54.0
2023-05-05,170.9339141845703,171.65282310766082,168.1665784150509,168.3832383689214,113453200,0.0469269864844543,163.50791778564454,157.31472717285158,170.86495971679688,0.6281911764705882,0.10441176470588234,0.033911764705882357,0.8616470588235294,68.0
2023-05-08,170.86495971679688,171.20965008439242,169.49607101524845,169.86044681233005,55962800,-0.000403398401671,164.07270889282228,157.84238983154296,169.1612548828125,0.6022105263157895,0.11278947368421051,0.03452631578947368,0.8525263157894737,19.0
2023-05-09,169.1612548828125,170.90436226614003,168.9938385535857,170.42181373691182,45326900,-0.009971060402368,164.6128807067871,158.31214599609376,170.92404174804688,0.9132631578947369,0.13363157894736843,0.02494736842105263,0.8413684210526317,19.0
2023-05-10,170.92404174804688,171.38690478906514,169.28924951921832,170.39224965147537,53724500,0.0104207483354008,165.27565841674806,158.82720306396484,171.11117553710938,0.5593157894736842,0.08994736842105264,0.04252631578947369,0.8673684210526316,19.0
2023-05-11,171.11117553710938,171.9384144483228,169.5551699505623,171.20966280003566,49514700,0.0010948359701108,165.6789405822754,159.3873648071289,170.1841583251953,0.47300000000000003,0.1028,0.034949999999999995,0.8624,20.0
2023-05-12,170.1841583251953,171.653548851867,168.6358569767775,171.21962961924467,45533100,-0.0054176310168181,166.05310440063477,159.91716827392577,169.6910400390625,0.3801875,0.074375,0.0428125,0.88275,16.0
2023-05-15,169.6910400390625,170.8152782783789,169.09932936665282,170.76596654770685,37266700,-0.0028975569229572,166.40162887573243,160.33626434326172,169.6910400390625,0.6574285714285715,0.10250000000000001,0.029714285714285717,0.8678571428571429,14.0
2023-05-16,169.6910400390625,170.7462388458725,169.4247687316954,169.6121442795527,42110300,0.0,166.68909606933593,160.70021087646484,170.30250549316406,0.3617142857142857,0.0972857142857143,0.049999999999999996,0.8528571428571429,14.0
2023-05-17,170.30250549316406,170.53917778241149,168.06388478776768,169.3360585337975,57951600,0.0036034044812314,166.95001602172852,161.12030975341796,172.62985229492188,0.5568333333333333,0.10095833333333333,0.017333333333333333,0.8817499999999999,24.0
2023-05-18,172.62985229492188,172.81722786089622,170.19400003291315,170.60819152451643,65496700,0.0136659574973265,167.37555923461915,161.56194152832032,172.73837280273438,0.5307826086956522,0.09926086956521739,0.02265217391304348,0.8781304347826087,23.0
2023-05-19,172.73837280273438,173.95136353170963,172.52141315393132,173.95136353170963,55809500,0.000628631180354,167.88678894042968,162.05065063476562,171.79161071777344,0.44911999999999996,0.09464,0.04428,0.86112,25.0
2023-05-22,171.79161071777344,172.2945693897219,171.05197977463047,171.57465110395842,43570900,-0.0054809019536274,168.33541870117188,162.56158935546875,169.1881103515625,0.4116153846153846,0.07899999999999999,0.0335,0.887423076923077,26.0
2023-05-23,169.1881103515625,170.9829553293692,168.9119826700276,170.7364116817252,50747300,-0.0151549913021543,168.7306869506836,162.9816571044922,169.46426391601562,0.4025,0.101625,0.049625,0.84875,8.0
2023-05-24,169.46426391601562,170.03624707165045,168.16252108250686,168.724632860117,45143500,0.0016322279614051,169.1402557373047,163.3654919433594,170.59835815429688,0.95375,0.11225,0.01525,0.873,4.0
2023-05-25,170.59835815429688,171.49576564962197,169.31632809947834,170.02637505144455,56058300,0.0066922324038967,169.37755966186523,163.76412994384765,173.0045928955078,0.8472857142857143,0.10814285714285714,0.03214285714285715,0.86,7.0
2023-05-26,173.0045928955078,173.3399036765556,170.7166757800904,170.92377905521317,54835000,0.0141046770159103,169.6726402282715,164.15456115722657,174.84873962402344,0.948,0.15975,0.04525,0.795,4.0
2023-05-30,174.84873962402344,176.5153769153671,174.12883646161984,174.51344390978926,55964400,0.0106595246845813,170.06436004638672,164.59861724853516,174.79945373535156,0.9074,0.15289999999999998,0.0366,0.8099999999999999,10.0
2023-05-31,174.79945373535156,176.87042648421155,174.3162227478627,174.87834951174753,99625300,-0.0002818772887802,170.50531845092777,164.9944174194336,177.60018920898438,0.7521739130434782,0.13065217391304348,0.021956521739130434,0.8474347826086956,23.0
2023-06-01,177.60018920898438,177.62977324467488,174.4838737017158,175.24323239604442,68901800,0.0160225642230733,171.13998413085938,165.4092025756836,178.44830322265625,0.4807058823529412,0.09147058823529411,0.028676470588235293,0.8798529411764706,34.0
2023-06-02,178.44830322265625,179.26683000310032,176.7816656255451,178.52719900186148,61996900,0.0047754116560871,171.89879684448243,165.8695098876953,177.0972137451172,0.5531086956521739,0.10502173913043478,0.026760869565217393,0.8682173913043478,46.0
2023-06-05,177.0972137451172,182.3929658521557,175.57849662924414,180.10504889865825,121946500,-0.0075713215151912,172.20696182250975,166.28112854003905,176.73236083984375,0.5646629213483146,0.08453932584269663,0.03028089887640449,0.8851348314606742,89.0
2023-06-06,176.73236083984375,177.62976831057978,174.97695616659206,177.4818481362361,64848400,-0.0020601843335522,172.5003318786621,166.6594515991211,175.36158752441406,0.4192784810126582,0.10134177215189874,0.03473417721518988,0.8639620253164557,79.0
2023-06-07,175.36158752441406,178.70471906299082,174.86850018805862,175.9730110061888,61944600,-0.0077562100620151,172.8103485107422,167.04916107177735,178.07354736328125,0.7053928571428572,0.11592857142857142,0.021964285714285714,0.8621785714285713,28.0
2023-06-08,178.07354736328125,178.3398036598064,175.00654388250445,175.44044804834044,50214900,0.0154649594426694,173.1678237915039,167.50551818847657,178.45816040039062,0.583875,0.11096875,0.0261875,0.86296875,32.0
2023-06-09,178.45816040039062,179.71059129506313,178.13272098000036,178.99068805786467,48900000,0.0021598549745558,173.53517303466796,167.90811553955078,181.2490081787109,0.35968421052631583,0.0751578947368421,0.03721052631578947,0.8874736842105262,19.0
2023-06-12,181.2490081787109,181.3476316497168,178.46800386072707,178.76385922591572,54274900,0.0156386671926838,174.08841552734376,168.3352130126953,180.77566528320312,0.621,0.07993333333333334,0.016266666666666665,0.9038666666666667,15.0
2023-06-13,180.77566528320312,181.60404834381112,179.91769818813273,180.2727216495119,54929100,-0.0026115613004684,174.64264678955078,168.70281555175782,181.4068298339844,0.6292500000000001,0.09895000000000001,0.027700000000000002,0.87335,40.0
2023-06-14,181.4068298339844,181.84074910193183,179.50351991974284,180.8348467124019,57462900,0.0034914243009005,175.2284362792969,169.05802642822266,183.43833923339844,0.7590645161290323,0.11435483870967741,0.03635483870967742,0.8493225806451613,31.0
2023-06-15,183.43833923339844,183.94129793003785,181.23917400121888,181.4166932611595,65433200,0.0111986378973338,175.8852279663086,169.4645034790039,182.3634185791016,0.7667333333333333,0.11000000000000001,0.025933333333333333,0.8642000000000001,15.0
2023-06-16,182.3634185791016,184.4048073735327,181.7224110612984,184.1483923281464,101256200,-0.0058598472859547,176.37190628051758,169.88631408691407,182.45216369628903,0.8469333333333334,0.11293333333333333,0.023066666666666666,0.8640000000000001,15.0
2023-06-20,182.45216369628903,183.52710548415504,181.8604679443372,181.8604679443372,49799100,0.0004866388110014,176.85759582519532,170.29217346191408,181.41668701171875,0.8613684210526316,0.11526315789473685,0.02463157894736842,0.8600526315789474,19.0
2023-06-21,181.41668701171875,182.84663717983523,180.0656175699355,182.3436785005217,49515700,-0.0056753324465582,177.33884963989257,170.7291244506836,184.4146270751953,0.5341,0.10565,0.02375,0.87065,20.0
2023-06-22,184.4146270751953,184.46393880857784,181.13066426325057,181.1997036995518,51245300,0.0165251615651149,178.1001754760742,171.2502606201172,184.0990753173828,0.7046363636363636,0.11936363636363635,0.030727272727272728,0.85,11.0
2023-06-23,184.0990753173828,184.96691381940127,182.45216546765664,182.98470820219737,53117000,-0.0017110994003953,178.83191604614257,171.77887237548828,182.7085876464844,0.61125,0.11195,0.0298,0.8583999999999999,20.0
2023-06-26,182.7085876464844,185.45015206010265,182.66913223239737,184.2470177435845,48088700,-0.0075529313143005,179.43742752075195,172.1721334838867,185.45997619628903,0.4406,0.09985000000000001,0.04395,0.8563000000000001,20.0
2023-06-27,185.45997619628903,185.78541559077308,183.10301971608257,183.31997931240525,50730800,0.0150588901443879,180.06019668579103,172.62731536865235,186.6335601806641,0.11786666666666669,0.0834,0.056799999999999996,0.8598666666666667,15.0
2023-06-28,186.6335601806641,187.2745677103686,185.00637796044083,185.33180236622024,51216800,0.0063279636309931,180.64943771362303,173.10557556152344,186.9688415527344,0.47948,0.07888,0.03368,0.88748,25.0
2023-06-29,186.9688415527344,187.4422162021352,186.32783407243755,186.4658979165552,46347300,0.0017964688223583,181.25790710449215,173.5661184692383,191.2882843017578,0.3186,0.09013333333333333,0.0455,0.8642666666666667,30.0
2023-06-30,191.2882843017578,191.79122791985355,188.6157445714927,188.9806393982648,85213200,0.0231024737231693,181.94231185913085,174.0902020263672,189.79917907714844,0.5037704918032787,0.09457377049180328,0.024344262295081968,0.8811475409836066,61.0
2023-07-03,189.79917907714844,191.19954526937025,189.10884478636748,191.10092178559267,31458200,-0.0077846127902967,182.50985565185547,174.60380584716796,188.68478393554688,0.6700344827586208,0.11051724137931035,0.03144827586206897,0.8581034482758622,29.0
2023-07-05,188.68478393554688,190.311965971159,187.98459336367247,188.92147125163748,46920300,-0.0058714434225691,183.08923416137696,175.12722595214845,189.15814208984372,0.6044090909090909,0.09163636363636364,0.048499999999999995,0.8599999999999999,22.0
2023-07-06,189.15814208984372,189.36524537083605,186.5842258571581,187.2153769807983,45094300,0.0025087245745187,183.71052322387692,175.6540084838867,188.04376220703125,0.5652499999999999,0.08458333333333334,0.024416666666666666,0.891,12.0
2023-07-07,188.04376220703125,190.0062550438309,187.60985803081863,188.7636804868427,46815000,-0.0058912604580521,184.34463195800785,176.1892288208008,186.0024261474609,0.6327368421052632,0.115,0.047,0.8380000000000001,19.0
2023-07-10,186.0024261474609,187.36335216128748,184.45412451748925,186.6434337363263,59922200,-0.0108556435779181,184.7410758972168,176.68381958007814,185.479736328125,0.4885263157894737,0.10510526315789474,0.025894736842105262,0.8690526315789474,19.0
2023-07-11,185.479736328125,186.68287064614395,184.0202020095467,186.54480679233015,46638100,-0.0028101236643093,185.0921546936035,177.0763687133789,187.14633178710935,0.7312857142857142,0.09492857142857143,0.017857142857142856,0.8872142857142856,28.0
2023-07-12,187.14633178710935,189.04964127499804,185.86430197749195,187.057564649218,60750200,0.0089853236368422,185.38702087402345,177.47723571777342,187.9056854248047,0.5782999999999999,0.12150000000000001,0.0256,0.8528,10.0
2023-07-13,187.9056854248047,188.5467078881079,187.1561982107916,187.86624506525828,41342300,0.0040575395223836,185.7435218811035,177.89506256103516,188.0536193847656,0.6919375,0.1168125,0.0225625,0.8604375,16.0
2023-07-14,188.0536193847656,188.5368352631949,187.00827681367923,187.59997248992852,41616200,0.0007872777219406,186.07586135864256,178.33652923583983,191.3080139160156,0.7478888888888888,0.12611111111111112,0.018611111111111113,0.8552777777777778,18.0
2023-07-17,191.3080139160156,191.63345333608896,189.15814548736356,189.2468975888844,50520200,0.0173056734664136,186.46934509277344,178.86455200195311,191.05160522460935,0.7420869565217392,0.10682608695652175,0.023956521739130432,0.8690869565217392,23.0
2023-07-18,191.05160522460935,191.64331601668744,189.75971887799716,190.6768691009351,48288200,-0.0013402924747251,186.9037544250488,179.4201431274414,192.40267944335935,0.5442352941176472,0.10135294117647058,0.031,0.8675882352941177,17.0
2023-07-19,192.40267944335935,195.489395852648,189.9865395225249,190.4303301514657,80507300,0.0070717763253631,187.4012802124024,179.84951843261717,190.45989990234372,0.5855,0.09486363636363636,0.03259090909090909,0.8723181818181818,22.0
2023-07-20,190.45989990234372,193.75371936128715,189.83860510668907,192.39279363664537,59581200,-0.0100974661404731,187.8534408569336,180.2414172363281,189.2863311767578,0.7428333333333333,0.1225,0.031166666666666662,0.8462222222222222,18.0
2023-07-21,189.2863311767578,192.2744386327752,188.58614067832423,191.4164716546598,71951700,-0.0061617627972485,188.0970260620117,180.64391876220705,190.0851593017578,0.7008235294117647,0.1301764705882353,0.030470588235294117,0.8393529411764706,17.0
2023-07-24,190.0851593017578,192.21530010696893,189.592071988394,190.73603816687745,45377800,0.00422021030274,188.39633026123047,181.0271411132813,190.943115234375,0.42554545454545456,0.07518181818181818,0.022772727272727274,0.902,22.0
2023-07-25,190.943115234375,191.75178560391285,190.2527960456413,190.65713123041024,37283200,0.0045135345429845,188.808056640625,181.42377990722656,191.81097412109372,0.5307619047619048,0.09823809523809525,0.047523809523809524,0.8543333333333333,21.0
2023-07-26,191.81097412109372,192.9352126477052,190.64729522856237,190.9924473358141,47471900,0.0045451174589536,189.12560653686523,181.8563162231445,190.54867553710935,0.5781904761904761,0.1,0.04742857142857143,0.8527142857142858,21.0
2023-07-27,190.54867553710935,194.4736466049838,189.88794029801272,193.3099676892758,47460200,-0.0065809508020509,189.3213623046875,182.27346893310548,193.12255859375,0.7310588235294118,0.1028235294117647,0.03882352941176471,0.8584117647058823,17.0
2023-07-28,193.12255859375,193.91150122150717,191.45592124266815,191.9785925358936,48291400,0.013507745721063,189.6290481567383,182.74209930419923,193.73399353027344,0.6715357142857143,0.13732142857142857,0.020785714285714286,0.8419642857142857,28.0
2023-07-31,193.73399353027344,193.77344894031904,192.56044337061044,193.34938604539337,38824100,0.0031660461676548,189.75133361816407,183.2107290649414,192.9056396484375,0.6877222222222222,0.10286111111111111,0.025333333333333333,0.8718611111111111,36.0
2023-08-01,192.9056396484375,194.01015053136803,192.58020018161,193.526934544002,35175100,-0.0042757281091534,189.9066566467285,183.61624481201173,189.9175262451172,0.7398823529411764,0.11205882352941177,0.019529411764705882,0.8684117647058823,17.0
2023-08-02,189.9175262451172,192.48157144604932,189.19762292480596,192.343507589444,50389300,-0.0154900261535433,189.96829376220705,183.95982788085936,188.5269927978516,0.7197777777777777,0.13344444444444445,0.025277777777777777,0.8412222222222222,18.0
2023-08-03,188.5269927978516,189.7103992851957,188.05363321247987,188.92147165885288,61235200,-0.0073217752713929,189.9367362976074,184.29453552246093,179.47390747070312,0.46195454545454545,0.09477272727272727,0.0574090909090909,0.84775,44.0
2023-08-04,179.47390747070312,184.78938756590676,179.4048680308995,182.95510234495143,115956800,-0.0480201014867702,189.50824356079104,184.50025146484376,176.37734985351562,0.5843181818181818,0.09788636363636365,0.04509090909090909,0.8569545454545455,44.0
2023-08-07,176.37734985351562,180.59817633552169,174.8980878140883,179.61200164257014,97576100,-0.0172535253777376,189.02698974609376,184.63851318359372,177.31417846679688,0.5842499999999999,0.08985714285714286,0.04225,0.868,28.0
2023-08-08,177.31417846679688,177.77768168655695,175.1248698685598,177.20569866966517,67823000,0.0053115018116516,188.61871185302732,184.77282958984372,175.72645568847656,0.6918571428571428,0.11614285714285713,0.02042857142857143,0.8634285714285713,14.0
2023-08-09,175.72645568847656,178.42856448196,174.56276182695083,178.3693964131728,60378500,-0.0089542911460834,188.0477180480957,184.82726684570312,175.50949096679688,0.4126060606060606,0.11081818181818182,0.0573939393939394,0.8317575757575758,33.0
2023-08-10,175.50949096679688,178.25105509162734,175.14461118800062,176.99860916334498,54686900,-0.0012346730651889,187.4279083251953,184.8404818725586,175.56874084472656,0.8414285714285714,0.12150000000000001,0.032285714285714286,0.8461428571428572,14.0
2023-08-11,175.56874084472656,176.3883728930982,174.34424265962002,175.10462674008653,52036700,0.0003375878854374,186.80366439819332,184.8558676147461,177.2178955078125,0.6252857142857143,0.1141904761904762,0.028142857142857143,0.8578095238095238,21.0
2023-08-14,177.2178955078125,177.44501774834183,175.09474782272636,175.74650562753334,43675600,0.0093932134795251,186.0991584777832,184.84822174072264,175.2329864501953,0.4346666666666667,0.11145833333333333,0.038,0.8505833333333334,24.0
2023-08-15,175.2329864501953,177.2376229940336,174.8379899652799,176.6451282666605,43622600,-0.0112003872516908,185.3082275390625,184.78391540527343,174.36399841308594,0.5471999999999999,0.10740000000000001,0.022850000000000002,0.8695499999999999,20.0
2023-08-16,174.36399841308594,176.30937200366554,174.29486573787133,174.91699954220002,46964900,-0.0049590436978391,184.4062934875488,184.7292510986328,171.8261260986328,0.7360714285714286,0.08892857142857143,0.02107142857142857,0.89,14.0
2023-08-17,171.8261260986328,175.29226839022536,171.31261851419777,174.92689581745674,66062900,-0.0145550247617094,183.47460479736327,184.6311264038086,172.30999755859375,0.40857894736842104,0.10636842105263157,0.04384210526315789,0.8498947368421053,19.0
2023-08-18,172.30999755859375,172.9123770667114,169.8116075662743,170.14735612669347,61172200,0.002816052895723,182.62578811645508,184.5700946044922,173.64309692382812,0.7935714285714285,0.12742857142857142,0.032928571428571425,0.8396428571428572,14.0
2023-08-21,173.64309692382812,173.92948217703207,171.56934282132403,172.88272795365145,46311900,0.0077366338815079,181.8036849975586,184.48148559570316,175.01576232910156,0.6097619047619047,0.10414285714285716,0.03176190476190476,0.8639999999999999,21.0
2023-08-22,175.01576232910156,175.46013721394584,174.04801023595033,174.8478880423005,42038900,0.0079050963130171,181.00731735229493,184.41263763427733,178.85711669921875,0.66045,0.11274999999999999,0.03525,0.8519,20.0
2023-08-23,178.85711669921875,179.28175219727777,176.1019810531239,176.28960964053493,52722800,0.0219486194785922,180.3596244812012,184.3647998046875,174.17637634277344,0.6695555555555556,0.12394444444444444,0.033,0.843,18.0
2023-08-24,174.17637634277344,178.8374075605793,173.8109887437673,178.41277199096436,54945800,-0.0261702773858131,179.54100952148437,184.2328140258789,176.3785400390625,0.62812,0.10220000000000001,0.03232,0.86548,25.0
2023-08-25,176.3785400390625,176.91178692956993,173.62340347982567,175.16391123924012,51449600,0.0126432972285246,178.70380859375,184.1322482299805,177.9387664794922,0.5475,0.09000000000000001,0.02991666666666667,0.8800833333333333,12.0
2023-08-28,177.9387664794922,178.33376298082638,176.31925671498092,177.8400098200833,43820700,0.0088458972394496,177.91404724121094,184.02225677490236,181.81964111328125,0.5558095238095239,0.08800000000000001,0.04123809523809524,0.8708095238095238,21.0
2023-08-29,181.81964111328125,182.5898947624316,177.25736718090633,177.4548654120463,53003900,0.0218101693665295,177.35974731445313,184.01138122558595,185.3055419921875,0.6401666666666667,0.0801111111111111,0.021500000000000002,0.8984444444444445,18.0
2023-08-30,185.3055419921875,185.50305529692773,182.43191025327192,182.62940848986256,60813900,0.0191723009547377,177.12914810180663,184.0684487915039,185.52281188964844,0.5852307692307692,0.08188461538461539,0.032846153846153844,0.8855,26.0
2023-08-31,185.52281188964844,186.75719481874472,185.13768501849643,185.4931879048022,60794500,0.0011724954101486,176.97893905639648,184.1505712890625,187.09292602539065,0.6573913043478261,0.13382608695652173,0.027608695652173915,0.8387391304347827,23.0
2023-09-01,187.09292602539065,187.5471704264648,185.92766090669275,187.1225500051064,45766500,0.0084631863852737,177.35988998413086,184.2041372680664,187.32994079589844,0.8534090909090909,0.11613636363636365,0.03031818181818182,0.8536363636363636,22.0
2023-09-05,187.32994079589844,187.6064413525269,185.26605625958229,185.92768366781115,45280000,0.0012668291396311,177.90751953125,184.2687545776367,180.6247711181641,0.535695652173913,0.09265217391304349,0.015608695652173913,0.8918695652173912,23.0
2023-09-06,180.6247711181641,186.49056063180012,179.2027597126584,186.0461707664675,81755800,-0.0357933689043326,178.07304916381835,184.22707824707032,175.3416290283203,0.2266078431372549,0.07552941176470589,0.05154901960784314,0.8728823529411766,51.0
2023-09-07,175.3416290283203,175.98351721110967,171.3718491931888,172.99135904079122,112488800,-0.0292492666268212,178.05380783081054,184.02471130371092,175.95388793945312,0.08146268656716417,0.06453731343283582,0.07594029850746269,0.8595074626865672,67.0
2023-09-08,175.95388793945312,177.9881638364286,175.56876103562882,176.121777292026,65551300,0.0034918057652693,178.07602767944337,183.81111785888672,177.11915588378906,0.2538913043478261,0.08001086956521739,0.05570652173913043,0.8643152173913043,92.0
2023-09-11,177.11915588378906,178.0474143493556,175.12438865362392,177.82029208697838,58953100,0.006622575709932,178.15354843139647,183.61412414550784,174.0973663330078,0.5500547945205478,0.09542465753424657,0.03263013698630137,0.8718767123287671,73.0
2023-09-12,174.0973663330078,177.87951732730735,172.6358612060169,177.24751388848827,90370200,-0.0170607720870344,177.99752197265624,183.2703057861328,172.03346252441406,0.4494235294117647,0.07034117647058824,0.03135294117647059,0.898270588235294,85.0
2023-09-13,172.03346252441406,175.08485308011382,171.80632524830068,174.30471474035696,84267900,-0.011854882426228,177.8375457763672,182.9149914550781,173.5443572998047,0.4978805970149253,0.08522388059701493,0.036492537313432834,0.8782985074626867,67.0
2023-09-14,173.5443572998047,173.89986015970092,171.4113401404273,171.82609096561458,60895800,0.0087825633061138,177.79656372070312,182.61218292236327,172.8234405517578,0.5179148936170213,0.09651063829787235,0.038,0.8653829787234043,47.0
2023-09-15,172.8234405517578,174.29483009436805,171.64832092677912,174.27507575289644,109259500,-0.0041540777197466,177.84642944335937,182.2854888916016,175.7465057373047,0.3681351351351351,0.0872972972972973,0.036864864864864864,0.8758108108108108,37.0
2023-09-18,175.7465057373047,177.13889330258442,173.96899129951683,174.27511585610648,67257600,0.0169135921389753,178.01825485229492,182.03954376220705,176.832763671875,0.614975,0.126075,0.036325,0.837525,40.0
2023-09-19,176.832763671875,177.38576479928514,174.91699900323945,175.30212586469654,51826900,0.0061808223726165,178.1777381896973,181.8561505126953,173.2974853515625,0.6001071428571428,0.10328571428571429,0.032464285714285716,0.8641785714285714,28.0
2023-09-20,173.2974853515625,177.45487842056565,173.20859833310675,177.0203732393163,58436200,-0.0199922132465929,178.09182434082032,181.6125054931641,171.75697326660156,0.5478611111111111,0.10808333333333334,0.028694444444444443,0.8632500000000001,36.0
2023-09-21,171.75697326660156,174.09737357666756,171.68785565712008,172.36923745366522,63149100,-0.0088894081863666,177.73681716918946,181.3047183227539,172.60623168945312,0.5885333333333332,0.10723333333333333,0.048766666666666666,0.8440333333333334,30.0
2023-09-22,172.60623168945312,174.8676297137013,171.87548661966315,172.48773574692532,56725400,0.0049445353321018,177.65830993652344,180.99872924804689,173.88009643554688,0.4919302325581395,0.11111627906976745,0.0346046511627907,0.854279069767442,43.0
2023-09-25,173.88009643554688,174.75897636563758,171.97420160197885,172.02357992644104,46172700,0.0073801781872258,177.53338775634765,180.7152587890625,169.81158447265625,0.483695652173913,0.07834782608695652,0.03647826086956522,0.8850869565217391,23.0
2023-09-26,169.81158447265625,173.01109513731117,169.51532957863083,172.63585300181884,64588900,-0.0233983765036541,177.12702865600585,180.2853302001953,168.30068969726562,0.20173684210526316,0.12657894736842104,0.054947368421052634,0.8185263157894737,19.0
2023-09-27,168.30068969726562,170.87808171574733,166.93794126401278,170.46333088230946,66921800,-0.0088974776372451,176.4510810852051,179.83031188964844,168.55746459960938,0.7011176470588235,0.09241176470588235,0.031764705882352945,0.8756470588235293,17.0
2023-09-28,168.55746459960938,169.8807195182162,165.5258128129139,167.2243249736919,56294400,0.0015256913254819,175.61367721557616,179.35340759277344,169.07093811035156,0.4464878048780488,0.08365853658536586,0.039902439024390245,0.876390243902439,41.0
2023-09-29,169.07093811035156,170.9077001905232,168.211797495528,169.87081569769032,51861100,0.0030462816462142,174.79108352661132,178.9256283569336,171.5792236328125,0.4500344827586207,0.09227586206896553,0.04755172413793103,0.8603448275862069,29.0
2023-10-02,171.5792236328125,172.12235512412923,168.79444856905252,169.0808338409062,52164500,0.0148356988521811,174.01539840698243,178.5714862060547,170.24607849121094,0.42922727272727274,0.12322727272727273,0.025181818181818184,0.8516363636363636,22.0
2023-10-03,170.24607849121094,171.46072207785286,168.6858318118607,170.1078282132375,49594600,-0.007769851811747,173.16120529174805,178.17470458984374,171.49037170410156,0.5007083333333333,0.09575,0.03954166666666667,0.8646666666666666,24.0
2023-10-04,171.49037170410156,172.03350325883684,168.8339769739755,168.9524729247714,53020300,0.0073087922137065,172.70448532104493,177.78564971923828,172.7247314453125,0.4498666666666667,0.08228333333333333,0.040266666666666666,0.8774,60.0
2023-10-05,172.7247314453125,173.2579782200924,170.52258153582127,171.61871413723316,48527900,0.0071978369919261,172.57364044189453,177.40392486572264,175.2725067138672,0.47642307692307695,0.10280769230769231,0.03430769230769231,0.8628846153846154,26.0
2023-10-06,175.2725067138672,175.76625988669193,171.0163417068709,171.6286058875163,57266700,0.0147504948899652,172.53957138061523,177.0984014892578,176.75376892089844,0.4330833333333333,0.08845833333333332,0.037208333333333336,0.874375,24.0
2023-10-09,176.75376892089844,176.81301689163445,173.60362121945622,174.6009972191987,42390800,0.0084511954259285,172.52130203247071,176.77102569580077,176.1612548828125,0.5241739130434783,0.08843478260869564,0.027782608695652175,0.8837391304347826,23.0
2023-10-10,176.1612548828125,177.47464011941017,175.72674968355904,175.8748846750232,43698000,-0.0033522003049966,172.62449645996094,176.41957092285156,177.5536346435547,0.6616666666666666,0.1122857142857143,0.034666666666666665,0.853095238095238,21.0
2023-10-11,177.5536346435547,177.60301297187604,175.3811238107674,175.9736185461729,47551100,0.0079040068241365,172.90050506591797,176.1125308227539,178.45228576660156,0.6851739130434783,0.13595652173913042,0.023086956521739133,0.8410434782608697,23.0
2023-10-12,178.45228576660156,180.0619109305439,176.80313684087554,177.8202822818536,56743100,0.0050612938724174,173.14590148925782,175.8832260131836,176.61553955078125,0.4633076923076923,0.1506923076923077,0.06746153846153846,0.7817692307692308,13.0
2023-10-13,176.61553955078125,179.65704624189655,175.91440332167903,179.15342336284206,51427100,-0.0102926460590289,173.33550643920898,175.64499694824218,176.4871368408203,0.47873913043478256,0.11317391304347825,0.027695652173913045,0.8591304347826088,23.0
2023-10-16,176.4871368408203,176.84263973108403,174.3047411678942,174.54174811745375,52517000,-0.0007270181904012,173.37253799438477,175.58526153564452,174.93675231933594,0.554,0.11477777777777778,0.03174074074074074,0.8534444444444444,27.0
2023-10-17,174.93675231933594,176.19088966345473,172.61612132571108,174.44299912050275,57549400,-0.0087846885004583,173.27773742675782,175.55644958496094,173.64309692382812,0.5226111111111111,0.09622222222222222,0.034,0.8697777777777778,18.0
2023-10-18,173.64309692382812,175.36136323860268,172.92222157401596,173.38635072108465,54764400,-0.0073949892081357,173.2950180053711,175.48302795410157,173.2678680419922,0.6493333333333333,0.12173333333333333,0.027466666666666664,0.8508,15.0
2023-10-19,173.2678680419922,175.6181228712257,173.00123711265553,173.84060845589931,59302900,-0.0021609202351449,173.3705627441406,175.43385620117186,170.7200927734375,0.5484615384615384,0.1291153846153846,0.029153846153846155,0.8416923076923077,26.0
2023-10-20,170.7200927734375,173.22835212793277,170.4830858385587,173.11972583296543,64244000,-0.0147042570405334,173.27625579833983,175.3380682373047,170.83860778808594,0.6139130434782609,0.1151304347826087,0.03182608695652174,0.853,23.0
2023-10-23,170.83860778808594,171.8359838309846,167.80695589693704,168.77472302133776,55980100,0.0006942065970272,173.1241813659668,175.24346557617187,171.2731170654297,0.33132352941176474,0.07717647058823529,0.03535294117647059,0.8874411764705882,34.0
2023-10-24,171.2731170654297,171.50023932449824,169.30797385167378,170.88799016172553,43816600,0.0025433904137333,173.19725799560547,175.12457000732422,168.96234130859375,0.6665454545454546,0.08142424242424241,0.020424242424242425,0.8981818181818182,33.0
2023-10-25,168.96234130859375,170.89784530264086,168.51795139973865,169.73259505065448,57157000,-0.0134917598069589,173.23034057617187,174.99915710449218,164.804931640625,0.522,0.0898148148148148,0.03214814814814815,0.878,27.0
2023-10-26,164.804931640625,169.2388405091802,163.600172706508,168.2414494672427,70625300,-0.0246055401207754,173.04271392822267,174.80797576904297,166.11831665039062,0.35000000000000003,0.11878571428571429,0.044,0.8372857142857143,28.0
2023-10-27,166.11831665039062,166.8490767618186,164.7456834493569,164.82468576422622,58499100,0.0079693307517616,172.89508285522462,174.69381958007813,168.16246032714844,0.37565625,0.10246875,0.040625,0.85703125,32.0
2023-10-30,168.16246032714844,169.03147079181505,166.76020302980592,166.90833803254793,51131000,0.0123053478868311,172.7242446899414,174.61086883544922,168.636474609375,0.5724897959183674,0.08761224489795919,0.03559183673469388,0.8768775510204081,49.0
2023-10-31,168.636474609375,168.76484019690602,165.80232095364974,167.23421730907862,44846000,0.0028187877443301,172.6437644958496,174.51073638916014,171.79647827148438,0.532219512195122,0.08751219512195123,0.034195121951219515,0.8783658536585366,41.0
2023-11-01,171.79647827148438,172.05322449399938,167.99457285522465,168.86358325166134,56934900,0.0187385538592947,172.65906982421876,174.4463507080078,175.35150146484375,0.558027027027027,0.12197297297297297,0.037216216216216215,0.8408648648648649,37.0
2023-11-02,175.35150146484375,175.5588693503195,173.26786256268767,173.32711052996643,77334800,0.0206932250831213,172.7904083251953,174.37623840332031,174.44296264648438,0.4582352941176471,0.07921568627450981,0.03596078431372549,0.8847450980392156,51.0
2023-11-03,174.44296264648438,174.61085195895754,171.18420427007575,172.06308417750907,79829200,-0.0051812434496977,172.74893112182616,174.38157012939453,176.99073791503906,0.4190923076923077,0.10336923076923077,0.05469230769230769,0.8419692307692308,65.0
2023-11-06,176.99073791503906,177.18823614800198,174.00847994055556,174.17635419198152,63841300,0.0146052052195297,172.7607795715332,174.39381408691406,179.5483856201172,0.4938620689655172,0.11565517241379311,0.04610344827586207,0.838103448275862,29.0
2023-11-07,179.5483856201172,180.1606346460721,176.73398690556192,176.94135477067297,70530000,0.014450743215195,172.93013610839844,174.42600646972656,180.60504150390625,0.4519583333333333,0.09733333333333333,0.035458333333333335,0.8672916666666667,24.0
2023-11-08,180.60504150390625,181.15804266662397,179.3212801943679,180.07179468790036,49340300,0.0058850759372723,173.08270645141602,174.40171447753906,180.13101196289062,0.41386666666666666,0.11933333333333333,0.0447,0.8359666666666666,30.0
2023-11-09,180.13101196289062,181.81963914926845,179.5385022077218,180.67414339377052,53763500,-0.0026246750205218,173.16664276123046,174.29822387695313,184.3136749267578,0.4811714285714286,0.09825714285714286,0.03725714285714286,0.8645142857142857,35.0
2023-11-10,184.3136749267578,184.48178544542023,181.475802800193,181.9108804268445,66133400,0.0232201158384035,173.5515495300293,174.27404113769532,182.7316131591797,0.5565714285714286,0.09325000000000001,0.023392857142857142,0.8832857142857142,28.0
2023-11-13,182.7316131591797,183.94784205398747,182.14822040593083,183.74020094629049,43627500,-0.008583528966078,173.8637733459473,174.1868148803711,185.3420562744141,0.5723461538461538,0.11411538461538462,0.028576923076923076,0.8573846153846154,26.0
2023-11-14,185.3420562744141,186.0045554032819,184.21481647353397,185.599140759526,60108400,0.0142856677621534,174.38403854370117,174.1470571899414,185.90565490722656,0.6526666666666666,0.09578571428571428,0.02873809523809524,0.8755714285714286,42.0
2023-11-15,185.90565490722656,187.3789832148446,185.6782334530312,185.7474572062222,53790500,0.0030408566956765,174.9971664428711,174.25267486572267,187.58663940429688,0.7576551724137931,0.11231034482758621,0.020689655172413793,0.867,29.0
2023-11-16,187.58663940429688,188.8226485285232,186.5384909930313,187.4482069859036,54412900,0.0090421375181362,175.71310501098634,174.4975750732422,187.5668487548828,0.7326153846153846,0.11134615384615384,0.026115384615384617,0.862576923076923,26.0
2023-11-17,187.5668487548828,188.24912816814668,186.4593894684262,188.12057839811112,50922700,-0.0001055013804656,176.5554428100586,174.72983428955078,189.3071746826172,0.5721333333333334,0.11610000000000001,0.031033333333333336,0.8529333333333333,30.0
2023-11-20,189.3071746826172,189.76203272766995,187.75475490242272,187.7646375447921,46505100,0.0092784302731911,177.47887115478517,174.97359466552734,188.5062255859375,0.13073684210526315,0.05542105263157895,0.02147368421052632,0.9230526315789473,19.0
2023-11-21,188.5062255859375,189.37638084971888,187.61630503925363,189.2676114417462,38134500,-0.0042309495032215,178.34052658081055,175.26177185058594,189.16873168945312,0.436,0.09758064516129032,0.051,0.851516129032258,31.0
2023-11-22,189.16873168945312,190.77059476808083,188.69410838615653,189.34672485819107,39617700,0.003514505165314,179.35084609985353,175.6044772338867,187.84375,0.5859375,0.10875,0.0328125,0.8585,16.0
2023-11-24,187.84375,188.76333367409984,187.13180743837248,188.7336706580324,24048300,-0.0070042320293624,180.50278701782227,175.89046508789062,187.66575622558597,0.6563846153846153,0.15742307692307692,0.021384615384615387,0.8212692307692309,26.0
2023-11-27,187.66575622558597,188.53591159550703,186.78571821300807,187.79430602014355,40552600,-0.0009475629315005,181.58015899658204,176.1873114013672,188.2689208984375,0.7044482758620689,0.1353448275862069,0.029931034482758623,0.8348620689655172,29.0
2023-11-28,188.2689208984375,188.94131776896225,187.28011350908017,187.65586514519703,38415400,0.0032140369398374,182.5854820251465,176.43775970458984,187.2504425048828,0.69144,0.13492,0.02396,0.84104,25.0
2023-11-29,187.2504425048828,189.93999969621768,186.85492560121705,188.76331653900837,43014200,-0.0054097000646438,183.51618041992188,176.64611328125,187.82394409179688,0.4298,0.13543333333333332,0.043000000000000003,0.8216,30.0
2023-11-30,187.82394409179688,188.18981305356235,186.08364867108205,187.71517468500207,48794400,0.0030627515707959,184.3175537109375,176.9366424560547,189.0995330810547,0.7993846153846154,0.11992307692307692,0.03453846153846154,0.8454615384615385,13.0
2023-12-01,189.0995330810547,189.4159436040849,187.11202054575708,188.19971472368127,45704800,0.0067914077484945,185.00495529174805,177.28349365234374,187.3097686767578,0.4282727272727273,0.07968181818181819,0.029863636363636367,0.8904545454545455,22.0
2023-12-04,187.3097686767578,187.9228394923183,185.35193435249076,187.8536157357217,43389500,-0.0094646685538336,185.6482955932617,177.57756439208984,191.25511169433597,0.5767619047619048,0.14761904761904762,0.03480952380952381,0.8174761904761906,21.0
2023-12-05,191.25511169433597,192.22413865175915,188.0513705178724,188.08104861869373,66628400,0.0210631994553718,186.36151428222652,177.9250646972656,190.16741943359372,0.5085833333333333,0.138,0.05491666666666667,0.8071666666666667,24.0
2023-12-06,190.16741943359372,192.5800964734148,189.95976327032972,192.27356863697855,41089700,-0.0056871277902393,186.8924659729004,178.33218139648437,192.0956115722656,0.49909756097560976,0.08700000000000001,0.038609756097560975,0.8744390243902438,41.0
2023-12-07,192.0956115722656,192.817436726138,191.4232147163821,191.4627754603769,47477700,0.0101394452552121,187.46699447631835,178.80807983398438,193.51950073242188,0.5487714285714286,0.113,0.0332,0.8538,35.0
2023-12-08,193.51950073242188,193.79636559429088,191.50232520965804,192.0263919187675,53406400,0.007412398172462,188.1364189147949,179.30732055664063,191.01780700683597,0.44375555555555557,0.07795555555555556,0.02848888888888889,0.893511111111111,45.0
2023-12-11,191.01780700683597,191.32434997590968,189.27751140798415,190.948598334338,60943700,-0.0129273469398053,188.4716255187988,179.7462579345703,192.53065490722656,0.3999333333333333,0.081,0.0647,0.8543333333333333,30.0
2023-12-12,192.53065490722656,192.54053754746204,189.5741159727842,190.91889435682484,52696900,0.0079199312571758,188.9615776062012,180.1652865600586,195.7443084716797,0.48796875,0.108875,0.062343749999999996,0.8289375,32.0
2023-12-13,195.7443084716797,195.78385412672148,192.66911702808835,192.90642113434447,70404200,0.0166916461485142,189.4816902160645,180.675251159668,195.89263916015625,0.376,0.0996875,0.03109375,0.8693125,32.0
2023-12-14,195.89263916015625,197.3857329370989,193.96446770304377,195.80365011321348,66831600,0.0007577777848801,189.98103942871091,181.16329650878907,195.35867309570312,0.7377647058823529,0.105,0.03261764705882353,0.8623529411764705,34.0
2023-12-15,195.35867309570312,196.1793699091571,194.7950456705572,195.3191123528845,128538400,-0.0027258097432469,190.3696411132813,181.61597534179688,193.6974639892578,0.5969565217391305,0.1211304347826087,0.049478260869565215,0.8294347826086955,23.0
2023-12-18,193.6974639892578,194.4291868327445,192.21425301938103,193.8952224343076,55751900,-0.0085033803727337,190.676171875,181.98447448730468,194.73570251464844,0.18093103448275863,0.08313793103448276,0.057379310344827586,0.8594827586206897,29.0
2023-12-19,194.73570251464844,194.74558515548247,193.69745188302565,193.96443406555755,40714100,0.0053601038651089,190.9475982666016,182.3441131591797,192.64935302734372,0.5194594594594595,0.09878378378378377,0.0512972972972973,0.8499189189189189,37.0
2023-12-20,192.64935302734372,195.46744514462725,192.64935302734372,194.6961765577493,52242800,-0.0107137492527737,191.15475463867188,182.6738751220703,192.50099182128903,0.33238888888888884,0.07394444444444444,0.0628888888888889,0.8633888888888889,18.0
2023-12-21,192.50099182128903,194.87413831888384,191.33420648650613,193.90511142023345,46482500,-0.0007701100664149,191.32136764526368,182.972822265625,191.4330902099609,0.4211666666666667,0.09663888888888889,0.0315,0.8718611111111111,36.0
2023-12-22,191.4330902099609,193.22282892375424,190.81013681243016,192.9953923922105,37149600,-0.0055475122555187,191.5008346557617,183.2324383544922,190.88926696777344,0.532,0.12573684210526317,0.04347368421052632,0.8307368421052631,19.0
2023-12-26,190.88926696777344,191.7198615425509,190.67172813799797,191.44299668429173,28919300,-0.0028408006243384,191.6620101928711,183.517912902832,190.9881134033203,0.19690625,0.09815625,0.06621875,0.8355625,32.0
2023-12-27,190.9881134033203,191.3342019743918,188.9511728919884,190.33551208827305,48087700,0.0005178208136948,191.79796981811523,183.80793243408203,191.413330078125,0.11059523809523808,0.06897619047619048,0.057738095238095234,0.8732380952380953,42.0
2023-12-28,191.413330078125,192.4812438348005,191.00791544042357,191.9670597842524,34049900,0.0022264038699975,192.00611419677733,184.1374639892578,190.3750762939453,0.4136944444444445,0.09530555555555556,0.04416666666666667,0.860638888888889,36.0
2023-12-29,190.3750762939453,192.2241411947973,189.5840274029703,191.72973752393827,42672100,-0.0054241456629793,192.1336708068848,184.47210357666012,183.56219482421875,0.7047500000000001,0.13658333333333333,0.02829166666666667,0.8350833333333334,24.0
2024-01-02,183.56219482421875,186.33085840634024,181.8317819713932,185.05528848269012,82488700,-0.03578662502652,191.85680389404297,184.67799011230468,182.18772888183597,0.28654545454545455,0.08879545454545455,0.052886363636363634,0.8582954545454545,44.0
2024-01-03,182.18772888183597,183.7994894661828,181.37689972544035,182.1580658725045,58414500,-0.0074877397478223,191.60070190429687,184.90734283447264,179.87396240234375,0.5222307692307693,0.10117948717948717,0.05887179487179487,0.84,39.0
2024-01-04,179.87396240234375,181.04074792224716,178.85549196107084,180.11126652815247,71983600,-0.012699902972021,191.0316444396973,185.0880499267578,179.15211486816406,0.32385714285714284,0.08745714285714286,0.04982857142857143,0.8627428571428571,35.0
2024-01-05,179.15211486816406,180.71443234786256,178.1534248404595,179.95306152436652,62379700,-0.0040130740688585,190.4808792114258,185.2456298828125,183.4830780029297,0.5073636363636363,0.11678787878787879,0.04466666666666667,0.8386060606060606,33.0
2024-01-08,183.4830780029297,183.52263874374276,179.46852282651062,180.0519155054874,59144500,0.0241747809561316,190.05025253295895,185.53604461669923,183.0677490234375,0.56615625,0.1104375,0.0394375,0.85003125,32.0
2024-01-09,183.0677490234375,183.077631662927,180.68472025053543,181.8614031337526,42841800,-0.0022635819281686,189.52766494750975,185.90130096435547,184.1060028076172,0.624125,0.1119375,0.04275,0.845375,16.0
2024-01-10,184.1060028076172,184.31364385660612,181.8614063874065,182.2866013010497,46792900,0.0056714183121722,189.1820747375488,186.2610546875,183.51272583007807,0.6731111111111111,0.11666666666666667,0.04755555555555556,0.8356296296296297,27.0
2024-01-11,183.51272583007807,184.9563909902637,181.5647744262664,184.45208965863696,49128400,-0.0032224749247259,188.7311782836914,186.5680599975586,183.8390655517578,0.6118620689655172,0.11144827586206897,0.035,0.853551724137931,29.0
2024-01-12,183.8390655517578,184.6498948423917,183.11724039185432,183.97749798089004,40477800,0.0017782947760356,188.1359161376953,186.87211181640623,181.5746917724609,0.5089,0.0882,0.05216666666666667,0.8596,30.0
2024-01-16,181.5746917724609,182.1976301200088,178.90489995610474,180.12114381484557,65603000,-0.012317152355517,187.4200187683105,187.0676760864258,180.63531494140625,0.4194782608695652,0.1145,0.04919565217391304,0.8362608695652173,46.0
2024-01-17,180.63531494140625,180.8825167727283,178.281963767062,179.24110807963172,47317400,-0.0051735008986376,186.6838508605957,187.17335235595704,186.51870727539065,0.4493617021276596,0.1103191489361702,0.04351063829787234,0.8461914893617022,47.0
2024-01-18,186.51870727539065,187.0229935165519,183.75004409317063,184.00712853391943,78005800,0.032570554301039,186.32491302490237,187.4148672485352,189.41590881347656,0.5563181818181818,0.11134090909090909,0.036954545454545455,0.8517499999999999,44.0
2024-01-19,189.41590881347656,189.80154302609117,186.7065866846462,187.21087293560348,68903000,0.0155330346237509,186.05892333984372,187.6633706665039,191.71983337402344,0.5963571428571429,0.11035714285714285,0.046285714285714284,0.8432142857142857,28.0
2024-01-22,191.71983337402344,193.14371820043877,190.1080727596782,190.14763349819023,60133900,0.0121633107534575,186.0124473571777,187.906799621582,192.9954071044922,0.5872380952380952,0.12742857142857145,0.047,0.8253333333333334,21.0
2024-01-23,192.9954071044922,193.55903452389103,191.66052626402544,192.83720939883852,42355600,0.0066533217144011,186.03716812133788,188.15460693359373,192.3230438232422,0.46116666666666667,0.10944444444444444,0.03944444444444444,0.851,18.0
2024-01-24,192.3230438232422,194.18200660712424,192.16483101440036,193.232744842077,53631300,-0.0034838304773022,186.081665802002,188.3984475708008,191.9967193603516,0.7748999999999999,0.1102,0.0207,0.8691000000000001,20.0
2024-01-25,191.9967193603516,194.07322080915367,190.94858599423333,193.03497008475264,54822100,-0.001696751758934,186.13703842163085,188.55210845947263,190.2662811279297,0.5701794871794872,0.10925641025641027,0.0401025641025641,0.8506410256410256,39.0
2024-01-26,190.2662811279297,192.5800863732271,189.7916578927919,192.09558049769083,44594000,-0.0090128531267978,186.10094680786133,188.7028018188477,189.5840301513672,0.66328125,0.09740625,0.025124999999999998,0.8774375,32.0
2024-01-29,189.5840301513672,190.04877081575225,187.4581003710548,189.86089500402176,47145600,-0.0035857692309851,186.00948181152344,188.7876412963867,185.93533325195312,0.7450714285714285,0.09899999999999999,0.026607142857142857,0.8743928571428572,28.0
2024-01-30,185.93533325195312,189.65325866018404,185.37172089064356,188.80288370915284,55859400,-0.019245803016746,185.78749465942383,188.78823486328125,182.33604431152344,0.6545185185185185,0.12318518518518519,0.027555555555555555,0.8491481481481481,27.0
2024-01-31,182.33604431152344,185.0058358609704,182.28661602120093,184.94649475418208,55467800,-0.0193577459296154,185.72618713378907,188.68322296142577,184.7685394287109,0.6869375,0.1225,0.02675,0.85075,32.0
2024-02-01,184.7685394287109,184.85752846784007,181.76257176566293,181.93066720224104,64885400,0.0133407255069741,185.8552276611328,188.62725677490235,183.76986694335935,0.698864406779661,0.11428813559322035,0.030525423728813558,0.8553050847457627,59.0
2024-02-02,183.76986694335935,185.23329771545795,177.2437318686429,177.84690500460306,102551700,-0.0054049920426896,186.0500228881836,188.5165106201172,185.5793609619141,0.6313225806451613,0.1130483870967742,0.030596774193548386,0.8564677419354838,62.0
2024-02-05,185.5793609619141,187.13179578344227,183.75995901240583,186.04410163536497,69668800,0.0098465218953029,186.3713851928711,188.45797332763672,187.1812438964844,0.6754,0.10614285714285715,0.03488571428571429,0.8591714285714285,35.0
2024-02-06,187.1812438964844,187.1911265388062,184.67956238073768,184.76855142564483,43490800,0.0086317946471379,186.55629348754883,188.41822357177733,187.2899627685547,0.7394,0.12073333333333333,0.026533333333333336,0.8529333333333333,15.0
2024-02-07,187.2899627685547,188.91160586389853,186.498914044192,188.5061913180627,53439000,0.0005808213996614,186.76740417480468,188.40714782714844,186.2122039794922,0.521551724137931,0.13293103448275861,0.040793103448275865,0.8262068965517242,29.0
2024-02-08,186.2122039794922,187.418535043408,185.2530596605407,187.2702199788289,40962000,-0.0057544930498723,186.87271423339843,188.37807678222657,186.9745635986328,0.77968,0.16236,0.033159999999999995,0.80452,25.0
2024-02-09,186.9745635986328,188.10324181676,186.1329987846296,186.7765376843336,45155200,0.0040940368184707,187.04580612182616,188.3521896362305,185.2914123535156,0.6074444444444445,0.10377777777777779,0.035833333333333335,0.8603888888888889,18.0
2024-02-12,185.2914123535156,186.796321504533,184.9349868995182,186.54880424779185,41781900,-0.0090020332858233,187.1184234619141,188.31300903320312,183.202392578125,0.8173333333333334,0.133,0.02493333333333333,0.8421333333333333,15.0
2024-02-13,183.202392578125,184.36078680146468,181.68758795653508,183.92515394948336,56529500,-0.0112742395821615,187.19980850219727,188.2205780029297,182.32122802734372,0.5988947368421053,0.10815789473684212,0.04226315789473684,0.8497894736842105,19.0
2024-02-14,182.32122802734372,183.68752828939827,180.62821823999963,183.47962222785037,54630500,-0.0048097873525613,187.28410415649412,188.08501190185547,182.0340881347656,0.5865555555555555,0.11561111111111111,0.02211111111111111,0.8621666666666666,18.0
2024-02-15,182.0340881347656,182.65783644316613,179.5490203671251,181.72716915991907,65434500,-0.0015749120148261,187.05987319946288,187.97949829101563,180.4994964599609,0.6608571428571428,0.10953571428571429,0.031142857142857142,0.8593571428571429,28.0
2024-02-16,180.4994964599609,183.0142804515248,179.86585283584154,181.5984737728991,49752500,-0.0084302434259927,186.61405258178712,187.7643859863281,179.75694274902344,0.7759047619047619,0.11347619047619048,0.01576190476190476,0.8708571428571429,21.0
2024-02-20,179.75694274902344,180.6182980286837,178.2124373755958,179.98465441119404,53665600,-0.0041138824512023,186.01590805053712,187.55617645263672,180.5094146728516,0.6298947368421053,0.10478947368421053,0.03810526315789473,0.8571052631578947,19.0
2024-02-21,180.5094146728516,181.07374623255757,178.8658962581704,180.13318356154335,41371400,0.0041860520785488,185.39160842895507,187.32445251464844,182.53903198242188,0.585344827586207,0.09875862068965517,0.03351724137931034,0.8676896551724138,29.0
2024-02-22,182.53903198242188,183.1231842228548,180.64801151557128,181.6578711029192,52292200,0.0112438307622275,184.90240783691405,187.10484313964844,180.70741271972656,0.6796,0.11313333333333334,0.028933333333333332,0.858,15.0
2024-02-23,180.70741271972656,183.20237592421452,180.42028422645075,183.17267506039363,45119700,-0.0100341238956044,184.3379425048828,186.89863525390624,179.3609161376953,0.92625,0.18433333333333335,0.020916666666666667,0.79475,12.0
2024-02-26,179.3609161376953,180.9450175834942,178.85597124394113,180.43019254491847,40867400,-0.0074512526175095,183.79267425537108,186.6352404785156,180.81634521484372,0.74752,0.12476,0.0294,0.84588,25.0
2024-02-27,180.81634521484372,182.09352785249357,177.7768254792766,179.3015405274478,54318900,0.0081145274482825,183.3542900085449,186.3366812133789,179.61831665039062,0.6107142857142857,0.09676190476190476,0.0370952380952381,0.866095238095238,21.0
2024-02-28,179.61831665039062,181.30143093346825,178.34113428414614,180.6974882375532,48953900,-0.006625665190996,183.0384391784668,186.0111947631836,178.95497131347656,0.7661666666666668,0.13333333333333333,0.01958333333333333,0.847125,24.0
2024-02-29,178.95497131347656,180.75690414056305,177.74708592784262,179.4698114222519,136682600,-0.0036930829176247,182.8693855285645,185.68312072753903,177.8758087158203,0.6933888888888888,0.10061111111111111,0.04066666666666666,0.8588333333333333,18.0
2024-03-01,177.8758087158203,178.73716395290236,175.61845249589473,177.76690051629518,73563100,-0.0060303583059778,182.5247489929199,185.36668762207032,173.36106872558594,0.7423684210526316,0.10063157894736842,0.027842105263157897,0.8715263157894737,19.0
2024-03-04,173.36106872558594,175.14318064223312,172.06406578926712,174.400628974546,81510100,-0.0253814165221717,182.00430908203128,184.93919494628904,168.43055725097656,0.3472222222222222,0.07955555555555556,0.04803703703703704,0.8722962962962962,27.0
2024-03-05,168.43055725097656,170.33148818677603,167.93552268101038,169.06420089624305,95132400,-0.0284407076563072,181.1468688964844,184.4548190307617,167.44049072265625,0.6709285714285714,0.09278571428571428,0.039964285714285716,0.8672500000000001,28.0
2024-03-06,167.44049072265625,169.53944760498507,167.00485787713032,169.3612273012443,68587700,-0.0058781882841189,180.15983123779296,183.95360900878907,167.3216552734375,0.29460000000000003,0.0946,0.0444,0.8610666666666666,15.0
2024-03-07,167.3216552734375,169.0344703547855,166.81672553933012,167.47015957545335,71765100,-0.0007097175163897,179.16141586303712,183.4713803100586,169.03448486328125,0.5270526315789473,0.12536842105263157,0.04447368421052631,0.8302631578947368,19.0
2024-03-08,169.03448486328125,171.9749911536114,167.26226790901475,167.32166963491963,76267000,0.0102367478199079,178.30252990722656,183.0342846679688,171.034423828125,0.4804117647058823,0.07541176470588236,0.04994117647058823,0.8747058823529411,17.0
2024-03-11,171.034423828125,172.64824117092596,170.34137853305091,171.22253935977105,60139500,0.0118315441163461,177.50552291870116,182.63521087646484,171.50965881347656,0.5344444444444444,0.09433333333333332,0.030444444444444448,0.8752222222222222,18.0
2024-03-12,171.50965881347656,172.3017170819102,169.31170429451927,171.43045147590772,59825400,0.002778592605598,176.81643524169922,182.23713745117183,169.43052673339844,0.369,0.12207692307692307,0.03461538461538462,0.8433846153846154,13.0
2024-03-13,169.43052673339844,171.4700666239107,169.06419090034882,171.05423942259554,52488700,-0.0121225363892727,176.1278419494629,181.81824645996093,171.28192138671875,0.58975,0.12966666666666668,0.02716666666666667,0.8430833333333334,12.0
2024-03-14,171.28192138671875,172.5789092413306,170.34135894390695,171.19281881058188,72913500,0.0109271610554189,175.57587661743165,181.57264099121093,170.90570068359375,0.5987,0.09995000000000001,0.03125,0.86875,20.0
2024-03-15,170.90570068359375,170.90570068359375,168.5988381717502,169.47010369924573,121752700,-0.0021964997828087,175.01945724487305,181.3470004272461,171.9947967529297,0.3215882352941177,0.07370588235294118,0.04305882352941176,0.8831764705882352,17.0
2024-03-18,171.9947967529297,175.94517770513775,171.7967859641753,173.82643054023092,75604200,0.0063724970260192,174.59422225952147,181.18941711425785,174.3313751220703,0.7855555555555556,0.10077777777777779,0.024,0.8752777777777777,18.0
2024-03-19,174.3313751220703,174.8561105550952,171.3116612385504,172.6086493883763,55215200,0.0135851689309944,174.32294387817382,181.09300231933597,176.8956298828125,0.6781666666666666,0.13722222222222225,0.025833333333333333,0.8368888888888889,18.0
2024-03-20,176.8956298828125,176.8956298828125,173.3511809805003,173.97492929704185,53423100,0.0147090835424583,174.1422546386719,180.9612533569336,169.66812133789062,0.4866875,0.1010625,0.0296875,0.869125,16.0
2024-03-21,169.66812133789062,175.72735394947048,169.14338597139206,175.29172116809335,106181300,-0.0408574736962685,173.49870910644532,180.69326080322264,170.56910705566406,0.42828571428571427,0.12371428571428571,0.036,0.8402857142857143,21.0
2024-03-22,170.56910705566406,171.33146450930536,168.37115239719608,170.05426688241553,71160100,0.005310282866745,172.99179382324218,180.4225228881836,169.15330505371094,0.5912727272727273,0.10203030303030303,0.05633333333333333,0.8416363636363636,33.0
2024-03-25,169.15330505371094,170.2324767040703,167.76719930445816,168.87608692531137,54288300,-0.008300459716255,172.48141326904295,180.13533447265624,168.02462768554688,0.6112083333333334,0.09499999999999999,0.039,0.8660833333333334,24.0
2024-03-26,168.02462768554688,169.71763732680742,167.8959138727621,168.31174106723407,57388400,-0.0066725114700282,171.84182739257812,179.81904571533204,171.58888244628906,0.8405263157894737,0.13236842105263158,0.025421052631578945,0.8422631578947368,19.0
2024-03-27,171.58888244628906,171.87601096065072,168.42066417893392,168.7176879462108,60273300,0.0212126925072708,171.44035568237305,179.6193295288086,169.77703857421875,0.4094285714285714,0.10571428571428572,0.07064285714285715,0.8235714285714285,14.0
2024-03-28,169.77703857421875,170.51959037094832,168.81667037520145,170.0443614510728,65672700,-0.0105592148293025,170.98145904541016,179.40216400146485,168.34144592285156,0.672,0.10933333333333334,0.042625,0.8480833333333333,24.0
2024-04-01,168.34144592285156,169.54933141950085,167.79690490268092,169.48992969134684,46240500,-0.0084557526943763,170.5047409057617,179.03861877441406,167.1632537841797,0.6239166666666667,0.15733333333333333,0.048249999999999994,0.7945000000000001,12.0
2024-04-02,167.1632537841797,167.65828830624176,166.55931106297376,167.40087579338118,49329500,-0.0069988239213046,170.1948501586914,178.59356567382812,167.9652099609375,0.7042727272727273,0.12836363636363635,0.045909090909090906,0.8257272727272728,11.0
2024-04-03,167.9652099609375,168.98497988400436,166.90584392266877,167.11374996517486,47691700,0.0047974429702906,170.17158279418945,178.1184732055664,167.1434783935547,0.39999999999999997,0.106,0.04492857142857143,0.849,14.0
2024-04-04,167.1434783935547,170.2126836435028,167.1434783935547,168.59886612133832,53704400,-0.0048922724388813,170.15673217773437,177.60143463134764,167.8959197998047,0.0009999999999999916,0.09466666666666668,0.07316666666666667,0.832,6.0
2024-04-05,167.8959197998047,168.69787335368648,167.2721714324497,167.90581505219322,42104800,0.0045017694586821,170.18544540405273,177.1128921508789,166.77713012695312,0.5119444444444444,0.10283333333333333,0.04944444444444444,0.8477777777777777,18.0
2024-04-08,166.77713012695312,167.51968192191484,166.5692240844266,167.3513719945941,37425500,-0.0066635905993759,170.07257766723632,176.60850036621093,167.9850311279297,0.596,0.13184615384615384,0.028153846153846154,0.8397692307692307,13.0
2024-04-09,167.9850311279297,168.3909631058002,166.6781477036779,167.02466284236104,42373800,0.0072426057461061,169.92010803222655,176.16287536621093,166.11375427246094,0.5738571428571427,0.1591428571428571,0.028285714285714286,0.8127142857142857,7.0
2024-04-10,166.11375427246094,167.41074207868937,165.45040994054455,167.1236287527637,49709300,-0.0111395452493839,169.6503128051758,175.69346984863282,173.30169677734375,0.7347857142857144,0.122,0.0275,0.8507142857142858,14.0
2024-04-11,173.30169677734375,173.7175391133101,166.49003132152566,166.66823651643443,91070300,0.0432712061464404,169.84387130737304,175.44079711914063,174.7967071533203,0.236,0.0714375,0.06268750000000001,0.8656875,16.0
2024-04-12,174.7967071533203,176.58872985356905,172.47994902506244,172.52944039553972,101670900,0.0086266343825665,170.0196105957031,175.29001037597655,170.9750213623047,0.5345833333333333,0.11833333333333333,0.022833333333333334,0.8589166666666667,12.0
2024-04-15,170.9750213623047,174.8758957155582,170.78690583147454,173.6185038309996,73531800,-0.0218636028862001,170.02307662963867,175.01414001464843,167.69790649414062,0.5655454545454546,0.08945454545454545,0.04854545454545455,0.8619090909090908,22.0
2024-04-16,167.69790649414062,172.0343988146065,166.59892920522176,170.04436539186383,73711200,-0.0191672142635367,169.80823211669923,174.69270080566406,166.3316192626953,0.628,0.11528571428571428,0.03521428571428571,0.8494285714285714,14.0
2024-04-17,166.3316192626953,168.95529649982927,166.3316192626953,167.92563121825307,50901200,-0.008147312390528,169.40824432373046,174.30774597167968,165.38113403320312,0.6039,0.0846,0.02435,0.891,20.0
2024-04-18,165.38113403320312,166.96525061902096,164.89600984807865,166.36130787024413,43122900,-0.005714398944142,168.83251953125,173.87174377441406,163.36141967773438,0.6206,0.13032,0.041319999999999996,0.82848,25.0
2024-04-19,163.36141967773438,164.7475105290668,162.4505578172506,164.55941006923095,68149400,-0.0122124834085565,168.51718444824218,173.39317291259766,164.1930389404297,0.653448275862069,0.10372413793103448,0.03958620689655172,0.8566206896551724,29.0
2024-04-22,164.1930389404297,165.59893510418706,163.13367296874276,163.8762247169617,48116400,0.0050906711286904,168.19838104248046,172.9527896118164,165.24252319335938,0.6317857142857143,0.09425000000000001,0.03917857142857143,0.8665,28.0
2024-04-23,165.24252319335938,165.39104261951863,163.28219064755024,163.70792820716713,49537800,0.0063917706846905,168.0028419494629,172.51814880371094,167.3414764404297,0.34704761904761905,0.09133333333333334,0.06028571428571429,0.8484761904761904,21.0
2024-04-24,167.3414764404297,167.6186945681344,164.55938480415762,164.88609429896647,48251800,0.0127022585137737,167.96868438720702,172.15915008544923,168.20281982421875,0.7263333333333333,0.08933333333333333,0.025416666666666667,0.8851666666666667,12.0
2024-04-25,168.20281982421875,168.91567070440144,166.48009434590165,167.84639438412742,50558300,0.0051472199368078,167.79938125610352,171.8591586303711,167.6186981201172,-0.01289473684210527,0.07047368421052631,0.06147368421052631,0.868,19.0
2024-04-26,167.6186981201172,169.63843239437367,167.49987955768665,168.19293999888993,44838400,-0.0034727224235122,167.69146423339845,171.56510803222656,171.7769775390625,0.513125,0.07806249999999999,0.0366875,0.885,16.0
2024-04-29,171.7769775390625,174.28185098854456,171.38095596804143,171.64826373021612,68169400,0.0248079687145967,167.86324081420898,171.3599658203125,168.63844299316406,0.8110526315789474,0.1558421052631579,0.03431578947368421,0.8097894736842105,19.0
2024-04-30,168.63844299316406,173.25216784182598,168.3117184327478,171.6086497890361,65934800,-0.0182709848017015,167.9370002746582,171.12274475097655,167.6186981201172,0.6160869565217392,0.0781304347826087,0.06695652173913044,0.8548260869565218,23.0
2024-05-01,167.6186981201172,170.99483730573115,167.43058257791944,167.8959162536964,50383100,-0.0060469300768402,167.9196746826172,170.87997985839843,171.3116455078125,0.6653125,0.0843125,0.028999999999999998,0.8868125,16.0
2024-05-02,171.3116455078125,171.69777183075684,169.19289835753364,170.79680537480178,94214900,0.022031834330612,168.1280830383301,170.69602447509766,181.55886840820312,0.6872962962962963,0.09162962962962963,0.026296296296296293,0.882074074074074,27.0
2024-05-03,181.55886840820312,185.14291355827163,180.84601747897057,184.7963833456082,163224100,0.0598162656719289,168.81123046875,170.67642120361327,179.9054718017578,0.5200357142857143,0.1194642857142857,0.03789285714285714,0.8427142857142857,28.0
2024-05-06,179.9054718017578,182.370734315354,178.62827413884693,180.53911545314372,78569700,-0.0091066694837949,169.46764755249023,170.6603823852539,180.5885772705078,0.7183125,0.120625,0.04475,0.83453125,32.0
2024-05-07,180.5885772705078,183.0637497391675,179.5193160584302,181.62815272879564,77305800,0.0037970244145921,170.09782485961915,170.68493560791015,180.92523193359372,0.5561142857142857,0.086,0.030828571428571427,0.8832571428571429,35.0
2024-05-08,180.92523193359372,181.25195654794928,179.6480343404535,181.03414013837892,45057100,0.001864207959187,170.8383987426758,170.68711334228516,182.7370147705078,0.6061818181818182,0.09513636363636363,0.03945454545454546,0.8655909090909091,22.0
2024-05-09,182.7370147705078,182.8261173412062,180.30143875398937,180.74696671473316,48983000,0.0100139865377044,171.31016464233397,170.7494873046875,181.4779815673828,0.9093333333333333,0.14457142857142857,0.03528571428571429,0.82,21.0
2024-05-10,181.4779815673828,183.5004555242596,180.56588428269347,183.31208481142477,50759500,-0.0068898641290937,171.64422836303712,170.79994750976562,184.6802215576172,0.52252,0.10524000000000001,0.03832,0.8564,25.0
2024-05-13,184.6802215576172,185.4931866387208,183.0344740478803,183.84743912898392,72044800,0.0176453361591162,172.32948837280273,170.93603576660155,185.82032775878903,0.5724210526315789,0.10994736842105263,0.044421052631578944,0.8457368421052631,19.0
2024-05-14,185.82032775878903,186.6828664107388,184.6901187820661,185.8996425272296,52393600,0.0061734071551142,173.23560943603516,171.18522094726563,188.09066772460935,0.7417307692307692,0.13084615384615386,0.03930769230769231,0.8297692307692308,26.0
2024-05-15,188.09066772460935,189.0126735344407,185.76084369802737,186.2962145979737,70400000,0.0122179311230545,174.32356185913085,171.57842315673827,188.20962524414065,0.7638695652173912,0.0942608695652174,0.027521739130434784,0.8782608695652173,23.0
2024-05-16,188.20962524414065,189.458813878606,188.03117836935675,188.8342195613733,52845200,0.0006324477496428,175.46498641967773,171.99380584716798,188.2393798828125,0.7954210526315789,0.11710526315789474,0.027947368421052634,0.8551052631578947,19.0
2024-05-17,188.2393798828125,189.1713095252472,187.55530322495105,187.8824709799172,41282900,0.0001580930764475,176.70888442993163,172.41216033935547,189.3993225097656,0.7566363636363637,0.09427272727272727,0.02290909090909091,0.8829090909090909,11.0
2024-05-20,189.3993225097656,190.27176982167657,187.38675756521695,187.7040166341828,44361300,0.0061620614542783,177.96919860839844,172.81945709228515,190.69810485839844,0.7651333333333333,0.09406666666666667,0.021066666666666668,0.8847333333333333,15.0
2024-05-21,190.69810485839844,191.07483113273048,189.2803778274553,189.44891605266244,42309400,0.006857375894604,179.2419776916504,173.21273071289062,189.2605133056641,0.6083181818181818,0.1190909090909091,0.044954545454545455,0.836,22.0
2024-05-22,189.2605133056641,191.16403734183464,188.63593413629764,190.6187578068766,34648500,-0.0075385728337564,180.3379295349121,173.56774780273437,185.27505493164065,0.79025,0.12508333333333332,0.06983333333333333,0.80525,12.0
2024-05-23,185.27505493164065,189.35966699130785,185.0272019643745,189.33983451815809,51005900,-0.021058055398945,181.1915412902832,173.88463836669922,188.34841918945312,0.6769047619047619,0.11690476190476191,0.0339047619047619,0.8492380952380952,21.0
2024-05-24,188.34841918945312,188.9432723510632,186.4250777783575,187.19839293954828,36327000,0.016588116834975,182.22802734375,174.2259683227539,188.35836791992188,0.6453333333333333,0.11699999999999999,0.0262,0.8567333333333333,15.0
2024-05-28,188.35836791992188,191.3425125399711,187.4760118609873,189.86530324069457,52280100,5.282088648028704e-05,183.05709686279295,174.57502166748046,188.65577697753903,0.83435,0.11975,0.022,0.85825,20.0
2024-05-29,188.65577697753903,190.59895109353056,187.8824768517226,187.9816240997488,53068000,0.001578953252258,184.0579635620117,174.90824127197266,189.6471710205078,0.8170999999999999,0.11555,0.023049999999999998,0.8615,20.0
2024-05-30,189.6471710205078,190.52952698465035,188.99285067972127,189.12172393667825,49889100,0.005255042060476,185.15938720703124,175.21455718994142,190.5989532470703,0.45876190476190476,0.0919047619047619,0.037142857142857144,0.870904761904762,21.0
2024-05-31,190.5989532470703,190.9162123421418,188.2790528434088,189.7959119633218,75158300,0.0050186998384467,186.1237525939941,175.48862365722655,192.3636474609375,0.6712142857142858,0.08750000000000001,0.05864285714285714,0.854,14.0
2024-06-03,192.3636474609375,193.3154095298356,190.8666209557148,191.24334718637152,50080500,0.0092586773631417,186.66399154663085,175.9425341796875,192.680908203125,0.6618888888888889,0.10011111111111111,0.026777777777777775,0.873,9.0
2024-06-04,192.680908203125,193.64257895328527,191.37223723797064,192.9684109970025,47471400,0.0016492759748274,187.3027633666992,176.38477020263673,194.18785095214844,0.7945384615384616,0.11253846153846155,0.026615384615384614,0.8607692307692307,13.0
2024-06-05,194.18785095214844,195.20900403542356,193.19643901671665,193.72188613227584,54156800,0.0078209240504243,187.98272705078125,176.88546112060547,192.809814453125,0.9433888888888888,0.16,0.02333333333333333,0.8167777777777778,18.0
2024-06-06,192.809814453125,194.81247106318253,192.50247913295604,194.0094297097739,41181800,-0.0070964094420253,188.57695617675785,177.38116485595702,195.1990966796875,0.7058,0.10056000000000001,0.0264,0.873,25.0
2024-06-07,195.1990966796875,195.24867030234284,192.4727138388465,192.97832848334124,53103900,0.0123919118606037,189.2000602722168,177.853369140625,191.46148681640625,0.6128181818181818,0.09727272727272727,0.029136363636363637,0.8736363636363635,22.0
2024-06-10,191.46148681640625,195.6055969774052,190.4998159349584,195.20902308787944,97010200,-0.0191476801217707,189.699235534668,178.28705810546876,205.37098693847656,0.6327083333333333,0.08900000000000001,0.034624999999999996,0.8762916666666666,24.0
2024-06-11,205.37098693847656,205.38091074009856,191.96710777388117,191.9869251216324,172373300,0.0726490760797664,190.73377380371093,179.02764892578125,211.24012756347656,0.7113142857142858,0.12574285714285713,0.028771428571428576,0.8455142857142857,35.0
2024-06-12,211.24012756347656,218.3088836808645,205.1231032111954,205.5890679852297,198134300,0.0285782364514721,192.0047637939453,179.90918640136718,212.4000701904297,0.7535641025641026,0.14205128205128206,0.027153846153846153,0.8306410256410257,39.0
2024-06-13,212.4000701904297,214.88850837078888,209.7827436347603,212.8957760920924,97862700,0.0054911092903244,193.22023391723636,180.79788360595705,210.6651153564453,0.6874210526315789,0.11623684210526315,0.025894736842105262,0.8579473684210526,38.0
2024-06-14,210.6651153564453,213.32209192759063,209.48533280144244,212.01343611534224,70122700,-0.0081683345604777,194.3430084228516,181.66831634521483,214.80923461914065,0.6758823529411765,0.1141764705882353,0.03929411764705882,0.8465882352941176,17.0
2024-06-17,214.80923461914065,217.0696527520261,210.89316027395952,211.5375720180444,93728300,0.019671597054327,195.671501159668,182.6065826416016,212.4496612548828,0.5682083333333333,0.09358333333333334,0.04095833333333333,0.8654166666666666,24.0
2024-06-18,212.4496612548828,216.75240063817128,211.1707464886947,215.72132373307372,79943300,-0.010984506175637,196.82401809692385,183.52003326416016,207.87924194335935,0.6338108108108108,0.10891891891891893,0.03397297297297298,0.857081081081081,37.0
2024-06-20,207.87924194335935,212.4000929584359,207.05638337080816,212.0927425591543,86172500,-0.021512951748321,197.68307495117188,184.31791748046876,205.70806884765625,0.823875,0.12345833333333334,0.029916666666666664,0.8467083333333334,24.0
2024-06-21,205.70806884765625,210.0702753319445,205.33132746963065,208.5831574221536,241805100,-0.0104443958685144,198.50545272827148,185.10980377197265,206.35247802734372,0.8318965517241379,0.11624137931034483,0.020689655172413793,0.8629310344827585,29.0
2024-06-24,206.35247802734372,210.87331399723783,204.8157865138524,205.93608683303725,80727000,0.0031326392945953,199.55932388305663,185.77081939697263,207.27452087402344,0.50825,0.08099999999999999,0.046964285714285715,0.8719642857142856,28.0
2024-06-25,207.27452087402344,209.56468024841507,206.8184646829133,207.3538205241976,55549700,0.0044682906427588,200.5056289672852,186.42037567138672,211.41860961914065,0.7363157894736843,0.09268421052631579,0.02431578947368421,0.8829473684210526,19.0
2024-06-26,211.41860961914065,213.0147835489249,208.83102368645305,209.68363861405976,66213200,0.0199932376041329,201.65864105224608,187.22924743652345,212.26129150390625,0.6001176470588235,0.09494117647058824,0.030294117647058826,0.8748823529411764,17.0
2024-06-27,212.26129150390625,213.8872063968936,210.52632069800987,212.8462208878068,49772700,0.0039858453628263,202.83891677856445,188.12051513671875,208.8111724853516,0.5833200000000001,0.1118,0.05024,0.83788,25.0
2024-06-28,208.8111724853516,214.21437951883613,208.4939285392998,213.9169529190877,82542700,-0.0162541130043543,203.79711685180663,188.9701062011719,214.88853454589844,0.5676315789473684,0.12647368421052632,0.03442105263157895,0.8391052631578947,19.0
2024-07-01,214.88853454589844,215.6420021622164,210.10001313722785,210.26855134899324,60402900,0.0291045828066178,205.01159591674804,189.9602542114258,218.3782958984375,0.6446153846153847,0.13784615384615384,0.03746153846153846,0.824923076923077,13.0
2024-07-02,218.3782958984375,218.48735180877676,213.2526983679821,214.293668724795,58046200,0.0162398676128237,206.31232833862305,191.06059173583984,219.6472930908203,0.5314444444444445,0.11194444444444446,0.04505555555555555,0.8430555555555556,18.0
2024-07-03,219.6472930908203,219.6472930908203,217.1489310533617,218.1106017348668,37369800,0.0058110041895966,207.6606475830078,192.16967681884765,224.39617919921875,0.7046666666666667,0.12595833333333334,0.01991666666666667,0.8540416666666667,24.0
2024-07-05,224.39617919921875,224.50523511983303,219.74645469045157,219.74645469045157,60412400,0.0216205082319629,209.1710639953613,193.35274993896485,225.86349487304688,0.6798,0.10740000000000001,0.03375,0.8587999999999999,20.0
2024-07-08,225.86349487304688,225.89323602358715,221.3327346559492,225.1397532025748,59085900,0.006538951238227,210.82374801635743,194.5231903076172,226.71609497070312,0.6157333333333334,0.07713333333333333,0.030333333333333334,0.8926,15.0
2024-07-09,226.71609497070312,227.42991284004063,224.4259356098064,225.9725359507888,48076100,0.0037748468300975,212.3995979309082,195.69345581054688,230.97915649414065,0.862,0.12496428571428572,0.024321428571428574,0.8506785714285714,28.0
2024-07-10,230.97915649414065,231.0783037422216,227.28119408246096,227.3307677065015,62627700,0.0188035239579633,214.37548141479493,196.96066497802732,225.61561584472656,0.7006,0.12336,0.02152,0.8552,25.0
2024-07-11,225.61561584472656,230.39421338925845,223.83107137940016,229.40280147827104,64710600,-0.0232208859484259,215.38771286010743,198.03743774414065,228.56007385253903,0.7343599999999999,0.1114,0.02836,0.86028,25.0
2024-07-12,228.56007385253903,230.6420447213184,226.716047266054,226.95399154834823,53046500,0.0130507722029264,216.25371017456052,199.23587036132807,232.3869781494141,0.5580526315789474,0.11836842105263158,0.020263157894736844,0.8613157894736844,19.0
2024-07-15,232.3869781494141,235.19267606238645,231.0882307861392,234.44911702590872,62631300,0.0167435380658129,217.25305557250977,200.5312359619141,232.8033905029297,0.772,0.1076,0.0187,0.8737,20.0
2024-07-16,232.8033905029297,234.24093498483407,230.33476899241612,232.9818374149499,43234300,0.0017918919417587,218.359969329834,201.7610708618164,226.9143829345703,0.729923076923077,0.12446153846153847,0.02053846153846154,0.8550769230769231,13.0
2024-07-17,226.9143829345703,229.47222770464356,224.6936146131452,227.4794799069808,57345900,-0.0252960558505493,218.96522674560543,202.66818115234372,222.25474548339844,0.7275909090909092,0.12790909090909092,0.027363636363636364,0.8446818181818181,22.0
2024-07-18,222.25474548339844,228.46099458072425,220.36115997030524,228.30236502251043,66034600,-0.0205347822862135,219.45548095703128,203.51516662597655,222.3835906982422,0.8220000000000001,0.13466666666666666,0.025666666666666667,0.8397083333333333,24.0
2024-07-19,222.3835906982422,224.8522116623324,221.3624376981624,222.88922042587492,49151500,0.0005797186222662,220.1806983947754,204.35106689453124,222.03659057617188,0.9058235294117648,0.1455294117647059,0.018,0.8367058823529412,17.0
2024-07-22,222.03659057617188,225.82377573784976,221.17405203421453,225.060384425736,48201800,-0.0015603674757692,220.9971244812012,205.1732940673828,223.0775909423828,0.67,0.09888888888888889,0.025,0.8762222222222222,9.0
2024-07-23,223.0775909423828,224.9910238167192,220.76759935066607,222.44308791792704,39960300,0.0046884180823962,221.83338012695316,205.9801055908203,216.6631622314453,0.6910909090909091,0.1100909090909091,0.03431818181818182,0.8555454545454545,22.0
2024-07-24,216.6631622314453,222.86941075843336,215.26528287042115,222.07627816799848,61777600,-0.0287542495139919,222.3028121948242,206.68380920410155,215.62217712402344,0.797875,0.11996875,0.0281875,0.85171875,32.0
2024-07-25,215.62217712402344,218.95332167523745,212.77681471652627,217.0497975364767,51391200,-0.004804624361154,222.51299057006835,207.30264831542968,216.0881500244141,0.6067894736842105,0.11894736842105262,0.025631578947368422,0.8552631578947368,19.0
2024-07-26,216.0881500244141,217.6050090608147,214.15488466672127,216.8217851678197,41601300,0.002161062032699,222.7043334960937,207.9080047607422,216.36573791503903,0.5625789473684211,0.11978947368421052,0.058,0.8222105263157895,19.0
2024-07-29,216.36573791503903,217.41663210574904,213.8971168447476,215.0967318967012,36311800,0.0012846048734909,223.08206176757807,208.4735061645508,216.9209442138672,0.6736666666666666,0.09803703703703703,0.03370370370370371,0.8682962962962962,27.0
2024-07-30,216.9209442138672,218.437803332798,214.26395224147615,217.3075942808937,41643800,0.0025660546081751,223.18368225097657,209.0477325439453,220.1727600097656,0.6875555555555555,0.12188888888888888,0.03361111111111111,0.8445,18.0
2024-07-31,220.1727600097656,221.89782218872543,218.7352157578384,219.53825698895488,50036300,0.0149907875778578,223.27340545654295,209.6864001464844,216.48471069335935,0.9534,0.14146666666666666,0.02306666666666667,0.8354,15.0
2024-08-01,216.48471069335935,222.55214689360596,215.1562223313537,222.44309097566543,62501000,-0.0167507066552767,223.11527633666992,210.22810791015624,217.97183227539065,0.5683684210526315,0.09652631578947368,0.05805263157894737,0.8454736842105263,19.0
2024-08-02,217.97183227539065,223.6625423233413,215.84030263063204,217.2679231335739,105568600,0.0068694069769097,222.7940589904785,210.7735824584961,207.4727935791016,0.5878518518518518,0.11911111111111111,0.03955555555555556,0.8411111111111111,27.0
2024-08-05,207.4727935791016,211.6664621054212,194.3167520967801,197.3802115476467,119548600,-0.048166951604207,221.8745239257813,211.13782806396483,205.45030212402344,0.36372727272727273,0.09803030303030302,0.06245454545454545,0.8396666666666667,33.0
2024-08-06,205.45030212402344,208.18660889381388,199.3432157724579,203.53688424769564,69660500,-0.0097482249127137,220.81123428344728,211.5413330078125,208.01806640625,0.52284375,0.09915625,0.04778125,0.853,32.0
2024-08-07,208.01806640625,211.80525225793107,204.61751548926864,205.12313014700663,63516400,0.0124982258759418,219.66317977905277,211.93472595214843,211.4780731201172,0.7102,0.11,0.048066666666666674,0.8416,15.0
2024-08-08,211.4780731201172,212.36042911915672,207.03655197769595,211.2797937627113,47161100,0.0166332029407001,218.9563026428223,212.39712005615235,214.38291931152344,0.45263636363636367,0.08531818181818182,0.041363636363636366,0.8732727272727273,22.0
2024-08-09,214.38291931152344,214.9182750928265,210.1495861717322,210.2784745623819,42201600,0.0137359214056973,218.2474449157715,212.91166290283203,215.9114532470703,0.7211176470588235,0.13447058823529412,0.04894117647058824,0.816529411764706,17.0
2024-08-12,215.9114532470703,217.8767166928247,213.9958208022464,214.46232494953352,38028100,0.0071299240651059,217.4236686706543,213.43694854736327,219.62364196777344,0.8346363636363635,0.09436363636363637,0.024909090909090912,0.8805454545454545,11.0
2024-08-13,219.62364196777344,220.23902400333972,217.38044783379533,217.38044783379533,44155300,0.0171931070115822,216.7646812438965,214.0174423217773,220.0702972412109,0.7811739130434782,0.10056521739130435,0.024434782608695655,0.8747391304347826,23.0
2024-08-14,220.0702972412109,221.3705477847693,218.06532277692483,218.92885985517657,41960600,0.0020337303827382,216.4224769592285,214.5715753173828,223.0479736328125,0.7359333333333333,0.11986666666666666,0.026766666666666668,0.8534,30.0
2024-08-15,223.0479736328125,223.6732909687273,221.10255033510867,222.9288713384501,46414000,0.0135305692268767,216.4621383666992,215.17891662597657,224.3680725097656,0.923,0.10864285714285714,0.027785714285714285,0.8637857142857143,14.0
2024-08-16,224.3680725097656,225.1422676891868,221.98592068094567,222.2539159800548,44340200,0.0059184526783744,216.56136245727535,215.7825210571289,224.20925903320312,0.8994285714285715,0.116,0.028142857142857143,0.856,7.0
2024-08-19,224.20925903320312,224.30852103873067,221.38045847347976,224.0405257400108,40687800,-0.0007078256491043,216.66999588012692,216.4105099487305,224.8246307373047,0.6391176470588236,0.10747058823529411,0.050470588235294114,0.8421176470588234,17.0
2024-08-20,224.8246307373047,225.4797235950926,223.772520166148,224.09014645304697,30299000,0.0027446310948757,216.75734786987303,217.00302062988283,224.7154541015625,0.806875,0.084875,0.024,0.891375,8.0
2024-08-21,224.7154541015625,226.2836998547364,223.37550792716291,224.8345715346964,34765500,-0.0004856079842504,217.1599624633789,217.66809997558596,222.859375,0.6507222222222222,0.10761111111111112,0.02711111111111111,0.8652777777777777,18.0
2024-08-22,222.859375,226.64102413052157,222.2340576918725,226.09511339685903,43695300,-0.0082596860504468,217.5218223571777,218.0178677368164,225.1521759033203,0.733,0.14616666666666667,0.028499999999999998,0.8253333333333334,6.0
2024-08-23,225.1521759033203,226.52191275369316,222.66085720360695,223.9809630537733,38677300,0.0102881061356305,217.97502365112305,218.29610870361327,225.4896545410156,0.6806,0.09713333333333334,0.027266666666666668,0.8755333333333333,15.0
2024-08-26,225.4896545410156,225.58891654674125,222.22414052811973,225.0727813784282,30602200,0.0014988913002564,218.43121948242188,218.557900390625,226.33334350585935,0.7600714285714286,0.10792857142857142,0.019785714285714285,0.8722857142857142,14.0
2024-08-27,226.33334350585935,227.1472495725316,223.21670725505916,224.31844891527624,35934600,0.0037415861342333,218.90183944702147,218.8712649536133,224.8048095703125,0.624764705882353,0.10435294117647059,0.01388235294117647,0.8817058823529412,17.0
2024-08-28,224.8048095703125,228.149730282918,224.00082364270057,226.2241624042973,38052200,-0.0067534633292213,219.13344192504883,219.0711764526367,228.0802459716797,0.6826666666666666,0.1333888888888889,0.02227777777777778,0.8442777777777777,18.0
2024-08-29,228.0802459716797,231.1869621230462,227.1770283167567,228.3879521456165,51906300,0.0145701348989275,219.71321868896484,219.38378814697265,227.296142578125,0.6439285714285715,0.09564285714285714,0.027142857142857142,0.877,14.0
2024-08-30,227.296142578125,228.6857199244299,225.787447784096,228.47729089511276,52990800,-0.0034378400032594,220.1794342041016,219.772126159668,221.11248779296875,0.7249285714285715,0.09792857142857143,0.029642857142857144,0.8724285714285714,14.0
2024-09-03,221.11248779296875,227.2961293418145,219.52438650802387,226.84948058831637,50190600,-0.0272052781671419,220.8614189147949,220.0802145385742,219.20675659179688,0.8472857142857143,0.09971428571428571,0.02642857142857143,0.8739999999999999,7.0
2024-09-04,219.20675659179688,220.1298295937355,215.86182100754212,220.01072730838987,43840200,-0.0086188311668594,221.5492416381836,220.3373001098633,220.72540283203125,0.7897777777777777,0.15666666666666668,0.026000000000000002,0.817,9.0
2024-09-05,220.72540283203125,223.80232842315377,219.87180099289256,219.98098315180297,36615400,0.0069279171128031,222.18460845947263,220.60631774902345,219.177001953125,0.7936,0.09793333333333333,0.03306666666666667,0.8688666666666667,15.0
2024-09-06,219.177001953125,223.56411324365837,218.13481142105056,222.2837029728863,48423000,-0.0070150551728047,222.56955490112304,220.76148559570316,219.26632690429688,0.5132777777777777,0.08827777777777777,0.0445,0.8671666666666666,18.0
2024-09-09,219.26632690429688,219.6236489368284,215.09757995493325,219.17700018247805,67180000,0.0004075470983537,222.81372528076173,220.90158630371093,218.4722595214844,0.6798928571428571,0.08842857142857143,0.01978571428571429,0.8916428571428572,28.0
2024-09-10,218.4722595214844,219.83206111139577,215.1174037589381,217.29111136152255,51591000,-0.0036214743687437,222.94176559448243,221.0948080444336,221.0032958984375,0.6030588235294118,0.08455882352941177,0.031764705882352945,0.8835588235294117,34.0
2024-09-11,221.0032958984375,221.43008920211523,216.26878297144037,219.8122275598596,44587100,0.0115851613495314,223.01074829101563,221.2171032714844,221.11248779296875,0.6980625,0.08125,0.044875,0.8735625,16.0
2024-09-12,221.11248779296875,221.8866830044339,218.1844402475294,220.84449248276732,37455600,0.0004940736023295,223.0628578186035,221.271787109375,220.84446716308597,0.8403684210526317,0.14726315789473685,0.024789473684210524,0.8278421052631578,19.0
2024-09-13,220.84446716308597,222.3730019797634,220.25886075018877,221.91643313573508,36766600,-0.001212146055422,222.9526824951172,221.2957305908203,214.71047973632807,0.535,0.084375,0.03425,0.8815,8.0
2024-09-16,214.71047973632807,215.60377723416104,212.32832783334672,214.92882889414332,59357400,-0.0277751464890813,222.4698028564453,221.1020166015625,215.17697143554688,0.4711,0.09725,0.046,0.8566499999999999,20.0
2024-09-17,215.17697143554688,215.28615358843467,212.904016801209,214.14471619981745,45519300,0.002172654542953,222.0181884765625,220.8882861328125,219.04795837402344,0.7582,0.0955,0.0273,0.8773500000000001,20.0
2024-09-18,219.04795837402344,221.0529328037412,215.92138686335736,215.9313221513165,59894900,0.0179897826084798,221.72935485839844,220.7349234008789,227.1670837402344,0.6587368421052632,0.10452631578947369,0.048684210526315795,0.8467368421052632,19.0
2024-09-19,227.1670837402344,228.11002736409569,222.9586412306041,223.31596324984213,66781300,0.0370655149058616,221.85193634033203,220.6586819458008,226.5020751953125,0.64885,0.08199999999999999,0.03225,0.88565,20.0
2024-09-20,226.5020751953125,231.3556905514529,225.92638886705737,228.2589097535001,318679900,-0.0029273983447457,222.0340713500977,220.6764111328125,224.7849578857422,0.6797619047619048,0.08676190476190476,0.03185714285714286,0.8811904761904762,21.0
2024-09-23,224.7849578857422,227.74278104335215,224.12986496132828,225.6484798300337,54146000,-0.0075810224170778,222.01571044921877,220.60090881347656,225.67825317382807,0.8442307692307692,0.10969230769230769,0.022692307692307692,0.8675384615384616,13.0
2024-09-24,225.67825317382807,227.64353192764617,224.050456167142,226.94872814757065,43556100,0.0039739994014189,222.02514038085937,220.46673431396485,224.6856689453125,0.5876666666666667,0.1071111111111111,0.04622222222222223,0.8466666666666667,9.0
2024-09-25,224.6856689453125,225.59882178569197,222.35316341740716,223.25638097071695,42308700,-0.0043982271865207,221.94275665283203,220.3043798828125,225.8271331787109,0.7841666666666667,0.10388888888888889,0.0385,0.8576111111111111,18.0
2024-09-26,225.8271331787109,226.7998372114188,223.73283210674717,225.60876888531143,36636700,0.0050802716468589,221.99387283325197,220.2826348876953,226.09510803222656,0.5579166666666667,0.10491666666666666,0.031083333333333334,0.864,12.0
2024-09-27,226.09510803222656,227.81224676693589,225.60876359989413,226.76013618443497,34026000,0.0011866370960107,221.8946159362793,220.35944213867188,231.266357421875,0.5362857142857143,0.1187142857142857,0.041928571428571426,0.8392142857142858,14.0
2024-09-30,231.266357421875,231.266357421875,227.9412771261621,228.3283747151782,54541900,0.0228720091940748,222.0931266784668,220.5370974731445,224.52688598632807,0.5077692307692308,0.0813076923076923,0.04853846153846154,0.8701538461538461,13.0
2024-10-01,224.52688598632807,227.9412778656533,222.07526286618744,227.81225543239975,63285000,-0.0291415989367306,222.26384658813475,220.58690338134767,225.09263610839844,0.4922916666666666,0.10229166666666667,0.05379166666666666,0.8438333333333333,24.0
2024-10-02,225.09263610839844,225.6782425626932,221.360617941662,224.20925878310885,32880600,0.0025197433242127,222.55814056396488,220.627204284668,223.9908905029297,0.653875,0.1161875,0.029375,0.8544375,16.0
2024-10-03,223.9908905029297,225.1224076763777,221.65838486968207,223.46483520314055,34044200,-0.0048946319369513,222.72141494750977,220.7737588500977,225.1125030517578,0.7595000000000001,0.12466666666666666,0.033749999999999995,0.8416666666666667,12.0
2024-10-04,225.1125030517578,226.30357145139808,222.46237094034984,226.20430944090452,37245100,0.0050074025167261,223.0181900024414,220.96356536865235,220.04052734375,0.7874,0.15360000000000001,0.0174,0.8289,10.0
2024-10-07,220.04052734375,224.01076551273388,219.6832053027312,222.8296172342201,39505400,-0.0225308485279542,223.0569000244141,221.04261291503903,224.0901641845703,0.5635625,0.068625,0.050312499999999996,0.8808125,16.0
2024-10-08,224.0901641845703,224.298593199742,221.58890998571715,222.631100497344,31855700,0.0184040498798383,223.3377952575684,221.1971014404297,227.8321075439453,0.9031818181818182,0.11163636363636363,0.03127272727272727,0.8572727272727273,11.0
2024-10-09,227.8321075439453,228.04055170887608,223.1571606453159,223.554178398676,33591100,0.0166983828718736,223.67923583984376,221.4153247070313,227.3358154296875,0.5970666666666666,0.10406666666666667,0.027800000000000002,0.868,15.0
2024-10-10,227.3358154296875,227.7923994519787,225.47973405841245,226.0851959438118,28183500,-0.0021783238526293,223.9904022216797,221.5585858154297,225.8569183349609,0.7905333333333334,0.13269999999999998,0.03116666666666667,0.8360666666666667,30.0
2024-10-11,225.8569183349609,227.70307961960657,225.6484741750507,227.5938974682738,31759200,-0.0065053414127963,224.24102478027345,221.74602996826167,229.5790100097656,0.38492307692307687,0.07738461538461539,0.025153846153846155,0.8973846153846154,13.0
2024-10-14,229.5790100097656,230.0058033150611,226.89910245149323,226.9983493120185,39882100,0.0164798656700193,224.9844512939453,221.9781735229492,232.11004638671875,0.7184545454545455,0.0910909090909091,0.018000000000000002,0.890909090909091,11.0
2024-10-15,232.11004638671875,235.7229623804217,230.6410474142004,231.87182665313995,64751400,0.0110246854747106,225.83110504150392,222.47091857910155,230.055419921875,0.9492666666666667,0.11779999999999999,0.024533333333333334,0.8578,15.0
2024-10-16,230.055419921875,230.39288648800357,228.1298522341637,229.87676649695567,34082200,-0.0088519497403423,226.3814781188965,222.96302093505855,230.4226837158203,0.7970344827586208,0.11013793103448276,0.03265517241379311,0.8572068965517241,29.0
2024-10-17,230.4226837158203,232.11004699556463,228.8048220166126,231.69315867439417,32993800,0.0015964144381819,226.54425811767575,223.41111328125,233.25148010253903,0.8169032258064516,0.1032258064516129,0.03064516129032258,0.866,31.0
2024-10-18,233.25148010253903,234.4226930307779,232.26884075534687,234.4226930307779,46431500,0.0122765534239133,226.8817283630371,223.84658142089845,234.720458984375,0.9113076923076923,0.11334615384615385,0.022076923076923074,0.8646153846153847,26.0
2024-10-21,234.720458984375,235.0877162866724,232.7055644739604,232.7055644739604,36254500,0.0062978330563654,227.37850341796877,224.25333221435548,234.10508728027344,0.6547142857142857,0.11457142857142857,0.04221428571428571,0.8433571428571429,14.0
2024-10-22,234.10508728027344,234.4624093106695,230.86934872103876,232.14974382855843,38846600,-0.0026217216290571,227.79984512329105,224.61720489501957,229.04302978515625,0.39466666666666667,0.07133333333333335,0.03233333333333333,0.896,3.0
2024-10-23,229.04302978515625,233.39044533687328,226.0653512199268,232.33833466706656,52287000,-0.0216230136385581,228.0177131652832,224.8055926513672,228.8544464111328,0.04049999999999999,0.01825,0.08524999999999999,0.8965000000000001,4.0
2024-10-24,228.8544464111328,229.10258628095696,226.71051430099084,228.26882480795348,31109500,-0.0008233534729275,228.1690788269043,224.98127563476564,229.68821716308597,0.53375,0.25725,0.01525,0.7275,4.0
2024-10-25,229.68821716308597,231.48474758840828,227.8619111618389,228.03064447383116,38802300,0.0036432359739049,228.34873428344727,225.1140805053711,231.66339111328125,0.4656666666666667,0.09233333333333332,0.008,0.8996666666666666,3.0
2024-10-28,231.66339111328125,232.98349712196287,230.81972458948547,231.58399967772365,36087100,0.0085993699397861,228.3685859680176,225.2599868774414,231.93136596679688,0.0,0.0,0.0,1.0,2.0
2024-10-29,231.93136596679688,232.5864588417728,230.5914197900792,231.36561495313973,35417200,0.00115674234167,228.73880996704105,225.41442901611327,228.387939453125,0.3233333333333333,0.16866666666666666,0.0,0.8313333333333333,3.0
2024-10-30,228.387939453125,231.7328600109945,227.8420287171323,230.87925826342104,47070900,-0.0152779099062398,228.90357513427733,225.48569519042968,224.22911071777344,0.7909999999999999,0.22099999999999997,0.0125,0.7665,2.0
2024-10-31,224.22911071777344,228.11994197442104,223.693120129287,227.63358238786927,64370100,-0.0182094936593845,228.91548614501957,225.4759683227539,221.25143432617188,0.6596,0.16099999999999998,0.011800000000000001,0.8272,5.0
2024-11-01,221.25143432617188,223.67328184782377,218.6310779402587,219.3258665378009,65276700,-0.0132796155774324,228.72243270874023,225.44380950927732,220.3581085205078,0.2825,0.09675,0.0105,0.89275,4.0
2024-11-04,220.3581085205078,221.13230364643437,218.07523400035527,219.34570882983752,44944500,-0.0040376045849588,228.73831176757807,225.3479281616211,221.7873992919922,-0.141,0.06433333333333334,0.09966666666666667,0.8363333333333333,3.0
2024-11-05,221.7873992919922,222.28367900181772,219.49458945583885,220.14968230766976,28111300,0.0064862181885689,228.62317352294923,225.2738830566406,221.06285095214844,0.42400000000000004,0.179,0.0052,0.8158,5.0
2024-11-06,221.06285095214844,224.387931303672,219.54423614319148,220.95366880237512,54561100,-0.0032668598042842,228.2847106933594,225.1684732055664,225.7874298095703,0.0756,0.11200000000000002,0.05620000000000001,0.8316000000000001,5.0
2024-11-07,225.7874298095703,226.18446269494837,222.899093187882,222.95864433437472,42137700,0.0213721067880581,228.20729141235356,225.1881256103516,225.51914978027344,0.14400000000000002,0.279,0.0545,0.6665000000000001,2.0
2024-11-08,225.51914978027344,227.20835428792037,224.9726384261151,225.72780810336752,38328800,-0.0011881973656511,228.19040298461917,225.13690368652345,222.8064727783203,0.211,0.1185,0.0,0.8815,2.0
2024-11-11,222.8064727783203,224.26714170400084,220.0938084143074,223.57158868270503,42005600,-0.0120285882799581,227.85177612304688,225.0471102905273,222.8064727783203,0.426,0.226,0.0,0.774,3.0
2024-11-12,222.8064727783203,224.15783943194583,221.9420008205612,223.12444853772337,40398300,0.0,227.38659744262696,225.0809899902344,223.69081115722656,-0.201,0.0,0.1065,0.8935,2.0
2024-11-13,223.69081115722656,225.21109667354563,221.3457931121334,222.5878574334345,48566200,0.0039690874680562,227.06836700439453,225.17067108154296,226.77114868164065,0.3245,0.0905,0.0,0.9095,2.0
2024-11-14,226.77114868164065,227.4170160979644,223.571589608512,223.59146688403663,44923900,0.0137705143473638,226.88579025268555,225.2915859985352,223.57159423828125,0.17,0.069,0.0,0.931,2.0
2024-11-15,223.57159423828125,225.47940335635096,222.8462328667566,224.96270031544069,47923700,-0.01410917774135,226.40179595947265,225.3794778442383,226.5724334716797,0.5445,0.2185,0.0,0.7815000000000001,2.0
2024-11-18,226.5724334716797,228.28151537171908,223.74052045447317,223.82001439888424,44633700,0.0134222741651166,225.9943946838379,225.52559997558595,226.83074951171875,0.0,0.0,0.0,0.0,
2024-11-19,226.83074951171875,228.69881907074452,225.221039030722,225.53899960732684,36211800,0.0011401035690044,225.63067779541012,225.69276977539064,227.54620361328125,0.527,0.12,0.0,0.88,1.0
2024-11-20,227.54620361328125,228.4702922716314,224.45594670445817,226.61216873586116,35169600,0.0031541318939456,225.5558364868164,225.8236279296875,227.0692596435547,0.0,0.0,0.0,1.0,2.0
2024-11-21,227.0692596435547,228.6988476019872,224.27710117470863,227.42697481306035,42108300,-0.0020960313209054,225.4665771484375,225.9427633666992,228.41065979003903,0.0,0.0,0.0,0.0,
2024-11-22,228.41065979003903,229.25526960886552,226.6121530455377,226.6121530455377,38168300,0.0059074493332564,225.4026992797852,226.09408721923828,231.39161682128903,0.3185,0.1295,0.0,0.8705,2.0
2024-11-25,231.39161682128903,231.7692092379923,228.2814979784893,229.99057974831032,90152800,0.0130508665138053,225.38911056518555,226.4277099609375,233.56771850585935,0.0,0.0,0.0,1.0,1.0
2024-11-26,233.56771850585935,234.07449047305911,231.84870566104107,231.84870566104107,45986200,0.0094044102135772,225.47092819213867,226.79552490234371,233.43853759765625,0.0,0.0,0.0,1.0,4.0
2024-11-27,233.43853759765625,234.1937224347506,232.32565277909848,232.9814664022851,33498400,-0.0005530768936284,225.72345809936525,227.0833364868164,235.82330322265625,0.0,0.0,0.0,1.0,1.0
2024-11-29,235.82330322265625,236.3002516789311,232.48463370489637,233.3192972938568,28481400,0.0102158180459057,226.30316772460935,227.25646087646484,238.0689697265625,0.0,0.0,0.0,0.0,
2024-12-02,238.0689697265625,239.26134854667043,235.65440375298792,235.7637060292764,48137100,0.0095226657977305,227.1440444946289,227.48779876708983,241.1095428466797,0.0,0.0,0.0,0.0,
2024-12-03,241.1095428466797,241.21884512379424,237.3833495294824,238.2875760799829,38861000,0.012771816182552,228.1816162109375,227.8142904663086,241.4672393798828,0.0,0.0,0.0,0.0,
2024-12-04,241.4672393798828,242.5602620666903,239.71841824290905,241.32812877991805,44383900,0.001483543658123,229.16560821533204,228.13007019042968,241.49708557128903,0.0,0.0,0.0,0.0,
2024-12-05,241.49708557128903,242.9875630168281,240.5928741107217,242.44106674966693,40033900,0.0001236034812959,230.18731994628905,228.4662985229492,241.29833984375,0.0,0.0,0.0,0.0,
2024-12-06,241.29833984375,243.0769846168902,240.5431701206591,241.36790273028285,36870600,-0.0008229736067782,230.96286544799804,228.77572265625,245.1835021972656,0.0,0.0,0.0,0.0,
2024-12-09,245.1835021972656,245.6703968797777,240.2152448072501,240.29473874492052,44649200,0.0161010737000155,231.94608306884768,229.1574905395508,246.19705200195312,0.0,0.0,0.0,0.0,
2024-12-10,246.19705200195312,246.63426111556623,243.7824708197424,245.3226337747269,36914800,0.0041338417781144,233.1156120300293,229.45610443115237,244.9251708984375,0.0,0.0,0.0,0.0,
2024-12-11,244.9251708984375,249.207806563516,244.69662013013263,246.3858398593606,45205800,-0.0051661102079546,234.2215469360352,229.8640701293945,246.3858184814453,0.0,0.0,0.0,0.0,
2024-12-12,246.3858184814453,247.1608653940442,244.1202792424049,245.32260415969785,32777500,0.005963648316136,235.3562973022461,230.28993377685543,246.5547637939453,0.0,0.0,0.0,0.0,
2024-12-13,246.5547637939453,247.7073880681415,244.676762972136,246.24673423955156,33155300,0.0006856941423871,236.34547805786133,230.74121124267575,249.4462432861328,0.0,0.0,0.0,0.0,
2024-12-16,249.4462432861328,249.78409628857773,246.07776561283137,246.41561861527623,51694800,0.011727534474264,237.63921051025392,231.22788604736328,251.8707733154297,0.0,0.0,0.0,0.0,
2024-12-17,251.8707733154297,252.2185573987637,248.19426586582333,248.49236434269267,51356400,0.0097196494016378,238.9041275024414,231.8644909667969,246.4752655029297,0.0,0.0,0.0,0.0,
2024-12-18,246.4752655029297,252.6657103008961,246.1672359539693,250.55917390522964,56774100,-0.0214217304432656,239.886353302002,232.31219299316408,248.2041931152344,0.0,0.0,0.0,0.0,
2024-12-19,248.2041931152344,250.400169527173,245.5213371883983,245.92873792847348,60882300,0.0070146089863289,240.9192527770996,232.71963470458985,252.87437438964844,0.0,0.0,0.0,0.0,
2024-12-20,252.87437438964844,253.38113119374523,244.1302382023433,246.46531011815412,147495300,0.0188158838728635,242.2095085144043,233.23040588378908,253.6493988037109,0.0,0.0,0.0,0.0,
2024-12-23,253.6493988037109,254.02697602810863,251.84094596601008,253.1525731004196,40858800,0.0030648594422948,243.4714454650879,233.78625549316405,256.56085205078125,0.0,0.0,0.0,0.0,
2024-12-24,256.56085205078125,256.5707679464462,253.6693071300515,253.86804957710976,23234700,0.0114782580238772,244.7299072265625,234.3258923339844,257.3755798339844,0.0,0.0,0.0,0.0,
2024-12-26,257.3755798339844,258.4487403486908,255.9944201288889,256.55086249805703,27237100,0.0031755732672802,245.9203002929688,234.8312030029297,253.9673614501953,0.0,0.0,0.0,0.0,
2024-12-27,253.9673614501953,257.0576331183779,251.45342458389948,256.1931309155478,42355300,-0.0132421979815935,246.9467414855957,235.3094418334961,250.5988922119141,0.0,0.0,0.0,0.0,
