Date,Close,High,Low,Open,Volume,Daily_Return,MA20,MA50,Target,Sentiment,Positive_Sentiment,Negative_Sentiment,Neutral_Sentiment,article_count,Lag1,Lag2,Lag3,Lag5,RSI,MACD,Signal_Line
2017-10-05,36.193485260009766,36.20513198582134,35.88137291111724,35.91165013332926,85135200,0.0124452622625497,36.33590526580811,36.65957359313965,36.1724967956543,0.997,0.067,0.008,0.925,1.0,35.74858474731445,35.98151779174805,35.8254508972168,35.702003479003906,38.06491721005238,-0.28422187686989986,-0.2583327237828476
2017-11-27,40.69486618041992,40.926287525182296,40.51954795262195,40.91927508141906,82867200,-0.0050290827056111,40.16373176574707,37.8681763458252,40.45642852783203,0.997,0.065,0.008,0.926,1.0,40.90055847167969,40.89822006225586,40.4727897644043,39.77384185791016,51.32481756923512,0.7709032896419643,0.825435753374952
2017-11-30,40.17123794555664,40.2390260682573,39.37412381322835,39.83929907290369,166108800,0.0139840289544408,40.32210903167724,38.06745979309082,39.98423767089844,0.989,0.174,0.021,0.804,1.0,39.61722946166992,40.45642852783203,40.69486618041992,40.89822006225586,42.32851300986575,0.5706350920530454,0.7289338364016491
2018-01-31,39.13801574707031,39.37411310023853,38.92062298841524,39.00711212032881,129915600,0.0027545021493677,40.69543647766113,40.41027633666992,39.21984100341797,0.995,0.054,0.009,0.937,1.0,39.0305061340332,39.26192474365234,40.09176254272461,40.72522735595703,33.186060873683374,-0.23123425044164492,0.06541307387868653
2018-03-16,41.78318405151367,42.04136357525891,41.68929765809745,41.93104930136968,157618800,-0.0035263008311884,41.45318222045898,40.42121887207031,41.1447639465332,0.991,0.072,0.011,0.917,1.0,41.93104553222656,41.88175964355469,42.24088287353516,42.24321746826172,47.41704330734411,0.583630881463904,0.5746717534138663
2018-03-27,39.51119613647461,41.10957533975339,39.17790739115458,40.76455034381911,163690400,-0.0256409315693386,41.17153053283691,40.3193904876709,39.07463073730469,-0.244,0.101,0.134,0.764,1.0,40.55096054077149,38.71316909790039,39.630897521972656,41.13068771362305,40.746908487637334,-0.16566742634207543,0.1556774368501444
2018-04-16,41.26681900024414,41.35366077533175,41.03445421925359,41.08139562250636,86313600,0.0062380561047401,40.126833152771,40.214581909179685,41.83481597900391,0.997,0.062,0.008,0.93,1.0,41.010990142822266,40.87250900268555,40.47350692749024,39.91253280639648,55.39055668733744,0.0631657001796384,-0.10221193375106054
2018-06-22,43.570045471191406,43.8598517133983,43.51820974068812,43.85278353153053,108801600,-0.0029120948575747,44.65541591644287,43.0558812713623,42.92211532592773,-0.807,0.0,0.138,0.862,1.0,43.697296142578125,43.94231796264648,43.75147247314453,44.49366760253906,27.164318374675815,0.13466683103590782,0.4359173645701819
2018-10-23,52.66272735595703,52.785678210129554,50.76409832307149,51.03127894622945,155071200,0.0094265275588467,52.66710376739502,52.2282926940918,50.85630798339844,0.995,0.051,0.008,0.941,1.0,52.170936584472656,51.854095458984375,51.076202392578125,52.52560424804688,41.32939405957677,-0.023485777808616604,0.08040004603222686
2018-11-30,42.37113952636719,42.78635675904082,42.003374967632006,42.77686405200895,158126000,-0.0054023792962401,44.972408866882326,49.357346572875976,43.85169219970703,0.998,0.066,0.009,0.925,1.0,42.60128784179688,42.93108749389648,41.341400146484375,40.87873840332031,27.451575087389728,-2.274467356384328,-2.208949178250006
2019-01-03,33.73698806762695,34.574540108213995,33.69190676803851,34.16169431348471,365248800,-0.0996075573537716,38.393951988220216,43.49773193359375,35.17720413208008,0.9795,0.129,0.044,0.8274999999999999,2.0,37.46920394897461,37.4265022277832,37.0682258605957,37.29125213623047,27.229586442168426,-2.140566155492195,-2.156367711152183
2019-02-22,41.216087341308594,41.223235588397145,40.837215701877646,40.884871894446135,75652800,0.0111659645610173,40.027062034606935,38.2370484161377,41.51631927490234,0.997,0.064,0.009,0.928,1.0,40.76095199584961,40.99208831787109,40.72998046875,40.69902420043945,68.07178634424073,0.779243518075873,0.7238312430927303
2019-04-01,45.56954193115234,45.67438408651486,44.88804792365926,45.66485430363971,111448000,0.0067912028138077,43.95862121582032,41.5125,46.23197555541992,0.994,0.049,0.008,0.943,1.0,45.26215744018555,44.969085693359375,44.90949249267578,44.97384262084961,67.26849205380668,1.1370429367957797,1.1680164127320611
2019-04-16,47.47821044921875,47.98337267920693,47.31379347996625,47.528251819139626,102785600,0.0001005232916324,46.3081090927124,43.56715362548828,48.40275573730469,0.906,0.083,0.062,0.855,1.0,47.47343826293945,47.387657165527344,47.406715393066406,47.53778076171875,84.81919586993438,1.2326768580656946,1.2809349433174126
2019-04-18,48.57669448852539,48.64579541672132,48.25739402484164,48.40036259088173,96783200,0.0035935712455033,46.5909538269043,43.85337142944336,48.73634338378906,-0.949,0.069,0.098,0.832,1.0,48.40275573730469,47.47821044921875,47.47343826293945,47.406715393066406,87.37240530938433,1.2773733784997319,1.276552500976091
2019-04-22,48.73634338378906,48.834040931260986,48.214499587608906,48.33126033721687,77758000,0.0032865327076008,46.75155735015869,44.01692993164063,49.43928909301758,-0.924,0.076,0.105,0.819,1.0,48.57669448852539,48.40275573730469,47.47821044921875,47.387657165527344,86.93721512589191,1.2907331508546847,1.2793886309518099
2019-04-25,48.91505432128906,49.50599901366292,48.87692791895943,49.28439611749792,74172800,-0.0090751913626218,47.41780033111572,44.53729568481445,48.681549072265625,0.7543333333333333,0.08566666666666667,0.07066666666666667,0.8436666666666667,3.0,49.36303329467773,49.43928909301758,48.73634338378906,48.40275573730469,75.6553684753309,1.325602351429069,1.3099029267629432
2019-04-29,48.75539779663086,49.079464902654784,48.57668439924854,48.70535644555312,88818800,0.001516975646268,47.7780855178833,44.86102867126465,47.81656646728516,-0.987,0.064,0.113,0.823,1.0,48.681549072265625,48.91505432128906,49.36303329467773,48.73634338378906,64.48286498658194,1.2063606535486642,1.2817721830679454
2019-05-01,50.16367721557617,51.30505889994742,49.8562880319381,50.01117521030859,259309200,0.0490857232481727,48.08702182769776,45.19386459350586,49.83721923828125,0.36200000000000004,0.079,0.06966666666666667,0.8516666666666667,3.0,47.81656646728516,48.75539779663086,48.681549072265625,49.36303329467773,67.90895221723214,1.1434191790087738,1.2206888266902092
2019-05-07,48.338417053222656,49.42499431382498,47.854699576559206,49.05803760722793,155054800,-0.0269566757180591,48.61243896484375,45.8703549194336,48.347938537597656,0.906,0.082,0.062,0.856,1.0,49.67755889892578,50.45676803588867,49.83721923828125,47.81656646728516,54.7041982264494,1.0211002803374072,1.1649541542445927
2019-05-10,47.1659049987793,47.56537602832093,46.11102569153266,47.22331486139337,164834800,-0.0138534575779635,48.64209842681885,46.247842712402345,44.42464065551758,-0.987,0.064,0.113,0.823,1.0,47.828495025634766,48.347938537597656,48.338417053222656,50.45676803588867,41.34877135115437,0.5605625990819831,0.9414211783231952
2019-05-13,44.42464065551758,45.32403977104099,43.73813138927743,44.90065443085275,229722400,-0.058119617196631,48.49394760131836,46.30248237609863,45.127891540527344,0.906,0.082,0.062,0.856,1.0,47.1659049987793,47.828495025634766,48.347938537597656,49.67755889892578,27.441384598171197,0.19416421257464833,0.7919697851734858
2019-05-14,45.127891540527344,45.37666024246978,44.35048432829495,44.58968654744338,146118800,0.0158301986157409,48.37667026519775,46.36699340820312,45.66848373413086,-0.924,0.076,0.105,0.819,1.0,44.42464065551758,47.1659049987793,47.828495025634766,48.338417053222656,31.96538550631786,-0.039012962238857085,0.6257732356910173
2019-05-15,45.66848373413086,45.86702199876712,44.49639441030362,44.55619496049758,106178800,0.011979114803492,48.28618392944336,46.4438412475586,45.467552185058594,0.03649999999999998,0.08049999999999999,0.08,0.8394999999999999,2.0,45.127891540527344,44.42464065551758,47.1659049987793,48.347938537597656,36.28323547567202,-0.17813287620997187,0.46499201331081946
2019-05-16,45.467552185058594,46.0392452665206,45.17094015892705,45.42688825122322,132125600,-0.0043997858619969,48.13942375183105,46.52148361206055,45.20922088623047,-0.985,0.066,0.108,0.825,1.0,45.66848373413086,45.127891540527344,44.42464065551758,47.828495025634766,36.38337994334393,-0.30112868307961094,0.3117678740327334
2019-05-17,45.20922088623047,45.66370365738736,44.67340658397215,44.7140705245547,131516400,-0.0056816627773732,47.97105007171631,46.6035865020752,43.79553985595703,-0.422,0.078,0.079,0.842,1.0,45.467552185058594,45.66848373413086,45.127891540527344,47.1659049987793,35.20728222405465,-0.414668878304731,0.16648052356524054
2019-05-20,43.79553985595703,44.09693703228056,43.12338210548431,43.89839872325471,154449200,-0.0312697498997158,47.72400989532471,46.65546157836914,44.6351318359375,-0.924,0.076,0.105,0.819,1.0,45.20922088623047,45.467552185058594,45.66848373413086,44.42464065551758,33.86565097122505,-0.6116715763712435,0.01085010357794372
2019-05-21,44.6351318359375,44.97001345488248,44.180645467442574,44.30503163302324,113459200,0.0191707188161598,47.48380203247071,46.69558204650879,43.72137451171875,0.906,0.082,0.062,0.856,1.0,43.79553985595703,45.20922088623047,45.467552185058594,45.127891540527344,24.763696150565792,-0.6920718049278065,-0.12973427812320634
2019-05-22,43.72137451171875,44.422238802588666,43.66635903186872,44.17107578162933,118994400,-0.0204717066273577,47.20171909332275,46.70784812927246,42.97507095336914,0.863,0.085,0.069,0.846,1.0,44.6351318359375,43.79553985595703,45.20922088623047,45.66848373413086,23.503503377773143,-0.8200689009718687,-0.26780120269293883
2019-05-23,42.97507095336914,43.185566421251686,42.53254539430105,43.00855911757338,146118800,-0.0170695355917864,46.90471992492676,46.70137573242187,42.810020446777344,-0.993,0.054,0.107,0.839,1.0,43.72137451171875,44.6351318359375,43.79553985595703,45.467552185058594,17.93817682242232,-0.9705401985274733,-0.40834900185984574
2019-05-24,42.810020446777344,43.56829102566304,42.72629821206873,43.10423814743245,94858800,-0.0038406104499719,46.61114349365234,46.681975555419925,42.63301086425781,0.844,0.073,0.057,0.871,1.0,42.97507095336914,43.72137451171875,44.6351318359375,45.20922088623047,18.93486876707449,-1.0905369512860332,-0.5447865917450833
2019-05-29,42.4296875,42.900916127061286,42.09958729527348,42.20005178150852,113924800,-0.0047691532954401,46.03568019866943,46.60019371032715,42.64975357055664,0.975,0.097,0.056,0.847,1.0,42.63301086425781,42.810020446777344,42.97507095336914,44.6351318359375,20.658503022595895,-1.2639295021422043,-0.7912483834941957
2019-05-30,42.64975357055664,42.87220986761559,42.25985281126963,42.56603133944261,84873600,0.0051866059715062,45.659984016418456,46.56424446105957,41.87712860107422,-0.966,0.07,0.102,0.828,1.0,42.4296875,42.63301086425781,42.810020446777344,43.72137451171875,23.539356809448037,-1.2928352094222006,-0.8915657486797968
2019-05-31,41.87712860107422,42.57559854863849,41.857991988135176,42.154600363851024,108174400,-0.018115578750162,45.2619794845581,46.50507446289063,41.453739166259766,-0.705,0.07,0.095,0.8345,2.0,42.64975357055664,42.4296875,42.63301086425781,42.97507095336914,23.27761371008809,-1.3623828670000293,-0.9857291723438433
2019-06-03,41.453739166259766,42.55885208700269,40.72895684162504,42.003904918771,161584400,-0.0101102785448282,44.81182804107666,46.404410705566406,42.97028732299805,0.03149999999999997,0.091,0.0785,0.8305,2.0,41.87712860107422,42.64975357055664,42.4296875,42.810020446777344,30.397603425518838,-1.4351206976003326,-1.0756074773951412
2019-06-06,44.30502700805664,44.36482755162113,43.57067458111561,43.793134501142,90105200,0.0146816681485206,44.040596389770506,46.32305038452149,45.48430252075195,-0.989,0.062,0.12,0.818,1.0,43.66396713256836,42.97028732299805,41.453739166259766,42.64975357055664,43.530324883842674,-1.051230069386385,-1.129736850134872
2019-06-07,45.48430252075195,45.90769148933359,44.43659923654732,44.61360655057878,122737600,0.0266171943080153,43.92338676452637,46.33454658508301,46.065574645996094,-0.988,0.062,0.111,0.827,1.0,44.30502700805664,43.66396713256836,42.97028732299805,41.87712860107422,51.38854923937979,-0.8121249355703952,-1.0662144672219767
2019-06-10,46.065574645996094,46.73294738855598,45.8359388555826,45.88138787190985,104883600,0.0127796205070735,43.86837024688721,46.356476364135744,46.5989875793457,-0.924,0.076,0.105,0.819,1.0,45.48430252075195,44.30502700805664,43.66396713256836,41.453739166259766,62.50990153126865,-0.5691675821558277,-0.9668050902087469
2019-06-13,46.44110870361328,47.07260240686576,46.30955040496847,46.57267065219424,86698400,-0.0002058839108745,44.08185787200928,46.40501823425293,46.10382843017578,0.906,0.082,0.062,0.856,1.0,46.4506721496582,46.5989875793457,46.065574645996094,44.30502700805664,73.85569708391598,-0.008726746486615866,-0.5630086730937623
2019-06-14,46.10382843017578,46.307148088553,45.52017454036724,45.81917725851215,75046000,-0.0072625370679675,44.113671684265135,46.39611686706543,46.37892532348633,-0.988,0.062,0.111,0.827,1.0,46.44110870361328,46.4506721496582,46.5989875793457,45.48430252075195,72.1452687279625,0.07538366044784794,-0.4353302063854403
2020-03-23,54.163692474365234,55.16068993061355,51.324789145799386,55.059300920685246,336752800,-0.0212444070491533,65.10290718078613,71.97415176391601,59.59769821166992,0.994,0.111,0.02,0.869,1.0,55.3393440246582,59.09075164794922,59.54700469970703,58.47035217285156,34.602433476929605,-4.489184848301122,-3.3527983561428667
2020-03-24,59.59769821166992,59.79323446043245,56.56084169108887,57.05813231967632,287531200,0.1003256146149287,64.60561695098878,71.67135856628418,59.26939392089844,0.94,0.094,0.076,0.83,1.0,54.163692474365234,55.3393440246582,59.09075164794922,61.041290283203125,37.30454256738668,-4.288434687593686,-3.5399256224330307
2020-03-27,59.805301666259766,61.767909526223264,59.638732669554486,61.01473181958192,204216800,-0.0414024056410361,63.54549446105957,70.76825805664062,61.512020111083984,0.9795,0.07,0.0285,0.901,2.0,62.388328552246094,59.26939392089844,59.59769821166992,55.3393440246582,45.57841796015333,-3.493974778345404,-3.6246168152138623
2020-03-30,61.512020111083984,61.68341820252802,60.20602640105231,60.529509863529455,167976400,0.0285379121461248,63.01440563201904,70.4801015472412,61.38650131225586,0.15549999999999997,0.0685,0.06,0.872,2.0,59.805301666259766,62.388328552246094,59.26939392089844,54.163692474365234,42.22401585061628,-3.178649231703176,-3.5354232985117253
2020-04-07,62.62731552124024,65.58934152567265,62.52351377225885,65.37207245676143,202887200,-0.0115821717265857,60.33385791778564,68.58965751647949,64.2302474975586,0.238,0.091,0.072,0.837,2.0,63.361175537109375,58.2772102355957,59.126949310302734,61.38650131225586,55.21242225600409,-1.9594073001076708,-2.757946907107336
2020-04-08,64.2302474975586,64.54406918127975,63.06185514174084,63.426369510698045,168895200,0.0255947738295556,60.22088184356689,68.34406410217285,64.69371795654297,0.559,0.05,0.046,0.904,1.0,62.62731552124024,63.361175537109375,58.2772102355957,58.156524658203125,58.37202365787306,-1.5448315235159384,-2.5153238303890566
2020-04-09,64.69371795654297,65.19584133375365,63.8995057906406,64.86511973614601,161834800,0.0072157663568397,60.45938777923584,68.07570976257324,65.9635238647461,0.987,0.104,0.052,0.844,1.0,64.2302474975586,62.62731552124024,63.361175537109375,59.126949310302734,67.0659591949677,-1.165444522067638,-2.245347968724773
2020-04-23,66.39321899414062,68.01545116760279,66.35459354155203,66.59599709494192,124814400,-0.0038750501508388,64.08225212097167,66.36863273620605,68.3099365234375,-0.7806666666666667,0.06999999999999999,0.08066666666666666,0.8496666666666667,3.0,66.65149688720703,64.78546905517578,66.85186767578125,69.20796203613281,67.25138264903838,0.7539544994490086,0.2469849218477623
2020-04-24,68.3099365234375,68.31959472449138,66.86875759043463,66.91704122865521,126161200,0.0288691760745329,64.37833251953126,66.1550870513916,68.35823059082031,0.999,0.1195,0.05,0.8305,2.0,66.39321899414062,66.65149688720703,64.78546905517578,68.26890563964844,72.67083818569094,0.8923575517427196,0.37605944782675377
2020-04-27,68.35823059082031,68.68895219864656,67.58091104598891,68.02750161594408,117087600,0.0007069845155871,64.80597896575928,65.95375633239746,67.25019073486328,0.8917999999999999,0.0892,0.038,0.8725999999999999,5.0,68.3099365234375,66.39321899414062,66.65149688720703,66.85186767578125,64.61873495382306,0.9944761929407662,0.49974279684955625
2020-04-28,67.25019073486328,69.00036629064134,67.1584635837108,68.81931364694016,112004800,-0.0162093115398137,65.09288749694824,65.72987892150879,69.45903778076172,0.98,0.073,0.026,0.901,1.0,68.35823059082031,68.3099365234375,66.39321899414062,64.78546905517578,63.23434305355311,0.9747599695530198,0.594746231390249
2020-04-30,70.92435455322266,71.10058178322025,69.60870972779222,69.99736587702316,183064000,0.0210961282977459,66.13490581512451,65.4349323272705,69.78251647949219,0.994,0.112,0.028,0.86,1.0,69.45903778076172,67.25019073486328,68.35823059082031,66.39321899414062,66.3334752020429,1.3457325069442732,0.8296894867610871
2020-05-01,69.78251647949219,72.17965163700352,69.00519685948858,69.1017567929507,240616800,-0.016099379133209,66.66768417358398,65.28415199279785,70.76985168457031,0.998,0.12,0.031,0.848,1.0,70.92435455322266,69.45903778076172,67.25019073486328,68.3099365234375,60.07902734827889,1.4127115432354316,0.9462938980559561
2020-05-05,71.83203125,72.66245995311394,71.0836788601292,71.2285224464027,147751200,0.0150089273913409,67.71585903167724,65.18512855529785,72.5731430053711,0.6475,0.08249999999999999,0.0105,0.907,2.0,70.76985168457031,69.78251647949219,70.92435455322266,67.25019073486328,59.30548014672021,1.6853799593360463,1.1871601669534817
2020-05-06,72.5731430053711,73.20320267035598,72.14827044329485,72.5321011645588,142333600,0.0103172880186523,68.2131504058838,65.24572135925293,73.32389068603516,0.991,0.119,0.056,0.825,1.0,71.83203125,70.76985168457031,69.78251647949219,69.45903778076172,59.76746627078417,1.8487138911379901,1.3194709117903836
2020-05-07,73.32389068603516,73.66910326152602,72.89660917840814,73.19836352852457,115215200,0.0103447039713919,68.66783256530762,65.29926460266114,75.06913757324219,0.9784999999999999,0.11900000000000001,0.020499999999999997,0.86,2.0,72.5731430053711,71.83203125,70.76985168457031,70.92435455322266,64.8342958418468,2.015502810623957,1.4586772915570982
2020-05-12,75.37896728515625,77.38319884408511,75.25793879153254,76.93296900656856,162301200,-0.0114282266602456,70.0051498413086,65.75018333435058,74.46884155273438,0.997,0.097,0.015,0.888,1.0,76.25037384033203,75.06913757324219,73.32389068603516,71.83203125,78.17749902825763,2.631258868015408,1.9665802237569687
2020-05-13,74.46884155273438,76.47791927324582,73.39410778103768,75.55809815483286,200622400,-0.0120740010801541,70.29547119140625,65.84270301818847,74.92631530761719,-0.02699999999999997,0.077,0.0665,0.8565,2.0,75.37896728515625,76.25037384033203,75.06913757324219,72.5731430053711,75.01983172110974,2.612438307306789,2.095751840466933
2020-05-14,74.92631530761719,74.98682954910396,72.98743664654351,73.70876906438306,158929200,0.0061431565919936,70.58138885498047,65.87957923889161,74.48335266113281,0.9715,0.10300000000000001,0.0015,0.8955,2.0,74.46884155273438,75.37896728515625,76.25037384033203,73.32389068603516,72.5365794331903,2.604415109906853,2.1974844943549168
2020-05-15,74.48335266113281,74.52934407916516,72.66792527667609,72.70181680027588,166348400,-0.0059119769157971,70.8921112060547,65.95500755310059,76.23825073242188,0.984,0.094,0.034,0.872,1.0,74.92631530761719,74.46884155273438,75.37896728515625,75.06913757324219,70.31702198949064,2.5331131331941066,2.2646102221227546
2020-05-18,76.23825073242188,76.61102048338427,75.11511038710799,75.80497413426188,135178400,0.0235609436013586,71.36143035888672,66.08431526184081,75.79772186279297,0.996,0.124,0.079,0.797,1.0,74.48335266113281,74.92631530761719,74.46884155273438,76.25037384033203,78.58665684403219,2.5883742439271913,2.3293630264836422
2020-05-19,75.79772186279297,77.09998213452099,75.76625327530091,76.25520568719914,101729600,-0.0057783181722657,71.91204299926758,66.31518211364747,77.27185821533203,0.998,0.134,0.015,0.851,1.0,76.23825073242188,74.48335266113281,74.92631530761719,75.37896728515625,72.71537700202869,2.5670309394436543,2.376896609075645
2020-05-20,77.27185821533203,77.34204942619355,76.6158784313997,76.65460843756124,111504800,0.0194482936467075,72.44306106567383,66.48297752380371,76.69575500488281,0.85,0.083,0.051500000000000004,0.866,2.0,75.79772186279297,76.23825073242188,74.48335266113281,74.46884155273438,72.73261323135472,2.6386499861113037,2.4292472844827766
2020-05-28,77.03462219238281,78.29089831885972,76.4004341829612,76.67637525704153,133560800,0.0004399244518926,74.68389892578125,67.91416603088379,76.9595947265625,0.973,0.058,0.023,0.919,1.0,77.00074768066406,76.66668701171875,77.18955993652344,77.27185821533203,66.50867602164985,2.400415852976181,2.478745576855072
2020-06-10,85.40739440917969,85.8745626649843,83.77350959383725,84.2116321903992,166651600,0.0257276772301466,77.86270904541016,71.68950469970703,81.30693817138672,0.996,0.095,0.039,0.867,1.0,83.26517486572266,80.71630096435547,80.24190521240234,78.69756317138672,84.35883902972797,2.9237119995565024,2.4871314403716314
2020-06-15,83.02311706542969,83.6742509001126,80.50330314287096,80.6654845616587,138808800,0.0123669268968589,78.98573226928711,73.04288467407227,85.22340393066406,0.953,0.091,0.061,0.849,1.0,82.00891876220703,81.30693817138672,85.40739440917969,80.71630096435547,69.78602640828346,2.769821090500784,2.630834415224681
2020-06-19,84.65217590332031,86.3078449275457,83.54597361995395,85.84309961565448,264476000,-0.0057146052427476,80.69150810241699,74.87534774780273,86.86698150634766,0.995,0.078,0.021,0.901,1.0,85.13871002197266,85.10481262207031,85.22340393066406,82.00891876220703,69.26058749418414,2.9641967845861785,2.8347889892986693
2020-06-24,87.15502166748047,89.26818142371512,86.78225190963218,88.35078354810454,192623200,-0.0176522062613543,82.28581581115722,76.13116806030274,88.31206512451172,-0.908,0.013,0.048,0.938,1.0,88.72114562988281,86.86698150634766,84.65217590332031,85.10481262207031,71.06964654111158,3.2469671519667997,3.014529139740765
2020-06-29,87.57136535644531,87.66577111516035,85.02976731524565,85.50661981464565,130646000,0.0230464913933514,83.76490631103516,77.23802337646484,88.30237579345703,0.3025,0.0535,0.09,0.8565,2.0,85.59861755371094,88.31206512451172,87.15502166748047,86.86698150634766,59.665322408021034,3.0277501094848276,3.062693903309771
2020-07-02,88.13536071777344,89.67484690422407,88.02160103220285,89.04065881814572,114041600,0.0,85.24435729980469,78.56370864868164,90.49300384521484,0.34400000000000003,0.10366666666666667,0.06766666666666667,0.8286666666666666,3.0,88.13536071777344,88.30237579345703,87.57136535644531,88.31206512451172,68.87397574650458,2.8757160290430335,3.0018589573060668
2020-07-07,90.21221923828124,91.6476154008952,90.100875092419,90.87061453958542,112424400,-0.003102832208044,86.2317081451416,79.48375,92.3132781982422,0.9006666666666666,0.09066666666666667,0.056,0.8533333333333334,3.0,90.49300384521484,88.13536071777344,88.13536071777344,87.57136535644531,65.93482914314228,2.985290822664922,2.993237210581566
2020-07-08,92.3132781982422,92.34474679060094,91.1005702474556,91.1877146099101,117092000,0.0232901815042518,86.68411331176758,79.96285095214844,92.71025848388672,-0.676,0.037,0.054,0.909,2.0,90.21221923828124,90.49300384521484,88.13536071777344,88.30237579345703,70.43647274511143,3.1318879208466086,3.0209673526345746
2020-07-14,93.97378540039062,94.16500509879576,90.89482027358297,91.82673375082923,170989200,0.0165484040446921,88.6968162536621,81.85453750610351,94.6200714111328,0.992,0.086,0.026,0.888,2.0,92.44398498535156,92.87239837646484,92.71025848388672,90.21221923828124,66.87409805336384,3.349794880094123,3.1877746377221334
2020-07-15,94.6200714111328,96.09419752364778,93.42430934647336,95.84487913129124,153198000,0.006877301025904,89.16664962768554,82.33154190063476,93.45577239990234,0.999,0.129,0.029,0.841,1.0,93.97378540039062,92.44398498535156,92.87239837646484,92.3132781982422,75.48777863854906,3.4155843996356765,3.2333365901048423
2020-07-16,93.45577239990234,94.31023318785084,92.85789140298706,93.49450240060445,110577600,-0.0123049897750708,89.58419761657714,82.7640167236328,93.2669677734375,0.927,0.08399999999999999,0.0335,0.882,4.0,94.6200714111328,93.97378540039062,92.44398498535156,92.71025848388672,67.55336598594681,3.3353263026582596,3.253734532615526
2020-07-17,93.2669677734375,94.06091431617956,92.79495374103924,93.90600170117716,92186800,-0.0020202564444808,89.9906105041504,83.17789321899414,95.23247528076172,0.819,0.079,0.054,0.868,2.0,93.45577239990234,94.6200714111328,93.97378540039062,92.87239837646484,81.61689025786595,3.219375272970396,3.2468626806865
2020-07-20,95.23247528076172,95.37044953138845,93.01039399095431,93.35411815070974,90318000,0.0210739938720725,90.51962547302246,83.61606491088867,93.91810607910156,0.987,0.091,0.041,0.868,2.0,93.2669677734375,93.45577239990234,94.6200714111328,92.44398498535156,81.60590824766345,3.2486350335089753,3.2472171512509953
2020-07-30,93.13385009765624,93.23793283077006,90.7883172670131,91.1949712384762,158130000,0.0121001922181496,92.23193893432617,86.26198974609375,102.88390350341795,0.976,0.061,0.023,0.916,2.0,92.0203857421875,90.2896728515625,91.79769134521484,89.8951187133789,50.707072707847644,1.5900735812961813,2.172418146489352
2020-08-03,105.47631072998048,108.09052270549662,104.4645145020522,104.7622398081077,308151200,0.0251974034643462,93.71853141784668,87.34984176635743,106.1807098388672,0.93875,0.07575,0.03475,0.8895,8.0,102.88390350341795,93.13385009765624,92.0203857421875,91.79769134521484,69.91947172393932,3.113721643664846,2.3880370561682294
2020-08-05,106.56559753417967,106.88511455690512,105.43761099297777,105.90236369757778,121776800,0.003624836337001,95.22957191467285,88.52764297485352,110.28357696533205,0.906,0.093,0.022,0.885,2.0,106.1807098388672,105.47631072998048,102.88390350341795,92.0203857421875,73.28460858632738,4.21512677078141,2.969441377006422
2020-08-06,110.28357696533205,110.77737527223312,106.30900549573542,106.89720218347466,202428800,0.0348891154104384,96.10823783874513,89.19329956054688,107.77618408203124,0.984,0.077,0.031,0.892,2.0,106.56559753417967,106.1807098388672,105.47631072998048,93.13385009765624,76.85664669196439,4.837537031366608,3.343060507878459
2020-08-07,107.77618408203124,110.26174118969138,106.98080610359244,109.80585245809036,198045600,-0.0227358683159958,96.85342712402344,89.80813079833985,109.34271240234376,0.989,0.093,0.051,0.856,1.0,110.28357696533205,106.56559753417967,106.1807098388672,102.88390350341795,69.46431171709347,5.070031825677276,3.6884547714382228
2020-08-10,109.34271240234376,110.3587604567114,106.69710821737102,109.21903838608284,212403600,0.0145350137755868,97.69836349487304,90.45579315185547,106.09085083007812,0.991,0.103,0.052,0.845,2.0,107.77618408203124,110.28357696533205,106.56559753417967,105.47631072998048,73.74880653006602,5.3193729484735,4.014638406845279
2020-08-11,106.09085083007812,109.10504168444446,105.8313811445449,108.60793322925056,187902400,-0.0297400851032475,98.30421676635744,91.01948974609375,109.61672973632812,0.998,0.143,0.029,0.827,1.0,109.34271240234376,107.77618408203124,110.28357696533205,106.1807098388672,66.79083100103887,5.194698284518026,4.2506503823798285
2020-08-13,111.55667114257812,112.55817011651828,110.50667052619416,110.99408465160128,210082000,0.01769749390368,99.95909461975096,92.30367218017578,111.45724487304688,0.882,0.069,0.055,0.875,2.0,109.61672973632812,106.09085083007812,109.34271240234376,110.28357696533205,80.04526672761439,5.510678545870988,4.6736058030209335
2020-08-18,112.0925750732422,112.51693852673742,110.58426581680664,110.91890789561272,105633600,0.008332494325804,102.57402229309082,94.2184341430664,112.23322296142578,0.9213333333333332,0.07666666666666666,0.032,0.8916666666666666,6.0,111.1662826538086,111.45724487304688,111.55667114257812,106.09085083007812,81.00289559683556,5.5564275300204855,5.110151457028491
2020-08-19,112.23322296142578,113.64453639963617,112.13865437862,112.4999671955,145538000,0.0012547475878013,103.47658576965333,94.79779510498048,114.72362518310548,0.988,0.109,0.067,0.824,2.0,112.0925750732422,111.1662826538086,111.45724487304688,109.61672973632812,80.41431325834007,5.497351638961277,5.187591493415049
2020-08-20,114.72362518310548,114.8375973733061,112.2574641314498,112.27444044495672,126907200,0.0221895278061794,104.71801109313964,95.38411972045898,120.63561248779295,-0.908,0.065,0.099,0.836,1.0,112.23322296142578,112.0925750732422,111.1662826538086,111.55667114257812,74.52404401083703,5.58708379169606,5.267489953071252
2020-08-21,120.63561248779295,121.11817195845911,115.66934527196244,115.6814669811538,338054800,0.05153243105116,106.26617050170898,96.1706932067871,122.07844543457033,0.998,0.079,0.021,0.9,1.0,114.72362518310548,112.23322296142578,112.0925750732422,111.45724487304688,77.60393570306836,6.065327812683321,5.427057524993666
2020-08-24,122.07844543457033,124.91804835697144,120.21609797723066,124.83316679017967,345937600,0.0119602571497976,107.78020820617677,96.97208374023438,121.07697296142578,0.0032000000000000028,0.0686,0.0968,0.8346,5.0,120.63561248779295,114.72362518310548,112.23322296142578,111.1662826538086,78.19045196761756,6.4859976617731405,5.638845552349561
2020-08-25,121.07697296142578,121.42131690614454,119.35769534098384,120.95330633788028,211495600,-0.0082035159407504,109.31957321166992,97.73316085815428,122.7234878540039,0.991,0.084,0.02,0.897,2.0,122.07844543457033,120.63561248779295,114.72362518310548,112.0925750732422,75.18146339474293,6.661778256088127,5.843432093097274
2020-08-27,121.25640106201172,123.65708422717836,120.11425182681508,123.32486945527224,155552400,-0.011954409197834,112.26085586547852,99.20619430541991,121.05998229980467,-0.103,0.017,0.021,0.962,2.0,122.7234878540039,121.07697296142578,122.07844543457033,114.72362518310548,76.22422999823968,6.811101752344868,6.198805099870667
2020-08-28,121.05998229980467,122.64588380173387,120.8368851164902,122.2287948592591,187630000,-0.0016198630380476,113.16965980529784,99.92461975097656,125.16539764404295,0.6736666666666666,0.05533333333333334,0.021333333333333333,0.9236666666666666,3.0,121.25640106201172,122.7234878540039,121.07697296142578,120.63561248779295,74.07817238637293,6.683478145269362,6.295739708950407
2020-08-31,125.16539764404295,127.06655257654673,122.21668415759454,123.74924435405828,225702700,0.0339122414050188,114.15411415100098,100.73488418579102,130.1510467529297,0.997,0.142,0.06,0.799,2.0,121.05998229980467,121.25640106201172,122.7234878540039,122.07844543457033,87.86844325426327,6.834820666955494,6.403555900551424
2020-09-02,127.45452117919922,133.8369490459464,123.18664339139956,133.45865994566697,200119000,-0.0207184317068872,116.39707717895509,102.37523300170898,117.25041198730467,0.46925,0.119,0.0995,0.78175,8.0,130.1510467529297,125.16539764404295,121.05998229980467,122.7234878540039,79.00894507080011,7.3187017055864345,6.725731280978379
2020-09-03,117.25041198730467,124.97140134269284,116.8818246649217,123.09935930505593,257599600,-0.0800607863690272,116.74541893005372,102.97714080810547,117.32801818847656,0.5505,0.07925,0.0625,0.85825,4.0,127.45452117919922,130.1510467529297,125.16539764404295,121.25640106201172,57.72292183852489,6.456928678695235,6.67197076052175
2020-09-04,117.32801818847656,119.98574406174012,107.56038329847304,116.46474218511382,332607200,0.0006618842514622,117.22301063537596,103.55745986938476,109.43242645263672,0.3525,0.05375,0.041999999999999996,0.90425,4.0,117.25041198730467,127.45452117919922,130.1510467529297,121.05998229980467,58.26125808934948,5.714357956538407,6.480448199725082
2020-09-08,109.43242645263672,115.41716207276087,109.29663073421304,110.52849400857392,231366600,-0.067295023454298,117.22749633789064,104.03413604736328,113.7973175048828,0.649,0.218,0.0,0.782,1.0,117.32801818847656,117.25041198730467,127.45452117919922,125.16539764404295,46.99501494688567,4.437603116017627,6.071879182983591
2020-09-09,113.7973175048828,115.56266939432574,111.799173992742,113.7391214492864,176940500,0.0398866331830378,117.61281967163086,104.55865509033202,110.08230590820312,0.9996666666666667,0.16066666666666665,0.053,0.7863333333333333,3.0,109.43242645263672,117.32801818847656,117.25041198730467,130.1510467529297,51.61291743814496,3.7349220785692125,5.604487762100716
2020-09-10,110.08230590820312,116.88182317054356,109.122034080383,116.74602745349068,182274400,-0.0326458626454027,117.6360984802246,104.99425369262696,108.63705444335938,0.982,0.105,0.035,0.86,1.0,113.7973175048828,109.43242645263672,117.32801818847656,127.45452117919922,45.331708548613456,2.8454710862056203,5.052684426921697
2020-09-11,108.63705444335938,111.77007275174712,106.6971070425851,111.12988655734183,180860300,-0.0131288262261596,117.49011764526368,105.40428756713868,111.89614868164062,0.78,0.048,0.047,0.905,2.0,110.08230590820312,113.7973175048828,109.43242645263672,117.25041198730467,36.740277130674166,2.0008900370305724,4.442325548943472
2020-09-14,111.89614868164062,112.4490333059739,109.41301877590674,111.27536620520716,140150100,0.0299998398794993,117.51206283569336,105.879503326416,112.07074737548828,0.866,0.069,0.0305,0.901,4.0,108.63705444335938,110.08230590820312,113.7973175048828,117.32801818847656,39.18172692390746,1.576363797716084,3.869133198697995
2020-09-15,112.07074737548828,115.2619613147954,110.1986980858738,114.77697452888816,184642000,0.0015603637471421,117.55728607177734,106.31105819702148,108.76312255859376,0.993,0.12,0.024,0.856,1.0,111.89614868164062,108.63705444335938,110.08230590820312,109.43242645263672,40.260120872244535,1.2397216108938238,3.3432508811371613
2020-09-16,108.76312255859376,112.51692255269629,108.67582849841732,111.77004623671576,154679000,-0.0295137214157452,117.39081344604492,106.68207626342772,107.02687072753906,0.975,0.098,0.053,0.849,1.0,112.07074737548828,111.89614868164062,108.63705444335938,113.7973175048828,35.42603418430099,0.6979866174672082,2.8141980284031707
2020-09-17,107.02687072753906,108.83102200073318,105.44581661191644,106.42549190334796,178011000,-0.0159636077947221,117.13049583435058,106.97634811401367,103.6319580078125,0.9002000000000001,0.10700000000000001,0.021400000000000002,0.8716000000000002,5.0,108.76312255859376,112.07074737548828,111.89614868164062,110.08230590820312,35.228055568887925,0.12709168603780086,2.276776759930097
2020-09-22,108.4527587890625,109.47123415071694,105.88233436259476,109.2966385858708,183055400,0.0157157008957944,115.20158348083496,107.79300399780271,103.90359497070312,0.703,0.023,0.004,0.973,1.0,106.77471923828124,103.6319580078125,107.02687072753906,112.07074737548828,26.961942999229805,-0.9946227453221326,0.7471501839785402
2020-09-24,104.97054290771484,106.93958810787352,101.84722676940336,102.01212050333626,167743300,0.0102686335089037,113.45526733398438,108.19860961914064,108.90863037109376,0.7298,0.060399999999999995,0.0482,0.8914,5.0,103.90359497070312,108.4527587890625,106.77471923828124,107.02687072753906,34.57603099921211,-1.6542756790448294,-0.08008649344396035
2020-09-28,111.50816345214844,111.85735453793174,109.39362072171006,111.5566650919616,137672400,0.0238689355673382,112.36028785705568,108.87249069213868,110.66429901123048,0.984,0.085,0.017,0.897,2.0,108.90863037109376,104.97054290771484,103.90359497070312,106.77471923828124,52.704742821229146,-1.1614117203528167,-0.5241468964922407
2020-09-29,110.66429901123048,111.84766814275456,110.1599159291002,111.11049343812664,99382200,-0.0075677368794626,111.63523292541504,109.18112716674804,112.3326416015625,0.5606666666666666,0.06733333333333334,0.06033333333333333,0.8723333333333333,3.0,111.50816345214844,108.90863037109376,104.97054290771484,108.4527587890625,45.50514239354611,-0.9472342954950079,-0.6087643762927941
2020-10-01,113.2832260131836,114.18530182393523,112.35205217632898,114.10770215411938,116120400,0.0084622278802342,110.0357479095459,109.93144332885744,109.62640380859376,0.6635,0.2435,0.032,0.7245,4.0,112.3326416015625,110.66429901123048,111.50816345214844,104.97054290771484,57.19003303729406,-0.30827939617904576,-0.5529530190587895
2020-10-06,109.7622299194336,112.63335124814374,108.87955028037824,112.2259566607193,161498200,-0.0286696213293119,109.45473442077636,111.15195037841796,111.62458038330078,0.968,0.13,0.034,0.837,1.0,113.001953125,109.62640380859376,113.2832260131836,110.66429901123048,51.393821270294765,-0.1547284718814126,-0.37227904879940704
2020-10-07,111.62458038330078,112.080469227634,110.70310088509402,111.17839334850784,96849000,0.0169671340062438,109.34609756469726,111.57864852905271,111.51786041259766,0.98,0.104,0.046,0.85,1.0,109.7622299194336,113.001953125,109.62640380859376,112.3326416015625,56.391623225450644,-0.0536829271167818,-0.308559824462882
2020-10-08,111.51786041259766,112.90492288741171,111.14926572678704,112.75942537460811,83477200,-0.0009560615622173,109.417875289917,111.96859802246094,113.45780181884766,0.9899999999999999,0.10066666666666667,0.042333333333333334,0.8576666666666667,3.0,111.62458038330078,109.7622299194336,113.001953125,113.2832260131836,62.06589178506435,0.017582307467392866,-0.24333139807682705
2020-10-09,113.45780181884766,113.48689983988513,111.4693531777682,111.81854423083884,100506900,0.0173957911232562,109.6589126586914,112.37507705688476,120.66472625732422,1.0,0.18,0.05,0.769,1.0,111.51786041259766,111.62458038330078,109.7622299194336,109.62640380859376,60.616267437855434,0.22796968540409068,-0.1490711813806435
2020-10-12,120.66472625732422,121.4213045373118,115.6984583933761,116.45503667336372,240226800,0.0635207480044739,110.0973415374756,112.7306935119629,117.46379852294922,0.6533333333333333,0.08666666666666667,0.044333333333333336,0.8690000000000001,6.0,113.45780181884766,111.51786041259766,111.62458038330078,113.001953125,66.5006274920051,0.965116507251139,0.07376635634571299
2020-10-13,117.46379852294922,121.62498605023444,116.05733979847938,121.50858655705257,262330500,-0.0265274520040665,110.36699409484864,112.97044326782226,117.5511245727539,-0.05,0.112,0.157,0.731,2.0,120.66472625732422,113.45780181884766,111.51786041259766,109.7622299194336,69.01514803002863,1.2763100497481048,0.31427509502619133
2020-10-16,115.44628143310548,117.90032142742068,115.24258781782645,117.6384243504098,115393800,-0.0140002705479612,111.90004234313965,113.51150390625,112.49755096435548,0.9894000000000001,0.1204,0.027600000000000003,0.8513999999999999,5.0,117.08551025390624,117.5511245727539,117.46379852294922,113.45780181884766,56.51059462969316,1.5961595023399298,0.9366659915024831
2020-10-20,113.98162078857422,115.4074834270812,112.15806534871491,112.71095010647144,124423700,0.0131920189506078,112.46262702941894,113.6987094116211,113.36082458496094,0.979,0.083,0.015,0.902,1.0,112.49755096435548,115.44628143310548,117.08551025390624,117.46379852294922,52.56335173761411,1.1819070309907573,1.044783788912311
2020-10-21,113.36082458496094,115.14557257156684,112.9534300225298,113.16682541230044,89946000,-0.0054464588178194,112.93548851013183,113.84410888671874,112.27444458007812,0.994,0.0955,0.0345,0.8694999999999999,4.0,113.98162078857422,112.49755096435548,115.44628143310548,117.5511245727539,50.1218772475274,1.021808760506687,1.0401887832311862
2020-10-22,112.27444458007812,114.49568501963496,111.14927164811972,113.92339674553574,101988000,-0.0095833812859097,113.30068359375,113.89726318359376,111.58576202392578,0.202,0.076,0.066,0.859,1.0,113.36082458496094,113.98162078857422,112.49755096435548,117.08551025390624,54.524356263009246,0.7980683059144837,0.9917646877678458
2020-10-23,111.58576202392578,113.05042420827988,110.84858002778375,112.89522488264528,82572600,-0.0061339208466193,113.4345401763916,113.8978450012207,111.595458984375,0.994,0.11399999999999999,0.025500000000000002,0.8605,2.0,112.27444458007812,113.36082458496094,113.98162078857422,115.44628143310548,47.33572456872361,0.5587406426415953,0.9051598787425957
2020-10-26,111.595458984375,113.0504192975986,109.49061077367529,110.58668561250266,111850700,8.690141352563074e-05,113.43890495300292,113.90060928344728,113.09891510009766,0.997,0.099,0.057,0.843,2.0,111.58576202392578,112.27444458007812,113.36082458496094,112.49755096435548,53.9259830030106,0.36563934612298965,0.7972557722186745
2020-10-27,113.09891510009766,113.75849741390176,111.10077194371064,112.02224386138344,92276800,0.0134723771863616,113.56063575744628,113.93926193237304,107.86105346679688,0.971,0.07,0.021,0.91,2.0,111.595458984375,111.58576202392578,112.27444458007812,113.98162078857422,53.20667952586465,0.3301161475848886,0.7038278472919174
2020-10-28,107.86105346679688,111.9640447506843,107.76405759395712,111.5954574737689,143937800,-0.0463122181911739,113.337056350708,113.85463150024414,111.85736846923828,0.956,0.078,0.017,0.905,1.0,113.09891510009766,111.595458984375,111.58576202392578,113.36082458496094,43.497769892641735,-0.11931254164798588,0.5391997695039368
2020-10-29,111.85736846923828,113.41902674173544,108.83104781563942,108.99594897135508,146129200,0.0370505838205224,113.26576347351076,113.8471144104004,105.59130859375,0.986,0.07,0.034,0.896,2.0,107.86105346679688,113.09891510009766,111.595458984375,112.27444458007812,47.34816938585114,-0.15127498980778853,0.4011048176415917
2020-10-30,105.59130859375,108.62732277738228,104.48553947126106,107.7252471879508,190272600,-0.0560183022472184,113.06400871276855,113.66446807861328,105.5040054321289,0.3782,0.096,0.047,0.8573999999999999,5.0,111.85736846923828,107.86105346679688,113.09891510009766,111.58576202392578,24.22038206022114,-0.674449490657878,0.18599395598169782
2020-11-02,105.5040054321289,107.35665821287547,104.0975469359875,105.83380024244885,122866900,-0.0008268025350172,112.689111328125,113.3618359375,107.1239013671875,0.4584,0.13879999999999998,0.0872,0.7748,5.0,105.59130859375,111.85736846923828,107.86105346679688,111.595458984375,27.10739529178103,-1.0836223632975788,-0.06792930787415752
2020-11-03,107.1239013671875,108.14236934595198,105.46524717293195,106.3673230400161,107624400,0.0153538809111912,112.5571949005127,113.06274505615234,111.49845123291016,0.986,0.059,0.011,0.93,2.0,105.5040054321289,105.59130859375,111.85736846923828,113.09891510009766,31.147051171731974,-1.2626279597109402,-0.30686903824151407
2020-11-09,113.02198791503906,118.53122507296646,112.7596464655049,117.08347300114552,154515300,-0.0199681089780378,112.45900650024414,112.4464321899414,112.68192291259766,-0.5103333333333333,0.057666666666666665,0.11599999999999999,0.826,6.0,115.3248062133789,115.4559555053711,111.49845123291016,105.5040054321289,48.49504618321716,-0.024996549337132024,-0.32956784283893725
2020-11-10,112.68192291259766,114.25598657554706,110.8940882741732,112.27383288243148,138023400,-0.0030088393304233,112.21991271972657,112.1967626953125,116.10210418701172,0.993,0.093,0.048,0.859,1.0,113.02198791503906,115.3248062133789,115.4559555053711,107.1239013671875,48.9258475706664,0.0444823534547254,-0.2547578035802047
2020-11-11,116.10210418701172,116.23813418126792,113.138585125769,113.86732041488948,112295000,0.030352528480251,112.14746170043944,111.91578384399412,115.8300552368164,0.988,0.063,0.008,0.9289999999999999,3.0,112.68192291259766,113.02198791503906,115.3248062133789,111.49845123291016,55.63960333624176,0.37124544330522724,-0.12955715420311836
2020-11-13,115.87865447998048,116.27702600238624,114.5280653795672,116.0535512835704,81581900,0.0004195736854712,112.1063076019287,111.655859375,116.88914489746094,0.9924999999999999,0.1195,0.013000000000000001,0.868,2.0,115.8300552368164,116.10210418701172,112.68192291259766,115.3248062133789,56.38181657382798,0.7786087609633654,0.16901697882704672
2020-11-23,110.62201690673828,114.2851304944073,110.5248536828197,113.85760341347095,127959300,-0.0297427275115595,112.71596832275392,111.98217147827148,111.9045867919922,0.993,0.103,0.019,0.878,2.0,114.01307678222656,115.27618408203124,114.68351745605467,116.88914489746094,57.503507872133106,0.525944963960228,0.6801863169189363
2020-11-25,112.7401885986328,113.439775552587,111.90457167175173,112.27380223804838,76499200,0.0074670916590204,112.90020866394045,112.05838958740236,113.28433227539062,0.865,0.088,0.027999999999999997,0.8845000000000001,2.0,111.9045867919922,110.62201690673828,114.01307678222656,114.68351745605467,42.05729637340147,0.24070650329828425,0.5363804141400778
2020-11-30,115.67459869384766,117.5401594833683,113.49810369299398,113.6535707986605,169410200,0.0210997087633122,113.47572135925292,112.42439163208007,119.24053955078124,0.06,0.017,0.016,0.968,1.0,113.28433227539062,112.7401885986328,111.9045867919922,114.01307678222656,57.5373558521314,0.3756868451308861,0.4521527726819151
2020-12-01,119.24053955078124,119.9692749139944,116.60737666127396,117.57902381222485,127728200,0.0308273458235326,114.16254806518556,112.67370803833008,119.59031677246094,0.987,0.129,0.0,0.871,1.0,115.67459869384766,113.28433227539062,112.7401885986328,110.62201690673828,65.74901776001282,0.7850335959724646,0.518728937340025
2020-12-04,118.78384399414062,119.37654924842552,118.07453843287112,119.123918956498,78260400,-0.0056126563298958,115.35005569458008,113.48373931884764,120.2413330078125,0.987,0.102,0.057,0.84,2.0,119.4542999267578,119.59031677246094,119.24053955078124,113.28433227539062,57.96478076349479,1.4880524584041837,0.9259070435526072
2020-12-07,120.2413330078125,121.038083362331,118.7838623046875,118.84215876062711,86712000,0.0122700946918654,115.59588203430177,113.71039337158204,120.8534698486328,0.9883333333333333,0.13466666666666668,0.042666666666666665,0.8226666666666667,3.0,118.78384399414062,119.4542999267578,119.59031677246094,115.67459869384766,58.97039824519282,1.6820790956224272,1.0771414539665713
2020-12-09,118.32717895507812,122.37894545635208,117.5692954268489,120.9992083965974,115089200,-0.0209037514331928,116.26971893310548,114.05055709838868,119.74576568603516,0.988,0.092,0.026,0.882,1.0,120.8534698486328,120.2413330078125,118.78384399414062,119.59031677246094,59.286752112154645,1.7833298385051393,1.3442375708135241
2020-12-10,119.74576568603516,120.35790799685957,116.74338022789216,117.08345517108472,81312200,0.0119886803985715,116.45190200805663,114.19881958007812,118.9393310546875,0.991,0.094,0.006,0.9,2.0,118.32717895507812,120.8534698486328,120.2413330078125,119.4542999267578,60.931577275846905,1.813158104075825,1.4380216774659844
2020-12-11,118.9393310546875,119.27940607418536,117.13206676469385,118.95876073591047,86939800,-0.0067345565559459,116.6073657989502,114.3119416809082,118.32717895507812,0.997,0.108,0.046,0.846,2.0,119.74576568603516,118.32717895507812,120.8534698486328,118.78384399414062,62.323787478442256,1.7515340896538873,1.5007241599035652
2020-12-14,118.32717895507812,119.85266455789508,118.09398573402578,119.12392925566252,79184500,-0.0051467592274242,116.72979202270508,114.4859571838379,124.25424194335938,-0.09950000000000002,0.0645,0.08516666666666667,0.8503333333333334,6.0,118.9393310546875,119.74576568603516,118.32717895507812,120.2413330078125,72.38849214952637,1.6344600181048605,1.5274713315438244
2020-12-15,124.25424194335938,124.27367903878984,120.6105649235341,120.81460994707471,157243700,0.0500904613853037,117.098046875,114.71100296020508,124.18620300292967,0.21739999999999998,0.086,0.059199999999999996,0.8548,10.0,118.32717895507812,118.9393310546875,119.74576568603516,120.8534698486328,78.25703364811233,1.9969231346959475,1.6213616921742493
2020-12-16,124.18620300292967,124.73032296084445,122.97164423038534,123.79755012617824,98208600,-0.0005475784115338,117.5071102142334,114.999482421875,125.05097198486328,0.923,0.10716666666666667,0.007333333333333334,0.8856666666666667,6.0,124.25424194335938,118.32717895507812,118.9393310546875,118.32717895507812,77.14281889083401,2.25271964236471,1.7476332822123415
2020-12-17,125.05097198486328,125.9060261306018,124.4096813755594,125.24529842903368,94359800,0.0069634867724652,118.02548294067384,115.26801025390624,123.06884002685548,-0.0015000000000000013,0.069,0.11199999999999999,0.8194999999999999,4.0,124.18620300292967,124.25424194335938,118.32717895507812,119.74576568603516,77.48518971176387,2.4964424131156875,1.897395108393011
2020-12-21,124.59429168701172,124.67202522679209,119.94982017477122,121.47530568083864,121251600,0.0123951087848344,118.9441764831543,115.72175964355468,128.14077758789062,-0.883,0.063,0.079,0.858,2.0,123.06884002685548,125.05097198486328,124.18620300292967,118.32717895507812,64.12093186112642,2.5974477198945323,2.1339544176733742
2020-12-22,128.14077758789062,130.59904266881472,125.97399466980124,127.87842881518668,168904800,0.0284642727436332,119.82011451721192,115.87128067016602,127.24688720703124,0.97125,0.093,0.0335,0.87375,4.0,124.59429168701172,123.06884002685548,125.05097198486328,124.25424194335938,69.29821359201904,2.926459272276219,2.292455388593943
2020-12-23,127.24688720703124,128.6751945398209,127.07198305177502,128.41286054616967,88223700,-0.006975846390867,120.58722953796386,116.06694244384764,128.22828674316406,0.9896666666666666,0.1085,0.028999999999999998,0.8626666666666667,6.0,128.14077758789062,124.59429168701172,123.06884002685548,124.18620300292967,67.0059339868933,3.079574398064821,2.4498791904881188
2020-12-24,128.22828674316406,129.67604646021374,127.38295839338778,127.59672197110412,54930100,0.0077125622298019,121.36163444519045,116.28048568725586,132.814453125,-0.064,0.027,0.0345,0.938,2.0,127.24688720703124,128.14077758789062,124.59429168701172,125.05097198486328,70.334838471435,3.242729808353488,2.608449314061193
2020-12-28,132.814453125,133.44601785068772,129.72460743607215,130.1910087492954,124486200,0.0357656371953392,122.3381404876709,116.59506454467774,131.0460205078125,0.5071666666666667,0.07966666666666666,0.006333333333333333,0.9143333333333333,6.0,128.22828674316406,127.24688720703124,128.14077758789062,123.06884002685548,73.8570094253474,3.6994519658673966,2.826649844422434
2020-12-29,131.0460205078125,134.85487480481046,130.53104880605997,134.1358655444837,121047300,-0.0133150615432126,123.10671157836914,116.90705932617188,129.92864990234375,0.875,0.289,0.0,0.711,1.0,132.814453125,128.22828674316406,127.24688720703124,124.59429168701172,68.5269964575713,3.874052171484493,3.0361303098348458
2020-12-30,129.92864990234375,132.13429294527648,129.61771571736733,131.7359140805847,96452100,-0.0085265512156634,123.64111709594728,117.25568130493164,128.92787170410156,0.9135,0.2105,0.02325,0.7662500000000001,4.0,131.0460205078125,132.814453125,128.22828674316406,128.14077758789062,72.22642530941897,3.8775634846059717,3.204416944789071
2021-01-04,125.74087524414062,129.82179076341993,123.16600852724952,129.73434606845893,143301900,-0.0247192202728306,124.42232360839844,117.80220733642578,127.29549407958984,0.963,0.056,0.015,0.929,2.0,128.92787170410156,129.92864990234375,131.0460205078125,128.22828674316406,62.11915733104804,3.3642379330135412,3.3246810868647074
2021-01-05,127.29549407958984,128.00480720900393,124.7886425294723,125.2356067640872,97664900,0.0123636711803598,124.8479061126709,118.102628326416,123.01053619384766,0.8213333333333334,0.07416666666666667,0.029833333333333333,0.896,6.0,125.74087524414062,128.92787170410156,129.92864990234375,132.814453125,65.46069651950685,3.142749665013312,3.2882948024944287
2021-01-06,123.01053619384766,127.33437075749548,122.79677262000745,124.09878374563417,155088000,-0.0336615048059995,124.98636627197266,118.33112380981446,127.20804595947266,0.9059999999999999,0.091,0.0065,0.9025000000000001,2.0,127.29549407958984,125.74087524414062,128.92787170410156,131.0460205078125,47.727269558670784,2.5915841574324077,3.148952673482025
2021-01-07,127.20804595947266,127.89792197499628,124.2348079857969,124.72063157172194,109578200,0.0341231726606761,125.30409507751465,118.6433755493164,128.3059844970703,0.5426666666666666,0.08800000000000001,0.06766666666666667,0.8443333333333333,3.0,123.01053619384766,127.29549407958984,125.74087524414062,129.92864990234375,54.79795318470884,2.4650696908313137,3.012176076951883
2021-01-08,128.3059844970703,128.86954151504634,126.53757990692247,128.67520026141898,105158200,0.0086310463250685,125.80303535461424,118.94751693725586,125.32301330566406,0.94725,0.10875,0.019125,0.872,8.0,127.20804595947266,123.01053619384766,127.29549407958984,128.92787170410156,55.13018425283389,2.4254415483074183,2.89482917122299
2021-01-12,125.1481475830078,126.01291289609364,123.26314986487158,124.85665049211372,91951100,-0.0013953201255203,126.39233856201172,119.5625717163086,127.17888641357422,0.9179999999999999,0.1046,0.043800000000000006,0.8518000000000001,5.0,125.32301330566406,128.3059844970703,127.20804595947266,127.29549407958984,50.88265626341248,1.85817164890301,2.5649323086324807
2021-01-13,127.17888641357422,127.72300640920702,124.8469393391028,125.10927337732424,88636800,0.0162266790982221,126.83492393493653,119.99432327270507,125.2550277709961,0.1556,0.0596,0.0506,0.8897999999999999,5.0,125.1481475830078,125.32301330566406,128.3059844970703,123.01053619384766,48.38925795508059,1.7869647865161227,2.4093388042092094
2021-01-14,125.2550277709961,127.28576659581172,125.10927181431389,127.09144014639318,90221800,-0.0151271857839823,126.88496322631836,120.38934371948244,123.5352020263672,0.9979999999999999,0.13733333333333334,0.043000000000000003,0.8203333333333335,3.0,127.17888641357422,125.1481475830078,125.32301330566406,127.20804595947266,46.7757372800831,1.5573414580413498,2.2389393349756377
2021-01-15,123.5352020263672,126.52787663913662,123.39917203606664,125.1287025525268,111598500,-0.0137305924978378,126.85241317749023,120.71756973266602,124.20563507080078,0.8601333333333333,0.10099999999999999,0.038799999999999994,0.8603333333333333,15.0,125.2550277709961,127.17888641357422,125.1481475830078,128.3059844970703,42.58057932879148,1.222495583362317,2.0356505846529735
2021-01-19,124.20563507080078,125.06068915645736,123.34086985277312,124.1570497566328,90757300,0.00542706073602,126.81014633178712,120.97171340942384,128.2865753173828,0.2394,0.08399999999999999,0.041999999999999996,0.8744,5.0,123.5352020263672,125.2550277709961,127.17888641357422,125.32301330566406,34.46695161989717,0.999702214057379,1.8284609105338547
2021-01-20,128.2865753173828,128.7335395413519,124.90524730001776,125.01212908230433,104319500,0.0328563212470656,127.07103309631349,121.22832580566406,132.98931884765625,0.855,0.049,0.0,0.951,2.0,124.20563507080078,123.5352020263672,125.2550277709961,125.1481475830078,45.40457095810209,1.1393014775593713,1.690629023938958
2021-01-21,132.98931884765625,135.70993338633443,129.80231790485385,130.00637029637122,120150900,0.0366581110972741,127.4907844543457,121.5816160583496,135.126953125,0.06720000000000001,0.06720000000000001,0.0512,0.882,5.0,128.2865753173828,124.20563507080078,123.5352020263672,127.17888641357422,54.5533233058402,1.6108382593270818,1.674670871016583
2021-01-22,135.126953125,135.88483658611096,131.19177987621222,132.41604973812463,114459400,0.0160737290473116,127.84009323120117,122.02371536254884,138.8677978515625,0.994875,0.10775,0.019875,0.87225,8.0,132.98931884765625,128.2865753173828,124.20563507080078,125.2550277709961,58.920560041737005,2.1324423097955503,1.7662251587723765
2021-01-25,138.8677978515625,140.97627022018892,132.6686847833474,139.01355380816258,157611700,0.0276839271518392,128.4211387634277,122.54743286132812,139.10096740722656,0.609875,0.072125,0.05175,0.876125,8.0,135.126953125,132.98931884765625,128.2865753173828,123.5352020263672,68.59343748824789,2.81522007897901,1.9760241428137033
2021-01-26,139.10096740722656,140.20864422957436,137.3617112330404,139.52849439587914,98390600,0.0016790757776206,128.96477279663085,123.00741012573242,138.03219604492188,0.9582857142857143,0.12757142857142859,0.02514285714285714,0.8470000000000001,7.0,138.8677978515625,135.126953125,132.98931884765625,124.20563507080078,67.37201032597969,3.336678066922417,2.248154927635446
2021-01-27,138.03219604492188,140.20869106595407,136.42898412808006,139.36334793740457,140843800,-0.0076834214903466,129.22565994262695,123.45145294189452,133.20310974121094,0.996,0.133,0.031,0.836,4.0,139.10096740722656,138.8677978515625,135.126953125,128.2865753173828,74.41574040523612,3.6219448369287477,2.5229129094941065
2021-01-28,133.20310974121094,137.9641898687069,132.82416793009364,135.56422012291074,142621100,-0.034985216797821,129.33351440429686,123.79794204711914,128.21856689453125,0.5235,0.11075,0.047,0.8422499999999999,8.0,138.03219604492188,139.10096740722656,138.8677978515625,132.98931884765625,59.54815860890224,3.4189424605758063,2.7021188197104467
2021-01-29,128.21856689453125,132.86303917443942,126.51818434944722,131.97883669271752,177523800,-0.037420619205991,129.24801025390624,124.02453048706056,130.33676147460938,0.43220000000000003,0.0678,0.0802,0.8524,5.0,133.20310974121094,138.03219604492188,139.10096740722656,135.126953125,49.87611033597475,2.8233053578795193,2.7263561273442614
2021-02-01,130.33676147460938,131.54160940158948,127.21776727973176,129.95781964029345,106239800,0.0165201860493455,129.31845474243164,124.3111669921875,131.1626434326172,0.991,0.104,0.004,0.892,2.0,128.21856689453125,133.20310974121094,138.03219604492188,138.8677978515625,57.28411094125201,2.4934364791592714,2.6797721977072637
2021-02-02,131.1626434326172,132.4452098565485,130.79341280132044,131.8816527763116,83305400,0.0063365235461116,129.58954315185548,124.64074951171877,130.14239501953125,0.37075,0.0755,0.06874999999999999,0.8552500000000001,4.0,130.33676147460938,128.21856689453125,133.20310974121094,139.10096740722656,58.575802315709886,2.272459291864436,2.5983096165386983
2021-02-03,130.14239501953125,131.92051071941538,129.82174974648763,131.91078476116337,89880900,-0.0077784984076664,129.73188819885254,124.93807373046874,133.49461364746094,0.925,0.126,0.0075,0.8665,2.0,131.1626434326172,130.33676147460938,128.21856689453125,138.03219604492188,54.35091225860593,1.9920447071352498,2.4770566346580085
2021-02-04,133.49461364746094,133.50432478243863,130.7739984115147,132.43552171463995,84183100,0.0257580831167782,130.2560920715332,125.32770446777344,133.0810089111328,0.9987999999999999,0.1282,0.0198,0.8523999999999999,5.0,130.14239501953125,131.1626434326172,130.33676147460938,133.20310974121094,61.6101082147628,2.0170587582832695,2.385057059383061
2021-02-05,133.0810089111328,133.72325779067754,132.20522578325316,133.65514858435046,75693800,-0.0030982878262069,130.54974021911622,125.77688430786132,133.2270050048828,0.76675,0.126,0.028999999999999998,0.845,8.0,133.49461364746094,130.14239501953125,131.1626434326172,128.21856689453125,63.964712867927716,1.9806761269881008,2.304180872904069
2021-02-08,133.2270050048828,133.27566293088242,131.29053239728702,132.37067302189544,71297200,0.0010970467908573,130.79579124450683,126.20333267211916,132.35121154785156,0.49441176470588233,0.08329411764705882,0.03235294117647059,0.8842941176470588,17.0,133.0810089111328,133.49461364746094,130.14239501953125,130.33676147460938,63.40316579994791,1.941245820751277,2.2315938624735105
2021-02-09,132.35121154785156,134.1709170758531,132.1955269668042,132.9448026300194,76774200,-0.0065736932013081,131.1472011566162,126.59555313110351,131.7479248046875,0.3016666666666667,0.05466666666666666,0.07666666666666667,0.8686666666666666,6.0,133.2270050048828,133.0810089111328,133.49461364746094,131.1626434326172,56.67455780240222,1.818366805665761,2.148948451111961
2021-02-10,131.7479248046875,133.30488975603777,130.78455107060373,132.80859956803178,73046600,-0.0045582260721953,131.4771900177002,126.96482498168945,131.49484252929688,0.8654444444444445,0.09677777777777778,0.029333333333333336,0.8741111111111111,9.0,132.35121154785156,133.2270050048828,133.0810089111328,130.14239501953125,47.644348648908455,1.6532465060083155,2.0498080620912322
2021-02-11,131.49484252929688,132.72094164331563,130.17142759822354,132.24411789704274,64280000,-0.0019209583434867,131.69298782348633,127.28122985839843,131.7283935546875,0.9970000000000001,0.10422222222222222,0.015888888888888886,0.8796666666666666,9.0,131.7479248046875,132.35121154785156,133.2270050048828,133.49461364746094,42.576840555846616,1.4848494343821983,1.9368163365494255
2021-02-12,131.7283935546875,131.88409294253404,130.09359452723146,130.7358433658653,60145100,0.0017761230851209,132.0166561126709,127.53098693847656,129.60702514648438,0.982,0.111,0.081,0.809,1.0,131.49484252929688,131.7479248046875,132.35121154785156,133.0810089111328,32.9668881501253,1.3546238967076079,1.820377848581062
2021-02-16,129.60702514648438,132.3511559058319,129.21777673672364,131.84515524560578,80576300,-0.0161041090000269,132.32024726867675,127.73132110595704,127.32028198242188,0.7665,0.16049999999999998,0.0,0.8394999999999999,2.0,131.7283935546875,131.49484252929688,131.7479248046875,133.2270050048828,29.221532569557652,1.067932062300116,1.669888691324873
2021-02-17,127.32028198242188,128.6631634845205,125.98714097419074,127.71925617483,97918500,-0.0176436667802379,132.47597961425782,127.88864074707033,126.22068786621094,0.8567,0.10500000000000001,0.0337,0.8617000000000001,10.0,129.60702514648438,131.7283935546875,131.49484252929688,132.35121154785156,27.74249349410792,0.6487275286676208,1.4656564587934227
2021-02-18,126.22068786621094,126.50288006540656,123.98255701846796,125.7243978338029,96856700,-0.0086364411002698,132.37268524169923,128.03737762451172,126.37638092041016,0.17609090909090908,0.065,0.06572727272727273,0.8694545454545455,11.0,127.32028198242188,129.60702514648438,131.7283935546875,131.7479248046875,32.83076295046736,0.225181112378408,1.2175613895104196
2021-02-19,126.37638092041016,127.19379548505816,125.3351725587671,126.7364377000899,87668800,0.0012334986984403,132.04203834533692,128.16007858276367,122.61048126220705,0.06715384615384615,0.06807692307692308,0.034076923076923074,0.8981538461538462,13.0,126.22068786621094,127.32028198242188,129.60702514648438,131.49484252929688,44.05947926123293,-0.09680345574543026,0.9546884204592497
2021-02-22,122.61048126220705,126.23041094448013,122.22124015432108,124.56640502266376,103916400,-0.029799078204137,131.41621475219728,128.19521881103515,122.47425079345705,0.4157,0.0838,0.0382,0.8779999999999999,10.0,126.37638092041016,126.22068786621094,127.32028198242188,131.7283935546875,27.47829111500252,-0.6483810421863723,0.6340745279301254
2021-02-23,122.47425079345705,123.30138352656304,115.20519947854248,120.43074421044317,158273000,-0.0011110833865717,130.596537399292,128.27816024780273,121.97796630859376,0.27137500000000003,0.089875,0.118875,0.791125,8.0,122.61048126220705,126.37638092041016,126.22068786621094,129.60702514648438,23.612862445021264,-1.0840071539456488,0.2904581915549706
2021-02-24,121.97796630859376,122.1823162213377,118.94190197736168,121.57899955251936,111039900,-0.0040521536702455,129.74038734436036,128.32280426025392,117.73526763916016,0.4972,0.039400000000000004,0.013600000000000001,0.9470000000000001,5.0,122.47425079345705,122.61048126220705,126.37638092041016,127.32028198242188,24.38907295704294,-1.4525459507951979,-0.058142636915063106
2021-02-25,117.73526763916016,123.0581213384482,117.29737597808456,121.32600598694728,148199500,-0.0347825004615992,128.72554092407228,128.29872299194335,117.99799346923828,0.7091000000000001,0.1179,0.046099999999999995,0.8361000000000001,10.0,121.97796630859376,122.47425079345705,122.61048126220705,126.22068786621094,3.1803071644969663,-2.0631828398965837,-0.45915067751136723
2021-02-26,117.99799346923828,121.49141551253577,117.93960247752108,119.29220956982276,164560400,0.0022314964355738,127.96528511047364,128.29213928222657,124.35232543945312,0.5993888888888889,0.11527777777777778,0.04133333333333333,0.8431666666666666,18.0,117.73526763916016,121.97796630859376,122.47425079345705,126.37638092041016,4.784270745326353,-2.4971318139737946,-0.8667469048038527
2021-03-01,124.35232543945312,124.48855870917816,119.48683030882653,120.42100448300808,116307900,0.0538511866464186,127.77197303771972,128.29410095214843,121.75415802001952,0.782125,0.17975,0.009375,0.810875,8.0,117.99799346923828,117.73526763916016,121.97796630859376,122.61048126220705,30.61220408002714,-2.3017647069918183,-1.1537504652414459
2021-03-02,121.75415802001952,125.25731317881322,121.6471165286429,124.95565484356456,102260900,-0.0208935973674142,127.34284286499025,128.24546005249024,118.77648162841795,0.8126428571428572,0.09092857142857143,0.047142857142857146,0.8618571428571429,14.0,124.35232543945312,117.99799346923828,117.73526763916016,122.47425079345705,28.469725514681272,-2.329729591596191,-1.388946290512395
2021-03-03,118.77648162841795,122.32829506323422,118.5623986243893,121.4525043304613,112966300,-0.0244564657176796,126.72353477478028,128.11997024536132,116.8983917236328,0.15919999999999998,0.1416,0.097,0.7614,5.0,121.75415802001952,124.35232543945312,117.99799346923828,121.97796630859376,25.96460751973575,-2.5626252151422193,-1.62368207543836
2021-03-04,116.8983917236328,120.27504677444026,115.4290174341431,118.47481493176636,178155000,-0.0158119678158222,126.06133460998537,127.99656127929688,118.15367889404295,0.8261538461538461,0.11307692307692307,0.03492307692307692,0.8521538461538462,13.0,118.77648162841795,121.75415802001952,124.35232543945312,117.73526763916016,24.489805714688003,-2.8657087278162265,-1.8720874059139336
2021-03-05,118.15367889404295,118.65969453198088,114.40724922583529,117.72552038212189,153766600,0.0107382757957685,125.29428787231446,127.8677490234375,113.22981262207033,0.7296666666666667,0.11183333333333333,0.030111111111111113,0.8579444444444444,18.0,116.8983917236328,118.77648162841795,121.75415802001952,117.99799346923828,27.093566632601792,-2.970372802752422,-2.091744485281631
2021-03-08,113.22981262207033,117.74499188213018,113.08384627126932,117.67687524164398,154376600,-0.041673406347239,124.30172805786133,127.5695297241211,117.83257293701172,0.4795,0.09441666666666666,0.030833333333333334,0.87475,12.0,118.15367889404295,116.8983917236328,118.77648162841795,124.35232543945312,24.752463835208616,-3.411311221589102,-2.3556578325431254
2021-03-09,117.83257293701172,118.77648030379828,115.5944493383936,115.82799105647608,129525800,0.0406497212028791,123.53200645446778,127.3812434387207,116.75241088867188,0.615125,0.1119375,0.0135625,0.874375,16.0,113.22981262207033,118.15367889404295,116.8983917236328,121.75415802001952,36.34834733035015,-3.3507286901799063,-2.554672004070482
2021-03-10,116.75241088867188,118.88349246045178,116.2366622283132,118.41640913957764,111943300,-0.0091669223663414,122.7520664215088,127.15172592163086,118.67914581298828,0.6776190476190477,0.10552380952380953,0.026761904761904765,0.8677619047619047,21.0,117.83257293701172,113.22981262207033,118.15367889404295,118.77648162841795,36.36868496702849,-3.351245574667857,-2.7139867181899566
2021-03-11,118.67914581298828,119.89551948779854,117.99797952475684,119.2435449798976,103026500,0.016502742081734,122.09862747192383,126.86901977539064,117.77417755126952,0.7268666666666667,0.09946666666666666,0.021,0.8794666666666667,15.0,116.75241088867188,117.83257293701172,113.22981262207033,116.8983917236328,39.456106790450654,-3.1597600563050463,-2.8031413858129746
2021-03-12,117.77417755126952,117.91041082516712,115.9544870681418,117.1611278187304,88105100,-0.0076253351464525,121.41259422302248,126.60358291625975,120.65453338623048,0.7295454545454546,0.10099999999999999,0.029454545454545455,0.8696363636363637,11.0,118.67914581298828,116.75241088867188,117.83257293701172,118.15367889404295,42.8116736141665,-3.045918328536203,-2.8516967743576203
2021-03-15,120.65453338623048,120.66426645422422,117.18057052802266,118.14394380720243,92403800,0.0244565990172767,120.8589012145996,126.4181005859375,122.19204711914062,0.6512,0.0864,0.042133333333333335,0.8716,15.0,117.77417755126952,118.67914581298828,116.75241088867188,113.22981262207033,47.499296489071575,-2.692242796258455,-2.8198059787377874
2021-03-16,122.19204711914062,123.79766203262986,121.36491441345116,122.31854732264156,115227900,0.012743107861421,120.48815231323242,126.28338409423829,121.4038314819336,0.46240625,0.0785,0.051625,0.869875,32.0,120.65453338623048,117.77417755126952,118.67914581298828,117.83257293701172,50.286010518174386,-2.261815083771552,-2.7082077997445406
2021-03-17,121.4038314819336,122.47423888090718,119.0489262952044,120.7129320932856,111932600,-0.0064506296096218,120.192329788208,126.19664321899414,117.28762817382812,0.23344444444444445,0.08218518518518518,0.05277777777777778,0.865074074074074,27.0,122.19204711914062,120.65453338623048,117.77417755126952,116.75241088867188,55.39957526206995,-1.9616873247197475,-2.558903704739582
2021-03-18,117.28762817382812,119.8663421601818,117.08327826271947,119.57440947336566,121229700,-0.0339050527307123,119.74567680358886,125.99648590087892,116.76213836669922,0.7288181818181818,0.09918181818181818,0.024545454545454547,0.8763636363636365,22.0,121.4038314819336,122.19204711914062,120.65453338623048,118.67914581298828,49.06096785391484,-2.032547181098181,-2.453632400011302
2021-03-19,116.76213836669922,118.163403199646,116.46048007455592,116.67456302671786,185549500,-0.0044803515537895,119.26496467590331,125.87151794433592,120.07068634033205,0.5158076923076923,0.08207692307692308,0.03180769230769231,0.8860769230769231,26.0,117.28762817382812,121.4038314819336,122.19204711914062,117.77417755126952,38.138661372392434,-2.10682064656622,-2.3842700493222857
2021-03-22,120.07068634033205,120.53777713211232,117.02488910943605,117.09300574322106,111912300,0.0283357946326925,119.13797492980956,125.72877075195312,119.2435531616211,0.5792058823529412,0.09026470588235294,0.04164705882352941,0.8680882352941177,34.0,116.76213836669922,117.28762817382812,121.4038314819336,120.65453338623048,47.42634640470432,-1.8770730031352514,-2.282830640084879
2021-03-23,119.2435531616211,120.89781850320576,118.85431207414344,120.01230226774646,95467100,-0.0068887186699881,118.97644004821775,125.54752212524414,116.85945892333984,0.6367777777777778,0.08522222222222223,0.02488888888888889,0.8897777777777777,18.0,120.07068634033205,116.76213836669922,117.28762817382812,122.19204711914062,50.76430455526517,-1.7416622767758554,-2.1745969674230743
2021-03-24,116.85945892333984,119.59387224546332,116.84000020937296,119.51602254128296,88530500,-0.0199934853924546,118.72051467895508,125.37825103759764,117.34600830078124,0.45804761904761904,0.08452380952380951,0.04495238095238095,0.8705238095238095,21.0,119.2435531616211,120.07068634033205,116.76213836669922,121.4038314819336,49.93732915347568,-1.8059074044565904,-2.100859054829778
2021-03-25,117.34600830078124,118.38723138862224,115.79878440882976,116.32425877519718,98844700,0.0041635429594157,118.70105171203612,125.22220825195312,117.94932556152344,0.7817368421052632,0.10010526315789474,0.01994736842105263,0.8799473684210527,19.0,116.85945892333984,119.2435531616211,120.07068634033205,117.28762817382812,48.666884438803976,-1.7968487090891188,-2.040056985681646
2021-03-26,117.94932556152344,118.2120664416162,115.720928023681,117.1124598512715,94071200,0.0051413530760737,118.6986183166504,125.0376170349121,118.12449645996094,0.7089666666666666,0.08736666666666666,0.024133333333333333,0.8884666666666666,30.0,117.34600830078124,116.85945892333984,119.2435531616211,116.76213836669922,59.08575504199505,-1.7211466596213256,-1.976274920469582
2021-03-29,118.12449645996094,119.28248673827066,117.4822549291758,118.3775042989523,80819200,0.0014851369230266,118.38722686767578,124.8950064086914,116.6745834350586,0.49218181818181816,0.08981818181818181,0.0325,0.8776363636363637,22.0,117.94932556152344,117.34600830078124,116.85945892333984,120.07068634033205,50.67749103625338,-1.6282479832726438,-1.9066695330301944
2021-03-30,116.6745834350586,117.16113298447571,115.66255948137214,116.87893335491496,85671900,-0.0122744483011938,118.13324813842772,124.75779403686523,118.8640594482422,0.405825,0.08,0.031625,0.88835,40.0,118.12449645996094,117.94932556152344,117.34600830078124,119.2435531616211,49.82242694890819,-1.6525711649486965,-1.8558498594138948
2021-03-31,118.8640594482422,120.19720049628938,117.8909603245139,118.37750988637804,118323800,0.018765663855164,118.13762702941897,124.65096252441408,119.69117736816406,0.58268,0.08310000000000001,0.02704,0.8897400000000001,50.0,116.6745834350586,118.12449645996094,117.94932556152344,116.85945892333984,50.416905046379576,-1.478136013757748,-1.7803070902826656
2021-04-01,119.69117736816406,120.83943448866228,119.1948947978738,120.33342627373456,75089100,0.0069585198735537,118.2772663116455,124.47905456542968,122.51317596435548,0.7213214285714286,0.09289285714285714,0.018571428571428572,0.8885357142857143,28.0,118.8640594482422,116.6745834350586,118.12449645996094,117.34600830078124,54.33728064164103,-1.2586445254661527,-1.675974577319363
2021-04-05,122.51317596435548,122.76618380455446,119.75930377924526,120.53778601486208,88651200,0.023577331748614,118.49524116516112,124.26953170776368,122.81483459472656,0.7338148148148148,0.13655555555555554,0.028185185185185185,0.8351851851851853,27.0,119.69117736816406,118.8640594482422,116.6745834350586,117.94932556152344,54.216379524002704,-0.8472180352228094,-1.5102232689000525
2021-04-06,122.81483459472656,123.71008397089405,122.26990148299974,123.09703422020137,80171300,0.002462254594223,118.97449226379396,124.0232893371582,124.4593734741211,0.5737142857142857,0.12471428571428572,0.035666666666666666,0.8397619047619048,21.0,122.51317596435548,119.69117736816406,118.8640594482422,118.12449645996094,51.49673369911601,-0.4911565007265182,-1.306409915265346
2021-04-07,124.4593734741211,124.47883218903851,121.77361794195266,122.44505868103396,83466700,0.0133903928203893,119.30583229064942,123.73512084960936,126.8531723022461,0.5059166666666667,0.08920833333333333,0.036166666666666666,0.874625,24.0,122.81483459472656,122.51317596435548,119.69117736816406,116.6745834350586,57.0530273198792,-0.07540539926658596,-1.060209012065594
2021-04-08,126.8531723022461,126.88236408117513,125.06267390248308,125.48109929933943,88844600,0.0192335760763149,119.81087036132811,123.49016494750975,129.4221649169922,0.2017142857142857,0.07278571428571429,0.0360952380952381,0.8912380952380953,42.0,124.4593734741211,122.81483459472656,122.51317596435548,118.8640594482422,73.98725577490632,0.44214315254552616,-0.7597385791433701
2021-04-09,129.4221649169922,129.4610823431084,125.987126690143,126.3082511367721,106686700,0.0202517017755385,120.34802131652832,123.31796432495118,127.70952606201172,0.5000689655172414,0.11751724137931034,0.02220689655172414,0.8603448275862069,29.0,126.8531723022461,124.4593734741211,122.81483459472656,119.69117736816406,78.7959455308692,1.0475251250556,-0.3982858383035761
2021-04-12,127.70952606201172,129.2762161435529,127.11593504109705,128.95509167174853,91420000,-0.0132329640450606,120.84478874206545,123.20809265136718,130.8136749267578,0.6908275862068965,0.08024137931034482,0.022275862068965518,0.8975172413793103,29.0,129.4221649169922,126.8531723022461,124.4593734741211,122.51317596435548,68.7351380157674,1.3732688686470311,-0.043974896913454686
2021-04-13,130.8136749267578,131.0374983592836,128.3809277339075,128.8772176641677,91266500,0.0243063220142154,121.3527458190918,123.25999481201173,128.47825622558594,0.56464,0.06436,0.02948,0.9061199999999999,25.0,127.70952606201172,129.4221649169922,126.8531723022461,122.81483459472656,75.52599040106863,1.8604558265557216,0.33691124778038056
2021-04-14,128.47825622558594,131.36836136344672,128.11821435701262,131.3099778007929,87222800,-0.0178530165327093,121.66705627441408,123.22282470703124,130.88185119628906,0.4989166666666667,0.08650000000000001,0.021541666666666667,0.8919166666666666,24.0,130.8136749267578,127.70952606201172,129.4221649169922,124.4593734741211,75.68855112023343,2.0346520273701287,0.6764594036983302
2021-04-15,130.88185119628906,131.36840082898902,130.04498523411246,130.220150823009,89347100,0.018708184881361,122.14095726013184,123.21720886230467,130.5509490966797,0.6219,0.09025,0.0182,0.8915,20.0,128.47825622558594,130.8136749267578,127.70952606201172,126.8531723022461,77.58837853724076,2.3396833843335685,1.0091041998253778
2021-04-16,130.5509490966797,131.0472241792983,129.6946173321828,130.68718234573052,84922400,-0.0025282504532512,122.80412330627442,123.22537994384766,131.21266174316406,0.5211904761904762,0.10509523809523809,0.030142857142857145,0.8646666666666667,21.0,130.88185119628906,128.47825622558594,130.8136749267578,129.4221649169922,75.97269448543332,2.5256082585174653,1.3124050115637953
2021-04-19,131.21266174316406,131.82571884662076,129.75301328602865,129.91843832937323,94264200,0.0050686161308128,123.52664947509766,123.17974090576172,129.52920532226562,0.34281481481481485,0.09907407407407406,0.03888888888888889,0.8621481481481481,27.0,130.5509490966797,130.88185119628906,128.47825622558594,127.70952606201172,76.44510737796502,2.6952802285119475,1.5889800549534256
2021-04-20,129.52920532226562,131.88410306298763,128.26417368348118,131.38782793049364,94812300,-0.0128299845345233,123.99957542419432,123.10870483398438,129.90872192382812,0.6352295081967213,0.07955737704918033,0.023950819672131148,0.8964426229508197,61.0,131.21266174316406,130.5509490966797,130.88185119628906,130.8136749267578,75.73038999641734,2.663205844036952,1.803825212770131
2021-04-21,129.90872192382812,130.15199668398512,127.76790700410928,128.7993896114448,68847100,0.0029299693502964,124.53283386230468,123.04233917236328,128.39071655273438,0.1821607142857143,0.067625,0.04580357142857143,0.8865357142857143,56.0,129.52920532226562,131.21266174316406,130.5509490966797,128.47825622558594,73.83449154261356,2.6380012449969996,1.970660419215505
2021-04-22,128.39071655273438,130.54125756563838,127.87497514158638,129.46111681150813,84566500,-0.0116851690064646,125.1093967437744,122.96312927246092,130.70668029785156,0.4972333333333333,0.09566666666666666,0.049499999999999995,0.8548333333333333,30.0,129.90872192382812,129.52920532226562,131.21266174316406,130.88185119628906,68.23009194776027,2.4670969142089803,2.0699477182142
2021-04-23,130.70668029785156,131.48514771146148,128.60478264515086,128.60478264515086,78657500,0.0180384050132311,125.77743034362793,122.94230438232422,131.0959014892578,0.7212272727272727,0.09925,0.03368181818181818,0.8670681818181819,44.0,128.39071655273438,129.90872192382812,129.52920532226562,130.5509490966797,67.54171129930046,2.4898316898207895,2.153924512535518
2021-04-26,131.0959014892578,131.426751593288,129.9671030596472,131.20294297565732,66905100,0.0029778217189764,126.43475914001463,122.93432556152344,130.77479553222656,0.48180392156862745,0.08609803921568628,0.03311764705882353,0.8808039215686274,51.0,130.70668029785156,128.39071655273438,129.90872192382812,131.21266174316406,67.66295273870998,2.510318669573877,2.22520334394319
2021-04-27,130.77479553222656,131.76736083305914,130.5023289552631,131.3781122600293,66015800,-0.0024493973753829,127.06727409362792,122.9152536010742,129.98660278320312,0.50536,0.08299999999999999,0.0277,0.88936,50.0,131.0959014892578,130.70668029785156,128.39071655273438,129.52920532226562,64.27634935237089,2.472146811901311,2.2745920375348145
2021-04-28,129.98660278320312,131.38786811328342,129.50005314627617,130.69696109558785,107760100,-0.0060270998384333,127.73287506103516,122.9228451538086,129.88925170898438,0.6073647058823529,0.09897647058823529,0.026435294117647057,0.8745529411764706,85.0,130.77479553222656,131.0959014892578,130.70668029785156,129.90872192382812,57.63771807772116,2.3511916977126646,2.289911969570385
2021-04-29,129.88925170898438,133.38268843991688,128.886960916459,132.79882309453924,151101000,-0.000748931598598,128.28413467407228,122.97422454833983,127.92362213134766,0.5173,0.09144999999999999,0.03196,0.87664,100.0,129.98660278320312,130.77479553222656,131.0959014892578,128.39071655273438,51.294498245020506,2.221866189818485,2.276302813620005
2021-04-30,127.92362213134766,129.96712145874997,127.5441140528076,128.23500614148355,109839500,-0.0151331195751338,128.69575691223145,123.00828323364256,128.97451782226562,0.21304918032786885,0.07365573770491804,0.06770491803278689,0.8585901639344262,61.0,129.88925170898438,129.98660278320312,130.77479553222656,130.70668029785156,50.585146755857316,1.938420014308491,2.2087262537577024
2021-05-03,128.97451782226562,130.4633727552625,128.283625938946,128.48796838679135,75135100,0.0082150245076624,129.01882400512696,123.06024597167968,124.41069793701172,0.45838,0.09566000000000001,0.04152,0.8627800000000001,50.0,127.92362213134766,129.88925170898438,129.98660278320312,131.0959014892578,44.33790756580431,1.7780886781923186,2.1225987386446254
2021-05-04,124.41069793701172,127.95278490720769,123.2916326716947,127.66085225567952,137564700,-0.0353854386301573,129.0986171722412,123.0962503051758,124.65397644042967,0.43072727272727274,0.08848484848484849,0.043151515151515156,0.8684545454545454,33.0,128.97451782226562,127.92362213134766,129.88925170898438,130.77479553222656,38.988366324261605,1.2681444362213057,1.9517078781599615
2021-05-05,124.65397644042967,126.94074997232988,124.52746883053813,125.7243763335603,84000900,0.0019554468180955,129.10834732055665,123.13984481811524,126.24986267089844,0.6374642857142857,0.11035714285714285,0.03421428571428571,0.8555357142857142,28.0,124.41069793701172,128.97451782226562,127.92362213134766,129.98660278320312,30.906692364548093,0.8735705154486197,1.7360804056176933
2021-05-06,126.24986267089844,126.25958831497178,123.71006640231248,124.44962368045476,78128300,0.0128025296588223,129.07818183898925,123.22528274536133,126.92243957519533,0.6551071428571429,0.09896428571428571,0.04217857142857143,0.8587857142857143,28.0,124.65397644042967,124.41069793701172,128.97451782226562,129.88925170898438,37.762951797814075,0.6817833478669826,1.5252209940675512
2021-05-07,126.92243957519533,127.9459170756659,126.21086004578888,127.5462801379204,78973300,0.0053273476110633,128.9531955718994,123.40902618408204,123.64728546142578,0.5023703703703704,0.09266666666666667,0.040407407407407406,0.8669259259259259,27.0,126.24986267089844,124.65397644042967,124.41069793701172,127.92362213134766,37.80140293150909,0.5774059941458773,1.3356579940832165
2021-05-10,123.64728546142578,126.26936319427196,123.60829449035424,126.14265555263232,88071200,-0.0258043741101364,128.7500835418701,123.52201202392578,122.73102569580078,0.6675,0.125,0.02538888888888889,0.8496666666666667,18.0,126.92243957519533,126.24986267089844,124.65397644042967,128.97451782226562,34.66380745688808,0.2277828846432186,1.114082972195217
2021-05-11,122.73102569580078,123.08192956770212,119.67029762868589,120.38186984814408,126142800,-0.007410269964324,128.3459510803223,123.48958602905272,119.6702880859375,0.09229032258064515,0.056225806451612896,0.08812903225806452,0.8556129032258065,31.0,123.64728546142578,126.92243957519533,126.24986267089844,124.41069793701172,31.794825352852953,-0.12182611846020563,0.8669011540641326
2021-05-12,119.6702880859375,121.4930768252382,119.16342036759428,120.28438654552215,112172300,-0.024938580872367,127.90555267333984,123.44790863037107,121.81473541259766,0.21210344827586206,0.08206896551724138,0.06279310344827586,0.8552413793103448,29.0,122.73102569580078,123.64728546142578,126.92243957519533,124.65397644042967,29.487207097006717,-0.6385093790179752,0.565819047447711
2021-05-13,121.81473541259766,122.96494285084452,121.12266251691544,121.43458279999426,105861300,0.0179196303523576,127.45219688415528,123.5086737060547,124.23212432861328,0.6705333333333333,0.07993333333333334,0.0274,0.8927999999999999,15.0,119.6702880859375,122.73102569580078,123.64728546142578,126.24986267089844,28.91360709510623,-0.8649747180231913,0.27966029435353057
2021-05-14,124.23212432861328,124.66101753625983,122.67252280548946,123.06242504546208,81918000,0.0198447988072025,127.13625564575196,123.6553483581543,123.08191680908205,0.4594642857142857,0.08735714285714287,0.04625,0.8665714285714285,28.0,121.81473541259766,119.6702880859375,122.73102569580078,126.92243957519533,35.15151855249387,-0.8397074237380053,0.055786750735223406
2021-05-17,123.08191680908205,123.72525662054228,122.0096912267483,123.61803331863224,74244600,-0.0092585353888723,126.72971839904784,123.75391311645508,121.69776916503906,0.4632045454545455,0.08906818181818182,0.04286363636363636,0.868090909090909,44.0,124.23212432861328,121.81473541259766,119.6702880859375,123.64728546142578,33.934227142958704,-0.9020962411838696,-0.1357898476485952
2021-05-18,121.69776916503906,123.78373756646234,121.62953683178752,123.36459396598384,63342900,-0.0112457433222297,126.33814659118651,123.92327224731446,121.54183197021484,0.6422424242424242,0.09327272727272727,0.022727272727272728,0.883939393939394,33.0,123.08191680908205,124.23212432861328,121.81473541259766,122.73102569580078,33.11005852840731,-1.0511124060444956,-0.3188543593277753
2021-05-19,121.54183197021484,121.76602077062454,119.75803398561096,120.0504625668393,92612000,-0.0012813480139701,125.91980209350588,123.99745742797852,124.0956573486328,0.42865625,0.08821875,0.04075,0.87115625,32.0,121.69776916503906,123.08191680908205,124.23212432861328,119.6702880859375,33.03119363378772,-1.1683239079464016,-0.4887482690515006
2021-05-20,124.0956573486328,124.49530918227134,121.94145662294912,122.06817912472064,76857100,0.0210119046012389,125.70504913330078,124.14432235717771,122.2631378173828,0.44888888888888895,0.08466666666666667,0.02588888888888889,0.8893703703703705,27.0,121.54183197021484,121.69776916503906,123.08191680908205,121.81473541259766,42.400176189513964,-1.0431180868510666,-0.5996222326114138
2021-05-21,122.2631378173828,124.76825004025154,122.04869119774337,124.59279439116176,79295400,-0.0147669916127826,125.28287200927734,124.21600219726562,123.89095306396484,0.48258139534883726,0.08788372093023256,0.053651162790697676,0.8584651162790699,43.0,124.0956573486328,121.54183197021484,121.69776916503906,124.23212432861328,37.07669299297179,-1.0793188666983156,-0.6955615594287942
2021-05-24,123.89095306396484,124.70974844818085,122.76024483604364,122.8284771649978,63092900,0.0133140313232709,124.9226245880127,124.33833770751951,123.69601440429688,0.49870967741935485,0.08370967741935484,0.027870967741935485,0.888483870967742,31.0,122.2631378173828,124.0956573486328,121.54183197021484,123.08191680908205,48.871600589940016,-0.9655271632421858,-0.7495546801914725
2021-05-25,123.69601440429688,125.08016771850949,123.13065653206684,124.59278434432386,72009500,-0.001573469691264,124.5686855316162,124.39916732788086,123.64728546142578,0.5839629629629629,0.1132962962962963,0.04666666666666667,0.840074074074074,27.0,123.89095306396484,122.2631378173828,124.0956573486328,121.69776916503906,47.91582843006422,-0.8809216229780787,-0.7758280687487937
2021-05-26,123.64728546142578,124.17365241574042,123.228141818366,123.75450877268064,56575900,-0.0003939410910348,124.25171966552736,124.42827209472657,122.11693572998048,0.6552962962962964,0.1068888888888889,0.038814814814814816,0.8543703703703704,27.0,123.69601440429688,123.89095306396484,122.2631378173828,121.54183197021484,43.92905181622126,-0.8084834472967373,-0.7823591444583825
2021-05-27,122.11693572998048,124.41735116472776,121.9219882945346,123.2476516785167,94625600,-0.0123767353705693,123.86310386657716,124.4425341796875,121.46381378173828,0.8178823529411765,0.1418235294117647,0.021058823529411765,0.8371176470588235,17.0,123.64728546142578,123.69601440429688,123.89095306396484,124.0956573486328,39.221682203840835,-0.8645955851284128,-0.7988064325923887
2021-05-28,121.46381378173828,122.62377072126802,121.40533105764956,122.3995745509854,71311100,-0.0053483322713431,123.54011344909668,124.52605789184572,121.14216613769533,0.5169444444444444,0.08261111111111112,0.03744444444444445,0.8797777777777778,36.0,122.11693572998048,123.64728546142578,123.69601440429688,122.2631378173828,44.4498615723427,-0.9508060412935748,-0.829206354332626
2021-06-01,121.14216613769533,122.18515038351808,120.8107540580726,121.9219706400981,67637100,-0.0026480943914781,123.14849586486817,124.61365844726562,121.90248107910156,0.7427222222222222,0.09088888888888888,0.02938888888888889,0.8799444444444444,18.0,121.46381378173828,122.11693572998048,123.64728546142578,123.89095306396484,45.83540808021424,-1.0331729510185,-0.8699996736698009
2021-06-02,121.90248107910156,122.07793673418138,120.91798692698966,121.14217571934483,59278900,0.0062762204577226,123.02308502197266,124.65029434204102,120.42086029052734,0.5938947368421053,0.10302631578947369,0.039473684210526314,0.857421052631579,38.0,121.14216613769533,121.46381378173828,122.11693572998048,123.69601440429688,56.65317739259519,-1.0252794752661032,-0.9010556339890614
2021-06-03,120.42086029052734,121.69778300232346,120.02120840977952,121.5320769508381,76229200,-0.0121541479341409,122.81142921447754,124.67384048461912,122.7115249633789,0.712,0.1098,0.0292,0.8612666666666667,15.0,121.90248107910156,121.14216613769533,121.46381378173828,123.64728546142578,45.674570743205415,-1.1256030033205207,-0.9459651078553533
2021-06-04,122.7115249633789,122.97471215998662,120.72303005127525,120.93747667465416,75169300,0.019022158348023,122.63451232910155,124.79088180541991,122.72127532958984,0.5247567567567568,0.10205405405405404,0.02983783783783784,0.868108108108108,37.0,120.42086029052734,121.90248107910156,121.14216613769533,122.11693572998048,45.243917804453396,-1.0086455883969876,-0.9585012039636801
2021-06-07,122.72127532958984,123.13066937489864,121.67829101219802,122.9844550910691,71057600,7.945762399952372e-05,122.4244541168213,124.8983871459961,123.5400619506836,0.6472173913043479,0.09934782608695653,0.028507246376811596,0.8721304347826087,69.0,122.7115249633789,120.42086029052734,121.90248107910156,121.46381378173828,48.78534125049974,-0.9047399424953824,-0.9477489516700206
2021-06-08,123.5400619506836,125.21664395698274,123.02344459916289,123.40359727053726,74403800,0.0066719207317129,122.41909294128418,125.0102018737793,123.92020416259766,0.6162105263157894,0.09597368421052631,0.03607894736842105,0.8678947368421052,38.0,122.72127532958984,122.7115249633789,120.42086029052734,121.14216613769533,56.450595204067305,-0.7477056468157599,-0.9077402906991685
2021-06-09,123.92020416259766,124.52455300706954,123.32560491924684,123.99818609803276,56877900,0.0030770764229162,122.47855186462402,125.12611602783204,122.92595672607422,0.814111111111111,0.13211111111111112,0.031629629629629626,0.8361481481481482,27.0,123.5400619506836,122.72127532958984,122.7115249633789,121.90248107910156,58.19889348155646,-0.5858274820500924,-0.8433577289693533
2021-06-10,122.92595672607422,124.953442364302,122.7602506959565,123.81297704481985,71186400,-0.0080232875925452,122.64133529663086,125.25114349365236,124.1346435546875,0.41768,0.0818,0.02484,0.8934799999999999,25.0,123.92020416259766,123.5400619506836,122.72127532958984,120.42086029052734,45.481914396401024,-0.5316369492406778,-0.7810135730236183
2021-06-11,124.1346435546875,124.2223750861466,122.91620377217826,123.33534735483208,53522400,0.009832641215937,122.75733070373536,125.35655517578124,127.18558502197266,0.5858484848484848,0.08884848484848484,0.028393939393939395,0.8827575757575757,33.0,122.92595672607422,123.92020416259766,123.5400619506836,122.7115249633789,57.59489359804925,-0.38670197624716707,-0.7021512536683281
2021-06-14,127.18558502197266,127.24406773840047,123.86168592215144,124.59274962455731,96906500,0.0245776793642709,122.90500373840332,125.50644332885742,126.3668441772461,0.5370303030303031,0.09581818181818182,0.03387878787878788,0.8701818181818182,33.0,124.1346435546875,122.92595672607422,123.92020416259766,122.72127532958984,61.98576032809202,-0.025362128491636327,-0.5667934286329898
2021-06-15,126.3668441772461,127.30261260822044,126.12315618593904,126.65927274152148,62746300,-0.0064373713780937,123.06925010681152,125.58351669311524,126.86397552490234,0.6738378378378378,0.09245945945945945,0.026864864864864866,0.8806216216216216,37.0,127.18558502197266,124.1346435546875,122.92595672607422,123.5400619506836,59.294533957728554,0.1927152589567669,-0.4148916911150385
2021-06-16,126.86397552490234,127.58529740869534,125.21665702603656,127.07842216944792,91815000,0.0039340330993702,123.32756042480467,125.66449951171874,128.46255493164062,0.7925,0.10030555555555556,0.02125,0.878361111111111,36.0,126.3668441772461,127.18558502197266,124.1346435546875,123.92020416259766,60.85535293324039,0.40103462718144556,-0.25170642745574173
2021-06-17,128.46255493164062,129.20337594415264,126.37658632134162,126.52280804022224,96721700,0.0126007355525801,123.67359657287598,125.74456314086916,127.16612243652344,0.688,0.0987,0.027100000000000003,0.8741,20.0,126.86397552490234,126.3668441772461,127.18558502197266,122.92595672607422,71.31637556543689,0.6871996161892326,-0.06392521872674686
2021-06-18,127.16612243652344,128.1895998960208,126.95167585727803,127.40981037898122,108953300,-0.010091909629285,123.82711982727052,125.75082214355469,128.9596405029297,0.7929310344827587,0.11824137931034483,0.020655172413793103,0.8610689655172414,29.0,128.46255493164062,126.86397552490234,126.3668441772461,124.1346435546875,68.3617451461618,0.8001525040784117,0.10889032583428485
2021-06-21,128.9596405029297,129.06686377457612,125.94766160876556,127.01013729010695,79663300,0.0141037410911188,124.16194496154785,125.74157165527345,130.59722900390625,0.589219512195122,0.09753658536585366,0.026487804878048783,0.8759268292682926,41.0,127.16612243652344,128.46255493164062,126.86397552490234,127.18558502197266,72.99317016775228,1.0226024756242538,0.29163275579227865
2021-06-22,130.59722900390625,130.69471012361893,128.2968143898753,128.79394727746697,74783600,0.0126984573979125,124.49725875854492,125.79932571411132,130.32432556152344,0.7422820512820513,0.1026923076923077,0.02158974358974359,0.8757948717948718,39.0,128.9596405029297,127.16612243652344,128.46255493164062,126.3668441772461,74.31848211298285,1.3158668924332062,0.49647958312046414
2021-06-23,130.32432556152344,130.92868185123652,129.8661909803765,130.39256533356104,60214200,-0.0020896572191025,124.82867431640624,125.78953872680664,130.04165649414062,0.5812727272727273,0.10327272727272727,0.031575757575757576,0.8651212121212121,33.0,130.59722900390625,128.9596405029297,127.16612243652344,126.86397552490234,79.7078165057996,1.5088667518805465,0.6989570168724806
2021-06-24,130.04165649414062,131.240597184488,129.5737648661965,131.05539194095186,68711000,-0.0021689662782822,125.148392868042,125.82080673217772,129.7492218017578,0.6887045454545455,0.09379545454545454,0.030181818181818185,0.8759999999999999,44.0,130.32432556152344,130.59722900390625,128.9596405029297,128.46255493164062,75.00024719871811,1.6203333058799103,0.8832322746739665
2021-06-25,129.7492218017578,130.5095270692511,129.45679326652197,130.09039090512184,70783700,-0.0022487770478069,125.53000717163086,125.79815414428712,131.37705993652344,0.5764705882352942,0.09547058823529411,0.04352941176470588,0.8609411764705882,17.0,130.04165649414062,130.32432556152344,130.59722900390625,127.16612243652344,73.51615938665861,1.6658711911778994,1.0397600579747532
2021-06-28,131.37705993652344,131.835194519561,129.98317185834844,130.04165459260284,62111300,0.0125460338964713,126.02566947937012,125.81467636108398,132.887939453125,0.7956399999999999,0.10232,0.023399999999999997,0.87428,25.0,129.7492218017578,130.04165649414062,130.32432556152344,128.9596405029297,74.87643046419522,1.8124207680031503,1.1942921999804328
2021-06-29,132.887939453125,133.04390333984907,130.95793469390316,131.39657011097157,64556100,0.0115003297937368,126.6129581451416,125.8481819152832,133.50201416015625,0.2980277777777778,0.07777777777777778,0.030500000000000003,0.8916666666666667,36.0,131.37705993652344,129.7492218017578,130.04165649414062,130.59722900390625,76.55911986207738,2.0271104461221796,1.3608558492087823
2021-06-30,133.50201416015625,133.94064949902392,132.43952338561445,132.73195190270366,63261400,0.0046209965295447,127.19293479919432,125.92763809204102,133.80419921875,0.5414857142857142,0.11534285714285714,0.03288571428571429,0.8518,35.0,132.887939453125,131.37705993652344,129.7492218017578,130.32432556152344,82.04396198806752,2.221199652660985,1.532924609899223
2021-07-01,133.80419921875,133.86268195374564,132.3323143115352,133.15111722207564,52485800,0.0022635243407731,127.86210174560549,126.00554763793946,136.42626953125,0.7491290322580645,0.11090322580645162,0.024741935483870967,0.8645483870967742,31.0,133.50201416015625,132.887939453125,131.37705993652344,130.04165649414062,81.00027981770756,2.3720569598636985,1.7007510798921184
2021-07-02,136.42626953125,136.46525305919846,134.27206149217562,134.41826831389758,78852600,0.0195963230437432,128.54783897399903,126.16625869750976,138.43423461914062,0.6376999999999999,0.10115,0.0211,0.8776999999999999,20.0,133.80419921875,133.50201416015625,132.887939453125,129.7492218017578,80.46303399187616,2.6723860208075507,1.8950780680752048
2021-07-06,138.43423461914062,139.53569387856405,136.53347186094717,136.53347186094717,108181800,0.0147183170425302,129.33348693847657,126.32080978393554,140.91986083984375,0.31816666666666665,0.0785,0.06566666666666666,0.855875,24.0,136.42626953125,133.80419921875,133.50201416015625,131.37705993652344,86.88918855758965,3.037411576754181,2.123544769811
2021-07-07,140.91986083984375,141.23177365056304,139.05808151749494,139.91585290212095,104911600,0.0179552856093838,130.20247688293458,126.51728897094726,139.6234588623047,0.51221875,0.12684375,0.02603125,0.8470624999999999,32.0,138.43423461914062,136.42626953125,133.80419921875,132.887939453125,88.31034504270146,3.4870694564066014,2.3962497071301208
2021-07-08,139.6234588623047,140.42274763655988,137.11833949517367,138.00536723887996,105575500,-0.0091995689593564,130.9876396179199,126.69426223754884,141.4462432861328,0.08259999999999999,0.07215,0.03805,0.8897,20.0,140.91986083984375,138.43423461914062,136.42626953125,133.50201416015625,80.92933335250275,3.696210150730508,2.6562417958501983
2021-07-09,141.4462432861328,141.97260274724476,139.04834716131978,139.1458282969305,99890800,0.0130550012059631,131.91365394592285,126.92345504760742,140.8516387939453,0.45683999999999997,0.09536,0.0394,0.86528,25.0,139.6234588623047,140.91986083984375,138.43423461914062,133.80419921875,88.45163336713412,3.963352071537713,2.9176638509877013
2021-07-12,140.8516387939453,142.62569425576672,140.36426288116348,142.51847096001342,76299700,-0.004203748918129,132.74950370788574,127.14270278930664,141.96287536621094,0.6222857142857142,0.09914285714285713,0.024523809523809524,0.8762857142857143,21.0,141.4462432861328,139.6234588623047,140.91986083984375,136.42626953125,84.23137806778512,4.080052054884135,3.150141491766988
2021-07-13,141.96287536621094,143.7369310790402,140.00362927408963,140.39352411006757,100827100,0.0078894117369219,133.48836822509764,127.42348785400392,145.3842315673828,0.41224999999999995,0.08153571428571428,0.03435714285714286,0.8840357142857143,28.0,140.8516387939453,141.4462432861328,139.6234588623047,138.43423461914062,83.73862068528183,4.213632998542721,3.362839793122135
2021-07-14,145.3842315673828,145.79364043052715,143.95134516697595,144.3607540301203,127050800,0.0241003585785795,134.4392375946045,127.75168212890624,144.73118591308594,0.547603448275862,0.08734482758620689,0.02481034482758621,0.8878793103448276,58.0,141.96287536621094,140.8516387939453,141.4462432861328,140.91986083984375,87.66459268938272,4.543200523171635,3.5989119391320354
2021-07-15,144.73118591308594,146.21281325196273,143.37628110522587,145.4720070192926,106820300,-0.0044918602743668,135.33259811401368,128.15809188842775,142.69395446777344,0.6514000000000001,0.11783333333333333,0.031433333333333334,0.8507666666666667,30.0,145.3842315673828,141.96287536621094,140.8516387939453,139.6234588623047,86.0700484159712,4.697539522772644,3.8186374558601575
2021-07-16,142.69395446777344,145.9788641734468,142.196836268165,144.71169838540143,93251400,-0.0140759673353045,136.0441680908203,128.5188914489746,138.85340881347656,0.6482758620689656,0.08855172413793104,0.03020689655172414,0.8813103448275862,29.0,144.73118591308594,145.3842315673828,141.96287536621094,141.4462432861328,79.27705504602353,4.60241298810152,3.9753925623084303
2021-07-19,138.85340881347656,140.43251704679776,138.0931035014654,140.12058929133983,121434600,-0.0269145645912016,136.62853240966797,128.77096237182616,142.45997619628906,0.6278571428571429,0.10478571428571429,0.036071428571428574,0.8591428571428572,14.0,142.69395446777344,144.73118591308594,145.3842315673828,140.8516387939453,65.370778423878,4.169066186656295,4.014127287178003
2021-07-20,142.45997619628906,143.3860023478585,139.35053030452949,139.83790622702588,96350000,0.0259739203641535,137.30354919433594,129.08171310424805,141.7289276123047,0.43165714285714285,0.08211428571428572,0.03377142857142857,0.8840571428571429,35.0,138.85340881347656,142.69395446777344,144.73118591308594,141.96287536621094,68.11808599803948,4.0697421170685,4.025250253156103
2021-07-21,141.7289276123047,142.4405072449087,140.97837931958148,141.85565012536404,74993500,-0.0051316068098811,137.86013412475586,129.4433459472656,143.09356689453125,0.5060454545454546,0.09404545454545454,0.025454545454545452,0.8805,22.0,142.45997619628906,138.85340881347656,142.69395446777344,145.3842315673828,65.50336573990205,3.887228020326404,3.997645806590163
2021-07-22,143.09356689453125,144.45821346206498,142.1285572602189,142.25527975346566,77338200,0.0096285162472935,138.49859619140625,129.85059677124025,144.80911254882812,0.5711379310344827,0.08603448275862069,0.03410344827586207,0.8799310344827587,29.0,141.7289276123047,142.45997619628906,138.85340881347656,144.73118591308594,66.83153863422973,3.808793864249367,3.959875418122004
2021-07-23,144.80911254882812,144.96507639303513,143.2105203295334,143.82461867014172,71447400,0.011988978201664,139.23696899414062,130.35337326049805,145.2283172607422,0.63656,0.096,0.022160000000000003,0.88188,25.0,143.09356689453125,141.7289276123047,142.45997619628906,142.69395446777344,65.70491417123674,3.840790188870841,3.9360583722717717
2021-07-26,145.2283172607422,146.04710543551434,143.9708787526298,144.5264945756414,72434100,0.0028948779847863,140.01092376708985,130.82164489746094,143.06436157226562,0.5159736842105263,0.07689473684210527,0.021342105263157895,0.901842105263158,38.0,144.80911254882812,143.09356689453125,141.7289276123047,138.85340881347656,63.5341163797165,3.855529677329571,3.919952633283332
2021-07-27,143.06436157226562,145.44275893789174,141.87516288945258,145.35501995009983,104818600,-0.0149003701846341,140.59528884887695,131.19828964233398,141.3195037841797,0.46721428571428575,0.08873214285714286,0.024214285714285716,0.8871607142857142,56.0,145.2283172607422,144.80911254882812,143.09356689453125,142.45997619628906,54.327399742096304,3.650516803652863,3.8660654673572385
2021-07-28,141.3195037841797,143.25926511063363,138.9411071473103,141.1537977724019,118931200,-0.0121963133858781,141.0168670654297,131.56304138183594,141.96287536621094,0.4672941176470588,0.08215294117647058,0.03209411764705883,0.885764705882353,85.0,143.06436157226562,145.2283172607422,144.80911254882812,141.7289276123047,53.361616982770926,3.3091019160685278,3.7546727570994967
2021-07-29,141.96287536621094,142.84990322262558,140.92964066468824,141.03686397561236,56699500,0.0045526028948827,141.4399101257324,131.96834350585937,142.1772918701172,0.5325,0.09326666666666666,0.04126666666666667,0.8653333333333334,30.0,141.3195037841797,143.06436157226562,145.2283172607422,143.09356689453125,51.07420375416096,3.0552241455469016,3.614783034788978
2021-07-30,142.1772918701172,142.635426385787,140.4714762953773,140.73466343435456,70440600,0.0015103702524561,141.8585647583008,132.38105270385742,141.845947265625,0.386103448275862,0.10620689655172413,0.045137931034482756,0.8487241379310345,29.0,141.96287536621094,141.3195037841797,143.06436157226562,144.80911254882812,52.80063338065635,2.8386041416544288,3.459547256162068
2021-08-02,141.845947265625,143.23983580138477,141.58276000154768,142.66473556104495,62880000,-0.0023305029947741,142.12954864501953,132.73605850219727,143.63946533203125,0.6371578947368421,0.11178947368421054,0.04852631578947369,0.8396842105263158,19.0,142.1772918701172,141.96287536621094,141.3195037841797,145.2283172607422,49.74455491619281,2.610106801019583,3.289659165133571
2021-08-03,143.63946533203125,144.30228959895825,141.51449808960257,142.12859665195967,64786600,0.0126441262579581,142.38981018066406,133.16358505249025,143.2398223876953,0.6725454545454546,0.08663636363636364,0.024636363636363637,0.8888181818181817,22.0,141.845947265625,142.1772918701172,141.96287536621094,143.06436157226562,45.89646215428829,2.5444125274603664,3.1406098375989306
2021-08-04,143.2398223876953,144.05861060643986,142.58674024606307,143.55175020828588,56368300,-0.0027822642155631,142.50580825805665,133.55056243896485,143.34701538085938,0.3934285714285714,0.09635714285714285,0.04871428571428572,0.8548571428571429,14.0,143.63946533203125,141.845947265625,142.1772918701172,141.3195037841797,46.450130099183376,2.432066152018706,2.998901100482886
2021-08-05,143.34701538085938,144.107320690727,142.47948676454712,143.26903344221475,46397700,0.0007483463144344,142.69198608398438,133.94358245849608,142.6636505126953,0.2240769230769231,0.06976923076923078,0.05003846153846154,0.8801538461538462,26.0,143.2398223876953,143.63946533203125,141.845947265625,141.96287536621094,51.71174774327984,2.3248806419162804,2.864097008769565
2021-08-06,142.6636505126953,143.6105775396916,142.16578765248929,142.86866162914254,54126800,-0.0047672068117248,142.7528564453125,134.32390975952148,142.61485290527344,0.4018529411764706,0.09064705882352941,0.04647058823529412,0.8630882352941176,34.0,143.34701538085938,143.2398223876953,143.63946533203125,142.1772918701172,61.96783884146213,2.159895587345261,2.723256724484705
2021-08-09,142.61485290527344,143.21034301067533,142.05841963396023,142.72223685529076,48908700,-0.0003420465356558,142.8410171508789,134.73386810302733,142.1365203857422,0.4141818181818182,0.08009090909090909,0.04436363636363636,0.8758181818181818,11.0,142.6636505126953,143.34701538085938,143.2398223876953,141.845947265625,50.626478241762584,2.0021269110939386,2.5790307618065516
2021-08-10,142.1365203857422,144.19632898598317,141.84365370926938,142.95653516321173,69023100,-0.0033540161475955,142.84969940185547,135.14732223510742,142.3903350830078,0.6415238095238095,0.08904761904761904,0.02419047619047619,0.8867619047619048,21.0,142.61485290527344,142.6636505126953,143.34701538085938,143.63946533203125,51.68312913819654,1.8175451328592658,2.4267336360170946
2021-08-11,142.3903350830078,143.2298783064216,142.06818321748432,142.57581781429272,48493500,0.0017857106433787,142.70000457763672,135.57228561401368,145.3482208251953,0.619,0.09263636363636363,0.020863636363636362,0.8863636363636364,22.0,142.1365203857422,142.61485290527344,142.6636505126953,143.2398223876953,46.802724486383816,1.6724643407722795,2.2758797769681314
2021-08-12,145.3482208251953,145.50441833818107,142.37077090309373,142.71245110077322,72282600,0.0207730794401401,142.7308563232422,136.04120040893554,145.55325317382812,0.34514285714285714,0.06614285714285714,0.04342857142857143,0.8904761904761904,21.0,142.3903350830078,142.1365203857422,142.61485290527344,143.34701538085938,52.20229361172163,1.7756943282202542,2.175842687218556
2021-08-13,145.55325317382812,145.88516176552068,144.74299521470792,145.42634081402107,59375000,0.001410628540678,142.87382125854492,136.54384826660157,147.5252227783203,0.40344,0.0842,0.04256,0.8732,25.0,145.3482208251953,142.3903350830078,142.1365203857422,142.6636505126953,51.351025561314806,1.8526925475850078,2.1112126592918465
2021-08-16,147.5252227783203,147.59356480078714,142.9858407795006,145.00659283395282,103296000,0.0135480970812595,143.30741195678712,137.04012222290038,146.61734008789062,0.41265,0.0732,0.0405,0.8862500000000001,20.0,145.55325317382812,145.3482208251953,142.3903350830078,142.61485290527344,68.8483771596716,2.0492135990401152,2.0988128472415006
2021-08-17,146.61734008789062,148.0718870042623,145.5435005089824,146.6563820290242,92229700,-0.0061540845242031,143.5152801513672,137.5180435180664,142.87844848632812,0.6827727272727273,0.09536363636363636,0.027954545454545454,0.8765909090909091,22.0,147.5252227783203,145.55325317382812,145.3482208251953,142.1365203857422,74.08859243677074,2.1074065318662463,2.10053158416645
2021-08-18,142.87844848632812,147.13473517673972,142.67343732669485,146.2366215497856,86326000,-0.0255010191790493,143.57275619506837,137.9048112487793,143.2103729248047,0.16435294117647056,0.07717647058823529,0.05252941176470588,0.8702352941176471,17.0,146.61734008789062,147.5252227783203,145.55325317382812,142.3903350830078,53.24853633685205,1.8307240975527463,2.0465700868437096
2021-08-19,143.2103729248047,144.47945217305653,141.06270837166667,141.5800998127829,86960300,0.0023231245999169,143.57859649658204,138.29061462402345,144.66488647460938,0.25434615384615383,0.09219230769230768,0.05307692307692307,0.8546923076923078,26.0,142.87844848632812,146.61734008789062,147.5252227783203,145.3482208251953,53.635153129161125,1.619565460660823,1.9611691616071325
2021-08-20,144.66488647460938,144.9675098694575,143.28842371499448,143.93272733385453,60549600,0.0101564818252963,143.5713851928711,138.72539321899413,146.14874267578125,0.4162307692307692,0.07007692307692308,0.034846153846153846,0.8951538461538462,26.0,143.2103729248047,142.87844848632812,146.61734008789062,145.55325317382812,59.192534592296546,1.5517007666625204,1.87927548261821
2021-08-23,146.14874267578125,146.6173203855108,144.3720292286724,144.78203658666283,60131800,0.0102571967346913,143.61740646362304,139.165675201416,146.06088256835938,0.4426666666666667,0.08793333333333334,0.026933333333333333,0.8851333333333333,15.0,144.66488647460938,143.2103729248047,142.87844848632812,147.5252227783203,58.35139565732302,1.5992175179919457,1.8232638896929572
2021-08-24,146.06088256835938,147.27139120779157,145.60206158624177,145.89492826143862,48606400,-0.0006011690953564,143.76723251342773,139.54318115234375,144.8308868408203,0.62425,0.11895,0.0338,0.8473499999999999,20.0,146.14874267578125,144.66488647460938,143.2103729248047,146.61734008789062,59.58806000491639,1.611212257410216,1.780853563236409
2021-08-25,144.8308868408203,146.7442698916124,144.28421022511418,146.24639198416384,58991300,-0.0084211166323974,143.94280166625975,139.91246200561525,144.03036499023438,0.5638846153846153,0.10103846153846154,0.03792307692307692,0.8610384615384615,26.0,146.06088256835938,146.14874267578125,144.66488647460938,142.87844848632812,54.68567656511243,1.5041291347301353,1.7255086775351545
2021-08-26,144.03036499023438,145.57278230599707,144.00107981111,144.82110951404735,48597200,-0.0055272868104837,144.04617614746093,140.25578979492187,145.06517028808594,0.7426153846153846,0.09638461538461539,0.019769230769230768,0.8839230769230769,13.0,144.8308868408203,146.06088256835938,146.14874267578125,143.2103729248047,54.28402795913076,1.339231735606603,1.6482532891494444
2021-08-27,145.06517028808594,145.2115961914639,143.33727014912955,143.97180225819312,55802400,0.0071846328926663,144.19057006835936,140.5878421020508,149.4776153564453,0.5036451612903226,0.1152258064516129,0.031903225806451614,0.8528709677419355,31.0,144.03036499023438,144.8308868408203,146.06088256835938,144.66488647460938,57.23350048017931,1.2773252872831051,1.5740676887761766
2021-08-30,149.4776153564453,149.83882401907485,145.07490345956626,145.45562564226032,90956700,0.0304169847220849,144.5721534729004,141.0340719604492,148.21835327148438,0.5661428571428572,0.08502857142857143,0.022314285714285714,0.8926,35.0,145.06517028808594,144.03036499023438,144.8308868408203,146.14874267578125,67.58649479320499,1.5662565906334578,1.572505469147633
2021-08-31,148.21835327148438,149.1652806367618,147.6911901527622,149.02861147557854,86453100,-0.008424419147697,144.80109786987305,141.41924621582032,148.88211059570312,0.5194054054054054,0.09816216216216217,0.031270270270270274,0.8705405405405405,37.0,149.4776153564453,145.06517028808594,144.03036499023438,146.06088256835938,63.3200601790725,1.674324236445159,1.5928692226071384
2021-09-01,148.88211059570312,151.29335581344367,148.71615631662897,149.19450563571235,80313700,0.0044782397696929,145.08321228027344,141.78494384765625,149.99501037597656,0.507483870967742,0.09393548387096774,0.034967741935483874,0.8711612903225806,31.0,148.21835327148438,149.4776153564453,145.06517028808594,144.8308868408203,59.02298084812443,1.792861304053588,1.6328676388964283
2021-09-02,149.99501037597656,151.03956466217258,148.77474502994417,150.20977826854366,71115500,0.0074750403243246,145.4156120300293,142.1783575439453,150.62957763671875,0.5205714285714286,0.08323809523809524,0.032,0.8847857142857143,42.0,148.88211059570312,148.21835327148438,149.4776153564453,144.03036499023438,60.83853177259767,1.95407908816685,1.6971099287505127
2021-09-03,150.62957763671875,150.95172951907767,149.44835406806936,150.10241459437898,57808700,0.0042305891319422,145.81390838623048,142.59011596679687,152.9627227783203,0.13447058823529415,0.08105882352941177,0.04211764705882353,0.876764705882353,17.0,149.99501037597656,148.88211059570312,148.21835327148438,145.06517028808594,58.10401817047648,2.108741360472436,1.7794362150948975
2021-09-07,152.9627227783203,153.51915609845358,150.71743128739138,151.28363626481303,82278300,0.0154892895419818,146.3313018798828,143.05438598632813,151.42031860351562,0.5834736842105264,0.06968421052631579,0.016026315789473684,0.9142631578947368,38.0,150.62957763671875,149.99501037597656,148.88211059570312,149.4776153564453,65.41754626364997,2.3920041052217016,1.9019497931202585
2021-09-08,151.42031860351562,153.30440154284446,150.31719373274197,153.24583117728486,74420200,-0.0100835298090241,146.79549179077148,143.45525115966797,150.405029296875,0.28700000000000003,0.07245161290322581,0.042,0.8855806451612903,31.0,152.9627227783203,150.62957763671875,149.99501037597656,148.21835327148438,73.23438589500947,2.4636335111779317,2.0142865367317935
2021-09-09,150.405029296875,152.39649574316758,150.2878736971047,151.7912489116524,57305700,-0.0067051061310938,147.19622650146485,143.80559295654297,145.4263458251953,0.7898695652173914,0.1117391304347826,0.019739130434782606,0.8685652173913043,23.0,151.42031860351562,152.9627227783203,150.62957763671875,148.88211059570312,68.86843569047552,2.4106860809993407,2.093566445585303
2021-09-10,145.4263458251953,151.78148246152148,145.16276433644302,151.3129047338198,140893200,-0.0331018417067197,147.20013275146485,144.04407958984376,145.99252319335938,0.45936231884057965,0.07620289855072464,0.04123188405797102,0.8824927536231885,69.0,150.405029296875,151.42031860351562,152.9627227783203,149.99501037597656,51.685428170964414,1.9445709105430922,2.063767338576861
2021-09-13,145.99252319335938,147.81803506194143,145.21155053067017,147.04683405361763,102404300,0.003893224195048,147.22209625244142,144.28784606933593,144.59652709960938,0.15267999999999998,0.06826,0.03916,0.89262,50.0,145.4263458251953,150.405029296875,151.42031860351562,150.62957763671875,49.63957912642824,1.60238575610137,1.971491022081763
2021-09-14,144.59652709960938,147.47636462391318,143.41531883609252,146.77349074156675,109296300,-0.009562106765571,147.07566146850587,144.4512512207031,145.4849090576172,0.34120560747663553,0.06164485981308411,0.03152336448598131,0.906841121495327,107.0,145.99252319335938,145.4263458251953,150.405029296875,152.9627227783203,46.813841039990336,1.2046696560418582,1.818126748873782
2021-09-15,145.4849090576172,145.88515965134906,142.88818092204215,145.02608811276684,83281300,0.0061438678772403,147.0190399169922,144.59226470947266,145.25062561035156,0.3585217391304348,0.09154347826086957,0.0401304347826087,0.8683260869565217,46.0,144.59652709960938,145.99252319335938,145.4263458251953,151.42031860351562,51.44450151183654,0.950208370240432,1.644543073147112
2021-09-16,145.25062561035156,145.42635157507345,143.71798000246844,144.90896023332135,68034100,-0.00161036253714,147.13764877319335,144.6788800048828,142.58554077148438,0.39226923076923076,0.09476923076923077,0.04746153846153846,0.8578076923076924,26.0,145.4849090576172,144.59652709960938,145.99252319335938,150.405029296875,52.76426063433752,0.7213262517225019,1.4598997088621901
2021-09-17,142.58554077148438,145.2798957731565,142.2926741544572,145.2798957731565,129868800,-0.0183481814805847,147.10640716552734,144.7381216430664,139.53977966308594,0.43217241379310345,0.09227586206896553,0.03641379310344828,0.8713103448275862,29.0,145.25062561035156,145.4849090576172,144.59652709960938,145.4263458251953,44.76923879154786,0.3211830520426986,1.2321563774982918
2021-09-20,139.53977966308594,141.39457695669392,137.90950701335717,140.37932278347847,123478900,-0.0213609394888065,146.85015182495118,144.69999237060546,140.01812744140625,0.30400000000000005,0.11966666666666666,0.04719444444444445,0.8332222222222222,36.0,142.58554077148438,145.25062561035156,145.4849090576172,145.99252319335938,27.753464973165592,-0.23894635865607938,0.9379358302674177
2021-09-21,140.01812744140625,141.16030897663776,139.38359538478255,140.5062336067531,75834000,0.0034280387963581,146.54362106323242,144.68332214355468,142.38058471679688,0.49007407407407405,0.10662962962962963,0.031148148148148147,0.8622592592592592,27.0,139.53977966308594,142.58554077148438,145.25062561035156,144.59652709960938,30.978172381131714,-0.636912354993882,0.6229661932151578
2021-09-22,142.38058471679688,142.94677480134484,140.28171911608493,141.01387841720836,76404300,0.0168725101425117,146.3596061706543,144.6916763305664,143.3372344970703,0.20371875,0.08125,0.049,0.86971875,32.0,140.01812744140625,139.53977966308594,142.58554077148438,145.4849090576172,36.020315760463006,-0.7529926850849904,0.34777441755512817
2021-09-23,143.3372344970703,143.58128753921014,142.17553963315416,143.16150856090553,64838200,0.0067189622951491,146.2849235534668,144.65073638916016,143.4250946044922,0.277775,0.08805,0.0375,0.874475,40.0,142.38058471679688,140.01812744140625,139.53977966308594,145.25062561035156,35.587500825791096,-0.7590437568429991,0.1264107826755027
2021-09-24,143.4250946044922,143.96201429353556,142.09744541695585,142.19507259526048,53477900,0.0006129608104283,146.2546600341797,144.62461456298828,141.9119873046875,0.6919000000000001,0.1283,0.0182,0.8533,10.0,143.3372344970703,142.38058471679688,140.01812744140625,142.58554077148438,34.02590618531657,-0.7481257702283983,-0.04849652790527749
2021-09-27,141.9119873046875,142.48796392317834,140.39887004950094,142.00961449990794,74150700,-0.0105498086229416,146.09700088500978,144.60897521972657,138.5343017578125,0.6027,0.10529999999999999,0.05670000000000001,0.83825,20.0,143.4250946044922,143.3372344970703,142.38058471679688,139.53977966308594,24.573195265316556,-0.8517498585321164,-0.2091471940306453
2021-09-28,138.5343017578125,141.30674132874793,138.31953384357482,139.8424227657557,108972300,-0.0238012701465666,145.54983520507812,144.60259307861327,139.4324188232422,0.4648,0.10272,0.04332,0.85384,25.0,141.9119873046875,143.4250946044922,143.3372344970703,140.01812744140625,22.65945612746907,-1.1926752720987395,-0.4058528096442642
2021-09-29,139.4324188232422,141.013878143942,138.65144592439347,139.08098176355122,74602000,0.0064829941323831,145.11053848266602,144.54204193115234,138.134033203125,0.19114285714285714,0.08033333333333334,0.04576190476190476,0.873904761904762,21.0,138.5343017578125,141.9119873046875,143.4250946044922,142.38058471679688,26.602838370120395,-1.3745456704189394,-0.5995913817991992
2021-09-30,138.134033203125,140.94552924628812,137.91926531672686,140.24265523549735,89056700,-0.0093119349938491,144.5731346130371,144.47014404296874,139.25665283203125,0.48964285714285716,0.10657142857142857,0.040999999999999995,0.8524285714285714,14.0,139.4324188232422,138.5343017578125,141.9119873046875,143.3372344970703,31.555534972038586,-1.6049473063724236,-0.8006625667138442
2021-10-01,139.25665283203125,139.5202342750178,135.80086848455736,138.52449374270236,94639600,0.0081270314264656,144.03621673583984,144.39340576171875,135.83018493652344,0.6627368421052632,0.08257894736842104,0.026947368421052633,0.8903157894736843,19.0,138.134033203125,139.4324188232422,138.5343017578125,143.4250946044922,33.42937923516632,-1.6776177082309118,-0.9760535950172577
2021-10-04,135.83018493652344,138.82716398233575,134.9808849639791,138.3878565109193,98322000,-0.0246054161566037,143.29624710083007,144.21382720947267,137.75332641601562,0.5130714285714285,0.10653571428571429,0.04078571428571428,0.8526428571428571,28.0,139.25665283203125,138.134033203125,139.4324188232422,141.9119873046875,30.393066274603754,-1.988771528038285,-1.178597181621463
2021-10-05,137.75332641601562,138.8564511470798,136.0449547897289,136.17186716291496,80861100,0.0141584249509114,142.53577728271483,144.06432739257812,138.62217712402344,0.38681818181818184,0.07051515151515152,0.025272727272727273,0.9041212121212121,33.0,135.83018493652344,139.25665283203125,138.134033203125,138.5343017578125,33.472439224077476,-2.0564759522807208,-1.3541729357533145
2021-10-06,138.62217712402344,138.7686030429388,135.07852092806354,136.15236065284557,83221100,0.0063072938462762,141.89587020874023,143.9754837036133,139.88148498535156,0.35111764705882353,0.08870588235294118,0.05070588235294118,0.8604117647058824,17.0,137.75332641601562,135.83018493652344,139.25665283203125,139.4324188232422,36.20483565284108,-2.016775077731779,-1.4866933641490077
2021-10-07,139.88148498535156,140.7893703718494,139.32505159657362,139.6569602773058,61732700,0.0090844617178493,141.36969299316405,143.94672332763673,139.50074768066406,0.4753684210526316,0.06736842105263158,0.032578947368421055,0.8998947368421052,19.0,138.62217712402344,137.75332641601562,135.83018493652344,138.134033203125,44.02253729400011,-1.862229604999385,-1.561800612319083
2021-10-08,139.50074768066406,140.75029837603776,139.16883903566588,140.60387247260306,58773200,-0.0027218563252124,141.0734130859375,143.8974807739258,139.41287231445312,0.4641,0.08155,0.0403,0.8782500000000001,20.0,139.88148498535156,138.62217712402344,137.75332641601562,139.25665283203125,49.90219379546192,-1.7502971865089023,-1.599499927157047
2021-10-11,139.41287231445312,141.36529686032225,138.43666004151856,138.88572424122802,64452200,-0.0006299275643461,140.7444305419922,143.8421923828125,138.143798828125,0.598125,0.11462499999999999,0.0379375,0.8475,16.0,139.50074768066406,139.88148498535156,138.62217712402344,135.83018493652344,48.45308236967845,-1.649664441275263,-1.6095328299806901
2021-10-12,138.143798828125,139.84241361250955,137.68497785008697,139.82288519545196,73035900,-0.0091029864406326,140.42179412841796,143.7681494140625,137.55810546875,0.16996969696969697,0.07312121212121213,0.047696969696969696,0.8790606060606061,33.0,139.41287231445312,139.50074768066406,139.88148498535156,137.75332641601562,38.53055330201695,-1.6532581589756319,-1.6182778957796786
2021-10-13,137.55810546875,138.03644005527403,135.88877555756454,137.8802573777795,78762700,-0.0042397368853573,140.02545394897462,143.64652221679688,140.3402557373047,0.044788461538461534,0.06559615384615385,0.06623076923076923,0.8680769230769231,52.0,138.143798828125,139.41287231445312,139.50074768066406,138.62217712402344,34.03460494667115,-1.6839551783323543,-1.631413352290214
2021-10-14,140.3402557373047,140.45741132647578,138.14377836199483,138.72951162040368,69907100,0.0202252732332572,139.77993545532226,143.58853088378908,141.39459228515625,0.6153870967741935,0.09138709677419356,0.038548387096774196,0.8700322580645161,31.0,137.55810546875,138.143798828125,139.41287231445312,139.88148498535156,42.58210146884429,-1.466877264059491,-1.5985061346440694
2021-10-15,141.39459228515625,141.45316264244676,140.0962280805495,140.35005282323274,67940300,0.007512716449834,139.72038803100585,143.549482421875,143.06393432617188,0.4233928571428572,0.10146428571428572,0.05778571428571428,0.84075,28.0,140.3402557373047,137.55810546875,138.143798828125,139.50074768066406,48.72778654068097,-1.1959788058796903,-1.5180006688911938
2021-10-18,143.06393432617188,143.347029376178,139.75457479053856,140.03766984054468,85589200,0.0118062651055919,139.89659576416017,143.55748809814452,145.22134399414062,0.5610363636363637,0.08229090909090908,0.024272727272727272,0.8935272727272727,55.0,141.39459228515625,140.3402557373047,137.55810546875,139.41287231445312,62.15937018710882,-0.8369401495509123,-1.3817885650231376
2021-10-19,145.22134399414062,145.62159463310732,143.06392303976392,143.51297237963328,76378900,0.0150800387122729,140.15675659179686,143.60961791992187,145.7094268798828,0.3894878048780488,0.06263414634146341,0.0165609756097561,0.9209268292682927,41.0,143.06393432617188,141.39459228515625,140.3402557373047,138.143798828125,64.55572360227714,-0.3740032213693212,-1.1802314962923743
2021-10-20,145.7094268798828,146.1877762179813,144.5965455732881,145.1627504339508,58418800,0.0033609583296645,140.32319869995118,143.6810760498047,145.92422485351562,0.648,0.097875,0.0158125,0.886375,16.0,145.22134399414062,143.06393432617188,141.39459228515625,137.55810546875,69.85677203114939,0.03189418300729585,-0.9378063604324403
2021-10-21,145.92422485351562,146.0804224119474,144.35252229936606,145.27016433537898,61421000,0.0014741528961601,140.45254821777343,143.75175384521484,145.15304565429688,0.3886176470588235,0.08661764705882352,0.05432352941176471,0.859,34.0,145.7094268798828,145.22134399414062,143.06393432617188,140.3402557373047,68.35050940274313,0.3666763845265564,-0.676909811440641
2021-10-22,145.15304565429688,146.60759281256946,145.10423204789777,146.12925819899365,58883400,-0.0052847921583472,140.53894577026367,143.74785034179686,145.1041717529297,0.3372916666666667,0.07541666666666667,0.05245833333333333,0.8720625000000001,48.0,145.92422485351562,145.7094268798828,145.22134399414062,141.39459228515625,80.05052169353911,0.5632729153002742,-0.428873266092458
2021-10-25,145.1041717529297,145.81680244360976,144.10843120026792,145.14321368433312,50720600,-0.0003367059998423,140.69855499267578,143.7388687133789,145.76806640625,0.6257567567567567,0.10008108108108107,0.034459459459459454,0.8655405405405405,37.0,145.15304565429688,145.92422485351562,145.7094268798828,143.06393432617188,76.95043753307651,0.7069836989563498,-0.20170187308269646
2021-10-26,145.76806640625,147.25189877039264,145.46542800058126,145.77782316934065,60893400,0.0045752968043588,141.06024322509765,143.7037255859375,145.30921936035156,0.629780487804878,0.09268292682926829,0.044804878048780486,0.8625853658536585,41.0,145.1041717529297,145.15304565429688,145.92422485351562,145.22134399414062,76.59874887684036,0.8644810807300587,0.011534717679854561
2021-10-27,145.30921936035156,146.16827612937263,144.9577823061733,145.80708231384622,56094900,-0.0031477885191921,141.3540832519531,143.6775631713867,148.9407196044922,0.5658888888888889,0.10227777777777777,0.037611111111111116,0.8600833333333333,36.0,145.76806640625,145.1041717529297,145.15304565429688,145.7094268798828,71.48356626040321,0.9414216459143745,0.19751210332675856
2021-10-28,148.9407196044922,149.52643805425132,146.1585085567286,146.256135746264,100077900,0.024991533642025,141.8944175720215,143.79880859375,146.23663330078125,0.5068658536585366,0.08151219512195122,0.038878048780487805,0.8796341463414633,82.0,145.30921936035156,145.76806640625,145.1041717529297,145.92422485351562,79.71711345435541,1.2806665908658488,0.4141430008345766
2021-10-29,146.23663330078125,146.37330245291255,142.92727357091124,143.718003300801,124953200,-0.0181554534642478,142.243416595459,143.85933380126954,145.4165802001953,0.2862016806722689,0.07981512605042017,0.07285714285714286,0.8473613445378151,119.0,148.9407196044922,145.30921936035156,145.76806640625,145.15304565429688,68.44332743853352,1.3161517105076825,0.5945447427691979
2021-11-01,145.4165802001953,146.13896771640327,144.2841704394488,145.44586537540286,74588300,-0.0056077132116358,142.72273635864258,143.87436767578126,146.45140075683594,0.4713214285714286,0.098,0.05289285714285714,0.849,28.0,146.23663330078125,148.9407196044922,145.30921936035156,145.1041717529297,70.14593289098949,1.2635372211716742,0.7283432384496932
2021-11-02,146.45140075683594,147.96453308347574,145.113979527006,145.12375118515345,69122000,0.007116248746986,143.1576400756836,143.88042083740234,147.88641357421875,0.5928064516129032,0.09512903225806452,0.039161290322580644,0.8658709677419354,31.0,145.4165802001953,146.23663330078125,148.9407196044922,145.76806640625,74.03674605629446,1.290465546339334,0.8407677000276215
2021-11-03,147.88641357421875,148.35499132920407,146.25614074482093,146.81257403590004,54511500,0.0097985598633192,143.62085189819337,143.91693145751952,147.3690185546875,0.6993809523809523,0.107,0.03438095238095238,0.8584761904761904,21.0,146.45140075683594,145.4165802001953,146.23663330078125,145.30921936035156,71.99759093808409,1.4113310338677252,0.9548803667956423
2021-11-04,147.3690185546875,148.80403696262286,147.0566234619275,147.97426542713765,60394600,-0.00349859738313,143.99522857666017,143.9676940917969,147.89697265625,0.5470344827586208,0.10227586206896552,0.024586206896551725,0.8730689655172413,29.0,147.88641357421875,146.45140075683594,145.4165802001953,148.9407196044922,67.97869409495821,1.4486689950870186,1.0536380924539177
2021-11-05,147.89697265625,148.79639720102944,146.70425393179946,148.49333201847526,65463900,0.0035825311638795,144.41503982543946,144.0450262451172,147.07571411132812,0.4985555555555556,0.10011111111111111,0.0375,0.8624444444444445,18.0,147.3690185546875,147.88641357421875,146.45140075683594,146.23663330078125,65.61673526621686,1.5035293318354377,1.1436163403302217
2021-11-08,147.07571411132812,148.18044870579655,146.80197694204415,148.0240232040466,55020900,-0.0055529097734183,144.7981819152832,144.08523712158205,147.4374542236328,0.7765000000000001,0.11,0.016,0.874,14.0,147.89697265625,147.3690185546875,147.88641357421875,145.4165802001953,56.5582192520064,1.4638633375923291,1.2076657397826434
2021-11-09,147.4374542236328,148.0435844748696,146.70422637098488,146.8410949734435,56787900,0.0024595502696718,145.2628646850586,144.04443389892575,144.612060546875,0.5265263157894736,0.07405263157894737,0.024473684210526314,0.9016315789473685,19.0,147.07571411132812,147.89697265625,147.3690185546875,146.45140075683594,56.16649895671341,1.4449605494934872,1.2551247017248122
2021-11-10,144.612060546875,146.7726448402154,144.54363371528353,146.66510417552325,65187100,-0.0191633373733668,145.61556243896484,143.9723080444336,144.56317138671875,0.2558888888888889,0.0787037037037037,0.046296296296296294,0.8750370370370371,27.0,147.4374542236328,147.07571411132812,147.89697265625,147.88641357421875,46.052931132612414,1.1882963561192241,1.2417590326036945
2021-11-11,144.56317138671875,146.0882826457482,144.37741797894228,145.6288070022433,41000000,-0.0003380711122665,145.82670822143555,143.8859292602539,146.6357879638672,0.7629411764705882,0.11494117647058823,0.019823529411764705,0.8652941176470589,17.0,144.612060546875,147.4374542236328,147.07571411132812,147.3690185546875,48.14501671778611,0.9697643473249684,1.1873600955479493
2021-11-12,146.6357879638672,147.03660782102534,144.18190939663026,145.11066161989166,63804000,0.0143370995341822,146.0887680053711,143.81874481201172,146.64553833007812,0.35862962962962963,0.08829629629629629,0.04633333333333334,0.8652962962962962,27.0,144.56317138671875,144.612060546875,147.4374542236328,147.89697265625,54.272657308842255,0.9528352998960372,1.140455136417567
2021-11-15,146.64553833007812,148.48350051743287,146.08827812399716,147.00725921767452,59222800,6.649376899270365e-05,146.2678482055664,143.73906402587892,147.62322998046875,0.8195384615384615,0.08661538461538461,0.026307692307692306,0.8873846153846153,13.0,146.6357879638672,144.56317138671875,144.612060546875,147.07571411132812,52.54055181213011,0.9294910862531651,1.0982623263846867
2021-11-16,147.62322998046875,148.1022776202638,146.00034850775356,146.58693684556133,59256200,0.0066670398671795,146.3879425048828,143.63227416992189,150.05751037597656,0.5550689655172414,0.08893103448275863,0.023793103448275864,0.8872758620689656,29.0,146.64553833007812,146.6357879638672,144.56317138671875,147.4374542236328,56.50435550904342,0.9786014654957569,1.0743301542069008
2021-11-17,150.05751037597656,151.53373689410836,147.61341784542643,147.62318884522813,88807000,0.0164898193585785,146.6053466796875,143.6050180053711,154.33953857421875,0.3579,0.0819,0.040833333333333326,0.8772666666666668,30.0,147.62322998046875,146.64553833007812,146.6357879638672,144.612060546875,53.36566406451186,1.2001137147947532,1.0994868663244715
2021-11-18,154.33953857421875,155.12165110785514,149.62733629184328,150.27258025090998,137827700,0.0285359139140277,147.02611236572267,143.68370819091797,156.9596405029297,0.47628125,0.07509375,0.03440625,0.8905625,32.0,150.05751037597656,147.62322998046875,146.64553833007812,144.56317138671875,72.2988521192291,1.7015729833099442,1.219904089721566
2021-11-19,156.9596405029297,157.41913113659675,153.02953515610952,154.12448394226502,117305600,0.0169762197873293,147.6164421081543,143.91437408447266,157.41912841796875,0.4577727272727273,0.10802272727272727,0.03663636363636364,0.8553636363636364,44.0,154.33953857421875,150.05751037597656,147.62322998046875,146.6357879638672,78.90254637483152,2.284074011550217,1.4327380740872964
2021-11-22,157.41912841796875,161.99446283900974,157.39957149925132,158.0643575600625,117467900,0.0029274271625927,148.23218994140626,144.14290618896484,157.80043029785156,0.6642173913043479,0.11204347826086956,0.028130434782608696,0.8597391304347827,23.0,156.9596405029297,154.33953857421875,150.05751037597656,146.64553833007812,78.27666704170565,2.7510744341740576,1.6964053461046487
2021-11-23,157.80043029785156,158.18170822428823,155.50297681960475,157.5169071447605,96041900,0.0024222080487601,148.83380813598632,144.40698425292967,158.31854248046875,0.45031999999999994,0.10311999999999999,0.05288,0.84404,25.0,157.41912841796875,156.9596405029297,154.33953857421875,147.62322998046875,77.02856172982794,3.1160239245489265,1.9803290617935043
2021-11-24,158.31854248046875,158.5140669022848,156.0699743356913,157.1551520319611,69463600,0.0032833382116843,149.4842742919922,144.66365692138672,153.30331420898438,-0.018799999999999994,0.08285000000000001,0.059,0.8582000000000001,20.0,157.80043029785156,157.41912841796875,156.9596405029297,150.05751037597656,79.85049543665815,3.4077736546576602,2.2658179803663354
2021-11-26,153.30331420898438,156.86191365315102,152.86338037425756,156.00160290809217,76959800,-0.0316780851624065,149.7024040222168,144.82471069335938,156.65658569335938,0.4069047619047619,0.08828571428571429,0.03580952380952381,0.8758095238095238,21.0,158.31854248046875,157.80043029785156,157.41912841796875,154.33953857421875,61.841531822508365,3.1974422858819196,2.4521428414694526
2021-11-29,156.65658569335938,157.5853380225465,155.23899986098183,155.80603121042097,88748200,0.0218734441696661,150.2234016418457,145.10613159179687,161.60342407226562,0.5979444444444444,0.07472222222222222,0.035166666666666666,0.89,18.0,153.30331420898438,158.31854248046875,157.80043029785156,156.9596405029297,68.88981014280505,3.263712103561801,2.6144566938879223
2021-11-30,161.60342407226562,161.8185054389282,156.34373142534065,156.41217318635103,174048100,0.0315775960328232,151.03274383544922,145.54740447998046,161.0852813720703,0.3896,0.09044,0.06656,0.84304,25.0,156.65658569335938,153.30331420898438,158.31854248046875,157.41912841796875,73.653320424464,3.6730591863455686,2.826177192379452
2021-12-01,161.0852813720703,166.49161375206606,160.8506430799377,163.73466976035556,152052500,-0.003206260654252,151.76443786621093,145.96874755859375,160.0978546142578,0.4639333333333333,0.09283333333333334,0.034333333333333334,0.8728666666666667,30.0,161.60342407226562,156.65658569335938,153.30331420898438,157.80043029785156,79.80203912509862,3.9105811675839846,3.0430579874203585
2021-12-02,160.0978546142578,160.52801734787488,154.27114554315142,155.1901268526862,136739200,-0.0061298384892891,152.3750099182129,146.32309295654298,158.2207794189453,0.09231666666666666,0.07575,0.0824,0.8418666666666667,60.0,161.0852813720703,161.60342407226562,156.65658569335938,158.31854248046875,77.18108155010613,3.973339774283346,3.2291143447929564
2021-12-03,158.2207794189453,161.27101721338744,156.14819360952984,160.35203598315746,118023100,-0.0117245493378731,152.91759796142577,146.62076385498048,161.62298583984375,0.55434375,0.0856875,0.054718750000000003,0.85965625,32.0,160.0978546142578,161.0852813720703,161.60342407226562,153.30331420898438,70.40995505279683,3.827491205270377,3.3487897168884406
2021-12-06,161.62298583984375,164.12573463510114,160.60623481829575,160.61600581977925,107497000,0.0215029052024191,153.60389862060546,146.9847216796875,167.35191345214844,0.5502647058823529,0.09252941176470587,0.04929411764705882,0.8581470588235294,34.0,158.2207794189453,160.0978546142578,161.0852813720703,156.65658569335938,73.56931413906241,3.941005332009695,3.4672328399126915
2021-12-07,167.35191345214844,167.7429772469704,164.57542763792551,165.2988844701773,120405400,0.0354462428876398,154.6177085876465,147.49352020263672,171.1647186279297,0.5293265306122449,0.09346938775510204,0.03436734693877551,0.8721836734693877,49.0,161.62298583984375,158.2207794189453,160.0978546142578,161.60342407226562,77.00751776042179,4.442037630214259,3.6621937979730053
2021-12-08,171.1647186279297,172.02504411674911,166.882663021836,168.28069194116756,116998900,0.0227831585377806,155.80407180786133,148.14612854003906,170.6563262939453,0.439780487804878,0.07792682926829268,0.03831707317073171,0.8836585365853658,41.0,167.35191345214844,161.62298583984375,158.2207794189453,161.0852813720703,77.84375090579418,5.088118189779152,3.9473786763342353
2021-12-09,170.6563262939453,172.79735388590385,170.03063915946248,170.9985052389604,108923700,-0.0029701934958307,157.10628509521484,148.77060668945313,175.43699645996094,0.5372424242424242,0.09596969696969698,0.044212121212121216,0.859969696969697,33.0,171.1647186279297,167.35191345214844,161.62298583984375,160.0978546142578,73.90435637517609,5.495766895675615,4.257056320202512
2021-12-10,175.43699645996094,175.61297891700764,170.78344865474102,171.29182418696914,115402700,0.0280134365354918,158.64997634887695,149.51666595458985,171.80995178222656,0.5936190476190476,0.08442857142857144,0.02757142857142857,0.888095238095238,21.0,170.6563262939453,171.1647186279297,167.35191345214844,158.2207794189453,75.45799636209821,6.133883964585237,4.632421849079058
2021-12-13,171.80995178222656,178.05705234389498,171.60464142456377,177.06962931153166,153237000,-0.0206743432167807,159.90868453979493,150.16773193359376,170.43145751953125,0.6227678571428571,0.09673214285714285,0.028517857142857143,0.8747678571428572,56.0,175.43699645996094,170.6563262939453,171.1647186279297,161.62298583984375,68.2358791948437,6.274594526167078,4.960856384496662
2021-12-14,170.43145751953125,173.76520322122326,168.35887188331523,171.3308817563336,139380400,-0.0080233667979989,161.09798049926758,150.8597573852539,175.29031372070312,0.4867037037037037,0.07951851851851853,0.041166666666666664,0.8794074074074074,54.0,171.80995178222656,175.43699645996094,170.6563262939453,167.35191345214844,65.61134716462328,6.203367138631137,5.209358535323557
2021-12-15,175.29031372070312,175.48583813344078,168.45662585148168,171.1940123824784,131063300,0.0285091512558064,162.4813346862793,151.61049713134764,168.40774536132812,0.36972727272727274,0.10672727272727273,0.044954545454545455,0.8483181818181819,22.0,170.43145751953125,171.80995178222656,175.43699645996094,171.1647186279297,68.94366269147838,6.46446962725193,5.460380753709232
2021-12-16,168.40774536132812,177.08916675225177,166.9315188519041,175.27076132354634,150185800,-0.0392638258970844,163.3988464355469,152.20620849609375,167.31283569335938,0.2920625,0.06615625,0.05809375,0.87575,32.0,175.29031372070312,170.43145751953125,171.80995178222656,170.6563262939453,66.18468794880985,6.046331142349402,5.577570831437266
2021-12-17,167.31283569335938,169.59073223954843,165.8952646870351,166.12988807604526,195432700,-0.0065015398526924,164.0475112915039,152.7548355102539,165.95388793945312,0.47389285714285717,0.08732142857142856,0.03728571428571429,0.8754642857142858,28.0,168.40774536132812,175.29031372070312,170.43145751953125,175.43699645996094,61.99910380593825,5.562482485310284,5.57455316221187
2021-12-20,165.95388793945312,166.76532847471316,163.71510567618958,164.51676029378936,107499100,-0.008122196652006,164.4972236633301,153.2838983154297,169.12142944335938,0.22731578947368422,0.06468421052631579,0.06405263157894737,0.8710526315789474,19.0,167.31283569335938,168.40774536132812,175.29031372070312,171.80995178222656,55.32929985928699,5.011602577229468,5.46196304521539
2021-12-21,169.12142944335938,169.3267248588515,165.33796412188073,167.72340078083394,91185900,0.0190868773442771,165.08233871459962,153.8780694580078,171.7122039794922,0.7502142857142857,0.12592857142857145,0.039964285714285716,0.8340357142857143,28.0,165.95388793945312,167.31283569335938,168.40774536132812,170.43145751953125,59.24420561971425,4.775570603093371,5.324684556790986
2021-12-22,171.7122039794922,171.92728536537462,168.30024464668514,169.1703411922784,92135300,0.0153190198584531,165.77792739868164,154.54943756103515,172.33787536621094,0.6000357142857142,0.10757142857142857,0.036642857142857144,0.8557857142857143,28.0,169.12142944335938,165.95388793945312,167.31283569335938,175.29031372070312,62.885014368633314,4.742894283184313,5.208326502069651
2021-12-23,172.33787536621094,172.8951357013555,171.35046721642092,171.9174985527305,68356600,0.0036437211346578,166.47889404296876,155.24503295898438,176.2972869873047,0.7057333333333333,0.09746666666666666,0.0362,0.8662666666666666,15.0,171.7122039794922,169.12142944335938,165.95388793945312,168.40774536132812,66.10885611169073,4.713154208313682,5.109292043318457
2021-12-27,176.2972869873047,176.38527073958,173.11019564746687,173.12973764737882,74919600,0.0229747036899472,167.62859268188475,155.96417358398438,175.28053283691406,0.672608695652174,0.10434782608695652,0.024130434782608692,0.8713478260869565,23.0,172.33787536621094,171.7122039794922,169.12142944335938,167.31283569335938,66.5344181425994,4.95199292047306,5.0778322187493785
2021-12-28,175.28053283691406,177.27492068975482,174.5375340801528,176.1310871789595,79144300,-0.0057672705449167,168.5597900390625,156.64189239501954,175.36851501464844,0.6356938775510205,0.09953061224489795,0.020142857142857143,0.880326530612245,49.0,176.2972869873047,172.33787536621094,171.7122039794922,165.95388793945312,59.995021820890194,5.00157570665823,5.062580916331148
2021-12-29,175.36851501464844,176.59056116138325,174.15623986676752,175.31963018526795,62348900,0.0005019506519656,169.24804458618163,157.28798400878907,174.21495056152344,0.37428125,0.07890625,0.04271875,0.87834375,32.0,175.28053283691406,176.2972869873047,172.33787536621094,169.12142944335938,55.848675757907706,4.99044312646123,5.048153358357165
2021-12-30,174.21495056152344,176.53196092937984,174.10740987004013,175.4565540145469,59773000,-0.0065779450377888,169.9045280456543,157.86785614013672,173.59902954101562,0.42592857142857143,0.12496428571428572,0.037964285714285714,0.8368214285714286,28.0,175.36851501464844,175.28053283691406,176.2972869873047,171.7122039794922,54.863742306620686,4.832827637152064,5.005088214116146
2021-12-31,173.59902954101562,175.2218958133562,173.29594950484335,174.1073900997929,64062300,-0.0035354085198922,170.5795867919922,158.42564819335936,177.9397430419922,0.45815384615384613,0.09084615384615385,0.040461538461538465,0.8686923076923077,13.0,174.21495056152344,175.36851501464844,175.28053283691406,172.33787536621094,47.165244813668615,4.605131458568422,4.925096863006601
2022-01-03,177.9397430419922,178.79029755777358,173.73591497728762,173.8532266687499,104487900,0.0250042498074622,171.56553497314454,159.0659585571289,175.68136596679688,0.7389444444444444,0.11511111111111111,0.021833333333333333,0.8630555555555556,36.0,173.59902954101562,174.21495056152344,175.36851501464844,176.2972869873047,59.25052939513095,4.720524629743863,4.884182416354054
2022-01-04,175.68136596679688,178.84891521802436,175.11433471652768,178.54585013474667,99310400,-0.0126918081176634,172.2684539794922,159.6765249633789,171.00827026367188,0.6013947368421053,0.09636842105263158,0.026789473684210526,0.8769210526315789,38.0,177.9397430419922,173.59902954101562,174.21495056152344,175.28053283691406,57.717731190079895,4.5769817962646755,4.822742292336179
2022-01-05,171.00827026367188,176.14086475419518,170.73453308424857,175.59339039534856,94537600,-0.0265998370254486,172.45127182006837,160.19460693359375,168.15357971191406,0.43152,0.08372,0.03528,0.88104,25.0,175.68136596679688,177.9397430419922,173.59902954101562,175.36851501464844,43.670528627286814,4.039577562420391,4.666109346353021
2022-01-06,168.15357971191406,171.3797850968752,167.80162976232634,168.83792269234627,96904000,-0.0166932894377345,172.30071487426758,160.64231719970704,168.3197784423828,0.5868076923076923,0.08523076923076922,0.0205,0.8942307692307693,26.0,171.00827026367188,175.68136596679688,177.9397430419922,174.21495056152344,49.57352402751854,3.3447746849102202,4.401842414064461
2022-01-07,168.3197784423828,170.24572473108867,167.2052727402814,169.02367835082143,86709100,0.0009883746201151,172.18388748168945,161.10252838134767,168.3392791748047,0.6517941176470589,0.10255882352941177,0.023911764705882355,0.8736176470588235,34.0,168.15357971191406,171.00827026367188,175.68136596679688,173.59902954101562,51.743947281211796,2.775554384050338,4.076584808061637
2022-01-10,168.3392791748047,168.64234418914765,164.40917515069916,165.29882819880834,106765600,0.0001158552643207,171.82900161743163,161.49049957275392,171.1647186279297,0.5074242424242424,0.08912121212121213,0.029333333333333333,0.8815454545454546,33.0,168.3197784423828,168.15357971191406,171.00827026367188,177.9397430419922,54.33231775078303,2.2995094274553196,3.7211697319403734
2022-01-11,171.1647186279297,171.26247339503044,166.9999896269401,168.46644539148625,76138300,0.0167841959819197,171.7967399597168,161.98906127929686,171.60462951660156,0.5588260869565217,0.09708695652173914,0.021739130434782608,0.8813478260869566,23.0,168.3392791748047,168.3197784423828,168.15357971191406,175.68136596679688,53.75769096289762,2.125725677922645,3.402080921136828
2022-01-12,171.60462951660156,173.21772467571947,170.91051556767007,172.1814317936139,74805200,0.0025701026017408,171.85539855957032,162.512822265625,168.3392791748047,0.6397105263157895,0.10173684210526317,0.02631578947368421,0.8718684210526316,38.0,171.1647186279297,168.3392791748047,168.3197784423828,171.00827026367188,49.7851710099705,2.0004381310555175,3.121752363120566
2022-01-13,168.3392791748047,172.67020294051196,167.9482155131094,171.84899162728195,84505800,-0.0190283347890738,171.5078468322754,162.95057983398436,169.1996612548828,0.6774390243902438,0.09839024390243901,0.024585365853658538,0.8770731707317073,41.0,171.60462951660156,171.1647186279297,168.3392791748047,168.15357971191406,42.77629595652083,1.6189975684259537,2.821201404181644
2022-01-14,169.1996612548828,169.89377524696252,167.26392904254132,167.50833831927105,80440800,0.0051110001438505,171.5474426269531,163.37684478759766,166.00277709960938,0.59376,0.09476000000000001,0.0318,0.87348,25.0,168.3392791748047,171.60462951660156,171.1647186279297,168.3197784423828,35.56094853532795,1.3703324779568788,2.531027618936691
2022-01-18,166.00277709960938,168.6814931182034,165.6214992398613,167.67452813175186,90956700,-0.0188941522197118,171.48193969726563,163.74951995849608,162.5126495361328,0.6439230769230769,0.09579487179487178,0.030384615384615385,0.8737435897435898,39.0,169.1996612548828,168.3392791748047,171.60462951660156,168.3392791748047,32.66359225211035,0.9048709789868212,2.2057962909467173
2022-01-19,162.5126495361328,167.25419656378617,162.2291412735544,166.19834645502328,94815000,-0.0210245131102977,171.30987777709962,164.04183349609374,160.8310546875,0.67525,0.09678125,0.029718750000000002,0.87346875,32.0,166.00277709960938,169.1996612548828,168.3392791748047,171.1647186279297,28.687336080170965,0.2514665120066013,1.8149303351586943
2022-01-20,160.8310546875,165.8854360990158,160.50843269303434,163.24581922868165,91420500,-0.0103474705103427,170.89535903930664,164.3169403076172,158.778076171875,0.4831794871794872,0.07848717948717948,0.03541025641025641,0.8862051282051281,39.0,162.5126495361328,166.00277709960938,169.1996612548828,171.60462951660156,28.193732936021178,-0.3974700983332866,1.372450248460298
2022-01-21,158.778076171875,162.61041256635795,158.67053547305397,160.74312175844747,122848900,-0.0127648141064175,170.24865264892577,164.54375274658204,158.00570678710938,0.6011904761904762,0.09799999999999999,0.03940476190476191,0.8626666666666667,42.0,160.8310546875,162.5126495361328,166.00277709960938,168.3392791748047,26.932543602994258,-1.065137009694098,0.8849327968294189
2022-01-24,158.00570678710938,158.67050778679211,151.24045969712583,156.44149634340394,162294600,-0.0048644586418187,169.53204421997071,164.8116256713867,156.20684814453125,0.4853,0.09384,0.03526,0.87098,50.0,158.778076171875,160.8310546875,162.5126495361328,169.1996612548828,15.097688758512533,-1.6377130648475884,0.38040362449401754
2022-01-25,156.20684814453125,159.1202024043847,153.5085752311325,155.4247355135648,115798400,-0.0113847700767025,168.52752227783202,165.04449920654298,156.11886596679688,0.5988611111111112,0.084,0.03136111111111111,0.8845555555555555,36.0,158.00570678710938,158.778076171875,160.8310546875,166.00277709960938,15.344603804734476,-2.211147836642482,-0.1379066677332823
2022-01-26,156.11886596679688,160.7137572085088,154.29068942101793,159.84366081362626,108275300,-0.000563241488958,167.56943893432617,165.23416076660158,155.65939331054688,0.44325000000000003,0.07566666666666667,0.04030555555555556,0.8839722222222223,36.0,156.20684814453125,158.00570678710938,158.778076171875,162.5126495361328,18.336945940684004,-2.642240349102849,-0.6387734040071956
2022-01-27,155.65939331054688,160.17607231774176,154.74041197266266,158.81715723147198,121954600,-0.0029430950154846,166.5839828491211,165.41443786621093,166.52093505859375,0.5223333333333333,0.09364814814814813,0.03309259259259259,0.8733148148148148,54.0,156.11886596679688,156.20684814453125,158.00570678710938,160.8310546875,20.416828344269604,-2.9865329813113703,-1.1083253194680305
2022-01-28,166.52093505859375,166.54049197821774,159.15932862262193,162.00425626677838,179935700,0.0697776184080176,166.19928207397462,165.79239196777343,170.8713836669922,0.45444578313253015,0.10490361445783133,0.05192771084337349,0.8431807228915662,83.0,155.65939331054688,156.11886596679688,156.20684814453125,158.778076171875,47.17273175090666,-2.3557955824133217,-1.3578193720570888
2022-01-31,170.8713836669922,171.0864649878099,165.7192328015865,166.35470576493188,115541600,0.0261255355482339,166.06289978027343,166.20866943359374,170.7052001953125,0.5893953488372093,0.09213953488372094,0.035372093023255814,0.8725116279069768,43.0,166.52093505859375,155.65939331054688,156.11886596679688,158.00570678710938,53.502864452503275,-1.4877370979068587,-1.383802917227043
2022-02-01,170.7052001953125,170.93005253238587,168.4566320719076,170.1186120178827,86213900,-0.0009725646747471,165.70117263793946,166.53598266601563,171.90768432617188,0.6540263157894737,0.0925,0.029210526315789475,0.8783947368421052,38.0,170.8713836669922,166.52093505859375,155.65939331054688,156.20684814453125,49.31382561076698,-0.8039368288929722,-1.267829699560229
2022-02-02,171.90768432617188,171.94679815950911,169.45382085751916,170.8420635898593,84914300,0.007044214994526,165.5124885559082,166.83494354248046,169.033447265625,0.59825,0.088425,0.030875000000000003,0.880725,40.0,170.7052001953125,170.8713836669922,166.52093505859375,156.11886596679688,50.44245894985229,-0.16310954411105172,-1.0468856684703935
2022-02-03,169.033447265625,172.29876649074853,168.27089152715303,170.57811566132818,89418100,-0.0167196543412998,165.41374740600585,167.0672299194336,168.7495880126953,0.2964126984126984,0.07060317460317461,0.05015873015873016,0.8792698412698412,63.0,171.90768432617188,170.7052001953125,170.8713836669922,155.65939331054688,51.02519113179136,0.11153804505178755,-0.8152009257659574
2022-02-04,168.7495880126953,170.4234840013588,167.07569202403184,168.05457472378333,82465400,-0.0016793081932691,165.44354782104492,167.2862130737305,168.03500366210938,0.5771162790697674,0.10109302325581396,0.03790697674418604,0.860906976744186,43.0,169.033447265625,171.90768432617188,170.7052001953125,166.52093505859375,49.32378836244724,0.3028026483496262,-0.5916002109428408
2022-02-07,168.03500366210938,170.2766384169295,167.33999039041194,169.20965988540354,77251200,-0.0042345842677385,165.42930908203124,167.4805422973633,171.13803100585938,0.5574,0.110175,0.037925,0.8519500000000001,40.0,168.7495880126953,169.033447265625,171.90768432617188,170.8713836669922,53.29942020339951,0.3921992110194594,-0.39484032655038076
2022-02-08,171.13803100585938,171.64705409326743,167.8098215101135,168.10348925040896,74829200,0.0184665532545211,165.569246673584,167.8372366333008,172.55740356445312,0.6090909090909091,0.09727272727272727,0.04165909090909091,0.860909090909091,44.0,168.03500366210938,168.7495880126953,169.033447265625,170.7052001953125,64.1819938030784,0.7053046911195509,-0.1748113230163945
2022-02-09,172.55740356445312,172.91958530484067,171.20654095307694,172.3322647747442,71285000,0.0082937296301204,165.63888092041014,168.15525299072266,168.48524475097656,0.6367021276595745,0.10936170212765957,0.03446808510638298,0.8561276595744681,47.0,171.13803100585938,168.03500366210938,168.7495880126953,171.90768432617188,69.44835858969297,1.0558038931242493,0.07131172021173426
2022-02-10,168.48524475097656,171.77429042410176,167.92728951408122,170.46259150846328,90865900,-0.0235988646639293,165.4829116821289,168.2928894042969,165.07876586914062,0.7253030303030302,0.1143030303030303,0.0333030303030303,0.8524545454545455,33.0,172.55740356445312,171.13803100585938,168.03500366210938,169.033447265625,65.08890363645591,0.9935349991113185,0.25575637599165113
2022-02-11,165.07876586914062,169.42500712943504,164.49143031742815,168.6908451580762,98670700,-0.0202182623580525,165.31988601684571,168.3727590942383,165.31373596191406,0.6691153846153846,0.09646153846153846,0.036576923076923076,0.8670000000000001,26.0,168.48524475097656,172.55740356445312,171.13803100585938,168.7495880126953,60.16223980553321,0.6616845873124646,0.3369420182558138
2022-02-14,165.31373596191406,165.99895095084156,163.0427206425354,163.83561333947773,86185500,0.0014233816901665,165.12558975219727,168.4770767211914,169.14111328125,0.4958888888888889,0.1202962962962963,0.04833333333333333,0.8314444444444443,27.0,165.07876586914062,168.48524475097656,172.55740356445312,168.03500366210938,63.700006473213975,0.4128913138187613,0.35213187736840335
2022-02-15,169.14111328125,169.29773807776493,166.654758116967,167.35955476472148,62527400,0.0231522038810962,165.2825065612793,168.6954833984375,168.90618896484375,0.32257142857142856,0.09157142857142857,0.024428571428571428,0.883904761904762,21.0,165.31373596191406,165.07876586914062,168.48524475097656,171.13803100585938,67.60896011673472,0.5185803436631318,0.38542157062734905
2022-02-16,168.90618896484375,169.67949961629867,166.4589825612284,168.22097415914394,61177400,-0.001388924974235,165.60218353271483,168.8411474609375,165.31373596191406,0.64125,0.1143888888888889,0.041805555555555554,0.8437777777777778,36.0,169.14111328125,165.31373596191406,165.07876586914062,172.55740356445312,68.0220430830755,0.5767349903103138,0.42368425456394204
2022-02-17,165.31373596191406,168.27974972128823,164.9123904196256,167.41832805716996,69589300,-0.0212689246317517,165.82631759643556,168.80038391113283,163.76710510253906,0.43537837837837834,0.10321621621621621,0.04145945945945946,0.8552432432432432,37.0,168.90618896484375,169.14111328125,165.31373596191406,168.48524475097656,47.95268943865676,0.3291478216057442,0.4047769679723025
2022-02-18,163.76710510253906,166.93867600251053,162.68054453288332,166.23389408651346,82772700,-0.0093557310914038,166.07576904296874,168.652431640625,160.8500213623047,0.29383333333333334,0.07195833333333333,0.06404166666666666,0.8640833333333333,24.0,165.31373596191406,168.90618896484375,169.14111328125,165.07876586914062,36.685506555068635,0.008040338008385106,0.32542964197951907
2022-02-22,160.8500213623047,163.16996871038384,158.7258326412145,161.49607262837773,91162800,-0.0178123911905746,166.2179847717285,168.45630554199218,156.6897430419922,0.6151739130434782,0.08908695652173913,0.03926086956521739,0.8716086956521739,23.0,163.76710510253906,165.31373596191406,168.90618896484375,165.31373596191406,33.256373071824,-0.4763330638943728,0.1650771008047407
2022-02-23,156.6897430419922,162.64133603328534,156.37649344425944,162.04421705709984,90009200,-0.0258643317860787,166.24212951660155,168.0813604736328,159.3033905029297,0.6838148148148149,0.10425925925925926,0.03662962962962963,0.8592592592592593,27.0,160.8500213623047,163.76710510253906,165.31373596191406,169.14111328125,26.50641235536807,-1.1822736514625376,-0.10439304964871496
2022-02-24,159.3033905029297,159.411068207212,148.79018396900835,149.35793777917277,141147500,0.0166803991773543,166.4013557434082,167.83122924804687,161.36880493164062,0.4130740740740741,0.09122222222222222,0.04914814814814815,0.8596296296296296,27.0,156.6897430419922,160.8500213623047,163.76710510253906,168.90618896484375,34.856813103043734,-1.5133917086396025,-0.3861927814468925
2022-02-25,161.36880493164062,161.6330924831591,157.47284137265066,160.38012393186045,91974200,0.0129652885741495,166.68682632446288,167.64997619628906,161.6331024169922,0.546,0.1095,0.0393125,0.8510625,16.0,159.3033905029297,156.6897430419922,160.8500213623047,165.31373596191406,39.11658651412258,-1.5908056541815654,-0.6271153559938272
2022-02-28,161.6331024169922,161.9267702066246,158.99990563300975,159.6166064975814,95056600,0.0016378474480462,166.44243469238282,167.37683197021485,159.75364685058594,0.4920344827586207,0.086,0.031758620689655175,0.8820689655172413,29.0,161.36880493164062,159.3033905029297,156.6897430419922,163.76710510253906,40.43296175373772,-1.6122452063680726,-0.8241413260686763
2022-03-01,159.75364685058594,163.0818568508139,158.5496253630897,161.22197083806662,83474400,-0.0116279124653407,165.8865478515625,167.20375,163.04269409179688,-0.020266666666666662,0.05926666666666667,0.058866666666666664,0.8819666666666667,30.0,161.6331024169922,161.36880493164062,159.3033905029297,160.8500213623047,32.34132835476821,-1.7605974909413078,-1.0114325590432027
2022-03-02,163.04269409179688,163.82580321014547,159.50892707803538,160.91852050375005,79724800,0.0205882451264922,165.50342254638673,167.11834716796875,162.7196502685547,0.26417391304347826,0.0808695652173913,0.04819565217391304,0.8710217391304348,46.0,159.75364685058594,161.6331024169922,161.36880493164062,156.6897430419922,36.050538376253996,-1.594389985357168,-1.1280240443059957
2022-03-03,162.7196502685547,165.3430634011942,162.05401727070716,164.91235266773373,76678400,-0.0019813449786367,165.04402084350585,167.0536624145508,159.72427368164062,0.29390625,0.071375,0.0385625,0.89,32.0,163.04269409179688,159.75364685058594,161.6331024169922,159.3033905029297,40.50308844286983,-1.4717706208948016,-1.1967733596237569
2022-03-04,159.72427368164062,162.05401907314567,158.67687705595137,161.01640589639365,83737200,-0.0184082044299532,164.57856216430665,166.8657192993164,155.9359893798828,0.16927777777777778,0.07611111111111112,0.051444444444444445,0.8723888888888889,36.0,162.7196502685547,163.04269409179688,159.75364685058594,161.36880493164062,41.05915685305313,-1.5978764235240135,-1.2769939724038082
2022-03-07,155.9359893798828,161.53519862355543,155.6814703637219,159.91025004561254,96418800,-0.0237176492616805,163.93788223266603,166.55019500732422,154.1152801513672,0.12635714285714283,0.08302380952380953,0.07345238095238095,0.8436666666666666,42.0,159.72427368164062,162.7196502685547,163.04269409179688,161.6331024169922,36.00224117196895,-1.9806671656270112,-1.4177286110484488
2022-03-08,154.1152801513672,159.44040392728598,152.50991327214726,155.46614292973925,131148300,-0.0116760039536486,163.2418960571289,166.1857431030273,159.5089569091797,0.3224626865671642,0.07594029850746269,0.049238805970149256,0.8748955223880598,67.0,155.9359893798828,159.72427368164062,162.7196502685547,159.75364685058594,26.1423869218048,-2.4032444984312065,-1.6148317885250003
2022-03-09,159.5089569091797,159.95924959082657,156.04371820337047,158.0699979293642,91454900,0.0349976767554456,162.66044235229492,165.84997650146485,155.17250061035156,0.38894871794871794,0.09487179487179488,0.04494871794871795,0.8602820512820514,39.0,154.1152801513672,155.9359893798828,159.72427368164062,163.04269409179688,37.1795549689719,-2.276671391048467,-1.7471997090296938
2022-03-10,155.17250061035156,157.00300660733848,152.6861300144377,156.81701649151432,105342000,-0.0271862871079847,161.79119720458985,165.4478158569336,151.46250915527344,0.3598461538461538,0.0917948717948718,0.051000000000000004,0.8572307692307692,39.0,159.5089569091797,154.1152801513672,155.9359893798828,162.7196502685547,36.43980651379613,-2.497487591255748,-1.8972572854749048
2022-03-11,151.46250915527344,155.91642822664025,151.2373703266691,155.57381332247203,96970100,-0.0239088204448941,160.9400604248047,164.9696957397461,147.43934631347656,0.5171724137931034,0.09979310344827587,0.04817241379310345,0.8519655172413794,29.0,155.17250061035156,159.5089569091797,154.1152801513672,159.72427368164062,34.446912349675515,-2.9379840739741496,-2.1054026431747537
2022-03-14,147.43934631347656,150.8654366655289,146.93033792978673,148.2518209607801,108732100,-0.0265621034818094,160.05808944702147,164.43418365478516,151.81494140625,0.01653658536585366,0.07290243902439024,0.059487804878048785,0.8676585365853658,41.0,151.46250915527344,155.17250061035156,159.5089569091797,155.9359893798828,33.50991414247545,-3.5705571680538526,-2.3984335481505736
2022-03-15,151.81494140625,152.28481594029148,147.20441143229365,147.7134197726543,92964300,0.0296772551030599,159.38314971923828,163.99850189208985,156.21987915039062,0.5291,0.0949,0.04973333333333333,0.8553666666666667,30.0,147.43934631347656,151.46250915527344,155.17250061035156,154.1152801513672,44.037400648229124,-3.6764224375753543,-2.65403132603553
2022-03-16,156.21987915039062,156.6212246232631,151.19822129277074,153.73352378158447,102300200,0.0290151792922226,158.73708801269532,163.5641046142578,157.22811889648438,0.3345,0.09670833333333334,0.043666666666666666,0.8595833333333333,24.0,151.81494140625,147.43934631347656,151.46250915527344,159.5089569091797,46.38674574495286,-3.366077715444817,-2.7964406039173877
2022-03-17,157.22811889648438,157.60009906528276,154.30126947324382,155.2605702418383,75615400,0.0064539785306267,158.15318450927734,163.19503967285155,160.5171661376953,0.5357714285714286,0.09114285714285714,0.03268571428571428,0.8760571428571429,35.0,156.21987915039062,151.81494140625,147.43934631347656,155.17250061035156,45.02468187841892,-3.0041408996661687,-2.8379806630671442
2022-03-18,160.5171661376953,161.0066074424884,156.3862803303168,157.1204422875064,123511700,0.0209189505305751,157.9133560180664,162.98521759033204,161.88763427734375,0.5442916666666667,0.099375,0.028708333333333336,0.8720416666666666,24.0,157.22811889648438,156.21987915039062,151.81494140625,151.46250915527344,48.74998803554605,-2.4239628065274417,-2.755177091759204
2022-03-21,161.88763427734375,162.8371517415441,159.5676719986422,160.0571133745572,95811400,0.0085378291470259,157.81938247680665,162.85989868164063,165.25498962402344,0.0017500000000000109,0.08254166666666667,0.051125,0.866375,24.0,160.5171661376953,157.22811889648438,156.21987915039062,147.43934631347656,52.41794967107253,-1.832458718922254,-2.570633417191814
2022-03-22,165.25498962402344,165.84231029999864,161.42755456550665,162.01487524148183,81532000,0.0208005717157542,158.03963088989258,162.79860290527344,166.61561584472656,0.5966,0.09904,0.04672,0.8543999999999999,25.0,161.88763427734375,160.5171661376953,157.22811889648438,151.81494140625,52.50223757700354,-1.0795259306767946,-2.27241191988881
2022-03-23,166.61561584472656,168.9942934206818,164.1096638130363,164.4424952526729,98062700,0.0082334955440603,158.5359245300293,162.76412963867188,170.39413452148438,0.5640000000000001,0.1076896551724138,0.029310344827586206,0.8630689655172413,29.0,165.25498962402344,161.88763427734375,160.5171661376953,156.21987915039062,54.305512180677525,-0.36877905127542476,-1.8916853461661332
2022-03-24,170.39413452148438,170.4626485498089,166.6156463524789,167.44768776251115,90131400,0.0226780584616936,159.09046173095703,162.74871795654298,171.03042602539062,0.5232857142857144,0.10937142857142856,0.036828571428571426,0.8538857142857142,35.0,166.61561584472656,165.25498962402344,161.88763427734375,157.22811889648438,61.590854089105335,0.4936968204901291,-1.4146089128348807
2022-03-25,171.03042602539062,171.57859807409892,169.10202546624805,170.20816795232818,80546200,0.003734233608998,159.57354278564452,162.73723388671874,171.89181518554688,0.49358333333333326,0.10972222222222222,0.03708333333333333,0.8531111111111112,36.0,170.39413452148438,166.61561584472656,165.25498962402344,160.5171661376953,67.60281024577372,1.2145579018659873,-0.8887755498947071
2022-03-28,171.89181518554688,172.01905978493204,168.3678313455488,168.53423961902578,90371900,0.005036467371182,160.08647842407223,162.8082846069336,175.18087768554688,0.5649298245614035,0.12494736842105263,0.03126315789473684,0.8437368421052631,57.0,171.03042602539062,170.39413452148438,166.61561584472656,161.88763427734375,71.20507493471948,1.8342087914821832,-0.344178681619329
2022-03-29,175.18087768554688,175.22980987775352,172.61619451618012,172.95880948102644,100589400,0.0191344916362052,160.85783996582032,162.92790893554687,174.01597595214844,0.52653125,0.1265,0.05540625,0.81815625,32.0,171.89181518554688,171.03042602539062,170.39413452148438,165.25498962402344,69.68283249580405,2.561162949540659,0.2368896446126686
2022-03-30,174.01597595214844,175.81711647524634,172.96856432856262,174.77950323773482,92633200,-0.0066497082831692,161.4065040588379,163.08817291259766,170.92271423339844,0.6402352941176471,0.12884313725490196,0.0363921568627451,0.834764705882353,51.0,175.18087768554688,171.89181518554688,171.03042602539062,166.61561584472656,75.71463910725083,3.0086002519131796,0.7912317660727709
2022-03-31,170.92271423339844,174.27049138056103,170.7171422878286,174.0845012718467,103049300,-0.0177757341061638,161.81665725708007,163.25637420654297,170.6290283203125,0.2785384615384615,0.06946153846153846,0.055948717948717946,0.8745384615384615,39.0,174.01597595214844,175.18087768554688,171.89181518554688,170.39413452148438,77.01091243030947,3.078114579604886,1.248608328779194
2022-04-01,170.6290283203125,171.18699858724577,168.30908127405286,170.35494237968112,78751300,-0.001718238061004,162.36189498901368,163.45233367919923,174.67181396484375,0.46402702702702703,0.09975675675675676,0.044918918918918915,0.8552702702702702,37.0,170.92271423339844,174.01597595214844,175.18087768554688,171.03042602539062,85.90469854406984,3.074071207041925,1.6137009044317403
2022-04-04,174.67181396484375,174.72076108227714,170.75628355518236,170.8835430731966,76468400,0.0236934224166238,163.2986862182617,163.7702084350586,171.36318969726562,0.5425333333333333,0.0966,0.030366666666666667,0.8730666666666667,30.0,170.6290283203125,170.92271423339844,174.01597595214844,171.89181518554688,85.75792239736309,3.3583725909846294,1.9626352417423183
2022-04-05,171.36318969726562,174.53477477488693,170.73670541562527,173.7516656886956,73401800,-0.0189419471434816,164.16108169555665,164.03735809326173,168.201416015625,0.5153913043478261,0.09495652173913044,0.017130434782608697,0.888,23.0,174.67181396484375,170.6290283203125,170.92271423339844,175.18087768554688,74.53211517165005,3.2789079491844006,2.225889783230735
2022-04-06,168.201416015625,169.9634078617043,166.537318414103,168.7202226513366,89058800,-0.0184507167917817,164.5957046508789,164.2772494506836,168.50486755371094,0.45666666666666667,0.09381481481481481,0.045925925925925926,0.860111111111111,27.0,171.36318969726562,174.67181396484375,170.6290283203125,174.01597595214844,66.61724866834822,2.927061591982863,2.3661241449811605
2022-04-07,168.50486755371094,169.69910564386342,166.26323274049562,167.54556668896316,77594700,0.0018040962155618,165.26232299804687,164.52496948242188,166.49815368652344,0.41865217391304343,0.1021304347826087,0.03969565217391304,0.8582608695652173,23.0,168.201416015625,171.36318969726562,174.67181396484375,170.92271423339844,63.29856365493169,2.642248624655366,2.421349040916002
2022-04-08,166.49815368652344,168.15246782773184,165.62694868711696,168.15246782773184,76575500,-0.0119089370907807,166.01410522460938,164.7417446899414,162.24981689453125,0.5553076923076923,0.1046923076923077,0.029961538461538463,0.8654615384615384,26.0,168.50486755371094,168.201416015625,171.36318969726562,170.6290283203125,57.51671611389098,2.2289137278037003,2.382861978293542
2022-04-11,162.24981689453125,165.46055114101816,162.0050962053992,165.14731642594322,72246700,-0.0255158192323909,166.7546287536621,164.65632232666016,164.11947631835938,0.44275,0.0911111111111111,0.041166666666666664,0.8677222222222222,36.0,166.49815368652344,168.50486755371094,168.201416015625,174.67181396484375,45.237357100399834,1.5407764579427123,2.214444874223376
2022-04-12,164.11947631835938,166.28279871101802,163.12101178667447,164.47187468621496,79265200,0.0115233376506271,167.36985549926757,164.5212841796875,166.8015899658203,0.44590322580645164,0.08325806451612904,0.052032258064516126,0.8647741935483871,31.0,162.24981689453125,166.49815368652344,168.50486755371094,171.36318969726562,46.106893773057664,1.1332254859302964,1.9982009965647602
2022-04-13,166.8015899658203,167.42807423573976,163.24825626550123,163.8551587010773,70618900,0.0163424458061161,167.89894104003906,164.44321197509765,161.79953002929688,0.4767272727272727,0.09315151515151515,0.03396969696969697,0.8728484848484848,33.0,164.11947631835938,162.24981689453125,166.49815368652344,168.201416015625,44.198471363821625,1.0149627021177139,1.8015533376753512
2022-04-14,161.79953002929688,167.65325987659003,161.55480933143042,167.01697710019764,75329400,-0.0299880830725199,168.12751159667968,164.24104888916017,161.58413696289062,0.39561290322580644,0.11161290322580646,0.033483870967741934,0.8547741935483871,31.0,166.8015899658203,164.11947631835938,162.24981689453125,168.50486755371094,36.935372686420955,0.511715424113163,1.5435857549629135
2022-04-18,161.58413696289062,163.08182595142617,160.1158132536157,160.4584131571765,69023900,-0.0013312341906509,168.18086013793945,164.09206268310547,163.86495971679688,0.75325,0.10583333333333333,0.042041666666666665,0.852,24.0,161.79953002929688,166.8015899658203,164.11947631835938,166.49815368652344,35.1396536947382,0.09441950101609109,1.253752504173549
2022-04-19,163.86495971679688,164.27610359926777,160.44866861751814,161.53522902332887,67723800,0.0141153877897683,168.27972640991212,163.9943701171875,163.6985626220703,0.5515862068965517,0.10393103448275862,0.04555172413793103,0.8506896551724139,29.0,161.58413696289062,161.79953002929688,166.8015899658203,162.24981689453125,33.19763353078078,-0.05165178031262485,0.9926716472763144
2022-04-20,163.6985626220703,165.3137281661249,162.59243524088046,165.1962520760154,67929800,-0.0010154525715206,168.20190505981446,163.9076412963867,162.90565490722656,0.5569333333333333,0.0898,0.0422,0.868,30.0,163.86495971679688,161.58413696289062,161.79953002929688,164.11947631835938,34.21210669311674,-0.17878030993227867,0.7583812558345958
2022-04-21,162.90565490722656,167.90774603308134,162.4064301142371,165.34307817395856,87227800,-0.0048437060298099,168.01640701293945,163.74299377441406,158.37338256835938,0.5993225806451613,0.1,0.04719354838709678,0.8528064516129032,31.0,163.6985626220703,163.86495971679688,161.58413696289062,166.8015899658203,36.80307519498774,-0.3395969493091968,0.5387856148058374
2022-04-22,158.37338256835938,164.32498956486253,158.08951323432865,162.94477668345723,84882400,-0.0278214549485606,167.4153694152832,163.4593133544922,159.4404296875,0.4427777777777778,0.09483333333333334,0.03680555555555556,0.8683611111111111,36.0,162.90565490722656,163.6985626220703,163.86495971679688,161.79953002929688,32.29634044519132,-0.8232716317015161,0.26637416550436677
2022-04-25,159.4404296875,159.72429911751857,155.11376965466397,157.71758646013552,96046400,0.0067375407523422,166.83586959838868,163.27841705322265,153.4888153076172,0.37748275862068964,0.09131034482758621,0.05779310344827586,0.8508965517241379,29.0,158.37338256835938,162.90565490722656,163.6985626220703,161.58413696289062,25.92833027876918,-1.1077164516306937,-0.008443957922645295
2022-04-26,153.4888153076172,158.91181906878418,153.4105028966986,158.82372320771267,95623200,-0.037328138111192,165.91571960449218,163.0466180419922,153.263671875,0.26253191489361705,0.08089361702127659,0.05859574468085106,0.8603617021276595,47.0,159.4404296875,158.37338256835938,162.90565490722656,163.86495971679688,23.929287268690487,-1.7927211875586977,-0.3652994038498558
2022-04-27,153.263671875,156.41566043489684,152.09879906936447,152.61760570667977,88063200,-0.0014668393404819,164.81985931396486,162.8056167602539,160.18435668945312,0.3382432432432433,0.08562162162162162,0.04940540540540541,0.8649729729729729,37.0,153.4888153076172,159.4404296875,158.37338256835938,163.6985626220703,26.171235290795835,-2.3269360985080993,-0.7576267427815045
2022-04-28,160.18435668945312,161.04577820352466,155.57381282317428,155.88706244158715,130216800,0.04515541569497,164.12827835083007,162.62648162841796,154.3208465576172,0.3231833333333333,0.08768333333333334,0.049133333333333334,0.8632666666666666,60.0,153.263671875,153.4888153076172,159.4404296875,162.90565490722656,39.04075973250508,-2.166885333016239,-1.0394784608284515
2022-04-29,154.3208465576172,162.69029635210208,153.92929946524063,158.42236732431553,131747600,-0.0366047612452159,163.298184967041,162.33477478027345,154.6243438720703,0.20397402597402597,0.09132467532467532,0.06077922077922077,0.8479350649350649,77.0,160.18435668945312,153.263671875,153.4888153076172,158.37338256835938,35.440099949572755,-2.4845399821589353,-1.3284907650945483
2022-05-02,154.6243438720703,154.88863149119723,150.03338084701502,153.40074029125887,123055300,0.0019666643957905,162.4979507446289,162.12098693847656,156.1121826171875,0.09956818181818182,0.08313636363636363,0.06779545454545455,0.8490909090909091,44.0,154.3208465576172,160.18435668945312,153.263671875,159.4404296875,39.9328700877862,-2.6808902493410187,-1.5989706619438424
2022-05-03,156.1121826171875,157.31621889046943,153.01892515604405,154.8102670522691,88966500,0.0096222800877212,161.5699691772461,161.96788848876952,162.51414489746094,0.39886206896551724,0.09648275862068965,0.04755172413793103,0.8560344827586207,29.0,154.6243438720703,154.3208465576172,160.18435668945312,153.4888153076172,39.321131610114655,-2.6854864818607496,-1.8162738259272242
2022-05-04,162.51414489746094,162.9644226715747,155.89688686657877,156.2982324444477,108256500,0.0410087295747576,161.12751693725585,162.00117095947266,153.4594268798828,0.381962962962963,0.07577777777777778,0.055148148148148154,0.8691851851851852,27.0,156.1121826171875,154.6243438720703,154.3208465576172,153.263671875,44.79819787664016,-2.1477858384642445,-1.8825762284346284
2022-05-05,153.4594268798828,160.61505617925764,151.6778534074066,160.38991736716943,130525300,-0.0557164917754774,160.39041748046876,161.93656463623046,154.1848602294922,0.25015,0.06985,0.04615,0.88405,20.0,162.51414489746094,156.1121826171875,154.6243438720703,160.18435668945312,40.78722792440287,-2.4243479017243317,-1.990930563092569
2022-05-06,154.1848602294922,156.30235682996496,151.1458596477854,152.93984857664353,116124600,0.0047271996537376,159.6744171142578,161.83419403076172,149.0675811767578,0.15558333333333332,0.08891666666666666,0.07083333333333333,0.84025,24.0,153.4594268798828,162.51414489746094,156.1121826171875,154.3208465576172,41.917572133133994,-2.5555303575664254,-2.1038505219873405
2022-05-09,149.0675811767578,152.7633948486293,148.50880608897836,151.8810971374127,131577900,-0.033189244684061,158.80288848876953,161.58816955566405,151.46939086914062,0.4152666666666667,0.0951,0.059533333333333334,0.8453333333333333,30.0,154.1848602294922,153.4594268798828,162.51414489746094,154.6243438720703,34.779587064169064,-3.0374017746686377,-2.2905607725236
2022-05-10,151.46939086914062,153.6555174482576,149.92048190900607,152.45952464307155,115366700,0.0161122201985344,158.2638671875,161.38489532470703,143.61700439453125,0.24628,0.06692000000000001,0.04104,0.89196,25.0,149.0675811767578,154.1848602294922,153.4594268798828,156.1121826171875,37.97423643361418,-3.188724741100856,-2.4701935662390513
2022-05-11,143.61700439453125,152.39087300235883,142.9405806152843,150.47925033829725,142689800,-0.0518414078881013,157.2387435913086,161.06216247558595,139.7545623779297,0.4832083333333333,0.08470833333333333,0.043333333333333335,0.8719166666666668,24.0,151.46939086914062,149.0675811767578,154.1848602294922,162.51414489746094,33.34462926973879,-3.897345077549602,-2.7556238685011616
2022-05-12,139.7545623779297,143.32293029647687,136.0685607235715,139.96043637411066,182602000,-0.0268940438695617,155.88639221191406,160.5963998413086,144.2150115966797,0.3030625,0.08289583333333334,0.04504166666666667,0.8720416666666666,48.0,143.61700439453125,151.46939086914062,149.0675811767578,153.4594268798828,33.734864276693784,-4.7162327945811455,-3.1477456537171586
2022-05-13,144.2150115966797,145.18553469561974,140.2937279042498,141.74459868206603,113990900,0.0319163048622905,155.0071662902832,160.2263070678711,142.6758575439453,0.3198205128205128,0.07782051282051282,0.04556410256410256,0.8765641025641026,39.0,139.7545623779297,143.61700439453125,151.46939086914062,154.1848602294922,37.44373474687839,-4.94824593669037,-3.507845710311801
2022-05-16,142.6758575439453,144.6169031565104,141.34262089221127,142.6856703236639,86643800,-0.0106726341155029,154.06175231933594,159.8853387451172,146.30307006835938,0.3116842105263158,0.08800000000000001,0.03847368421052631,0.8734210526315789,19.0,144.2150115966797,139.7545623779297,143.61700439453125,149.0675811767578,40.382721638828805,-5.196413867772549,-3.8455593418039506
2022-05-17,146.30307006835938,146.82263885480765,143.79343645262884,145.93054340694096,78336300,0.0254227490680885,153.18365783691405,159.69268035888672,138.048828125,0.5748846153846153,0.10353846153846155,0.02688461538461539,0.8695769230769231,26.0,142.6758575439453,144.2150115966797,139.7545623779297,151.46939086914062,44.16236899018467,-5.042278753507333,-4.084903224144627
2022-05-18,138.048828125,144.46012170643934,137.14691952570857,143.96016331731076,109742900,-0.0564187883378156,151.90117111206055,159.3713513183594,134.64706420898438,0.28817241379310343,0.08075862068965517,0.06368965517241379,0.855551724137931,29.0,146.30307006835938,142.6758575439453,144.2150115966797,143.61700439453125,31.841816316547607,-5.522513804724156,-4.372425340260532
2022-05-19,134.64706420898438,138.87224434894858,133.91182362893937,137.127274568989,136095600,-0.0246417442452709,150.48824157714844,158.87411346435547,134.88235473632812,0.4625625,0.1001875,0.04884375,0.85109375,32.0,138.048828125,146.30307006835938,142.6758575439453,139.7545623779297,33.18198075609156,-6.1071974899496695,-4.71937977019836
2022-05-20,134.88235473632812,137.93115346240322,130.00036063657,136.3528361484188,137426100,0.0017474612515766,149.31369018554688,158.468310546875,140.29373168945312,0.41196875,0.09559375,0.04884375,0.8555,32.0,134.64706420898438,138.048828125,146.30307006835938,144.2150115966797,33.10397172126727,-6.476915691407214,-5.070886954440131
2022-05-23,140.29373168945312,140.44077384848245,134.94117272312687,135.07841705772444,117726300,0.040119235490093,148.35635528564453,158.2449349975586,137.5978240966797,0.5566875,0.093875,0.03840625,0.86765625,32.0,134.88235473632812,134.64706420898438,138.048828125,142.6758575439453,37.3138832407053,-6.261093149947669,-5.3089281935416395
2022-05-24,137.5978240966797,139.1761411372566,134.62745335548652,138.0389654521871,104132700,-0.0192161656854417,147.56180572509766,158.04810455322266,137.7547149658203,0.4587333333333333,0.13066666666666665,0.07303333333333333,0.7963333333333333,30.0,140.29373168945312,134.88235473632812,134.64706420898438,146.30307006835938,28.754648716782427,-6.2357080818464965,-5.494284171202612
2022-05-25,137.7547149658203,138.9997119005548,135.61760734755066,135.70583264997845,92482700,0.0011402133003963,146.78635787963867,157.76690002441407,140.9505615234375,0.24682758620689657,0.08082758620689655,0.051517241379310345,0.8676206896551725,29.0,137.5978240966797,140.29373168945312,134.88235473632812,138.048828125,34.213716629016886,-6.13224178443582,-5.621875693849253
2022-05-26,140.9505615234375,141.4995389264538,134.44123025043575,134.68631051667606,90601500,0.0231995439024366,145.82466812133788,157.461513671875,146.69520568847656,0.34022727272727277,0.06334090909090909,0.044409090909090905,0.8922727272727272,44.0,137.7547149658203,137.5978240966797,140.29373168945312,134.64706420898438,37.32639462219689,-5.726356022216578,-5.642771759522718
2022-05-27,146.69520568847656,146.73441193920726,142.4013957458045,142.5288422380691,90978500,0.0407564475298938,145.44338607788086,157.25085540771485,145.91094970703125,0.4311304347826087,0.07743478260869566,0.05904347826086957,0.8635217391304348,23.0,140.9505615234375,137.7547149658203,137.5978240966797,134.88235473632812,47.75510816995313,-4.8848345255776735,-5.49118431273371
2022-05-31,145.91094970703125,147.69514080945274,143.9503080341332,146.1364342695409,103718400,-0.0053461595950911,145.0077163696289,156.95873107910157,145.78350830078125,0.2788125,0.099,0.0471875,0.8538125,16.0,146.69520568847656,140.9505615234375,137.7547149658203,140.29373168945312,44.57415168150388,-4.232416912479266,-5.239430832682821
2022-06-01,145.78350830078125,148.753879037452,144.77376414576858,146.95007745203338,74286600,-0.0008734190717412,144.49128265380858,156.63664855957032,148.23434448242188,0.5421578947368421,0.08636842105263158,0.04073684210526316,0.8728421052631579,19.0,145.91094970703125,146.69520568847656,140.9505615234375,137.5978240966797,52.49041083780547,-3.6831971065619484,-4.9281840874586464
2022-06-02,148.23434448242188,148.29316134885798,143.96994216366954,144.92085472708317,72348100,0.0168114775821146,143.77729263305665,156.29623565673828,142.51904296875,0.3330909090909091,0.08895454545454545,0.0405,0.8706363636363637,22.0,145.78350830078125,145.91094970703125,146.69520568847656,137.7547149658203,60.074514983668124,-3.015414633230165,-4.545630196612951
2022-06-03,142.51904296875,145.05807025566116,141.61714962601158,144.00911981753086,88570300,-0.0385558524485505,143.2302734375,155.81430419921875,143.26412963867188,0.3466451612903226,0.08719354838709677,0.05196774193548387,0.8607741935483871,31.0,148.23434448242188,145.78350830078125,145.91094970703125,140.9505615234375,48.0434215469199,-2.9137810254913177,-4.219260362388624
2022-06-06,143.26412963867188,145.64631776796745,142.04852604987164,144.13661484785112,71598400,0.0052279797450314,142.684236907959,155.2717041015625,145.78350830078125,0.601758064516129,0.09885483870967741,0.03930645161290323,0.8618870967741935,62.0,142.51904296875,148.23434448242188,145.78350830078125,146.69520568847656,50.69133497423701,-2.74151095999855,-3.9237104819106094
2022-06-07,145.78350830078125,146.06779474236183,141.26422895235845,141.5093091448792,67808200,0.0175855510270681,142.52003326416016,154.7667657470703,145.04827880859375,0.43053125,0.087890625,0.048046875,0.86409375,64.0,143.26412963867188,142.51904296875,148.23434448242188,145.91094970703125,49.37308934940483,-2.37432316971487,-3.6138330194714614
2022-06-08,145.04827880859375,146.9206802540853,144.55811838609154,145.6560729457736,53950200,-0.0050432967401948,142.1989776611328,154.22989501953126,139.83297729492188,0.6237272727272727,0.0937878787878788,0.035454545454545454,0.8708484848484849,33.0,145.78350830078125,143.26412963867188,142.51904296875,145.78350830078125,60.31781449005188,-2.1182333998413014,-3.3147130955454296
2022-06-09,139.83297729492188,145.0384790561678,139.72514139394366,144.18560463111925,69473000,-0.0359556249581838,142.00977630615233,153.52293701171874,134.431396484375,0.436025,0.0824,0.041475,0.87605,40.0,145.04827880859375,145.78350830078125,143.26412963867188,148.23434448242188,57.25651896161218,-2.3094893031695563,-3.113668337070255
2022-06-10,134.431396484375,137.98995082700978,134.36276684809005,137.51940103001422,91437900,-0.0386288049860684,141.7436180114746,152.7312454223633,129.2847442626953,0.3613125,0.10195833333333333,0.04591666666666667,0.8520833333333333,48.0,139.83297729492188,145.04827880859375,145.78350830078125,142.51904296875,49.44869387045481,-2.8639100407704348,-3.063716677810291
2022-06-13,129.2847442626953,132.53940235521404,128.85340060932865,130.2552525242583,122207100,-0.0382845998499903,140.9971046447754,151.8984860229492,130.1473846435547,0.3171935483870968,0.07458064516129032,0.039322580645161295,0.8860645161290323,31.0,134.431396484375,139.83297729492188,145.04827880859375,143.26412963867188,36.45359598319647,-3.6762072626627003,-3.186214794780773
2022-06-14,130.1473846435547,131.25515193955982,128.8925752102517,130.51011351307002,84784300,0.0066724065997034,140.37068099975585,151.08885314941406,132.76483154296875,0.5505952380952381,0.08730952380952381,0.03811904761904762,0.8745714285714286,42.0,129.2847442626953,134.431396484375,139.83297729492188,145.78350830078125,40.39918705965076,-4.201913747864012,-3.3893545853974207
2022-06-15,132.76483154296875,134.63724775917188,129.5591934714462,131.6472664900923,91533000,0.0201114060538571,139.69376907348632,150.25071350097656,127.50054931640624,0.5605,0.094175,0.03945,0.8664,40.0,130.1473846435547,129.2847442626953,134.431396484375,145.04827880859375,43.95336306817405,-4.357107808420466,-3.58290523000203
2022-06-16,127.50054931640624,129.78469908531477,126.5006176888106,129.48080196283755,108123900,-0.0396511799501567,139.16635513305664,149.37346069335936,128.97103881835938,0.47129411764705886,0.08841176470588234,0.04605882352941176,0.8653529411764707,17.0,132.76483154296875,130.1473846435547,129.2847442626953,139.83297729492188,34.47958924949289,-4.848987688087391,-3.8361217216191026
2022-06-17,128.97103881835938,130.46113104749855,127.25547692933144,127.51036998343508,134520300,0.0115332013064817,138.8825538635254,148.58885314941406,133.1962127685547,0.36796153846153845,0.11334615384615385,0.06030769230769231,0.8263076923076924,26.0,127.50054931640624,132.76483154296875,130.1473846435547,134.431396484375,27.309246205122832,-5.0618005373790425,-4.081257484771091
2022-06-21,133.1962127685547,134.36279718069025,130.69640612370614,130.79442925101708,81000500,0.032760641372719,138.79824676513672,147.88268005371094,132.68643188476562,0.5884285714285714,0.08378571428571428,0.03917857142857143,0.8769642857142858,28.0,128.97103881835938,127.50054931640624,132.76483154296875,129.2847442626953,35.04037416613497,-4.83379900119732,-4.231765788056337
2022-06-22,132.68643188476562,135.04899374439103,131.27476747959807,132.1374396483602,73409200,-0.0038272926323729,138.41788177490236,147.20644561767577,135.5489501953125,0.6739473684210526,0.11515789473684211,0.02178947368421053,0.8630526315789474,19.0,133.1962127685547,128.97103881835938,127.50054931640624,130.1473846435547,34.727930736300465,-4.6407455718278925,-4.313561744810648
2022-06-23,135.5489501953125,135.86264504741038,132.9609040918498,134.12748814246305,72433800,0.0215735570689916,138.315438079834,146.6724282836914,138.87229919433594,0.4992857142857143,0.09110714285714286,0.03875,0.8700357142857144,28.0,132.68643188476562,133.1962127685547,128.97103881835938,132.76483154296875,35.348647038711945,-4.20825785655947,-4.292500967160413
2022-06-24,138.87229919433594,139.1173794844748,137.01949279922658,137.14692437830942,89116800,0.0245177037095072,138.37131729125977,146.16748474121093,138.87229919433594,0.4399285714285714,0.1085,0.027821428571428573,0.8637499999999999,28.0,135.5489501953125,132.68643188476562,133.1962127685547,127.50054931640624,45.541759269588205,-3.55634638904462,-4.1452700515372545
2022-06-27,138.87229919433594,140.66628871317417,138.1958752001904,139.89182661956758,70207900,0.0,138.26740417480468,145.60889892578126,134.73533630371094,0.5597,0.09543333333333333,0.031966666666666664,0.8727,30.0,138.87229919433594,135.5489501953125,132.68643188476562,128.97103881835938,44.53124257796157,-3.0050613772988584,-3.9172283166895756
2022-06-28,134.73533630371094,140.5976523771425,134.61770255675322,139.33304472180774,67083400,-0.0297896910660043,137.6694107055664,145.06761505126954,136.49009704589844,0.45451351351351355,0.09462162162162162,0.04267567567567567,0.8625945945945946,37.0,138.87229919433594,138.87229919433594,135.5489501953125,133.1962127685547,36.77543742883643,-2.8689113408265428,-3.7075649215169695
2022-06-29,136.49009704589844,137.90176176618252,133.9804775247322,134.75493953918553,66242400,0.013023760435288,137.19836807250977,144.5657342529297,134.02944946289062,0.40715384615384614,0.09684615384615385,0.049846153846153846,0.8535384615384615,39.0,134.73533630371094,138.87229919433594,138.87229919433594,132.68643188476562,40.000007131785054,-2.58956602409026,-3.4839651420316278
2022-06-30,134.02944946289062,135.64697266058235,131.13750634293814,134.54901824559195,98964500,-0.0180280301374564,136.61066513061525,143.96902404785158,136.19595336914062,0.21086363636363636,0.07377272727272727,0.0545,0.8717045454545453,44.0,136.49009704589844,134.73533630371094,138.87229919433594,135.5489501953125,42.75216497485726,-2.5374859845613855,-3.2946693105375795
2022-07-01,136.19595336914062,136.3037892489926,132.99031531614665,133.36282702594735,71051600,0.0161643871173988,136.00874557495118,143.41897186279297,138.7742462158203,0.4139428571428571,0.09,0.047971428571428575,0.8619428571428571,35.0,134.02944946289062,136.49009704589844,134.73533630371094,138.87229919433594,52.39741703720534,-2.2949387931548983,-3.0947232070610435
2022-07-05,138.7742462158203,138.82326526029516,134.23535494237336,135.05883599741875,73353800,0.0189307595629626,135.82150573730468,142.93634368896485,140.1074676513672,0.3361071428571428,0.09239285714285715,0.046464285714285715,0.8611071428571428,28.0,136.19595336914062,134.02944946289062,136.49009704589844,138.87229919433594,63.860228109493974,-1.8730800110567998,-2.850394567860195
2022-07-06,140.1074676513672,141.28384979355582,138.30368070277723,138.5683715462856,74064300,0.0096071243181061,135.66367263793944,142.571025390625,143.469970703125,0.4238965517241379,0.09293103448275862,0.049448275862068965,0.8575862068965517,29.0,138.7742462158203,136.19595336914062,134.02944946289062,134.73533630371094,64.35028606302355,-1.4148643833744075,-2.5632885309630375
2022-07-07,143.469970703125,143.66603189279604,140.4603783389641,140.47017616296918,66253700,0.0239994563325118,135.54799575805663,142.2516162109375,144.14639282226562,0.5411724137931034,0.09282758620689656,0.030344827586206897,0.8769310344827587,29.0,140.1074676513672,138.7742462158203,136.19595336914062,136.49009704589844,65.09957161649345,-0.7715058631596605,-2.2049319974023622
2022-07-08,144.14639282226562,144.64636610420064,142.1465445700594,142.40142264422445,64547800,0.0047147296108418,135.50290145874024,142.06476776123046,142.0191192626953,0.24975,0.06555,0.0361,0.89835,20.0,143.469970703125,140.1074676513672,138.7742462158203,134.02944946289062,76.96938711939094,-0.20469835362226263,-1.8048852686463424
2022-07-11,142.0191192626953,143.75429187495894,140.9505728063945,142.80337916914598,63141600,-0.014757730095912,135.6122085571289,141.83987670898438,142.98959350585938,0.20145454545454544,0.07296969696969696,0.05645454545454545,0.8705757575757576,33.0,144.14639282226562,143.469970703125,140.1074676513672,136.19595336914062,70.69979787221166,0.07201731267207379,-1.4295047523826592
2022-07-12,142.98959350585938,145.5286208059207,142.19553604555907,142.89155544175705,77588800,0.0068334055879402,136.0401184082031,141.4959814453125,142.6268768310547,0.41277777777777774,0.09433333333333332,0.055888888888888884,0.8497407407407408,27.0,142.0191192626953,144.14639282226562,143.469970703125,138.7742462158203,67.32562188718973,0.3654133747485844,-1.0705211269564106
2022-07-13,142.6268768310547,143.5679764107693,139.32318560371215,140.1760748610569,71185600,-0.0025366648433042,136.70722503662108,141.26210205078124,145.5482177734375,0.5280400000000001,0.12044,0.03932,0.84036,25.0,142.98959350585938,142.0191192626953,144.14639282226562,140.1074676513672,67.67778129336634,0.5621831658525878,-0.743980268394611
2022-07-14,145.5482177734375,146.01876752832248,140.43094244372892,141.2446104323155,78140700,0.0204824014049134,137.47726669311524,141.08057952880858,147.21478271484375,0.30608,0.08944,0.052320000000000005,0.8582,25.0,142.6268768310547,142.98959350585938,142.0191192626953,143.469970703125,67.7452635934408,0.9429823290346633,-0.40658774890875615
2022-07-15,147.21478271484375,147.8912065060331,145.2835494113212,146.83245817528143,76259900,0.0114502600368522,138.19976425170898,140.9026315307617,144.17578125,0.3667777777777778,0.09255555555555556,0.05722222222222222,0.8502777777777778,18.0,145.5482177734375,142.6268768310547,142.98959350585938,144.14639282226562,65.73003740801202,1.363528365838988,-0.0525645259592073
2022-07-18,144.17578125,148.58722466683977,143.81305239727462,147.77355664160174,81420900,-0.0206433172593157,139.03352584838868,140.5358642578125,148.02845764160156,0.47915,0.1012,0.050075,0.848725,40.0,147.21478271484375,145.5482177734375,142.6268768310547,142.0191192626953,58.97171283621756,1.4350497494349952,0.24495832911963322
2022-07-19,148.02845764160156,148.25392726287154,144.01894870347078,145.0090674390563,82982400,0.0267220774404617,139.98639678955078,140.42724487304687,150.02830505371094,0.3176792452830189,0.09183018867924528,0.06216981132075471,0.8459622641509433,53.0,144.17578125,147.21478271484375,145.5482177734375,142.98959350585938,72.70589596725598,1.7820671866315934,0.5523801006220252
2022-07-20,150.02830505371094,150.6949310490213,147.41085002655058,148.14609070693865,64823400,0.0135098848151975,140.8280014038086,140.34411376953125,152.2928466796875,0.35407500000000003,0.086125,0.042025,0.871825,40.0,148.02845764160156,144.17578125,147.21478271484375,142.6268768310547,72.93252166756787,2.1931704744424394,0.8805381753861081
2022-07-21,152.2928466796875,152.50851845862235,148.94994906470606,151.45956799212024,65086600,0.0150940959118737,141.80832214355468,140.40861907958984,151.0576629638672,0.4238064516129032,0.07670967741935485,0.037322580645161293,0.8859032258064516,31.0,150.02830505371094,148.02845764160156,144.17578125,145.5482177734375,81.14348102576699,2.6709137444639737,1.2386132892016812
2022-07-22,151.0576629638672,153.2045683993023,150.39105184778396,152.33208328648058,66675400,-0.0081105826225589,142.58375778198243,140.40038452148437,149.94007873535156,0.5404117647058824,0.10235294117647059,0.03935294117647059,0.8582941176470588,34.0,152.2928466796875,150.02830505371094,148.02845764160156,147.21478271484375,76.17414223912982,2.9162430898630873,1.5741392493339625
2022-07-25,149.94007873535156,151.9889458272938,149.28326552705713,150.97921649648936,53623900,-0.0073983948022746,143.1371467590332,140.5268460083008,148.6166534423828,0.34663793103448276,0.08537931034482758,0.032,0.8825172413793103,58.0,151.0576629638672,152.2928466796875,150.02830505371094,144.17578125,70.73171422710928,2.9860671332444895,1.8565248261160678
2022-07-26,148.6166534423828,150.07732200029463,147.83239373585778,149.2636538636445,55138700,-0.0088263611979598,143.62436447143554,140.70408782958984,153.70449829101562,0.3067931034482759,0.07462068965517242,0.04958620689655172,0.8758965517241379,29.0,149.94007873535156,151.0576629638672,152.2928466796875,148.02845764160156,65.80484072100668,2.901170937215369,2.065454048335928
2022-07-27,153.70449829101562,154.23387992265205,149.16562296270044,149.57735592146827,78620700,0.0342346885815547,144.57282257080078,140.89387756347656,154.2534942626953,0.2948181818181818,0.07666666666666667,0.06475757575757576,0.8586060606060606,33.0,148.6166534423828,149.94007873535156,151.0576629638672,150.02830505371094,67.86448633975257,3.207463011588146,2.293855840986372
2022-07-28,154.2534942626953,154.53778073211737,151.37134852302864,153.8907653704556,81378700,0.0035717625559679,145.46099243164062,141.12543029785155,159.31198120117188,0.34387500000000004,0.09324999999999999,0.047589285714285716,0.8591607142857143,56.0,153.70449829101562,148.6166534423828,149.94007873535156,152.2928466796875,67.72089349951122,3.4546776999448525,2.526020212778068
2022-07-29,159.31198120117188,160.40995103683753,156.36121998956833,158.06698413815568,101786900,0.0327933377629805,146.7251190185547,141.38560852050782,158.3316192626953,0.5402714285714286,0.12041428571428572,0.03554285714285714,0.844,70.0,154.2534942626953,153.70449829101562,148.6166534423828,151.0576629638672,77.49377614298933,4.012520898735886,2.8233203499696318
2022-08-01,158.3316192626953,160.3706884793457,157.72382510643268,157.84145882480365,67829400,-0.0061537238510555,147.83190231323243,141.79126434326173,156.86114501953125,0.5599705882352941,0.11635294117647059,0.042176470588235294,0.8414705882352941,34.0,159.31198120117188,154.2534942626953,153.70449829101562,149.94007873535156,74.38449139992889,4.325645291314942,3.1237853382386938
2022-08-02,156.86114501953125,159.21392420256825,156.48863324172908,156.94938527079637,59907000,-0.0092873062879773,148.73624725341796,142.23554595947266,162.86074829101562,0.39489473684210524,0.09489473684210525,0.033947368421052636,0.871,19.0,158.3316192626953,159.31198120117188,154.2534942626953,148.6166534423828,71.85427127908551,4.4043727784527675,3.3799028262815085
2022-08-03,162.86074829101562,163.31168761792614,157.5866160134525,157.67484132195506,82507500,0.0382478610030376,149.8739112854004,142.7951138305664,162.54702758789062,0.49888461538461537,0.11292307692307692,0.045,0.8420384615384615,26.0,156.86114501953125,158.3316192626953,159.31198120117188,153.70449829101562,74.28493273127957,4.894462406517306,3.6828147423286683
2022-08-04,162.54702758789062,163.89987539598906,161.19417977979222,162.7430888021846,55474100,-0.0019263125487082,150.82776412963867,143.24017974853516,162.32122802734375,0.3365625,0.0790625,0.042375,0.878625,16.0,162.86074829101562,156.86114501953125,158.3316192626953,154.2534942626953,72.3555895314647,5.197632259520674,3.9857782457670696
2022-08-05,162.32122802734375,162.81206933981915,160.01426786699392,160.22042780912037,56697000,-0.0013891337411555,151.73650588989258,143.73464782714845,161.8500213623047,0.35400000000000004,0.09854545454545455,0.049772727272727274,0.8515454545454545,22.0,162.54702758789062,162.86074829101562,156.86114501953125,159.31198120117188,78.82192636082401,5.357913720610526,4.260205340735761
2022-08-08,161.8500213623047,164.7361708864107,161.19229575323052,163.32254540690658,60276900,-0.0029029269354694,152.72805099487306,144.21655395507813,161.89907836914062,0.3408,0.1071,0.0443,0.84855,20.0,162.32122802734375,162.54702758789062,162.86074829101562,158.3316192626953,74.5960887817223,5.384842382422988,4.485132749073207
2022-08-09,161.89907836914062,162.78260161908204,160.2596703687026,161.01557009848565,63135500,0.0003031016395489,153.67352523803712,144.6355242919922,166.1399688720703,0.35015789473684206,0.08307894736842106,0.0375,0.8793947368421053,38.0,161.8500213623047,162.32122802734375,162.54702758789062,156.86114501953125,72.70068741417535,5.3484879911412975,4.657803797486825
2022-08-10,166.1399688720703,166.23812814464867,163.8428202002786,164.60853143111325,70170500,0.0261946550014335,154.84917984008788,145.02441955566405,165.4036865234375,0.5495,0.09042307692307693,0.036653846153846155,0.8730384615384617,26.0,161.89907836914062,161.8500213623047,162.32122802734375,162.86074829101562,74.61917641728769,5.597358431354991,4.845714724260459
2022-08-11,165.4036865234375,167.85789272456063,165.10917878344554,166.94492022851418,57149200,-0.0044316990886146,155.8419532775879,145.4142742919922,168.9475860595703,0.5847272727272727,0.09286363636363637,0.028545454545454544,0.8785454545454545,22.0,166.1399688720703,161.89907836914062,161.8500213623047,162.54702758789062,75.96684396213107,5.6698200597641915,5.010535791361206
2022-08-12,168.9475860595703,169.01629605421468,166.29703098384925,166.70935086886797,68039400,0.0214257590663231,156.92859344482423,145.87755584716797,170.01763916015625,0.3476666666666666,0.08515151515151516,0.03175757575757576,0.883030303030303,33.0,165.4036865234375,166.1399688720703,161.89907836914062,162.32122802734375,81.6264167039038,5.944682893340229,5.197365211757011
2022-08-15,170.01763916015625,170.21397271578903,168.2113464814704,168.37823075272277,54091700,0.0063336394768531,158.22068634033204,146.31322174072267,169.8605499267578,0.5229999999999999,0.07946153846153847,0.024999999999999998,0.8955384615384616,39.0,168.9475860595703,165.4036865234375,166.1399688720703,161.8500213623047,85.91169911227983,6.177645954526724,5.393421360310954
2022-08-16,169.8605499267578,170.52810192661653,168.51564947224608,169.61512926108554,56377100,-0.0009239584443968,159.31229095458986,146.8600518798828,171.3527069091797,0.4353571428571429,0.08585714285714285,0.03580952380952381,0.8783571428571428,42.0,170.01763916015625,168.9475860595703,165.4036865234375,161.89907836914062,82.48633264462177,6.277235012854419,5.570184090819648
2022-08-17,171.3527069091797,172.92339013736907,169.4089794863745,169.60531301748716,79542000,0.0087845999737152,160.37851104736328,147.42182342529296,170.96005249023438,0.22285714285714286,0.08664285714285715,0.045178571428571436,0.8681428571428571,28.0,169.8605499267578,170.01763916015625,168.9475860595703,166.1399688720703,83.12634797661616,6.402757652445615,5.736698803144842
2022-08-18,170.96005249023438,171.69631458533323,169.94892041130856,170.5673853645646,62290100,-0.0022914981970691,161.31187133789064,147.92535430908202,168.37820434570312,0.33224,0.059800000000000006,0.05072,0.88952,25.0,171.3527069091797,169.8605499267578,170.01763916015625,165.4036865234375,77.54560334400466,6.396812842039168,5.868721610923707
2022-08-19,168.37820434570312,170.55754092380556,168.1720444080825,169.86053968443733,70346300,-0.0151020551697521,162.17789840698242,148.3919528198242,164.50057983398438,0.6568,0.10548,0.03784,0.85676,25.0,170.96005249023438,171.3527069091797,169.8605499267578,168.9475860595703,72.08551729875036,6.1132976788573785,5.917636824510442
2022-08-22,164.50057983398438,166.74862666169574,164.07844847706937,166.58174239756778,69026800,-0.0230292544500443,162.90592346191406,148.88530487060547,164.1667938232422,0.5767083333333333,0.09533333333333333,0.047999999999999994,0.8568333333333333,24.0,168.37820434570312,170.96005249023438,171.3527069091797,170.01763916015625,65.18660433377781,5.51217703236577,5.836544866081509
2022-08-23,164.1667938232422,165.61969500518398,163.597416059393,164.0195474098714,54147100,-0.0020290871380456,163.68343048095704,149.4800128173828,164.4613037109375,0.3823076923076923,0.08707692307692308,0.04711538461538462,0.8658461538461538,26.0,164.50057983398438,168.37820434570312,170.96005249023438,169.8605499267578,53.351228897472986,4.951769926338898,5.659589878132987
2022-08-24,164.4613037109375,165.03068148199358,163.20475103663767,164.2551587296091,53841500,0.0017939674695262,164.2212707519531,150.18354400634766,166.91549682617188,0.53015,0.085025,0.0223,0.892675,40.0,164.1667938232422,164.50057983398438,168.37820434570312,171.3527069091797,54.91675680760006,4.47976776962301,5.423625456430992
2022-08-25,166.91549682617188,167.0234825149317,165.26627719342727,165.68839353539587,51218200,0.0149226174173344,164.85437088012696,150.91890625,160.6229248046875,0.43007142857142855,0.089,0.04042857142857143,0.8705714285714287,14.0,164.4613037109375,164.1667938232422,164.50057983398438,170.96005249023438,60.58818978492355,4.254690114498203,5.189838388044435
2022-08-26,160.6229248046875,167.91683533755338,160.5640262370915,167.44563181749547,78961000,-0.0376991480188179,164.9199180603027,151.47606811523437,158.42391967773438,0.5798461538461539,0.11253846153846155,0.03246153846153846,0.8550769230769231,26.0,166.91549682617188,164.4613037109375,164.1667938232422,168.37820434570312,47.770262664217114,3.5278891680057143,4.857448544036691
2022-08-29,158.42391967773438,159.9160662270411,156.89249744175427,158.19812192757627,73314000,-0.0136904811665399,164.92453308105468,152.09453552246094,155.99916076660156,0.4582647058823529,0.09344117647058824,0.07176470588235294,0.8348235294117647,34.0,160.6229248046875,166.91549682617188,164.4613037109375,164.50057983398438,44.14297088613064,2.74283514945256,4.4345258651198645
2022-08-30,155.99916076660156,159.58229569538483,154.83095626158936,159.1601794345339,77906200,-0.0153055101531716,164.8814338684082,152.63509796142577,154.34010314941406,0.5137058823529412,0.09676470588235295,0.06229411764705882,0.8407058823529412,17.0,158.42391967773438,160.6229248046875,166.91549682617188,164.1667938232422,31.794164603885804,1.9030788952883313,3.928236471153558
2022-08-31,154.34010314941406,157.63855650622187,154.26156676243244,157.37349807256936,87991100,-0.0106350419389095,164.4554016113281,153.05797576904297,155.0665740966797,0.365,0.09133333333333334,0.06183333333333333,0.8469444444444444,18.0,155.99916076660156,158.42391967773438,160.6229248046875,164.4613037109375,30.77450533785938,1.0911162207653717,3.360812421075921
2022-09-01,155.0665740966797,155.51813965771387,151.83683028732435,153.77074600824525,74229900,0.0047069486960387,164.08137893676758,153.50557861328124,152.95596313476562,0.35688888888888887,0.06814814814814815,0.047481481481481486,0.8842222222222221,27.0,154.34010314941406,155.99916076660156,158.42391967773438,166.91549682617188,23.260268142157898,0.5004808536615428,2.7887461075930453
2022-09-02,152.95596313476562,157.42262194968552,152.13135334781393,156.82379496598037,76957800,-0.0136109988513588,163.61311569213868,153.85371887207032,151.6994171142578,0.5435151515151515,0.0816969696969697,0.025757575757575757,0.8926666666666666,33.0,155.0665740966797,154.34010314941406,155.99916076660156,160.6229248046875,18.400017634770336,-0.13633896486209096,2.203729093102018
2022-09-06,151.6994171142578,154.21252227519972,150.87480729194033,153.60388383195894,73714800,-0.0082150835753994,163.10558547973633,154.11026123046875,153.10324096679688,0.39153125,0.08071875,0.053875,0.86534375,32.0,152.95596313476562,155.0665740966797,154.34010314941406,158.42391967773438,17.67998018776008,-0.7339554401007433,1.616192186461466
2022-09-07,153.10324096679688,153.80022729759784,150.79628062278962,151.9841232844313,87449600,0.0092539831677911,162.66579360961913,154.39488006591796,151.63072204589844,0.5239705882352942,0.09135294117647058,0.029529411764705884,0.8790735294117648,68.0,151.6994171142578,152.95596313476562,155.0665740966797,155.99916076660156,17.42034991067814,-1.0818233633461602,1.0765890764999406
2022-09-08,151.63072204589844,153.4959132532277,149.88331299426738,151.80741774838046,84923800,-0.0096178167855883,161.94033126831056,154.73278778076173,154.48739624023438,0.5138983050847458,0.0868135593220339,0.030966101694915253,0.8822033898305084,59.0,153.10324096679688,151.6994171142578,152.95596313476562,154.34010314941406,16.773620904102103,-1.4595068825035469,0.5693698846992432
2022-09-09,154.48739624023438,154.92916542303703,151.91539245059826,152.62220516793604,68028800,0.0188396794250655,161.3945167541504,155.09273376464844,160.4363555908203,0.4468717948717949,0.10235897435897436,0.03523076923076923,0.8624615384615385,39.0,151.63072204589844,153.10324096679688,151.6994171142578,155.0665740966797,26.345725513673187,-1.5108973748023402,0.15331643279892654
2022-09-12,160.4363555908203,161.25115382171967,156.3820172588061,156.66669857838036,104956000,0.0385077326394642,160.96895523071288,155.62087188720704,151.02203369140625,0.6848125,0.09459375,0.02496875,0.88040625,32.0,154.48739624023438,151.63072204589844,153.10324096679688,152.95596313476562,43.535199815536224,-1.059381517442091,-0.089223157249277
2022-09-13,151.02203369140625,157.5993035102858,150.5606417135221,156.97102730327344,122656600,-0.0586794798768959,160.0191749572754,155.91739349365236,152.46511840820312,0.4408888888888889,0.10191666666666667,0.03183333333333333,0.8661944444444445,36.0,160.4363555908203,154.48739624023438,151.63072204589844,151.6994171142578,33.77751798689856,-1.444557091059636,-0.3602899440113488
2022-09-14,152.46511840820312,154.22233860679495,150.79626102566698,151.95463927472932,87965400,0.0095554581111365,159.14940338134767,156.1912109375,149.5789794921875,0.5218064516129032,0.10203225806451613,0.041161290322580646,0.8568709677419355,31.0,151.02203369140625,160.4363555908203,154.48739624023438,153.10324096679688,35.60317169645474,-1.6147527671572561,-0.6111825086405303
2022-09-15,149.5789794921875,152.3964188629796,148.60712326254628,151.81721471946022,90481100,-0.0189298309419758,158.06071701049805,156.3806411743164,147.9395751953125,0.457,0.09332352941176471,0.03561764705882353,0.8711176470588234,34.0,152.46511840820312,151.02203369140625,160.4363555908203,151.63072204589844,29.407642998099107,-1.9599285207374635,-0.880931711059917
2022-09-16,147.9395751953125,148.57767791761873,145.6522527794473,148.4402429431555,162278800,-0.010960124894826,156.90969314575196,156.47003326416015,151.6503448486328,0.29591666666666666,0.10225000000000001,0.0525,0.8453333333333334,24.0,149.5789794921875,152.46511840820312,151.02203369140625,154.48739624023438,33.0623883854887,-2.338808687301878,-1.1725071063083092
2022-09-19,151.6503448486328,151.7288812650201,146.368901915373,146.57504690151106,81474200,0.0250830087109639,156.07330017089845,156.6201123046875,154.02597045898438,0.6541764705882354,0.11276470588235295,0.036941176470588234,0.8502352941176471,17.0,147.9395751953125,149.5789794921875,152.46511840820312,160.4363555908203,41.30548296735431,-2.3129832193902757,-1.4006023289247025
2022-09-20,154.02597045898438,155.1843635395565,150.2759512881002,150.59008188296497,107689800,0.0156651513896837,155.54956970214843,156.8602493286133,150.90423583984375,0.4887142857142857,0.0872,0.04077142857142857,0.872,35.0,151.6503448486328,147.9395751953125,149.5789794921875,151.02203369140625,47.464026893493255,-2.076882211860095,-1.535858305511781
2022-09-21,150.90423583984375,155.83228620825895,150.78643873263653,154.45792171393398,101696800,-0.0202675861079668,154.8864418029785,157.01854217529296,149.94223022460938,0.42244444444444446,0.0795,0.03244444444444444,0.8880555555555555,18.0,154.02597045898438,151.6503448486328,147.9395751953125,152.46511840820312,45.744179391873885,-2.1172618797167786,-1.6521390203527806
2022-09-22,149.94223022460938,151.6405372059972,148.1457489754599,149.58882383167358,86652500,-0.0063749411000985,154.1604881286621,157.16484924316407,147.6745147705078,0.5662666666666667,0.1036,0.0377,0.8587333333333333,30.0,150.90423583984375,154.02597045898438,151.6503448486328,149.5789794921875,43.68957652409498,-2.201511219797368,-1.7620134602416981
2022-09-23,147.6745147705078,148.69547312127722,145.83877299693037,148.4206031759059,96029900,-0.0151239277333983,153.1984390258789,157.20737518310546,148.00831604003906,0.44675757575757574,0.10406060606060606,0.036272727272727276,0.8596666666666667,33.0,149.94223022460938,150.90423583984375,154.02597045898438,147.9395751953125,43.5211775368626,-2.423330468680035,-1.8942768619293655
2022-09-26,148.00831604003906,150.95336436223522,146.89900971197227,146.91864756165486,93339400,0.0022603850776146,152.56770858764648,157.22324584960938,148.9801483154297,0.5781428571428572,0.09966666666666667,0.03904761904761905,0.8612619047619048,42.0,147.6745147705078,149.94223022460938,150.90423583984375,151.6503448486328,45.36719614820376,-2.5428761553499726,-2.023996720613487
2022-09-27,148.9801483154297,151.88593544780034,147.20330517830297,149.9422080635759,84442700,0.0065660653495154,152.09552001953125,157.31933319091797,147.09535217285156,0.6130625,0.1269375,0.05325,0.81975,16.0,148.00831604003906,147.6745147705078,149.94223022460938,154.02597045898438,44.76825797827541,-2.530033578432267,-2.125204092177243
2022-09-28,147.09535217285156,147.88070143548975,142.18693800547695,144.935652935065,146691400,-0.0126513241119046,151.65032958984375,157.30067108154296,139.8701171875,0.39158000000000004,0.09083999999999999,0.05126,0.8578600000000001,50.0,148.9801483154297,148.00831604003906,147.6745147705078,150.90423583984375,44.304712355687315,-2.6414935471675847,-2.228461983175311
2022-09-29,139.8701171875,144.03245634378814,138.103085707034,143.4238179924611,128138200,-0.0491193968988306,150.92683029174805,157.09750732421875,135.6685333251953,0.19486486486486487,0.08078378378378379,0.058945945945945946,0.8601621621621621,37.0,147.09535217285156,148.9801483154297,148.00831604003906,149.94223022460938,33.459162023057345,-3.2750892645561294,-2.437787439451475
2022-09-30,135.6685333251953,140.4787870882612,135.47219979960417,138.69211755301987,124925300,-0.030039181683621,149.95692825317383,156.7650210571289,139.84068298339844,0.31295,0.0847,0.060024999999999995,0.8554,40.0,139.8701171875,147.09535217285156,148.9801483154297,147.6745147705078,20.81884928196979,-4.069342294095037,-2.7640984103801873
2022-10-03,139.84068298339844,140.44933637961338,135.1678792129988,135.67835835777296,114311700,0.0307525227548715,149.30116424560546,156.54068145751953,143.42379760742188,0.5193333333333333,0.09671428571428572,0.05128571428571428,0.8521428571428571,21.0,135.6685333251953,139.8701171875,147.09535217285156,148.00831604003906,34.969636976964466,-4.312424982178015,-3.073763724739753
2022-10-04,143.42379760742188,143.54159469628158,141.6174906956308,142.37339030080977,87830100,0.0256228341250936,148.88738327026368,156.41035583496094,143.7183380126953,0.4479459459459459,0.09872972972972974,0.030567567567567566,0.8707027027027028,37.0,139.84068298339844,135.6685333251953,139.8701171875,148.9801483154297,38.507547563576495,-4.167897431811809,-3.2925904661541643
2022-10-05,143.7183380126953,144.68039782185656,140.39043433471556,141.43103055560152,79471000,0.0020536369151209,148.4181381225586,156.31238952636718,142.76608276367188,0.6656399999999999,0.09939999999999999,0.02476,0.8758,25.0,143.42379760742188,139.84068298339844,135.6685333251953,147.09535217285156,42.02510303873426,-3.983670088718924,-3.4308063906671165
2022-10-06,142.76608276367188,144.8374334955695,142.5599378213271,143.13912691743977,68402200,-0.0066258437315029,147.97490615844723,156.09362121582032,137.52392578125,0.3831666666666667,0.06616666666666667,0.03706666666666667,0.8968333333333334,30.0,143.7183380126953,143.42379760742188,139.84068298339844,139.8701171875,42.82598447255699,-3.869897858711056,-3.5186246842759044
2022-10-07,137.52392578125,140.47880029356153,136.8956494527264,139.9290453992253,85925600,-0.0367185040098038,147.12673263549806,155.7590298461914,137.8478546142578,0.4933181818181818,0.10518181818181818,0.03468181818181818,0.8600909090909091,22.0,142.76608276367188,143.7183380126953,143.42379760742188,135.6685333251953,31.209144423385055,-4.154836436548067,-3.645867034730337
2022-10-10,137.8478546142578,139.2909290851068,136.0317509799681,137.8478546142578,74899000,0.0023554361989568,145.99730758666993,155.32974731445313,136.4342498779297,0.14964285714285713,0.07328571428571429,0.05721428571428572,0.8694642857142857,28.0,137.52392578125,142.76608276367188,143.7183380126953,139.84068298339844,27.23754939472542,-4.304889871974751,-3.7776716021792196
2022-10-11,136.4342498779297,138.76084793369003,135.68817645989057,137.33739611427865,77033700,-0.0102548185482018,145.2679183959961,154.8917999267578,135.80596923828125,0.4984166666666667,0.11216666666666665,0.041416666666666664,0.8464583333333334,24.0,137.8478546142578,137.52392578125,142.76608276367188,143.42379760742188,28.612868115862938,-4.486160720611878,-3.9193694258657517
2022-10-12,135.80596923828125,137.78897231294513,135.62927355780317,136.58150689181417,70433700,-0.0046050067355563,144.4349609375,154.47069641113282,140.3708038330078,0.6023214285714286,0.08603571428571428,0.022571428571428572,0.8912857142857142,28.0,136.4342498779297,137.8478546142578,137.52392578125,143.7183380126953,28.897950370092303,-4.627176955378047,-4.060930931768211
2022-10-13,140.3708038330078,140.9598044199806,131.90868942611982,132.5173428390662,113224000,0.0336129156938398,143.97455215454102,154.02089752197264,135.84523010253906,0.5063103448275862,0.08055172413793103,0.03793103448275863,0.8815862068965516,29.0,135.80596923828125,136.4342498779297,137.8478546142578,142.76608276367188,39.79703897220072,-4.320782049642531,-4.112901155343075
2022-10-14,135.84523010253906,141.87276009592642,135.65870802953629,141.66660017858484,88598000,-0.032240135461877,143.36983489990234,153.48686157226564,139.8014373779297,0.6044666666666667,0.10373333333333333,0.0176,0.8786666666666666,15.0,140.3708038330078,135.80596923828125,136.4342498779297,137.52392578125,34.79001550917728,-4.3925038079823935,-4.168821685870939
2022-10-17,139.8014373779297,140.282452315822,137.7006369919499,138.48598615048115,85250900,0.0291229016462659,142.7773895263672,153.03646575927735,141.1168670654297,0.57505,0.10974999999999999,0.02595,0.86435,20.0,135.84523010253906,140.3708038330078,135.80596923828125,137.8478546142578,39.31919680905465,-4.083044162969827,-4.151666181290717
2022-10-18,141.1168670654297,144.0128276023933,138.03438444661543,142.82500010106065,99136600,0.009409271550935,142.13193435668944,152.62180267333986,141.22488403320312,0.5507352941176471,0.092,0.02397058823529412,0.8839705882352941,34.0,139.8014373779297,135.84523010253906,140.3708038330078,136.4342498779297,42.94971594160339,-3.6891250453620614,-4.059157954104986
2022-10-19,141.22488403320312,142.2949146585481,138.9081120945048,139.09463421767856,61758300,0.0007654433521639,141.64796676635743,152.2083187866211,140.76345825195312,0.6619473684210526,0.10263157894736842,0.046526315789473686,0.8509473684210526,19.0,141.1168670654297,139.8014373779297,135.84523010253906,135.80596923828125,51.919929764468776,-3.329840906840019,-3.9132945446519924
2022-10-20,140.76345825195312,143.21766459219867,140.0370077826972,140.40024050696854,64522000,-0.0032673121625046,141.18902816772462,151.70078857421876,144.57241821289062,0.45766666666666667,0.11166666666666668,0.05316666666666667,0.8348333333333334,12.0,141.22488403320312,141.1168670654297,139.8014373779297,140.3708038330078,58.07653699255722,-3.047212474230548,-3.7400781305677038
2022-10-21,144.57241821289062,145.14179598739213,140.03703386545854,140.2530052619691,86548600,0.0270592951341095,141.03392333984374,151.2841632080078,146.71246337890625,0.4087179487179487,0.09820512820512821,0.03602564102564103,0.8657948717948718,39.0,140.76345825195312,141.22488403320312,141.1168670654297,135.84523010253906,57.588179530887004,-2.4872052156243285,-3.489503547579029
2022-10-24,146.71246337890625,147.47817461798252,143.3256613631015,144.49386606815804,75981900,0.0148025826258526,140.9691307067871,150.83946075439454,149.54954528808594,0.510625,0.0805,0.03646875,0.88290625,32.0,144.57241821289062,140.76345825195312,141.22488403320312,139.8014373779297,55.5299092229298,-1.8493930172549824,-3.16148144151422
2022-10-25,149.54954528808594,149.6968066869272,146.62413491177583,147.34075911907576,74732300,0.0193377020863763,140.99760055541992,150.43009887695314,146.61428833007812,0.4292820512820513,0.08792307692307692,0.038717948717948716,0.8732564102564103,39.0,146.71246337890625,144.57241821289062,140.76345825195312,141.1168670654297,59.03284455869881,-1.1022869771477986,-2.749642548640936
2022-10-26,146.61428833007812,149.20592954793565,145.32827166402765,148.19479776463467,88194300,-0.0196273211821103,140.97354736328126,149.96517364501952,142.1476593017578,0.36439285714285713,0.09153571428571429,0.04471428571428571,0.8637499999999999,28.0,149.54954528808594,146.71246337890625,144.57241821289062,141.22488403320312,55.6160469172268,-0.7385373642878506,-2.3474215117703188
2022-10-27,142.1476593017578,146.3198108162611,141.48993368404496,145.35776595535313,109180200,-0.0304651687035061,141.08742446899413,149.3810726928711,152.88723754882812,0.5461463414634147,0.09290243902439024,0.03765853658536585,0.8694390243902439,41.0,146.61428833007812,149.54954528808594,146.71246337890625,140.76345825195312,56.90412947694932,-0.8014442583030359,-2.0382260610768625
2022-10-28,152.88723754882812,154.61499335183578,145.11231396636444,145.4853431294892,164762400,0.0755522693783639,141.94835968017577,149.01961639404297,150.5311737060547,0.42122727272727273,0.09562121212121212,0.05018181818181818,0.8542272727272727,66.0,142.1476593017578,146.61428833007812,149.54954528808594,144.57241821289062,67.128776948661,0.015121474167074211,-1.6275565540280752
2022-10-31,150.5311737060547,151.41469684238612,149.13718651330186,150.3544780663591,97943200,-0.015410467744379,142.4828842163086,148.66267578125,147.89047241210938,0.35938000000000003,0.08372,0.04552,0.8709,50.0,152.88723754882812,142.1476593017578,146.61428833007812,146.71246337890625,65.71795283606954,0.46676051386779704,-1.208693140448901
2022-11-01,147.89047241210938,152.60255171953904,146.3983256985316,152.2393339638939,80379300,-0.0175425543356345,142.70621795654296,148.3304736328125,142.37342834472656,0.32621739130434785,0.06821739130434783,0.04095652173913044,0.8907826086956522,23.0,150.5311737060547,152.88723754882812,142.1476593017578,149.54954528808594,62.89541745936324,0.6046353219354899,-0.8460274479720228
2022-11-02,142.37342834472656,149.3826416112209,142.34397906464244,146.22162239502856,93604600,-0.0373049323421531,142.63897247314452,147.8946063232422,136.33607482910156,0.2834814814814815,0.08399999999999999,0.05581481481481481,0.8601481481481481,27.0,147.89047241210938,150.5311737060547,152.88723754882812,146.61428833007812,52.09444436997191,0.2656603847393626,-0.6236898814297458
2022-11-03,136.33607482910156,140.18426855678922,136.20845130657773,139.45781809061094,97918500,-0.042405058203746,142.317472076416,147.33210174560546,136.07057189941406,0.3479130434782608,0.09521739130434782,0.042043478260869564,0.8627391304347826,23.0,142.37342834472656,147.89047241210938,150.5311737060547,142.1476593017578,50.49761433465895,-0.48455798479170653,-0.595863502102138
2022-11-04,136.07057189941406,140.28896920604143,132.1373281619349,139.71864706361086,140814800,-0.0019474150918625,142.24480438232422,146.71520324707032,136.6015625,0.44437499999999996,0.07808333333333332,0.03975,0.8822916666666667,24.0,136.33607482910156,142.37342834472656,147.89047241210938,152.88723754882812,45.91174672646795,-1.08799360220803,-0.6942895221233164
2022-11-07,136.6015625,136.827719829141,133.40580174577732,134.82177198830993,83374600,0.0039023176956913,142.18248977661133,146.23477600097655,137.171875,0.11674193548387096,0.056129032258064517,0.064,0.8798387096774193,62.0,136.07057189941406,136.33607482910156,142.37342834472656,150.5311737060547,44.96561514206317,-1.506013783302734,-0.8566343743592
2022-11-08,137.171875,139.06965789658196,135.19542542837,138.06669154902085,89908500,0.0041750071489847,142.21937103271483,145.8097351074219,132.61917114257812,0.39872,0.07724,0.047560000000000005,0.87524,25.0,136.6015625,136.07057189941406,136.33607482910156,147.89047241210938,45.527165910692176,-1.7708649077125074,-1.0394804810298615
2022-11-09,132.61917114257812,136.23776400792798,132.34384521853534,136.18859544917655,74917800,-0.0331897763839844,142.06003112792968,145.3421353149414,144.4188995361328,0.3994285714285714,0.08433333333333333,0.04690476190476191,0.8687142857142857,21.0,137.171875,136.6015625,136.07057189941406,142.37342834472656,41.756498037599755,-2.321367208537737,-1.2958578265314364
2022-11-10,144.4188995361328,144.4188995361328,137.171901375878,138.88286812786214,118854000,0.0889745297900321,142.26243591308594,145.14371124267578,147.20166015625,0.4828461538461538,0.07817948717948718,0.04335897435897436,0.8785641025641027,39.0,132.61917114257812,137.171875,136.6015625,136.33607482910156,49.86624727967892,-1.784929228119637,-1.3936721068490767
2022-11-11,147.20166015625,147.50648417895965,141.96061049585242,143.38642351170455,93979700,0.019268673484255,142.83025741577148,144.9864129638672,145.80535888671875,0.7072999999999999,0.12835000000000002,0.034300000000000004,0.8372999999999999,20.0,144.4188995361328,132.61917114257812,137.171875,136.07057189941406,50.421490936761636,-1.122315385126086,-1.3394007625044786
2022-11-14,145.80535888671875,147.77198095425382,144.96953850636208,146.48384590068005,73374100,-0.0094856353389568,143.13045349121094,144.84340087890624,147.53598022460938,0.28465384615384615,0.0721923076923077,0.04853846153846154,0.8791923076923076,26.0,147.20166015625,144.4188995361328,132.61917114257812,136.6015625,46.691884554955685,-0.7017694226849187,-1.2118744945405668
2022-11-15,147.53598022460938,151.02673737922098,146.08068410249945,149.67960607049233,89868300,0.0118693945895034,143.45140914916993,144.76013214111327,146.3068389892578,0.4047692307692308,0.08850000000000001,0.042423076923076924,0.869,26.0,145.80535888671875,147.20166015625,144.4188995361328,137.171875,50.832057779555655,-0.22622920951397418,-1.0147454375352483
2022-11-16,146.3068389892578,147.36881668355312,144.83187247009243,146.6411761367448,64218300,-0.008331128674377,143.70550689697265,144.6242041015625,148.20465087890625,0.6240909090909091,0.0895909090909091,0.025318181818181816,0.8849999999999999,22.0,147.53598022460938,145.80535888671875,147.20166015625,132.61917114257812,53.98779971114435,0.05087198954649352,-0.8016219521188999
2022-11-17,148.20465087890625,148.95196191687904,143.71091192910288,143.98623783804743,80389400,0.0129714502941846,144.07756652832032,144.55568267822267,148.76513671875,0.6131428571428571,0.088,0.03635714285714286,0.8755714285714286,14.0,146.3068389892578,147.53598022460938,145.80535888671875,144.4188995361328,44.59373469524377,0.41878673226329965,-0.55754021524246
2022-11-18,148.76513671875,150.15160903599656,147.46717380781297,149.76811828911318,74829600,0.0037818370511308,144.28720245361328,144.44123748779296,145.53988647460938,0.46530769230769226,0.10323076923076924,0.040461538461538465,0.8563461538461539,26.0,148.20465087890625,146.3068389892578,147.53598022460938,147.20166015625,47.872831966241435,0.746977646319408,-0.2966366429300864
2022-11-21,145.53988647460938,147.8605015253363,145.25473282614936,147.6540145740021,58724100,-0.0216801484223966,144.22857360839845,144.14330810546875,147.67364501953125,0.5396315789473685,0.10052631578947369,0.04710526315789474,0.8523157894736841,19.0,148.76513671875,148.20465087890625,146.3068389892578,145.80535888671875,47.20806552404593,0.7383097943086057,-0.08964735548234798
2022-11-22,147.67364501953125,147.9096450709946,144.47788413446048,145.65786938764137,51804100,0.0146609881085355,144.1347785949707,144.07634033203124,148.548828125,0.6964782608695651,0.11765217391304347,0.025739130434782608,0.8567391304347826,23.0,145.53988647460938,148.76513671875,148.20465087890625,147.53598022460938,56.845574651459145,0.8933193121935403,0.1069459780528297
2022-11-23,148.548828125,149.29613922514196,146.84768896962234,146.95585380028717,58301400,0.0059264678226977,144.2315055847168,143.9980145263672,145.63819885253906,0.09951612903225807,0.0769032258064516,0.0876774193548387,0.8354838709677419,31.0,147.67364501953125,145.53988647460938,148.76513671875,146.3068389892578,68.20052493008588,1.0744004151072204,0.30043686546370785
2022-11-25,145.63819885253906,146.3953525551104,144.66471552066162,145.8348580598712,35195900,-0.0195937545196366,144.40603256225586,143.9191989135742,141.81312561035156,0.3862424242424243,0.07287878787878789,0.038,0.8891515151515151,33.0,148.548828125,147.67364501953125,145.53988647460938,148.20465087890625,63.2165320472826,0.9718422442010137,0.434717941211169
2022-11-28,141.81312561035156,144.19273663104678,140.98714790150922,142.71777000634123,69246000,-0.0262642168903808,143.85232696533205,143.796669921875,138.8140106201172,-0.020730769230769233,0.07428846153846154,0.07684615384615384,0.8489615384615384,52.0,145.63819885253906,148.548828125,147.67364501953125,148.76513671875,56.59862573468866,0.5752812277985697,0.46283059852864916
2022-11-29,138.8140106201172,142.39326202258005,138.00770341068628,141.8819361067611,83763800,-0.0211483596974993,143.26646881103517,143.5399432373047,145.5595245361328,0.0398095238095238,0.07644444444444444,0.07533333333333334,0.8482539682539683,63.0,141.81312561035156,145.63819885253906,148.548828125,145.53988647460938,51.958721231810856,0.01878372310221721,0.3740212234433628
2022-11-30,145.5595245361328,146.23801151936658,138.20436253781247,139.04016787618127,111380900,0.0485938983095561,143.14992141723633,143.37061431884766,145.8348846435547,0.08135849056603772,0.07566037735849056,0.05137735849056604,0.8729811320754717,53.0,138.8140106201172,141.81312561035156,145.63819885253906,147.67364501953125,64.66781948629537,0.12067101929744695,0.32335118261417967
2022-12-01,145.8348846435547,146.64120704597445,144.16325857031342,145.73656252403373,71250400,0.0018917354140814,143.3229942321777,143.26922729492188,145.34320068359375,-0.07134210526315789,0.07457894736842105,0.08507894736842106,0.8402631578947368,38.0,145.5595245361328,138.8140106201172,141.81312561035156,148.548828125,52.17262230862953,0.22108812865448613,0.30289857182224095
2022-12-02,145.34320068359375,145.53003217962117,143.21924526160134,143.52408428382984,65447400,-0.0033715112893784,143.77335052490236,143.17724670410155,144.18289184570312,0.3681538461538461,0.10088461538461538,0.06157692307692308,0.8375384615384616,26.0,145.8348846435547,145.5595245361328,138.8140106201172,145.63819885253906,46.93282309413268,0.2580203271720052,0.2939229228921938
2022-12-05,144.18289184570312,148.40128929094377,143.3372438141924,145.30386574755366,68826400,-0.0079832343889039,144.1789665222168,143.10741424560547,140.52500915527344,0.1518857142857143,0.06854285714285714,0.04731428571428571,0.8841714285714286,35.0,145.34320068359375,145.8348846435547,145.5595245361328,141.81312561035156,47.301279994802044,0.1914551585756783,0.27342937002889073
2022-12-06,140.52500915527344,144.84174478338647,139.55152565219004,144.61558740538712,64727200,-0.0253697414693565,144.37513885498046,142.95774810791016,138.587890625,0.3643720930232558,0.09172093023255813,0.042534883720930235,0.8657441860465116,43.0,144.18289184570312,145.34320068359375,145.8348846435547,138.8140106201172,39.04097336609561,-0.1546757739893394,0.18780834122524473
2022-12-07,138.587890625,140.97732977170875,137.663575645007,139.817029693259,69721100,-0.0137848667786458,144.44593963623046,142.74990295410157,140.26931762695312,0.23,0.07076744186046512,0.05251162790697674,0.8767906976744185,43.0,140.52500915527344,144.18289184570312,145.34320068359375,145.5595245361328,38.19558493889283,-0.5786262646077773,0.03452142005864031
2022-12-08,140.26931762695312,141.12480845757423,138.7451974772698,139.9841640195035,62128300,0.0121325679636963,144.8284469604492,142.61338226318358,139.78753662109375,0.19913636363636364,0.09186363636363636,0.0630909090909091,0.8451363636363637,22.0,138.587890625,140.52500915527344,144.18289184570312,145.8348846435547,37.783822638158725,-0.7700562469637475,-0.12639411334583728
2022-12-09,139.78753662109375,143.1406317217956,138.54855479274573,139.96452545134943,76097000,-0.0034346856034522,144.59687881469728,142.61173065185548,142.07862854003906,0.28228000000000003,0.09183999999999999,0.05444,0.8537600000000001,25.0,140.26931762695312,138.587890625,140.52500915527344,145.34320068359375,36.14571539984516,-0.9496941054369756,-0.2910541117640649
2022-12-12,142.07862854003906,142.08845624970894,138.70586361029962,140.31849324023466,70462700,0.016389815389304,144.34072723388672,142.73993255615235,143.04226684570312,0.2736875,0.08312499999999999,0.0298125,0.8869375,16.0,139.78753662109375,140.26931762695312,138.587890625,144.18289184570312,44.49999054385445,-0.8968481251746709,-0.41221291444618613
2022-12-13,143.04226684570312,147.4671667934874,141.83279839446703,147.00500937638787,93886200,0.0067824296698675,144.20257263183595,142.80396423339843,140.82000732421875,0.6563703703703704,0.1111111111111111,0.04248148148148148,0.8464444444444444,27.0,142.07862854003906,139.78753662109375,140.26931762695312,140.52500915527344,42.35640398777919,-0.7683526561392569,-0.48344086278480025
2022-12-14,140.82000732421875,144.2124280542218,138.80421630941913,142.9242927483946,82291200,-0.0155356844552909,143.8667739868164,142.75188842773437,134.221923828125,0.408625,0.0955,0.048125,0.856125,16.0,143.04226684570312,142.07862854003906,139.78753662109375,138.587890625,37.787426437542074,-0.8361976760602658,-0.5539922254398933
2022-12-15,134.221923828125,139.43347405451232,133.75976655307488,138.754987203731,98931900,-0.046854730527762,143.26252822875978,142.56196014404296,132.26515197753906,0.1471904761904762,0.08147619047619047,0.06890476190476191,0.8495714285714286,21.0,140.82000732421875,143.04226684570312,142.07862854003906,140.26931762695312,33.84352397351829,-1.406166130945337,-0.7244270065409821
2022-12-16,132.26515197753906,135.35274779526193,131.49817062820333,134.4087776749108,160156900,-0.0145786306348256,142.4655532836914,142.3519415283203,130.16087341308594,0.6078181818181818,0.1129090909090909,0.037136363636363634,0.8499545454545455,22.0,134.221923828125,140.82000732421875,143.04226684570312,139.78753662109375,35.733125152761005,-1.9927936876006243,-0.9781003427529107
2022-12-19,130.16087341308594,132.94364536804903,129.12840885731634,132.8551509782634,79592600,-0.0159095463392388,141.5353401184082,142.20468048095702,130.09205627441406,0.4690869565217391,0.10260869565217391,0.041739130434782605,0.8555652173913044,23.0,132.26515197753906,134.221923828125,140.82000732421875,142.07862854003906,36.714950494863956,-2.5975549500920465,-1.3019912642207379
2022-12-20,130.09205627441406,131.0261987808424,127.72227301817315,129.19723960857664,77432800,-0.0005287083350575,140.76294860839843,142.04956451416015,133.18946838378906,0.39744999999999997,0.09385,0.03175,0.8745499999999999,20.0,130.16087341308594,132.26515197753906,134.221923828125,143.04226684570312,20.129069520733637,-3.047258674501137,-1.6510447462768179
2022-12-21,133.18946838378906,134.52677190815584,130.53453175568677,130.76068907847488,85928000,0.0238093869685738,140.03873977661132,141.98466888427734,130.02325439453125,0.4691666666666667,0.11295833333333333,0.05629166666666666,0.8306666666666667,24.0,130.09205627441406,130.16087341308594,132.26515197753906,140.82000732421875,27.979291132621142,-3.117777051857246,-1.9443912073929037
2022-12-22,130.02325439453125,132.31437161912214,128.1254707087497,132.10788463987004,77852100,-0.023772254876296,139.1124610900879,141.86901458740235,129.65939331054688,0.378952380952381,0.08628571428571429,0.036476190476190475,0.8770952380952381,21.0,133.18946838378906,130.09205627441406,130.16087341308594,134.221923828125,25.595143180501154,-3.3900717449191404,-2.233527314898151
2022-12-23,129.65939331054688,130.21004508793624,127.47644161865644,128.73507853958515,63814900,-0.0027984308320748,138.3135208129883,141.65478637695313,127.85991668701172,0.4587692307692308,0.11292307692307692,0.0366923076923077,0.8503076923076923,13.0,130.02325439453125,133.18946838378906,130.09205627441406,132.26515197753906,26.26152989742556,-3.5938007020812393,-2.505581992334769
2022-12-27,127.85991668701172,129.21689054689435,126.5717817929533,129.18739241986506,69007800,-0.013878490231905,137.6158603668213,141.49508010864258,123.93653106689452,0.2546538461538462,0.09823076923076922,0.06426923076923077,0.8374999999999999,26.0,129.65939331054688,130.02325439453125,133.18946838378906,130.16087341308594,27.96013054731145,-3.8560104054152475,-2.7756676749508644
2022-12-28,123.93653106689452,128.84325132058044,123.76936998157429,127.50594763388185,85438400,-0.0306850318831447,136.87198638916016,141.17778198242186,127.44696044921876,0.26485185185185184,0.08714814814814814,0.06537037037037037,0.8474444444444444,27.0,127.85991668701172,129.65939331054688,130.02325439453125,130.09205627441406,26.15222031947168,-4.330478850311209,-3.0866299100229337
2022-12-29,127.44696044921876,128.30243635978945,125.59833816334044,125.8539936642562,75703700,0.0283244121172754,135.96635818481445,140.90438385009764,127.76160430908205,0.3942962962962963,0.09674074074074074,0.074,0.8293333333333334,27.0,123.93653106689452,127.85991668701172,129.65939331054688,133.18946838378906,30.30208627808389,-4.372828947861251,-3.3438697175905974
2022-12-30,127.76160430908205,127.78127473228464,125.30333405560762,126.26698223669044,77034200,0.0024688220005737,135.0626941680908,140.63511825561525,122.98271942138672,0.23545454545454544,0.08781818181818181,0.05327272727272727,0.8589545454545454,22.0,127.44696044921876,123.93653106689452,127.85991668701172,130.02325439453125,31.43020796346231,-4.331076620108092,-3.5413110980940963
2023-01-03,122.98271942138672,128.7154174535332,122.09773792777466,128.10576937065363,112117500,-0.0374047031855845,133.94467010498047,140.2795034790039,124.25118255615234,0.19765,0.074525,0.053674999999999994,0.87185,40.0,127.76160430908205,127.44696044921876,123.93653106689452,129.65939331054688,22.61697911203335,-4.6302292703728085,-3.7590947325498387
2023-01-04,124.25118255615234,126.51280092971427,122.9925456360047,124.77233620258212,89113600,0.010314157474591,132.94808464050294,139.87307876586914,122.93355560302734,0.14088095238095238,0.08266666666666667,0.045785714285714284,0.8716666666666667,42.0,122.98271942138672,127.76160430908205,127.44696044921876,127.85991668701172,23.28761507381583,-4.710654039512036,-3.9494065939422787
2023-01-05,122.93355560302734,125.63766124201172,122.67790010774006,125.00834271164996,80962700,-0.0106045425566032,132.06851196289062,139.39750061035156,127.4567642211914,0.36392,0.08016,0.046799999999999994,0.87316,25.0,124.25118255615234,122.98271942138672,127.76160430908205,123.93653106689452,23.902372884978533,-4.82509207382185,-4.124543689918193
2023-01-06,127.4567642211914,128.11558077623516,122.80570749443298,123.90701849100518,87754700,0.036793929826371,131.5119556427002,138.95564498901368,127.9779281616211,0.6063,0.11125,0.035949999999999996,0.8528,20.0,122.93355560302734,124.25118255615234,122.98271942138672,127.44696044921876,39.492964248566786,-4.498938939438148,-4.199422739822184
2023-01-09,127.9779281616211,131.18353181246084,127.72227268810084,128.2925949020793,70790800,0.004088946895947,130.8973861694336,138.58291778564453,128.5482635498047,0.3944242424242424,0.07057575757575758,0.031363636363636364,0.898090909090909,33.0,127.4567642211914,122.93355560302734,124.25118255615234,127.76160430908205,43.03068712723197,-4.150561566089692,-4.1896505050756865
2023-01-10,128.5482635498047,129.06941726347972,125.98182082594904,128.08610610497774,63896200,0.0044565136846357,130.33542251586914,138.31092987060546,131.26220703125,0.4646764705882353,0.08073529411764706,0.04038235294117647,0.8788529411764706,34.0,127.9779281616211,127.4567642211914,122.93355560302734,122.98271942138672,47.24094215857299,-3.784819643570245,-4.108684332774598
2023-01-11,131.26220703125,131.28186245070447,128.28277553296553,129.0595847172529,69458900,0.0211122531452463,129.7946014404297,137.8784292602539,131.1835479736328,0.38665714285714287,0.0846,0.04285714285714286,0.8724571428571429,35.0,128.5482635498047,127.9779281616211,127.4567642211914,124.25118255615234,51.835873348750575,-3.23864094058564,-3.934675654336807
2023-01-12,131.1835479736328,132.019353473187,129.2464237509339,131.6457054280313,71379600,-0.0005992513717102,129.20166549682617,137.49147674560547,132.51100158691406,0.3819230769230769,0.08565384615384615,0.04065384615384615,0.8735769230769231,26.0,131.26220703125,128.5482635498047,127.9779281616211,122.93355560302734,46.523570488270956,-2.7800903608995213,-3.70375859564935
2023-01-13,132.51100158691406,132.6683349676498,129.46274610687885,129.8265664212103,57809700,0.0101190555811774,128.78621520996094,137.18388732910157,133.67127990722656,0.379,0.073,0.03891666666666667,0.8879166666666666,24.0,131.1835479736328,131.26220703125,128.5482635498047,127.4567642211914,54.60497178894469,-2.283251409249516,-3.4196571583693833
2023-01-17,133.67127990722656,134.99874055778392,131.89148966196402,132.57980425900854,63646600,0.0087560904862036,128.75868301391603,137.00984436035156,132.9534912109375,0.5607948717948718,0.07430769230769231,0.0241025641025641,0.9015384615384616,39.0,132.51100158691406,131.1835479736328,131.26220703125,127.9779281616211,57.213559757290014,-1.7754123485387083,-3.0908081964032483
2023-01-18,132.9534912109375,136.29674271738915,132.7764874230637,134.53662257229425,69672800,-0.0053698049183582,128.79309997558593,136.94219268798827,133.01248168945312,0.2435675675675676,0.08048648648648649,0.04775675675675675,0.8718648648648649,37.0,133.67127990722656,132.51100158691406,131.1835479736328,128.5482635498047,59.52915518267572,-1.4145596203519801,-2.755558481192995
2023-01-19,133.01248168945312,133.97612225756075,131.53751520588366,131.8423392118264,58280400,0.0004436925873727,128.9356803894043,136.88103088378907,135.56907653808594,0.7243636363636363,0.14754545454545454,0.027636363636363636,0.825,11.0,132.9534912109375,133.67127990722656,132.51100158691406,131.26220703125,69.8495370177247,-1.1110141157047053,-2.426649608095337
2023-01-20,135.56907653808594,135.71658218378784,131.97999755468973,133.02230476612493,80223600,0.0192207138470037,129.20953140258788,136.86038116455077,138.75503540039062,0.3426470588235294,0.07576470588235294,0.04252941176470588,0.8816470588235293,17.0,133.01248168945312,132.9534912109375,133.67127990722656,131.1835479736328,68.53684272844089,-0.6565875458969117,-2.072637195655652
2023-01-23,138.75503540039062,140.92815961902411,135.59860004292767,135.81492969380113,81760300,0.0235006311443719,129.48780975341796,136.8920443725586,140.1513214111328,0.5641071428571428,0.08807142857142858,0.022214285714285714,0.8896428571428572,28.0,135.56907653808594,133.01248168945312,132.9534912109375,132.51100158691406,72.1826459667986,-0.03892228941469966,-1.6658942144074618
2023-01-24,140.1513214111328,140.77081216801105,137.95854199183503,137.9683697007518,66435100,0.0100629574034056,129.99421310424805,137.0426873779297,139.49252319335938,0.6311818181818182,0.12200000000000001,0.04381818181818182,0.8341363636363636,22.0,138.75503540039062,135.56907653808594,133.01248168945312,133.67127990722656,90.11964635596529,0.5568316792208066,-1.2213490356818082
2023-01-25,139.49252319335938,140.05300275817604,136.49342112366645,138.53871015801215,65799300,-0.0047006208085677,130.48586959838866,136.94415985107423,141.5574493408203,0.4301333333333333,0.10586666666666668,0.030666666666666665,0.8634666666666667,15.0,140.1513214111328,138.75503540039062,135.56907653808594,132.9534912109375,86.66059850877467,0.9646911224123187,-0.7841410040629828
2023-01-26,141.5574493408203,141.8426029112318,139.53181620357194,140.78062529691158,54105100,0.0148031313807308,131.1707462310791,136.83127563476563,143.49456787109375,0.5189375,0.10262500000000001,0.0609375,0.83625,16.0,139.49252319335938,140.1513214111328,138.75503540039062,133.01248168945312,93.24222202933159,1.43796894154886,-0.3397190149406143
2023-01-27,143.49456787109375,144.77287517943125,140.69214050710963,140.77080718806803,70555800,0.0136843277361513,132.14864807128907,136.78505981445312,140.61346435546875,0.30451999999999996,0.061,0.037000000000000005,0.9020400000000001,25.0,141.5574493408203,139.49252319335938,140.1513214111328,135.56907653808594,92.31991096762712,1.946911515178499,0.11760709108320838
2023-01-30,140.61346435546875,143.12091025214485,140.46597371619012,142.54076039880331,64015300,-0.0200781364644632,132.80697326660157,136.6466094970703,141.88194274902344,0.3510754716981132,0.06684905660377359,0.04,0.8931132075471698,53.0,143.49456787109375,141.5574493408203,139.49252319335938,138.75503540039062,79.6494197993278,2.093637051503123,0.5128130831671913
2023-01-31,141.88194274902344,141.93111130163894,139.9054929686203,140.31848180314623,65874500,0.0090210308050442,133.51299018859862,136.55811157226563,143.00289916992188,0.29233333333333333,0.07912121212121213,0.05645454545454545,0.8644848484848484,33.0,140.61346435546875,143.49456787109375,141.5574493408203,140.1513214111328,80.29503331692334,2.2859230039327088,0.8674350673202949
2023-02-01,143.00289916992188,144.1632138517995,138.96150571314269,141.56727363630213,77663600,0.0079006277978679,134.51399917602538,136.45407653808593,148.30300903320312,0.5117714285714285,0.08191428571428572,0.03242857142857143,0.8856285714285714,35.0,141.88194274902344,140.61346435546875,143.49456787109375,139.49252319335938,78.75732913144748,2.499945011589574,1.1939370561741507
2023-02-02,148.30300903320312,148.6569866770964,145.69722523392414,146.41503824093917,118339000,0.0370629539264335,135.71659049987792,136.444833984375,151.92156982421875,0.3335762711864407,0.08033898305084747,0.041559322033898304,0.8780847457627119,59.0,143.00289916992188,141.88194274902344,140.61346435546875,141.5574493408203,83.39100181249461,3.06193745669259,1.5675371362778385
2023-02-03,151.92156982421875,154.75351068440185,145.36288637728777,145.55954560277002,154357300,0.0243997799815745,137.1659912109375,136.5724676513672,149.1977996826172,0.2548904109589041,0.08168493150684931,0.06071232876712329,0.8576438356164383,73.0,148.30300903320312,143.00289916992188,141.88194274902344,143.49456787109375,84.7536410850447,3.7560111738578144,2.005231943793834
2023-02-06,149.1977996826172,150.5449461888697,148.2636570715711,150.02379246889225,69858300,-0.0179287914464885,138.2530429840088,136.6029507446289,152.0690460205078,0.033849999999999984,0.0744,0.05685,0.86875,20.0,151.92156982421875,148.30300903320312,143.00289916992188,140.61346435546875,76.32555805072906,4.039716768046304,2.412128908644328
2023-02-07,152.0690460205078,152.63936822302708,148.12597415973434,148.12597415973434,83322600,0.0192445622120334,139.4575988769531,136.67335510253906,149.38465881347656,0.4454444444444445,0.108,0.03966666666666666,0.8522222222222222,18.0,149.1977996826172,151.92156982421875,148.30300903320312,141.88194274902344,80.20512607842124,4.445001864315799,2.8187034997786222
2023-02-08,149.38465881347656,152.00027061110777,148.64717529938704,151.31195566545233,64120100,-0.0176524235357485,140.49941864013672,136.74828430175782,148.3521728515625,0.5498333333333333,0.10804166666666666,0.04516666666666667,0.8468749999999999,24.0,152.0690460205078,149.1977996826172,151.92156982421875,143.00289916992188,73.88822815139503,4.497738480327087,3.1545104958883154
2023-02-09,148.3521728515625,151.7544365931666,147.90968576195635,151.21361237069686,56007100,-0.0069115929983362,141.35391693115236,136.87906524658203,148.7165069580078,0.6004615384615385,0.11392307692307692,0.02984615384615385,0.8562307692307692,13.0,149.38465881347656,152.0690460205078,149.1977996826172,148.30300903320312,69.51964259668217,4.405436510378962,3.404695698786445
2023-02-10,148.7165069580078,149.0414968354293,146.95369947058745,147.1900598433605,57450700,0.002455873071774,142.2305648803711,137.07711517333985,151.51339721679688,0.49404761904761907,0.11057142857142857,0.044333333333333336,0.8450476190476189,21.0,148.3521728515625,149.38465881347656,152.0690460205078,151.92156982421875,66.64541905808501,4.31197943688386,3.586152446405928
2023-02-13,151.51339721679688,151.91715888947925,148.62788900472555,148.65743217523777,62199000,0.0188068582028948,143.18068466186523,137.19619262695312,150.8732452392578,0.7237142857142856,0.10971428571428572,0.028214285714285716,0.8621428571428572,14.0,148.7165069580078,148.3521728515625,149.38465881347656,149.1977996826172,68.1368573091809,4.412732469041686,3.7514684509330793
2023-02-14,150.8732452392578,151.4345954776921,148.56878800441328,149.80964612462722,61707600,-0.0042250519709691,144.0407829284668,137.2969598388672,152.97091674804688,0.4117826086956522,0.08730434782608695,0.06308695652173914,0.8495652173913043,23.0,151.51339721679688,148.7165069580078,148.3521728515625,152.0690460205078,68.17744238201614,4.390316225725883,3.8792380058916405
2023-02-15,152.97091674804688,153.13833305811258,150.5581292969133,150.78463194852628,65573800,0.0139035354178438,145.04165420532226,137.44951416015624,151.37551879882812,0.6587307692307692,0.09911538461538462,0.03773076923076923,0.8630769230769231,26.0,150.8732452392578,151.51339721679688,148.7165069580078,149.38465881347656,68.21069484189414,4.490057167125713,4.001401838138455
2023-02-16,151.37551879882812,153.95572244720177,151.02098573800205,151.17854429955682,68167900,-0.0104294200697409,145.959806060791,137.59336669921876,150.23313903808594,0.6074444444444445,0.08405555555555555,0.02761111111111111,0.8882777777777778,18.0,152.97091674804688,150.8732452392578,151.51339721679688,148.3521728515625,62.71303839269363,4.38976482421495,4.079074435353754
2023-02-17,150.23313903808594,150.67630162569367,148.55896091432058,150.03617955770974,59144100,-0.007546661242234,146.69300918579103,137.787529296875,146.22496032714844,0.5926875,0.0935625,0.033125,0.8733125,16.0,151.37551879882812,152.97091674804688,150.8732452392578,148.7165069580078,66.44005476237044,4.170032382909824,4.097266024864968
2023-02-21,146.22496032714844,149.00213887625634,146.15603126407484,147.9188390818426,58867200,-0.0266797241713852,147.0665054321289,137.94027069091797,146.64842224121094,0.16315384615384615,0.11415384615384615,0.063,0.822923076923077,13.0,150.23313903808594,151.37551879882812,152.97091674804688,151.51339721679688,56.786702808494724,3.630614847876217,4.003935789467218
2023-02-22,146.64842224121094,147.67262055430007,144.9250004924314,146.60902132895072,51011300,0.0028959619008621,147.3913604736328,138.06785278320314,147.13095092773438,0.4750625,0.1046875,0.0365625,0.8585625,16.0,146.22496032714844,150.23313903808594,151.37551879882812,150.8732452392578,55.82370041531524,3.200400181403296,3.843228667854434
2023-02-23,147.13095092773438,148.0566768897737,145.0037677901394,147.810473815914,48394200,0.0032903776198134,147.77328186035157,138.21472106933595,144.48182678222656,0.7047777777777777,0.0951111111111111,0.012222222222222223,0.8927222222222222,18.0,146.64842224121094,146.22496032714844,150.23313903808594,152.97091674804688,47.78702013497068,2.8653579284602415,3.6476545199755956
2023-02-24,144.48182678222656,144.95453250364176,143.50685714395402,144.87574571223192,55469600,-0.0180052132389804,147.91950073242188,138.2627850341797,145.67344665527344,0.6464210526315789,0.11347368421052632,0.030947368421052637,0.8555263157894736,19.0,147.13095092773438,146.64842224121094,146.22496032714844,151.37551879882812,35.419135084377274,2.358880642570199,3.3898997444945165
2023-02-27,145.67344665527344,146.9044621404894,145.21058363066865,145.46664446890208,44998500,0.008247541573813,148.0284446716309,138.31540863037108,145.1711883544922,0.5572380952380952,0.11171428571428572,0.028857142857142856,0.8593809523809524,21.0,144.48182678222656,147.13095092773438,146.64842224121094,150.23313903808594,42.65143069490895,2.0302441190809475,3.117968619411803
2023-02-28,145.1711883544922,146.81582313308783,144.5999954030627,144.8166553166064,50547000,-0.0034478370101986,148.25633087158204,138.40243225097657,143.10308837890625,0.30208695652173917,0.08252173913043478,0.043434782608695655,0.8740869565217391,23.0,145.67344665527344,144.48182678222656,147.13095092773438,146.22496032714844,34.040768486679994,1.7095624870076165,2.836287392930966
2023-03-01,143.10308837890625,144.9939263960711,142.8076416515582,144.60000744430354,55479000,-0.0142459395629928,148.31738815307617,138.58005554199218,143.69398498535156,0.4622857142857143,0.09157142857142857,0.04304761904761904,0.8654761904761905,21.0,145.1711883544922,145.67344665527344,144.48182678222656,146.64842224121094,35.04002104802598,1.2738573642594417,2.523801387196661
2023-03-02,143.69398498535156,144.481837933212,141.71450238763347,142.1872231725768,52238100,0.0041291673935137,148.35194244384766,138.80863220214843,148.73623657226562,0.39117391304347826,0.07860869565217392,0.04504347826086957,0.8763913043478261,23.0,143.10308837890625,145.1711883544922,145.67344665527344,147.13095092773438,38.66786046515081,0.9651131100362988,2.212063731764589
2023-03-03,148.73623657226562,148.81502337863614,145.09243318314816,145.79164167073546,70732300,0.0350902063675671,148.37360382080078,139.18013946533202,151.49371337890625,0.31258823529411767,0.06397058823529411,0.03691176470588236,0.8991764705882352,34.0,143.69398498535156,143.10308837890625,145.1711883544922,144.48182678222656,50.039098100854346,1.114451919386994,1.99254136928907
2023-03-06,151.49371337890625,153.926201531547,151.1293375512549,151.4543124625378,87558000,0.0185393746015676,148.35221099853516,139.60817260742186,149.2975616455078,0.5417857142857143,0.08392857142857142,0.02754761904761905,0.8885476190476191,42.0,148.73623657226562,143.69398498535156,143.10308837890625,145.67344665527344,49.96093158484509,1.438724613061737,1.8817780180436037
2023-03-07,149.2975616455078,151.69064849711955,148.83469862838186,151.3656586110283,56182000,-0.0144966525964385,148.3571990966797,139.93033447265626,150.5482635498047,0.6800625,0.125,0.0193125,0.8555,16.0,151.49371337890625,148.73623657226562,143.69398498535156,145.1711883544922,47.054521473834576,1.5011971024439106,1.8056618349236653
2023-03-08,150.5482635498047,151.1391569879468,149.5240652876753,150.48917721139935,47204800,0.0083772426723656,148.28115997314453,140.3408346557617,148.30291748046875,0.3088235294117647,0.0811764705882353,0.029294117647058825,0.8895294117647059,17.0,149.2975616455078,151.49371337890625,148.73623657226562,143.10308837890625,45.32315865812585,1.632806217801857,1.7710907114993035
2023-03-09,148.30291748046875,152.19292402611515,147.94838436334126,151.22781194000862,53833600,-0.014914460096666,148.22707290649413,140.71370513916017,146.2446746826172,0.46286363636363637,0.08963636363636364,0.03995454545454546,0.8705454545454546,22.0,150.5482635498047,149.2975616455078,151.49371337890625,143.69398498535156,44.21366059544417,1.5381953685449332,1.7245116429084295
2023-03-10,146.2446746826172,148.64761988981078,145.36819204822754,147.92871088177273,68572400,-0.0138786399675693,148.12169799804687,141.08140029907227,148.18472290039062,0.17165,0.08315,0.071,0.8458500000000001,20.0,148.30291748046875,150.5482635498047,149.2975616455078,148.73623657226562,42.739359367656384,1.2823504586882848,1.6360794060644006
2023-03-13,148.18472290039062,150.81417020284252,145.4567883472071,145.56511831219402,84457100,0.0132657699980103,148.09510879516603,141.5663641357422,150.27252197265625,0.5144545454545454,0.11118181818181819,0.032863636363636366,0.8558636363636364,22.0,146.2446746826172,148.30291748046875,150.5482635498047,151.49371337890625,53.8580724387007,1.2220501682390932,1.5532735584993391
2023-03-14,150.27252197265625,151.07021762009597,147.82034869008896,148.98242012042218,73695900,0.0140891654105872,148.03306503295897,142.02287536621094,150.6664581298828,0.47706666666666664,0.07473333333333333,0.0366,0.8885333333333333,15.0,148.18472290039062,146.2446746826172,148.30291748046875,149.2975616455078,56.69578494461174,1.327427927432666,1.5081044322860047
2023-03-15,150.6664581298828,150.92250395033966,147.64307677577528,148.8937927615987,77167900,0.0026214783119047,148.02272567749023,142.48097244262695,153.4830322265625,0.1190909090909091,0.07054545454545455,0.05418181818181818,0.8754090909090909,22.0,150.27252197265625,148.18472290039062,146.2446746826172,150.5482635498047,56.553557740989326,1.4262865726487632,1.4917408603585565
2023-03-16,153.4830322265625,154.08376844517147,149.33696504123728,149.84907174243986,76161100,0.0186941017373067,148.048331451416,143.09097869873048,152.64593505859375,0.6977407407407407,0.12774074074074074,0.03314814814814815,0.8392222222222222,27.0,150.6664581298828,150.27252197265625,148.18472290039062,148.30291748046875,66.58205616450755,1.712169922651242,1.5358266728170937
2023-03-17,152.64593505859375,154.35951419092353,151.93686886777078,153.70953434482817,98944600,-0.0054540046272546,148.1118522644043,143.65887374877929,155.0094451904297,0.603875,0.1595625,0.0266875,0.8136875,16.0,153.4830322265625,150.6664581298828,150.27252197265625,146.2446746826172,63.01474504487313,1.8498637142664904,1.5986340811069732
2023-03-20,155.0094451904297,155.4230795673691,151.80880531492744,152.7148458265595,73641400,0.0154836100347428,148.35066757202148,144.30039154052736,156.86093139648438,0.7847500000000001,0.09449999999999999,0.0165,0.8887499999999999,4.0,152.64593505859375,153.4830322265625,150.6664581298828,148.18472290039062,67.17085205519727,2.1252045163420803,1.7039481681539947
2023-03-21,156.86093139648438,156.9791040860205,154.16253977805687,154.93070734117964,73938300,0.011944344448044,148.8824661254883,144.8884748840332,155.4329376220703,0.5391999999999999,0.0732,0.026133333333333335,0.9004666666666666,15.0,155.0094451904297,152.64593505859375,153.4830322265625,150.27252197265625,74.19470312694548,2.4644054174102905,1.8560396180052539
2023-03-22,155.4329376220703,159.6774765177441,155.41323716716616,156.88061300312046,75701800,-0.0091035655704774,149.32169189453126,145.4375750732422,156.5162811279297,0.49019999999999997,0.07113333333333333,0.03973333333333333,0.8890666666666667,15.0,156.86093139648438,155.0094451904297,152.64593505859375,150.6664581298828,70.0538227498608,2.5881626836226133,2.0024642311287257
2023-03-23,156.5162811279297,159.09650071807965,155.28526520629035,156.41780887042844,67622100,0.0069698451462938,149.79095840454102,145.9969354248047,157.8162078857422,0.4169729729729729,0.10332432432432433,0.04605405405405405,0.8507027027027027,37.0,155.4329376220703,156.86093139648438,155.0094451904297,153.4830322265625,65.36968475857857,2.742049337861829,2.1503812524753463
2023-03-24,157.8162078857422,157.9048374069247,155.4526638252611,156.44731907052963,59196500,0.0083053772326087,150.4576774597168,146.52801544189452,155.87611389160156,0.6915,0.1145,0.0179,0.86765,20.0,156.5162811279297,155.4329376220703,156.86093139648438,152.64593505859375,63.253506485198386,2.9350652403777246,2.307318050055822
2023-03-27,155.87611389160156,158.32830230982592,155.47233717929535,157.5109061704178,52390300,-0.0122933760741814,150.9678108215332,147.0218667602539,155.2556915283203,0.6962307692307692,0.09707692307692307,0.03584615384615385,0.8669230769230769,13.0,157.8162078857422,156.5162811279297,155.4329376220703,155.0094451904297,63.939914407324395,2.898075156031382,2.425469471250934
2023-03-28,155.2556915283203,156.08294548571627,153.61105638332387,155.57083875533723,45992200,-0.0039802272958427,151.4720359802246,147.47676055908204,158.3282928466797,0.5573333333333333,0.08666666666666667,0.04576190476190476,0.8677142857142858,21.0,155.87611389160156,157.8162078857422,156.5162811279297,156.86093139648438,60.24876950716502,2.7865754409565966,2.4976906651920663
2023-03-29,158.3282928466797,158.60403911493316,156.92986104995282,156.94954647836764,51305700,0.0197905873086714,152.2332962036133,147.9699008178711,159.89413452148438,0.50336,0.0974,0.04136,0.8610800000000001,25.0,155.2556915283203,155.87611389160156,157.8162078857422,155.4329376220703,71.06784249116433,2.9125700663260545,2.5806665454188638
2023-03-30,159.89413452148438,160.0024644815908,158.82069266127598,159.07673846378026,49501700,0.0098898412068459,153.0433036804199,148.50871368408204,162.39553833007812,0.4728,0.08907999999999999,0.03624,0.8747199999999999,25.0,158.3282928466797,155.2556915283203,155.87611389160156,156.5162811279297,79.28983853001212,3.10300256947653,2.685133750230397
2023-03-31,162.39553833007812,162.49402556851254,159.45095924162882,159.972908545837,68749800,0.015644124883503,153.72626876831055,149.09637481689452,163.6462860107422,0.6182857142857143,0.08875,0.03610714285714286,0.8751428571428572,28.0,159.89413452148438,158.3282928466797,155.2556915283203,157.8162078857422,79.77704623672004,3.4163821555993366,2.831383431304185
2023-04-03,163.6462860107422,163.76445869825218,161.7259047034759,161.77514833228696,56976200,0.0077018598757427,154.33389739990236,149.65791900634767,163.11448669433594,0.3820909090909091,0.08513636363636364,0.044409090909090905,0.8703181818181818,22.0,162.39553833007812,159.89413452148438,158.3282928466797,155.87611389160156,79.04185981782214,3.7227490861405386,3.0096565622714557
2023-04-04,163.11448669433594,164.30610131295074,162.60238002597387,164.06975594835677,46278300,-0.0032496876609307,155.02474365234374,150.14510803222657,161.27288818359375,0.5688,0.10595000000000002,0.03805,0.8558999999999999,20.0,163.6462860107422,162.39553833007812,159.89413452148438,155.2556915283203,76.87068511198946,3.8779329285761435,3.1833118355323937
2023-04-05,161.27288818359375,162.54330471265868,159.34266411557562,162.2380152446489,51511700,-0.0112902204339041,155.5609748840332,150.56753936767578,162.15919494628906,0.4039375,0.08209375,0.04321875,0.87459375,32.0,163.11448669433594,163.6462860107422,162.39553833007812,158.3282928466797,67.55431523467372,3.8084145999570467,3.3083323884173246
2023-04-06,162.15919494628906,162.4546416380935,159.5395906537556,159.963052724609,45390100,0.0054956959764145,156.25378875732423,151.02087280273437,159.5691375732422,0.64288,0.08044000000000001,0.0168,0.9027200000000001,25.0,161.27288818359375,163.11448669433594,163.6462860107422,159.89413452148438,71.39053707158781,3.7812504705707113,3.4029160048480023
2023-04-10,159.5691375732422,159.5691375732422,157.6487565719111,158.96840146235982,47716900,-0.0159723127258047,156.92001190185547,151.3811065673828,158.35781860351562,0.32768749999999996,0.08612500000000001,0.05603125,0.85784375,32.0,162.15919494628906,161.27288818359375,163.11448669433594,162.39553833007812,60.14905826477269,3.51026259618655,3.424385323115712
2023-04-11,158.35781860351562,159.89412336543904,158.0722146254148,159.88428065231392,47644200,-0.0075911857903635,157.4286666870117,151.67837158203125,157.66848754882812,0.5620909090909091,0.09336363636363636,0.04190909090909091,0.8646363636363635,22.0,159.5691375732422,162.15919494628906,161.27288818359375,163.6462860107422,53.42953751235822,3.1613177329593896,3.371771805084448
2023-04-12,157.66848754882812,159.59871163720814,157.35334033527027,158.77147274218814,50133100,-0.004352996655084,157.7984649658203,152.01947204589842,163.0455322265625,0.29445454545454547,0.082,0.06463636363636363,0.8535454545454545,22.0,158.35781860351562,159.5691375732422,162.15919494628906,163.11448669433594,55.301332379996424,2.7969120980575326,3.256799863679065
2023-04-13,163.0455322265625,163.28189260314673,158.96840964951016,159.17522685740187,68445600,0.0341034835897005,158.41741867065429,152.44274383544922,162.7008819580078,0.49773333333333336,0.0827,0.03546666666666667,0.8819333333333333,30.0,157.66848754882812,158.35781860351562,159.5691375732422,161.27288818359375,62.86374800460557,2.9084735025769533,3.187134591458643
2023-04-14,162.7008819580078,163.79402444901268,161.3319931654023,162.09028798128088,49386500,-0.0021138283511857,158.87831115722656,152.83670349121093,162.72055053710938,0.5335333333333333,0.11266666666666666,0.02666666666666667,0.8606666666666667,15.0,163.0455322265625,157.66848754882812,158.35781860351562,162.15919494628906,60.00006247657129,2.935240695491501,3.1367558122652146
2023-04-17,162.72055053710938,162.8781241294329,161.53877864877254,162.5826774005875,41516200,0.0001208879685521,159.38204193115234,153.12505432128907,163.9416961669922,0.6022325581395349,0.07476744186046512,0.0196046511627907,0.9056046511627908,43.0,162.7008819580078,163.0455322265625,157.66848754882812,159.5691375732422,65.20797182966794,2.9243311099769187,3.094270871807556
2023-04-18,163.9416961669922,164.86742208466634,163.1341429104535,163.57732044379625,49923000,0.007504556897405,159.82865447998046,153.36545684814453,165.0841064453125,0.4532432432432432,0.07929729729729729,0.039783783783783784,0.8809459459459459,37.0,162.72055053710938,162.7008819580078,163.0455322265625,158.35781860351562,68.79801494209147,2.9798713298637836,3.0713909634188017
2023-04-19,165.0841064453125,165.60605581206516,163.0258371209191,163.28189796071484,47720200,0.0069683936730571,160.23981323242188,153.68318298339844,164.11898803710938,0.6663571428571429,0.12028571428571429,0.03503571428571429,0.84475,28.0,163.9416961669922,162.72055053710938,162.7008819580078,157.66848754882812,65.95359663883714,3.0805595433749033,3.073224679410022
2023-04-20,164.11898803710938,165.32046042282218,163.04554607797024,163.56749547193866,52456400,-0.0058462224437265,160.67411575317382,153.92418182373046,162.51377868652344,0.6626842105263158,0.10426315789473684,0.02831578947368421,0.867421052631579,19.0,165.0841064453125,163.9416961669922,162.72055053710938,163.0455322265625,60.2681558113282,3.047350726031226,3.0680498887342633
2023-04-21,162.51377868652344,163.9220534848416,161.9918292131701,162.54332186221907,58337300,-0.0097807655883362,160.9739906311035,154.1867642211914,162.8190155029297,0.6134285714285714,0.11,0.023476190476190477,0.8664761904761905,21.0,164.11898803710938,165.0841064453125,163.9416961669922,162.7008819580078,50.300462267538215,2.8585538898772995,3.0261506889628706
2023-04-24,162.8190155029297,163.08491902519904,161.4008834202169,162.49402564838778,41949600,0.0018782211506818,161.2241310119629,154.47610107421875,161.28274536132812,0.3647058823529412,0.08952941176470589,0.059117647058823525,0.8515294117647059,17.0,162.51377868652344,164.11898803710938,165.0841064453125,162.72055053710938,47.791695314562034,2.702409403716416,2.96140243191358
2023-04-25,161.28274536132812,163.78416246885476,161.24334444666383,162.68117729099055,48714100,-0.0094354466943323,161.4944625854492,154.72742584228516,161.27288818359375,0.5895263157894737,0.0948421052631579,0.03131578947368421,0.8739473684210527,19.0,162.8190155029297,162.51377868652344,164.11898803710938,163.9416961669922,45.35924173694135,2.4267258274373376,2.8544671110183315
2023-04-26,161.27288818359375,162.7698073781101,160.32747660698578,160.58352244501583,45498800,-6.111737317149313e-05,161.7953224182129,154.92261566162108,165.85227966308594,0.8392,0.1054,0.021666666666666667,0.8729333333333333,15.0,161.28274536132812,162.8190155029297,162.51377868652344,165.0841064453125,50.0,2.1822930987676443,2.7200323085681943
2023-04-27,165.85227966308594,165.99999552987848,162.68118215487013,162.68118215487013,64902300,0.0283952965130691,162.1715217590332,155.22219635009765,167.1029815673828,0.7500714285714285,0.10114285714285713,0.03864285714285714,0.8602142857142857,14.0,161.27288818359375,161.28274536132812,162.8190155029297,164.11898803710938,58.550109441966086,2.3312241205526902,2.6422706709650936
2023-04-28,167.1029815673828,167.27041291997128,165.33033104891717,165.93106728858945,55275900,0.0075410594707383,162.53196411132814,155.50483764648436,167.01434326171875,0.5098571428571429,0.08750000000000001,0.029285714285714286,0.8833571428571428,14.0,165.85227966308594,161.27288818359375,161.28274536132812,162.51377868652344,68.5953301707008,2.5211124049657485,2.618039017765225
2023-05-01,167.01434326171875,167.86128258741087,166.07877442017465,166.70905380019818,52472900,-0.0005304411975936,162.76290435791014,155.8176141357422,165.98028564453125,0.254,0.07470833333333333,0.051666666666666666,0.873625,24.0,167.1029815673828,165.85227966308594,161.27288818359375,162.8190155029297,72.6199950558608,2.634083789681256,2.6212479721484314
2023-05-02,165.98028564453125,167.76280882251325,164.9954731830596,167.50674796522142,48425700,-0.0061914300112959,162.8796043395996,156.1325570678711,164.90687561035156,0.2697826086956522,0.09734782608695651,0.043043478260869565,0.8596521739130434,23.0,167.01434326171875,167.1029815673828,165.85227966308594,161.28274536132812,71.33484045928175,2.610087158219102,2.6190158093625655
2023-05-03,164.90687561035156,168.32417671575038,164.62128655310647,166.9257445528309,65136000,-0.0064670935467513,162.9692237854004,156.50619537353515,163.2720489501953,0.6854333333333333,0.1093,0.0307,0.8601,30.0,165.98028564453125,167.01434326171875,167.1029815673828,161.27288818359375,56.1326175722104,2.4759136447091237,2.5903953764318772
2023-05-04,163.2720489501953,164.50306450874902,161.81453073644045,162.3857237588548,81235400,-0.0099136355237187,163.06918182373047,156.83866790771484,170.9339141845703,0.5335555555555556,0.09642592592592593,0.037425925925925925,0.8661666666666668,54.0,164.90687561035156,165.98028564453125,167.01434326171875,165.85227966308594,51.73438901615402,2.212162883232054,2.5147488777919125
2023-05-05,170.9339141845703,171.65282310766082,168.1665784150509,168.3832383689214,113453200,0.0469269864844543,163.50791778564454,157.31472717285158,170.86495971679688,0.6281911764705882,0.10441176470588234,0.033911764705882357,0.8616470588235294,68.0,163.2720489501953,164.90687561035156,165.98028564453125,167.1029815673828,67.03442068773018,2.5915136399938206,2.530101830232294
2023-05-08,170.86495971679688,171.20965008439242,169.49607101524845,169.86044681233005,55962800,-0.000403398401671,164.07270889282228,157.84238983154296,169.1612548828125,0.6022105263157895,0.11278947368421051,0.03452631578947368,0.8525263157894737,19.0,170.9339141845703,163.2720489501953,164.90687561035156,167.01434326171875,65.07945476093778,2.8536922110817216,2.5948199064021797
2023-05-09,169.1612548828125,170.90436226614003,168.9938385535857,170.42181373691182,45326900,-0.009971060402368,164.6128807067871,158.31214599609376,170.92404174804688,0.9132631578947369,0.13363157894736843,0.02494736842105263,0.8413684210526317,19.0,170.86495971679688,170.9339141845703,163.2720489501953,165.98028564453125,58.66842370943651,2.8906739855924855,2.6539907222402412
2023-05-10,170.92404174804688,171.38690478906514,169.28924951921832,170.39224965147537,53724500,0.0104207483354008,165.27565841674806,158.82720306396484,171.11117553710938,0.5593157894736842,0.08994736842105264,0.04252631578947369,0.8673684210526316,19.0,169.1612548828125,170.86495971679688,170.9339141845703,164.90687561035156,63.993581432593125,3.027327331104317,2.7286580440130566
2023-05-11,171.11117553710938,171.9384144483228,169.5551699505623,171.20966280003566,49514700,0.0010948359701108,165.6789405822754,159.3873648071289,170.1841583251953,0.47300000000000003,0.1028,0.034949999999999995,0.8624,20.0,170.92404174804688,169.1612548828125,170.86495971679688,163.2720489501953,68.77420335113327,3.1148205128282314,2.8058905377760914
2023-05-12,170.1841583251953,171.653548851867,168.6358569767775,171.21962961924467,45533100,-0.0054176310168181,166.05310440063477,159.91716827392577,169.6910400390625,0.3801875,0.074375,0.0428125,0.88275,16.0,171.11117553710938,170.92404174804688,169.1612548828125,170.9339141845703,65.65811293725622,3.073922680888529,2.8594969663985794
2023-05-15,169.6910400390625,170.8152782783789,169.09932936665282,170.76596654770685,37266700,-0.0028975569229572,166.40162887573243,160.33626434326172,169.6910400390625,0.6574285714285715,0.10250000000000001,0.029714285714285717,0.8678571428571429,14.0,170.1841583251953,171.11117553710938,170.92404174804688,170.86495971679688,68.7054975314878,2.9675126908067853,2.881100111280221
2023-05-16,169.6910400390625,170.7462388458725,169.4247687316954,169.6121442795527,42110300,0.0,166.68909606933593,160.70021087646484,170.30250549316406,0.3617142857142857,0.0972857142857143,0.049999999999999996,0.8528571428571429,14.0,169.6910400390625,170.1841583251953,171.11117553710938,169.1612548828125,68.7356432698094,2.850325232015564,2.8749451354272897
2023-05-17,170.30250549316406,170.53917778241149,168.06388478776768,169.3360585337975,57951600,0.0036034044812314,166.95001602172852,161.12030975341796,172.62985229492188,0.5568333333333333,0.10095833333333333,0.017333333333333333,0.8817499999999999,24.0,169.6910400390625,169.6910400390625,170.1841583251953,170.92404174804688,62.029145466664026,2.7748072280816984,2.8549175539581717
2023-05-18,172.62985229492188,172.81722786089622,170.19400003291315,170.60819152451643,65496700,0.0136659574973265,167.37555923461915,161.56194152832032,172.73837280273438,0.5307826086956522,0.09926086956521739,0.02265217391304348,0.8781304347826087,23.0,170.30250549316406,169.6910400390625,169.6910400390625,171.11117553710938,64.11765301994117,2.8696762607172275,2.8578692953099827
2023-05-19,172.73837280273438,173.95136353170963,172.52141315393132,173.95136353170963,55809500,0.000628631180354,167.88678894042968,162.05065063476562,171.79161071777344,0.44911999999999996,0.09464,0.04428,0.86112,25.0,172.62985229492188,170.30250549316406,169.6910400390625,170.1841583251953,64.60643270208686,2.9199578936250816,2.8702870149730026
2023-05-22,171.79161071777344,172.2945693897219,171.05197977463047,171.57465110395842,43570900,-0.0054809019536274,168.33541870117188,162.56158935546875,169.1881103515625,0.4116153846153846,0.07899999999999999,0.0335,0.887423076923077,26.0,172.73837280273438,172.62985229492188,170.30250549316406,169.6910400390625,64.8955534435488,2.850551281363664,2.866339868251135
2023-05-23,169.1881103515625,170.9829553293692,168.9119826700276,170.7364116817252,50747300,-0.0151549913021543,168.7306869506836,162.9816571044922,169.46426391601562,0.4025,0.101625,0.049625,0.84875,8.0,171.79161071777344,172.73837280273438,172.62985229492188,169.6910400390625,60.175486570134794,2.556001327656446,2.8042721601321974
2023-05-24,169.46426391601562,170.03624707165045,168.16252108250686,168.724632860117,45143500,0.0016322279614051,169.1402557373047,163.3654919433594,170.59835815429688,0.95375,0.11225,0.01525,0.873,4.0,169.1881103515625,171.79161071777344,172.73837280273438,170.30250549316406,65.7335890121189,2.318129695817646,2.707043667269287
2023-05-25,170.59835815429688,171.49576564962197,169.31632809947834,170.02637505144455,56058300,0.0066922324038967,169.37755966186523,163.76412994384765,173.0045928955078,0.8472857142857143,0.10814285714285714,0.03214285714285715,0.86,7.0,169.46426391601562,169.1881103515625,171.79161071777344,172.62985229492188,48.72417574129619,2.1958146563103185,2.6047978650774937
2023-05-26,173.0045928955078,173.3399036765556,170.7166757800904,170.92377905521317,54835000,0.0141046770159103,169.6726402282715,164.15456115722657,174.84873962402344,0.948,0.15975,0.04525,0.795,4.0,170.59835815429688,169.46426391601562,169.1881103515625,172.73837280273438,56.90746208661778,2.266910605780822,2.5372204132181597
2023-05-30,174.84873962402344,176.5153769153671,174.12883646161984,174.51344390978926,55964400,0.0106595246845813,170.06436004638672,164.59861724853516,174.79945373535156,0.9074,0.15289999999999998,0.0366,0.8099999999999999,10.0,173.0045928955078,170.59835815429688,169.46426391601562,171.79161071777344,68.19613069521536,2.443890241335538,2.5185543788416354
2023-05-31,174.79945373535156,176.87042648421155,174.3162227478627,174.87834951174753,99625300,-0.0002818772887802,170.50531845092777,164.9944174194336,177.60018920898438,0.7521739130434782,0.13065217391304348,0.021956521739130434,0.8474347826086956,23.0,174.84873962402344,173.0045928955078,170.59835815429688,169.1881103515625,63.92552408711739,2.5507672610773966,2.5249969552887874
2023-06-01,177.60018920898438,177.62977324467488,174.4838737017158,175.24323239604442,68901800,0.0160225642230733,171.13998413085938,165.4092025756836,178.44830322265625,0.4807058823529412,0.09147058823529411,0.028676470588235293,0.8798529411764706,34.0,174.79945373535156,174.84873962402344,173.0045928955078,169.46426391601562,69.62991274035177,2.828854738702546,2.5857685119715392
2023-06-02,178.44830322265625,179.26683000310032,176.7816656255451,178.52719900186148,61996900,0.0047754116560871,171.89879684448243,165.8695098876953,177.0972137451172,0.5531086956521739,0.10502173913043478,0.026760869565217393,0.8682173913043478,46.0,177.60018920898438,174.79945373535156,174.84873962402344,170.59835815429688,75.11977833702679,3.082147701024212,2.685044349782074
2023-06-05,177.0972137451172,182.3929658521557,175.57849662924414,180.10504889865825,121946500,-0.0075713215151912,172.20696182250975,166.28112854003905,176.73236083984375,0.5646629213483146,0.08453932584269663,0.03028089887640449,0.8851348314606742,89.0,178.44830322265625,177.60018920898438,174.79945373535156,173.0045928955078,71.39591328627185,3.1376931952215728,2.775574118869974
2023-06-06,176.73236083984375,177.62976831057978,174.97695616659206,177.4818481362361,64848400,-0.0020601843335522,172.5003318786621,166.6594515991211,175.36158752441406,0.4192784810126582,0.10134177215189874,0.03473417721518988,0.8639620253164557,79.0,177.0972137451172,178.44830322265625,177.60018920898438,174.84873962402344,69.92191142593674,3.1163494823319127,2.8437291915623617
2023-06-07,175.36158752441406,178.70471906299082,174.86850018805862,175.9730110061888,61944600,-0.0077562100620151,172.8103485107422,167.04916107177735,178.07354736328125,0.7053928571428572,0.11592857142857142,0.021964285714285714,0.8621785714285713,28.0,176.73236083984375,177.0972137451172,178.44830322265625,174.79945373535156,63.72392862523946,2.9547638076709006,2.86593611478407
2023-06-08,178.07354736328125,178.3398036598064,175.00654388250445,175.44044804834044,50214900,0.0154649594426694,173.1678237915039,167.50551818847657,178.45816040039062,0.583875,0.11096875,0.0261875,0.86296875,32.0,175.36158752441406,176.73236083984375,177.0972137451172,177.60018920898438,64.46542971600954,3.010831499197451,2.894915191666746
2023-06-09,178.45816040039062,179.71059129506313,178.13272098000036,178.99068805786467,48900000,0.0021598549745558,173.53517303466796,167.90811553955078,181.2490081787109,0.35968421052631583,0.0751578947368421,0.03721052631578947,0.8874736842105262,19.0,178.07354736328125,175.36158752441406,176.73236083984375,178.44830322265625,64.97929244250076,3.051129089545242,2.9261579712424455
2023-06-12,181.2490081787109,181.3476316497168,178.46800386072707,178.76385922591572,54274900,0.0156386671926838,174.08841552734376,168.3352130126953,180.77566528320312,0.621,0.07993333333333334,0.016266666666666665,0.9038666666666667,15.0,178.45816040039062,178.07354736328125,175.36158752441406,177.0972137451172,72.58601489117312,3.2705623054439172,2.99503883808274
2023-06-13,180.77566528320312,181.60404834381112,179.91769818813273,180.2727216495119,54929100,-0.0026115613004684,174.64264678955078,168.70281555175782,181.4068298339844,0.6292500000000001,0.09895000000000001,0.027700000000000002,0.87335,40.0,181.2490081787109,178.45816040039062,178.07354736328125,176.73236083984375,80.80773331299513,3.3674520036665285,3.069521471199498
2023-06-14,181.4068298339844,181.84074910193183,179.50351991974284,180.8348467124019,57462900,0.0034914243009005,175.2284362792969,169.05802642822266,183.43833923339844,0.7590645161290323,0.11435483870967741,0.03635483870967742,0.8493225806451613,31.0,180.77566528320312,181.2490081787109,178.45816040039062,175.36158752441406,81.16331887187928,3.4553365233771274,3.1466844816350243
2023-06-15,183.43833923339844,183.94129793003785,181.23917400121888,181.4166932611595,65433200,0.0111986378973338,175.8852279663086,169.4645034790039,182.3634185791016,0.7667333333333333,0.11000000000000001,0.025933333333333333,0.8642000000000001,15.0,181.4068298339844,180.77566528320312,181.2490081787109,178.07354736328125,82.00606284208094,3.646872591783108,3.2467221036646414
2023-06-16,182.3634185791016,184.4048073735327,181.7224110612984,184.1483923281464,101256200,-0.0058598472859547,176.37190628051758,169.88631408691407,182.45216369628903,0.8469333333333334,0.11293333333333333,0.023066666666666666,0.8640000000000001,15.0,183.43833923339844,181.4068298339844,180.77566528320312,178.45816040039062,74.98704490123183,3.669628005242373,3.331303283980188
2023-06-20,182.45216369628903,183.52710548415504,181.8604679443372,181.8604679443372,49799100,0.0004866388110014,176.85759582519532,170.29217346191408,181.41668701171875,0.8613684210526316,0.11526315789473685,0.02463157894736842,0.8600526315789474,19.0,182.3634185791016,183.43833923339844,181.4068298339844,181.2490081787109,72.39996619538002,3.652716580631534,3.3955859433104574
2023-06-21,181.41668701171875,182.84663717983523,180.0656175699355,182.3436785005217,49515700,-0.0056753324465582,177.33884963989257,170.7291244506836,184.4146270751953,0.5341,0.10565,0.02375,0.87065,20.0,182.45216369628903,182.3634185791016,183.43833923339844,180.77566528320312,68.4240444215975,3.5152383605218915,3.419516426752744
2023-06-22,184.4146270751953,184.46393880857784,181.13066426325057,181.1997036995518,51245300,0.0165251615651149,178.1001754760742,171.2502606201172,184.0990753173828,0.7046363636363636,0.11936363636363635,0.030727272727272728,0.85,11.0,181.41668701171875,182.45216369628903,182.3634185791016,181.4068298339844,68.76702450520219,3.606619721789997,3.456937085760195
2023-06-23,184.0990753173828,184.96691381940127,182.45216546765664,182.98470820219737,53117000,-0.0017110994003953,178.83191604614257,171.77887237548828,182.7085876464844,0.61125,0.11195,0.0298,0.8583999999999999,20.0,184.4146270751953,181.41668701171875,182.45216369628903,183.43833923339844,66.0325717556176,3.6119415059575886,3.487937969799674
2023-06-26,182.7085876464844,185.45015206010265,182.66913223239737,184.2470177435845,48088700,-0.0075529313143005,179.43742752075195,172.1721334838867,185.45997619628903,0.4406,0.09985000000000001,0.04395,0.8563000000000001,20.0,184.0990753173828,184.4146270751953,181.41668701171875,182.3634185791016,65.88527605400935,3.464027175009136,3.483155810841567
2023-06-27,185.45997619628903,185.78541559077308,183.10301971608257,183.31997931240525,50730800,0.0150588901443879,180.06019668579103,172.62731536865235,186.6335601806641,0.11786666666666669,0.0834,0.056799999999999996,0.8598666666666667,15.0,182.7085876464844,184.0990753173828,184.4146270751953,182.45216369628903,71.76601494923962,3.528147772398512,3.492154203152956
2023-06-28,186.6335601806641,187.2745677103686,185.00637796044083,185.33180236622024,51216800,0.0063279636309931,180.64943771362303,173.10557556152344,186.9688415527344,0.47948,0.07888,0.03368,0.88748,25.0,185.45997619628903,182.7085876464844,184.0990753173828,181.41668701171875,78.39068709213788,3.6317971306747836,3.5200827886573216
2023-06-29,186.9688415527344,187.4422162021352,186.32783407243755,186.4658979165552,46347300,0.0017964688223583,181.25790710449215,173.5661184692383,191.2882843017578,0.3186,0.09013333333333333,0.0455,0.8642666666666667,30.0,186.6335601806641,185.45997619628903,182.7085876464844,184.4146270751953,75.45169886974904,3.6983619837268122,3.5557386276712197
2023-06-30,191.2882843017578,191.79122791985355,188.6157445714927,188.9806393982648,85213200,0.0231024737231693,181.94231185913085,174.0902020263672,189.79917907714844,0.5037704918032787,0.09457377049180328,0.024344262295081968,0.8811475409836066,61.0,186.9688415527344,186.6335601806641,185.45997619628903,184.0990753173828,79.96336696113295,4.052938290356593,3.6551785602082947
2023-07-03,189.79917907714844,191.19954526937025,189.10884478636748,191.10092178559267,31458200,-0.0077846127902967,182.50985565185547,174.60380584716796,188.68478393554688,0.6700344827586208,0.11051724137931035,0.03144827586206897,0.8581034482758622,29.0,191.2882843017578,186.9688415527344,186.6335601806641,182.7085876464844,71.26068262566105,4.165763888284545,3.757295625823545
2023-07-05,188.68478393554688,190.311965971159,187.98459336367247,188.92147125163748,46920300,-0.0058714434225691,183.08923416137696,175.12722595214845,189.15814208984372,0.6044090909090909,0.09163636363636364,0.048499999999999995,0.8599999999999999,22.0,189.79917907714844,191.2882843017578,186.9688415527344,185.45997619628903,69.05904224573226,4.1177893011398226,3.8293943608868006
2023-07-06,189.15814208984372,189.36524537083605,186.5842258571581,187.2153769807983,45094300,0.0025087245745187,183.71052322387692,175.6540084838867,188.04376220703125,0.5652499999999999,0.08458333333333334,0.024416666666666666,0.891,12.0,188.68478393554688,189.79917907714844,191.2882843017578,186.6335601806641,68.82191744277735,4.071036764532835,3.8777228416160074
2023-07-07,188.04376220703125,190.0062550438309,187.60985803081863,188.7636804868427,46815000,-0.0058912604580521,184.34463195800785,176.1892288208008,186.0024261474609,0.6327368421052632,0.115,0.047,0.8380000000000001,19.0,189.15814208984372,188.68478393554688,189.79917907714844,186.9688415527344,61.70430423179283,3.8991173020149006,3.882001733695786
2023-07-10,186.0024261474609,187.36335216128748,184.45412451748925,186.6434337363263,59922200,-0.0108556435779181,184.7410758972168,176.68381958007814,185.479736328125,0.4885263157894737,0.10510526315789474,0.025894736842105262,0.8690526315789474,19.0,188.04376220703125,189.15814208984372,188.68478393554688,191.2882843017578,58.81522354649308,3.5571465582301016,3.8170306986026494
2023-07-11,185.479736328125,186.68287064614395,184.0202020095467,186.54480679233015,46638100,-0.0028101236643093,185.0921546936035,177.0763687133789,187.14633178710935,0.7312857142857142,0.09492857142857143,0.017857142857142856,0.8872142857142856,28.0,186.0024261474609,188.04376220703125,189.15814208984372,189.79917907714844,57.1830518856621,3.206987425138493,3.6950220439098187
2023-07-12,187.14633178710935,189.04964127499804,185.86430197749195,187.057564649218,60750200,0.0089853236368422,185.38702087402345,177.47723571777342,187.9056854248047,0.5782999999999999,0.12150000000000001,0.0256,0.8528,10.0,185.479736328125,186.0024261474609,188.04376220703125,188.68478393554688,63.198579396468475,3.029047144656488,3.5618270640591527
2023-07-13,187.9056854248047,188.5467078881079,187.1561982107916,187.86624506525828,41342300,0.0040575395223836,185.7435218811035,177.89506256103516,188.0536193847656,0.6919375,0.1168125,0.0225625,0.8604375,16.0,187.14633178710935,185.479736328125,186.0024261474609,189.15814208984372,58.966629199568004,2.915691407175842,3.432599932682491
2023-07-14,188.0536193847656,188.5368352631949,187.00827681367923,187.59997248992852,41616200,0.0007872777219406,186.07586135864256,178.33652923583983,191.3080139160156,0.7478888888888888,0.12611111111111112,0.018611111111111113,0.8552777777777778,18.0,187.9056854248047,187.14633178710935,185.479736328125,188.04376220703125,60.24528759860247,2.8054536790932616,3.3071706819646454
2023-07-17,191.3080139160156,191.63345333608896,189.15814548736356,189.2468975888844,50520200,0.0173056734664136,186.46934509277344,178.86455200195311,191.05160522460935,0.7420869565217392,0.10682608695652175,0.023956521739130432,0.8690869565217392,23.0,188.0536193847656,187.9056854248047,187.14633178710935,186.0024261474609,70.31689587397995,2.946723926773956,3.2350813309265076
2023-07-18,191.05160522460935,191.64331601668744,189.75971887799716,190.6768691009351,48288200,-0.0013402924747251,186.9037544250488,179.4201431274414,192.40267944335935,0.5442352941176472,0.10135294117647058,0.031,0.8675882352941177,17.0,191.3080139160156,188.0536193847656,187.9056854248047,185.479736328125,64.97630048968367,3.003370590721886,3.1887391828855836
2023-07-19,192.40267944335935,195.489395852648,189.9865395225249,190.4303301514657,80507300,0.0070717763253631,187.4012802124024,179.84951843261717,190.45989990234372,0.5855,0.09486363636363636,0.03259090909090909,0.8723181818181818,22.0,191.05160522460935,191.3080139160156,188.0536193847656,187.14633178710935,65.3061554966297,3.121303435017637,3.1752520333119945
2023-07-20,190.45989990234372,193.75371936128715,189.83860510668907,192.39279363664537,59581200,-0.0100974661404731,187.8534408569336,180.2414172363281,189.2863311767578,0.7428333333333333,0.1225,0.031166666666666662,0.8462222222222222,18.0,192.40267944335935,191.05160522460935,191.3080139160156,187.9056854248047,58.534239912147115,3.0231509885584273,3.1448318243612814
2023-07-21,189.2863311767578,192.2744386327752,188.58614067832423,191.4164716546598,71951700,-0.0061617627972485,188.0970260620117,180.64391876220705,190.0851593017578,0.7008235294117647,0.1301764705882353,0.030470588235294117,0.8393529411764706,17.0,190.45989990234372,192.40267944335935,191.05160522460935,188.0536193847656,44.21647317713105,2.8181810425557785,3.079501668000181
2023-07-24,190.0851593017578,192.21530010696893,189.592071988394,190.73603816687745,45377800,0.00422021030274,188.39633026123047,181.0271411132813,190.943115234375,0.42554545454545456,0.07518181818181818,0.022772727272727274,0.902,22.0,189.2863311767578,190.45989990234372,192.40267944335935,191.3080139160156,50.86050001010085,2.689200211157072,3.0014413766315595
2023-07-25,190.943115234375,191.75178560391285,190.2527960456413,190.65713123041024,37283200,0.0045135345429845,188.808056640625,181.42377990722656,191.81097412109372,0.5307619047619048,0.09823809523809525,0.047523809523809524,0.8543333333333333,21.0,190.0851593017578,189.2863311767578,190.45989990234372,191.05160522460935,56.9017134671129,2.625941626068794,2.9263414265190066
2023-07-26,191.81097412109372,192.9352126477052,190.64729522856237,190.9924473358141,47471900,0.0045451174589536,189.12560653686523,181.8563162231445,190.54867553710935,0.5781904761904761,0.1,0.04742857142857143,0.8527142857142858,21.0,190.943115234375,190.0851593017578,189.2863311767578,192.40267944335935,57.916464037680846,2.6156857042014394,2.8642102820554936
2023-07-27,190.54867553710935,194.4736466049838,189.88794029801272,193.3099676892758,47460200,-0.0065809508020509,189.3213623046875,182.27346893310548,193.12255859375,0.7310588235294118,0.1028235294117647,0.03882352941176471,0.8584117647058823,17.0,191.81097412109372,190.943115234375,190.0851593017578,190.45989990234372,57.409637466599214,2.477145870349915,2.786797399714378
2023-07-28,193.12255859375,193.91150122150717,191.45592124266815,191.9785925358936,48291400,0.013507745721063,189.6290481567383,182.74209930419923,193.73399353027344,0.6715357142857143,0.13732142857142857,0.020785714285714286,0.8419642857142857,28.0,190.54867553710935,191.81097412109372,190.943115234375,189.2863311767578,70.41834804898409,2.54569768743076,2.7385774572576542
2023-07-31,193.73399353027344,193.77344894031904,192.56044337061044,193.34938604539337,38824100,0.0031660461676548,189.75133361816407,183.2107290649414,192.9056396484375,0.6877222222222222,0.10286111111111111,0.025333333333333333,0.8718611111111111,36.0,193.12255859375,190.54867553710935,191.81097412109372,190.0851593017578,73.55079814397683,2.6191710127018553,2.7146961683464945
2023-08-01,192.9056396484375,194.01015053136803,192.58020018161,193.526934544002,35175100,-0.0042757281091534,189.9066566467285,183.61624481201173,189.9175262451172,0.7398823529411764,0.11205882352941177,0.019529411764705882,0.8684117647058823,17.0,193.73399353027344,193.12255859375,190.54867553710935,190.943115234375,67.25777336398613,2.5808079691330192,2.6879185285037996
2023-08-02,189.9175262451172,192.48157144604932,189.19762292480596,192.343507589444,50389300,-0.0154900261535433,189.96829376220705,183.95982788085936,188.5269927978516,0.7197777777777777,0.13344444444444445,0.025277777777777777,0.8412222222222222,18.0,192.9056396484375,193.73399353027344,193.12255859375,191.81097412109372,55.31814140944786,2.2829725157115774,2.606929325945355
2023-08-03,188.5269927978516,189.7103992851957,188.05363321247987,188.92147165885288,61235200,-0.0073217752713929,189.9367362976074,184.29453552246093,179.47390747070312,0.46195454545454545,0.09477272727272727,0.0574090909090909,0.84775,44.0,189.9175262451172,192.9056396484375,193.73399353027344,190.54867553710935,51.17418762930158,1.9126831246084919,2.4680800856779825
2023-08-04,179.47390747070312,184.78938756590676,179.4048680308995,182.95510234495143,115956800,-0.0480201014867702,189.50824356079104,184.50025146484376,176.37734985351562,0.5843181818181818,0.09788636363636365,0.04509090909090909,0.8569545454545455,44.0,188.5269927978516,189.9175262451172,192.9056396484375,193.12255859375,27.203679579369165,0.8785899502155416,2.1501820585854947
2023-08-07,176.37734985351562,180.59817633552169,174.8980878140883,179.61200164257014,97576100,-0.0172535253777376,189.02698974609376,184.63851318359372,177.31417846679688,0.5842499999999999,0.08985714285714286,0.04225,0.868,28.0,179.47390747070312,188.5269927978516,189.9175262451172,193.73399353027344,24.520611531605653,-0.1886282721211785,1.68241999244416
2023-08-08,177.31417846679688,177.77768168655695,175.1248698685598,177.20569866966517,67823000,0.0053115018116516,188.61871185302732,184.77282958984372,175.72645568847656,0.6918571428571428,0.11614285714285713,0.02042857142857143,0.8634285714285713,14.0,176.37734985351562,179.47390747070312,188.5269927978516,192.9056396484375,23.41896553207232,-0.9478855281959113,1.156358888316146
2023-08-09,175.72645568847656,178.42856448196,174.56276182695083,178.3693964131728,60378500,-0.0089542911460834,188.0477180480957,184.82726684570312,175.50949096679688,0.4126060606060606,0.11081818181818182,0.0573939393939394,0.8317575757575758,33.0,177.31417846679688,176.37734985351562,179.47390747070312,189.9175262451172,23.715645703701995,-1.658599035605448,0.5933673035318272
2023-08-10,175.50949096679688,178.25105509162734,175.14461118800062,176.99860916334498,54686900,-0.0012346730651889,187.4279083251953,184.8404818725586,175.56874084472656,0.8414285714285714,0.12150000000000001,0.032285714285714286,0.8461428571428572,14.0,175.72645568847656,177.31417846679688,176.37734985351562,188.5269927978516,24.553700015839127,-2.2138321712243396,0.03192740858059384
2023-08-11,175.56874084472656,176.3883728930982,174.34424265962002,175.10462674008653,52036700,0.0003375878854374,186.80366439819332,184.8558676147461,177.2178955078125,0.6252857142857143,0.1141904761904762,0.028142857142857143,0.8578095238095238,21.0,175.50949096679688,175.72645568847656,177.31417846679688,179.47390747070312,22.434571266641868,-2.6188885445241965,-0.49823578204036423
2023-08-14,177.2178955078125,177.44501774834183,175.09474782272636,175.74650562753334,43675600,0.0093932134795251,186.0991584777832,184.84822174072264,175.2329864501953,0.4346666666666667,0.11145833333333333,0.038,0.8505833333333334,24.0,175.56874084472656,175.50949096679688,175.72645568847656,176.37734985351562,24.69729446910496,-2.7748390229087363,-0.9535564302140387
2023-08-15,175.2329864501953,177.2376229940336,174.8379899652799,176.6451282666605,43622600,-0.0112003872516908,185.3082275390625,184.78391540527343,174.36399841308594,0.5471999999999999,0.10740000000000001,0.022850000000000002,0.8695499999999999,20.0,177.2178955078125,175.56874084472656,175.50949096679688,177.31417846679688,20.647092928695898,-3.0237406727018765,-1.3675932787116063
2023-08-16,174.36399841308594,176.30937200366554,174.29486573787133,174.91699954220002,46964900,-0.0049590436978391,184.4062934875488,184.7292510986328,171.8261260986328,0.7360714285714286,0.08892857142857143,0.02107142857142857,0.89,14.0,175.2329864501953,177.2178955078125,175.56874084472656,175.72645568847656,20.938724895213582,-3.2536114876345437,-1.744796920496194
2023-08-17,171.8261260986328,175.29226839022536,171.31261851419777,174.92689581745674,66062900,-0.0145550247617094,183.47460479736327,184.6311264038086,172.30999755859375,0.40857894736842104,0.10636842105263157,0.04384210526315789,0.8498947368421053,19.0,174.36399841308594,175.2329864501953,177.2178955078125,175.50949096679688,11.710518446498597,-3.5990828635907803,-2.1156541091151113
2023-08-18,172.30999755859375,172.9123770667114,169.8116075662743,170.14735612669347,61172200,0.002816052895723,182.62578811645508,184.5700946044922,173.64309692382812,0.7935714285714285,0.12742857142857142,0.032928571428571425,0.8396428571428572,14.0,171.8261260986328,174.36399841308594,175.2329864501953,175.56874084472656,11.30366815659518,-3.7901366985044262,-2.4505506269929747
2023-08-21,173.64309692382812,173.92948217703207,171.56934282132403,172.88272795365145,46311900,0.0077366338815079,181.8036849975586,184.48148559570316,175.01576232910156,0.6097619047619047,0.10414285714285716,0.03176190476190476,0.8639999999999999,21.0,172.30999755859375,171.8261260986328,174.36399841308594,177.2178955078125,15.830743912605712,-3.790286201583257,-2.7184977419110314
2023-08-22,175.01576232910156,175.46013721394584,174.04801023595033,174.8478880423005,42038900,0.0079050963130171,181.00731735229493,184.41263763427733,178.85711669921875,0.66045,0.11274999999999999,0.03525,0.8519,20.0,173.64309692382812,172.30999755859375,171.8261260986328,175.2329864501953,21.959124607353885,-3.6377088146678602,-2.9023399564623977
2023-08-23,178.85711669921875,179.28175219727777,176.1019810531239,176.28960964053493,52722800,0.0219486194785922,180.3596244812012,184.3647998046875,174.17637634277344,0.6695555555555556,0.12394444444444444,0.033,0.843,18.0,175.01576232910156,173.64309692382812,172.30999755859375,174.36399841308594,33.34062387783007,-3.1702799285604613,-2.955927950882011
2023-08-24,174.17637634277344,178.8374075605793,173.8109887437673,178.41277199096436,54945800,-0.0261702773858131,179.54100952148437,184.2328140258789,176.3785400390625,0.62812,0.10220000000000001,0.03232,0.86548,25.0,178.85711669921875,175.01576232910156,173.64309692382812,171.8261260986328,39.254491442380846,-3.1413245627105937,-2.9930072732477275
2023-08-25,176.3785400390625,176.91178692956993,173.62340347982567,175.16391123924012,51449600,0.0126432972285246,178.70380859375,184.1322482299805,177.9387664794922,0.5475,0.09000000000000001,0.02991666666666667,0.8800833333333333,12.0,174.17637634277344,178.85711669921875,175.01576232910156,172.30999755859375,50.002505064727025,-2.9071689861987693,-2.975839615837936
2023-08-28,177.9387664794922,178.33376298082638,176.31925671498092,177.8400098200833,43820700,0.0088458972394496,177.91404724121094,184.02225677490236,181.81964111328125,0.5558095238095239,0.08800000000000001,0.04123809523809524,0.8708095238095238,21.0,176.3785400390625,174.17637634277344,178.85711669921875,173.64309692382812,51.280996882395385,-2.5661211234706514,-2.893895917364479
2023-08-29,181.81964111328125,182.5898947624316,177.25736718090633,177.4548654120463,53003900,0.0218101693665295,177.35974731445313,184.01138122558595,185.3055419921875,0.6401666666666667,0.0801111111111111,0.021500000000000002,0.8984444444444445,18.0,177.9387664794922,176.3785400390625,174.17637634277344,175.01576232910156,61.422380626836045,-1.9600893955783079,-2.707134613007245
2023-08-30,185.3055419921875,185.50305529692773,182.43191025327192,182.62940848986256,60813900,0.0191723009547377,177.12914810180663,184.0684487915039,185.52281188964844,0.5852307692307692,0.08188461538461539,0.032846153846153844,0.8855,26.0,181.81964111328125,177.9387664794922,176.3785400390625,178.85711669921875,66.3588857099466,-1.1848634486777598,-2.402680380141348
2023-08-31,185.52281188964844,186.75719481874472,185.13768501849643,185.4931879048022,60794500,0.0011724954101486,176.97893905639648,184.1505712890625,187.09292602539065,0.6573913043478261,0.13382608695652173,0.027608695652173915,0.8387391304347827,23.0,185.3055419921875,181.81964111328125,177.9387664794922,174.17637634277344,66.53550132973464,-0.5466579036029202,-2.0314758848336623
2023-09-01,187.09292602539065,187.5471704264648,185.92766090669275,187.1225500051064,45766500,0.0084631863852737,177.35988998413086,184.2041372680664,187.32994079589844,0.8534090909090909,0.11613636363636365,0.03031818181818182,0.8536363636363636,22.0,185.52281188964844,185.3055419921875,181.81964111328125,176.3785400390625,66.44739182898803,0.08484167563003098,-1.6082123727409237
2023-09-05,187.32994079589844,187.6064413525269,185.26605625958229,185.92768366781115,45280000,0.0012668291396311,177.90751953125,184.2687545776367,180.6247711181641,0.535695652173913,0.09265217391304349,0.015608695652173913,0.8918695652173912,23.0,187.09292602539065,185.52281188964844,185.3055419921875,177.9387664794922,71.39376007910002,0.5975466077119904,-1.1670605766503408
2023-09-06,180.6247711181641,186.49056063180012,179.2027597126584,186.0461707664675,81755800,-0.0357933689043326,178.07304916381835,184.22707824707032,175.3416290283203,0.2266078431372549,0.07552941176470589,0.05154901960784314,0.8728823529411766,51.0,187.32994079589844,187.09292602539065,185.52281188964844,181.81964111328125,59.17777467606491,0.4575435276981068,-0.8421397557806514
2023-09-07,175.3416290283203,175.98351721110967,171.3718491931888,172.99135904079122,112488800,-0.0292492666268212,178.05380783081054,184.02471130371092,175.95388793945312,0.08146268656716417,0.06453731343283582,0.07594029850746269,0.8595074626865672,67.0,180.6247711181641,187.32994079589844,187.09292602539065,185.3055419921875,54.769550661259885,-0.07880689859888435,-0.689473184344298
2023-09-08,175.95388793945312,177.9881638364286,175.56876103562882,176.121777292026,65551300,0.0034918057652693,178.07602767944337,183.81111785888672,177.11915588378906,0.2538913043478261,0.08001086956521739,0.05570652173913043,0.8643152173913043,92.0,175.3416290283203,180.6247711181641,187.32994079589844,185.52281188964844,54.926573617004415,-0.4492852180449063,-0.6414355910844197
2023-09-11,177.11915588378906,178.0474143493556,175.12438865362392,177.82029208697838,58953100,0.006622575709932,178.15354843139647,183.61412414550784,174.0973663330078,0.5500547945205478,0.09542465753424657,0.03263013698630137,0.8718767123287671,73.0,175.95388793945312,175.3416290283203,180.6247711181641,187.09292602539065,54.72108919102747,-0.6414701027573528,-0.6414424934190064
2023-09-12,174.0973663330078,177.87951732730735,172.6358612060169,177.24751388848827,90370200,-0.0170607720870344,177.99752197265624,183.2703057861328,172.03346252441406,0.4494235294117647,0.07034117647058824,0.03135294117647059,0.898270588235294,85.0,177.11915588378906,175.95388793945312,175.3416290283203,187.32994079589844,48.80613949133783,-1.025786542377773,-0.7183113032107598
2023-09-13,172.03346252441406,175.08485308011382,171.80632524830068,174.30471474035696,84267900,-0.011854882426228,177.8375457763672,182.9149914550781,173.5443572998047,0.4978805970149253,0.08522388059701493,0.036492537313432834,0.8782985074626867,67.0,174.0973663330078,177.11915588378906,175.95388793945312,180.6247711181641,40.6998793383198,-1.4798411901462316,-0.8706172805978541
2023-09-14,173.5443572998047,173.89986015970092,171.4113401404273,171.82609096561458,60895800,0.0087825633061138,177.79656372070312,182.61218292236327,172.8234405517578,0.5179148936170213,0.09651063829787235,0.038,0.8653829787234043,47.0,172.03346252441406,174.0973663330078,177.11915588378906,175.3416290283203,49.057138070315375,-1.6981905054305741,-1.0361319255643981
2023-09-15,172.8234405517578,174.29483009436805,171.64832092677912,174.27507575289644,109259500,-0.0041540777197466,177.84642944335937,182.2854888916016,175.7465057373047,0.3681351351351351,0.0872972972972973,0.036864864864864864,0.8758108108108108,37.0,173.5443572998047,172.03346252441406,174.0973663330078,175.95388793945312,44.45118172607885,-1.9074183362761232,-1.210389207706743
2023-09-18,175.7465057373047,177.13889330258442,173.96899129951683,174.27511585610648,67257600,0.0169135921389753,178.01825485229492,182.03954376220705,176.832763671875,0.614975,0.126075,0.036325,0.837525,40.0,172.8234405517578,173.5443572998047,172.03346252441406,177.11915588378906,46.71793503488758,-1.816427324715164,-1.3315968311084272
2023-09-19,176.832763671875,177.38576479928514,174.91699900323945,175.30212586469654,51826900,0.0061808223726165,178.1777381896973,181.8561505126953,173.2974853515625,0.6001071428571428,0.10328571428571429,0.032464285714285716,0.8641785714285714,28.0,175.7465057373047,172.8234405517578,173.5443572998047,174.0973663330078,41.8522972722323,-1.6377849895411316,-1.3928344627949683
2023-09-20,173.2974853515625,177.45487842056565,173.20859833310675,177.0203732393163,58436200,-0.0199922132465929,178.09182434082032,181.6125054931641,171.75697326660156,0.5478611111111111,0.10808333333333334,0.028694444444444443,0.8632500000000001,36.0,176.832763671875,175.7465057373047,172.8234405517578,172.03346252441406,30.412498407034533,-1.7611753338081826,-1.466502636997611
2023-09-21,171.75697326660156,174.09737357666756,171.68785565712008,172.36923745366522,63149100,-0.0088894081863666,177.73681716918946,181.3047183227539,172.60623168945312,0.5885333333333332,0.10723333333333333,0.048766666666666666,0.8440333333333334,30.0,173.2974853515625,176.832763671875,175.7465057373047,173.5443572998047,28.47445446354945,-1.9606681592130144,-1.5653357414406919
2023-09-22,172.60623168945312,174.8676297137013,171.87548661966315,172.48773574692532,56725400,0.0049445353321018,177.65830993652344,180.99872924804689,173.88009643554688,0.4919302325581395,0.11111627906976745,0.0346046511627907,0.854279069767442,43.0,171.75697326660156,173.2974853515625,176.832763671875,172.8234405517578,26.82479702779358,-2.0268750495538654,-1.6576436030633268
2023-09-25,173.88009643554688,174.75897636563758,171.97420160197885,172.02357992644104,46172700,0.0073801781872258,177.53338775634765,180.7152587890625,169.81158447265625,0.483695652173913,0.07834782608695652,0.03647826086956522,0.8850869565217391,23.0,172.60623168945312,171.75697326660156,173.2974853515625,175.7465057373047,29.174378774640743,-1.9540294135279055,-1.7169207651562426
2023-09-26,169.81158447265625,173.01109513731117,169.51532957863083,172.63585300181884,64588900,-0.0233983765036541,177.12702865600585,180.2853302001953,168.30068969726562,0.20173684210526316,0.12657894736842104,0.054947368421052634,0.8185263157894737,19.0,173.88009643554688,172.60623168945312,171.75697326660156,176.832763671875,31.768310723372906,-2.1992421411623297,-1.81338504035746
2023-09-27,168.30068969726562,170.87808171574733,166.93794126401278,170.46333088230946,66921800,-0.0088974776372451,176.4510810852051,179.83031188964844,168.55746459960938,0.7011176470588235,0.09241176470588235,0.031764705882352945,0.8756470588235293,17.0,169.81158447265625,173.88009643554688,172.60623168945312,173.2974853515625,36.398354720745274,-2.4868250051103757,-1.9480730333080434
2023-09-28,168.55746459960938,169.8807195182162,165.5258128129139,167.2243249736919,56294400,0.0015256913254819,175.61367721557616,179.35340759277344,169.07093811035156,0.4464878048780488,0.08365853658536586,0.039902439024390245,0.876390243902439,41.0,168.30068969726562,169.81158447265625,173.88009643554688,171.75697326660156,35.51265728204669,-2.6633158606649374,-2.0911215987794223
2023-09-29,169.07093811035156,170.9077001905232,168.211797495528,169.87081569769032,51861100,0.0030462816462142,174.79108352661132,178.9256283569336,171.5792236328125,0.4500344827586207,0.09227586206896553,0.04755172413793103,0.8603448275862069,29.0,168.55746459960938,168.30068969726562,169.81158447265625,172.60623168945312,33.82293584847328,-2.730280144237753,-2.2189533078710886
2023-10-02,171.5792236328125,172.12235512412923,168.79444856905252,169.0808338409062,52164500,0.0148356988521811,174.01539840698243,178.5714862060547,170.24607849121094,0.42922727272727274,0.12322727272727273,0.025181818181818184,0.8516363636363636,22.0,169.07093811035156,168.55746459960938,168.30068969726562,173.88009643554688,44.831799952523546,-2.551539582347914,-2.285470562766454
2023-10-03,170.24607849121094,171.46072207785286,168.6858318118607,170.1078282132375,49594600,-0.007769851811747,173.16120529174805,178.17470458984374,171.49037170410156,0.5007083333333333,0.09575,0.03954166666666667,0.8646666666666666,24.0,171.5792236328125,169.07093811035156,168.55746459960938,169.81158447265625,46.21815857272921,-2.488771067008173,-2.326130663614798
2023-10-04,171.49037170410156,172.03350325883684,168.8339769739755,168.9524729247714,53020300,0.0073087922137065,172.70448532104493,177.78564971923828,172.7247314453125,0.4498666666666667,0.08228333333333333,0.040266666666666666,0.8774,60.0,170.24607849121094,171.5792236328125,169.07093811035156,168.30068969726562,45.604479571164916,-2.3119715343944733,-2.323298837770733
2023-10-05,172.7247314453125,173.2579782200924,170.52258153582127,171.61871413723316,48527900,0.0071978369919261,172.57364044189453,177.40392486572264,175.2725067138672,0.47642307692307695,0.10280769230769231,0.03430769230769231,0.8628846153846154,26.0,171.49037170410156,170.24607849121094,171.5792236328125,168.55746459960938,49.793305117942936,-2.0486386843652724,-2.268366807089641
2023-10-06,175.2725067138672,175.76625988669193,171.0163417068709,171.6286058875163,57266700,0.0147504948899652,172.53957138061523,177.0984014892578,176.75376892089844,0.4330833333333333,0.08845833333333332,0.037208333333333336,0.874375,24.0,172.7247314453125,171.49037170410156,170.24607849121094,169.07093811035156,48.9916066772622,-1.6157361316159324,-2.1378406719948995
2023-10-09,176.75376892089844,176.81301689163445,173.60362121945622,174.6009972191987,42390800,0.0084511954259285,172.52130203247071,176.77102569580077,176.1612548828125,0.5241739130434783,0.08843478260869564,0.027782608695652175,0.8837391304347826,23.0,175.2725067138672,172.7247314453125,171.49037170410156,171.5792236328125,49.83472303897625,-1.1399911506204603,-1.9382707677200117
2023-10-10,176.1612548828125,177.47464011941017,175.72674968355904,175.8748846750232,43698000,-0.0033522003049966,172.62449645996094,176.41957092285156,177.5536346435547,0.6616666666666666,0.1122857142857143,0.034666666666666665,0.853095238095238,21.0,176.75376892089844,175.2725067138672,172.7247314453125,170.24607849121094,56.83316561106006,-0.801531203868791,-1.7109228549497675
2023-10-11,177.5536346435547,177.60301297187604,175.3811238107674,175.9736185461729,47551100,0.0079040068241365,172.90050506591797,176.1125308227539,178.45228576660156,0.6851739130434783,0.13595652173913042,0.023086956521739133,0.8410434782608697,23.0,176.1612548828125,176.75376892089844,175.2725067138672,171.49037170410156,63.92973275036411,-0.4161487438318545,-1.451968032726185
2023-10-12,178.45228576660156,180.0619109305439,176.80313684087554,177.8202822818536,56743100,0.0050612938724174,173.14590148925782,175.8832260131836,176.61553955078125,0.4633076923076923,0.1506923076923077,0.06746153846153846,0.7817692307692308,13.0,177.5536346435547,176.1612548828125,176.75376892089844,172.7247314453125,64.01515622633669,-0.03778121411448865,-1.1691306690038457
2023-10-13,176.61553955078125,179.65704624189655,175.91440332167903,179.15342336284206,51427100,-0.0102926460590289,173.33550643920898,175.64499694824218,176.4871368408203,0.47873913043478256,0.11317391304347825,0.027695652173913045,0.8591304347826088,23.0,178.45228576660156,177.5536346435547,176.1612548828125,175.2725067138672,56.38553272732454,0.11257007216974557,-0.9127905207691275
2023-10-16,176.4871368408203,176.84263973108403,174.3047411678942,174.54174811745375,52517000,-0.0007270181904012,173.37253799438477,175.58526153564452,174.93675231933594,0.554,0.11477777777777778,0.03174074074074074,0.8534444444444444,27.0,176.61553955078125,178.45228576660156,177.5536346435547,176.75376892089844,69.09596761591652,0.218840862940624,-0.6864642440271772
2023-10-17,174.93675231933594,176.19088966345473,172.61612132571108,174.44299912050275,57549400,-0.0087846885004583,173.27773742675782,175.55644958496094,173.64309692382812,0.5226111111111111,0.09622222222222222,0.034,0.8697777777777778,18.0,176.4871368408203,176.61553955078125,178.45228576660156,176.1612548828125,68.9402128232219,0.17593014330719825,-0.5139853665603021
2023-10-18,173.64309692382812,175.36136323860268,172.92222157401596,173.38635072108465,54764400,-0.0073949892081357,173.2950180053711,175.48302795410157,173.2678680419922,0.6493333333333333,0.12173333333333333,0.027466666666666664,0.8508,15.0,174.93675231933594,176.4871368408203,176.61553955078125,177.5536346435547,63.70396746165017,0.0371081502968309,-0.40376666318887555
2023-10-19,173.2678680419922,175.6181228712257,173.00123711265553,173.84060845589931,59302900,-0.0021609202351449,173.3705627441406,175.43385620117186,170.7200927734375,0.5484615384615384,0.1291153846153846,0.029153846153846155,0.8416923076923077,26.0,173.64309692382812,174.93675231933594,176.4871368408203,178.45228576660156,61.39412186760035,-0.10201119263894043,-0.3434155690788886
2023-10-20,170.7200927734375,173.22835212793277,170.4830858385587,173.11972583296543,64244000,-0.0147042570405334,173.27625579833983,175.3380682373047,170.83860778808594,0.6139130434782609,0.1151304347826087,0.03182608695652174,0.853,23.0,173.2678680419922,173.64309692382812,174.93675231933594,176.61553955078125,47.672561323445514,-0.41308664009281415,-0.35734978328167377
2023-10-23,170.83860778808594,171.8359838309846,167.80695589693704,168.77472302133776,55980100,0.0006942065970272,173.1241813659668,175.24346557617187,171.2731170654297,0.33132352941176474,0.07717647058823529,0.03535294117647059,0.8874411764705882,34.0,170.7200927734375,173.2678680419922,173.64309692382812,176.4871368408203,51.71827874771675,-0.6426449907460494,-0.4144088247745489
2023-10-24,171.2731170654297,171.50023932449824,169.30797385167378,170.88799016172553,43816600,0.0025433904137333,173.19725799560547,175.12457000732422,168.96234130859375,0.6665454545454546,0.08142424242424241,0.020424242424242425,0.8981818181818182,33.0,170.83860778808594,170.7200927734375,173.2678680419922,174.93675231933594,49.33893460662013,-0.7805131010053685,-0.48762968002071283
2023-10-25,168.96234130859375,170.89784530264086,168.51795139973865,169.73259505065448,57157000,-0.0134917598069589,173.23034057617187,174.99915710449218,164.804931640625,0.522,0.0898148148148148,0.03214814814814815,0.878,27.0,171.2731170654297,170.83860778808594,170.7200927734375,173.64309692382812,39.25557893122267,-1.063970078523056,-0.6028977597211815
2023-10-26,164.804931640625,169.2388405091802,163.600172706508,168.2414494672427,70625300,-0.0246055401207754,173.04271392822267,174.80797576904297,166.11831665039062,0.35000000000000003,0.11878571428571429,0.044,0.8372857142857143,28.0,168.96234130859375,171.2731170654297,170.83860778808594,173.2678680419922,22.624071078135984,-1.605571956603967,-0.8034325990977387
2023-10-27,166.11831665039062,166.8490767618186,164.7456834493569,164.82468576422622,58499100,0.0079693307517616,172.89508285522462,174.69381958007813,168.16246032714844,0.37565625,0.10246875,0.040625,0.85703125,32.0,164.804931640625,168.96234130859375,171.2731170654297,170.7200927734375,21.93861323795484,-1.9068353422802886,-1.0241131477342487
2023-10-30,168.16246032714844,169.03147079181505,166.76020302980592,166.90833803254793,51131000,0.0123053478868311,172.7242446899414,174.61086883544922,168.636474609375,0.5724897959183674,0.08761224489795919,0.03559183673469388,0.8768775510204081,49.0,166.11831665039062,164.804931640625,168.96234130859375,170.83860778808594,30.396997000141354,-1.9580719996667995,-1.2109049181207587
2023-10-31,168.636474609375,168.76484019690602,165.80232095364974,167.23421730907862,44846000,0.0028187877443301,172.6437644958496,174.51073638916014,171.79647827148438,0.532219512195122,0.08751219512195123,0.034195121951219515,0.8783658536585366,41.0,168.16246032714844,166.11831665039062,164.804931640625,171.2731170654297,27.116237507606456,-1.9380873639980223,-1.3563414072962114
2023-11-01,171.79647827148438,172.05322449399938,167.99457285522465,168.86358325166134,56934900,0.0187385538592947,172.65906982421876,174.4463507080078,175.35150146484375,0.558027027027027,0.12197297297297297,0.037216216216216215,0.8408648648648649,37.0,168.636474609375,168.16246032714844,166.11831665039062,168.96234130859375,34.695739247773986,-1.6482633560095223,-1.4147257970388738
2023-11-02,175.35150146484375,175.5588693503195,173.26786256268767,173.32711052996643,77334800,0.0206932250831213,172.7904083251953,174.37623840332031,174.44296264648438,0.4582352941176471,0.07921568627450981,0.03596078431372549,0.8847450980392156,51.0,171.79647827148438,168.636474609375,168.16246032714844,164.804931640625,47.30634212706626,-1.1188180425196492,-1.3555442461350289
2023-11-03,174.44296264648438,174.61085195895754,171.18420427007575,172.06308417750907,79829200,-0.0051812434496977,172.74893112182616,174.38157012939453,176.99073791503906,0.4190923076923077,0.10336923076923077,0.05469230769230769,0.8419692307692308,65.0,175.35150146484375,171.79647827148438,168.636474609375,166.11831665039062,45.78405388173435,-0.7637364286572108,-1.2371826826394654
2023-11-06,176.99073791503906,177.18823614800198,174.00847994055556,174.17635419198152,63841300,0.0146052052195297,172.7607795715332,174.39381408691406,179.5483856201172,0.4938620689655172,0.11565517241379311,0.04610344827586207,0.838103448275862,29.0,174.44296264648438,175.35150146484375,171.79647827148438,168.16246032714844,54.06878824407046,-0.2735937020295012,-1.0444648865174726
2023-11-07,179.5483856201172,180.1606346460721,176.73398690556192,176.94135477067297,70530000,0.014450743215195,172.93013610839844,174.42600646972656,180.60504150390625,0.4519583333333333,0.09733333333333333,0.035458333333333335,0.8672916666666667,24.0,176.99073791503906,174.44296264648438,175.35150146484375,168.636474609375,61.140059239557516,0.3175680084346766,-0.7720583075270429
2023-11-08,180.60504150390625,181.15804266662397,179.3212801943679,180.07179468790036,49340300,0.0058850759372723,173.08270645141602,174.40171447753906,180.13101196289062,0.41386666666666666,0.11933333333333333,0.0447,0.8359666666666666,30.0,179.5483856201172,176.99073791503906,174.44296264648438,171.79647827148438,63.494311245666296,0.861401521511624,-0.44536634171930956
2023-11-09,180.13101196289062,181.81963914926845,179.5385022077218,180.67414339377052,53763500,-0.0026246750205218,173.16664276123046,174.29822387695313,184.3136749267578,0.4811714285714286,0.09825714285714286,0.03725714285714286,0.8645142857142857,35.0,180.60504150390625,179.5483856201172,176.99073791503906,175.35150146484375,68.73757419028685,1.2398510453340634,-0.108322864308635
2023-11-10,184.3136749267578,184.48178544542023,181.475802800193,181.9108804268445,66133400,0.0232201158384035,173.5515495300293,174.27404113769532,182.7316131591797,0.5565714285714286,0.09325000000000001,0.023392857142857142,0.8832857142857142,28.0,180.13101196289062,180.60504150390625,179.5483856201172,174.44296264648438,73.09227055262338,1.8558874494882502,0.2845191984507421
2023-11-13,182.7316131591797,183.94784205398747,182.14822040593083,183.74020094629049,43627500,-0.008583528966078,173.8637733459473,174.1868148803711,185.3420562744141,0.5723461538461538,0.11411538461538462,0.028576923076923076,0.8573846153846154,26.0,184.3136749267578,180.13101196289062,180.60504150390625,176.99073791503906,68.89336504099487,2.191182981830849,0.6658519551267635
2023-11-14,185.3420562744141,186.0045554032819,184.21481647353397,185.599140759526,60108400,0.0142856677621534,174.38403854370117,174.1470571899414,185.90565490722656,0.6526666666666666,0.09578571428571428,0.02873809523809524,0.8755714285714286,42.0,182.7316131591797,184.3136749267578,180.13101196289062,179.5483856201172,76.74344444162097,2.6371486419261885,1.0601112924866487
2023-11-15,185.90565490722656,187.3789832148446,185.6782334530312,185.7474572062222,53790500,0.0030408566956765,174.9971664428711,174.25267486572267,187.58663940429688,0.7576551724137931,0.11231034482758621,0.020689655172413793,0.867,29.0,185.3420562744141,182.7316131591797,184.3136749267578,180.60504150390625,89.03206831515882,3.001458395992472,1.4483807131878135
2023-11-16,187.58663940429688,188.8226485285232,186.5384909930313,187.4482069859036,54412900,0.0090421375181362,175.71310501098634,174.4975750732422,187.5668487548828,0.7326153846153846,0.11134615384615384,0.026115384615384617,0.862576923076923,26.0,185.90565490722656,185.3420562744141,182.7316131591797,180.13101196289062,89.17922750299633,3.386777241297949,1.8360600188098406
2023-11-17,187.5668487548828,188.24912816814668,186.4593894684262,188.12057839811112,50922700,-0.0001055013804656,176.5554428100586,174.72983428955078,189.3071746826172,0.5721333333333334,0.11610000000000001,0.031033333333333336,0.8529333333333333,30.0,187.58663940429688,185.90565490722656,185.3420562744141,184.3136749267578,88.2379153987708,3.6484907322102345,2.1985461614899195
2023-11-20,189.3071746826172,189.76203272766995,187.75475490242272,187.7646375447921,46505100,0.0092784302731911,177.47887115478517,174.97359466552734,188.5062255859375,0.13073684210526315,0.05542105263157895,0.02147368421052632,0.9230526315789473,19.0,187.5668487548828,187.58663940429688,185.90565490722656,182.7316131591797,88.79702654696942,3.9507880913230906,2.548994547456554
2023-11-21,188.5062255859375,189.37638084971888,187.61630503925363,189.2676114417462,38134500,-0.0042309495032215,178.34052658081055,175.26177185058594,189.16873168945312,0.436,0.09758064516129032,0.051,0.851516129032258,31.0,189.3071746826172,187.5668487548828,187.58663940429688,185.3420562744141,84.40982726743697,4.078714150251045,2.8549384680154524
2023-11-22,189.16873168945312,190.77059476808083,188.69410838615653,189.34672485819107,39617700,0.003514505165314,179.35084609985353,175.6044772338867,187.84375,0.5859375,0.10875,0.0328125,0.8585,16.0,188.5062255859375,189.3071746826172,187.5668487548828,185.90565490722656,82.30140645310419,4.1853095362983765,3.1210126816720374
2023-11-24,187.84375,188.76333367409984,187.13180743837248,188.7336706580324,24048300,-0.0070042320293624,180.50278701782227,175.89046508789062,187.66575622558597,0.6563846153846153,0.15742307692307692,0.021384615384615387,0.8212692307692309,26.0,189.16873168945312,188.5062255859375,189.3071746826172,187.58663940429688,80.72953041832811,4.115432059697639,3.3198965572771577
2023-11-27,187.66575622558597,188.53591159550703,186.78571821300807,187.79430602014355,40552600,-0.0009475629315005,181.58015899658204,176.1873114013672,188.2689208984375,0.7044482758620689,0.1353448275862069,0.029931034482758623,0.8348620689655172,29.0,187.84375,189.16873168945312,188.5062255859375,187.5668487548828,77.46390739187932,3.9995863047472255,3.455834506771171
2023-11-28,188.2689208984375,188.94131776896225,187.28011350908017,187.65586514519703,38415400,0.0032140369398374,182.5854820251465,176.43775970458984,187.2504425048828,0.69144,0.13492,0.02396,0.84104,25.0,187.66575622558597,187.84375,189.16873168945312,189.3071746826172,74.94411123108934,3.911360330415306,3.5469396714999983
2023-11-29,187.2504425048828,189.93999969621768,186.85492560121705,188.76331653900837,43014200,-0.0054097000646438,183.51618041992188,176.64611328125,187.82394409179688,0.4298,0.13543333333333332,0.043000000000000003,0.8216,30.0,188.2689208984375,187.66575622558597,187.84375,188.5062255859375,69.05002900067106,3.7164173694965825,3.5808352110993154
2023-11-30,187.82394409179688,188.18981305356235,186.08364867108205,187.71517468500207,48794400,0.0030627515707959,184.3175537109375,176.9366424560547,189.0995330810547,0.7993846153846154,0.11992307692307692,0.03453846153846154,0.8454615384615385,13.0,187.2504425048828,188.2689208984375,187.66575622558597,189.16873168945312,71.92787727166768,3.5670813601032876,3.5780844409001102
2023-12-01,189.0995330810547,189.4159436040849,187.11202054575708,188.19971472368127,45704800,0.0067914077484945,185.00495529174805,177.28349365234374,187.3097686767578,0.4282727272727273,0.07968181818181819,0.029863636363636367,0.8904545454545455,22.0,187.82394409179688,187.2504425048828,188.2689208984375,187.84375,66.35143335578552,3.5111860999199678,3.564704772704082
2023-12-04,187.3097686767578,187.9228394923183,185.35193435249076,187.8536157357217,43389500,-0.0094646685538336,185.6482955932617,177.57756439208984,191.25511169433597,0.5767619047619048,0.14761904761904762,0.03480952380952381,0.8174761904761906,21.0,189.0995330810547,187.82394409179688,187.2504425048828,187.66575622558597,65.42289938212592,3.2846067715142624,3.508685172466118
2023-12-05,191.25511169433597,192.22413865175915,188.0513705178724,188.08104861869373,66628400,0.0210631994553718,186.36151428222652,177.9250646972656,190.16741943359372,0.5085833333333333,0.138,0.05491666666666667,0.8071666666666667,24.0,187.3097686767578,189.0995330810547,187.82394409179688,188.2689208984375,68.27615089598507,3.384384156399051,3.483824969252705
2023-12-06,190.16741943359372,192.5800964734148,189.95976327032972,192.27356863697855,41089700,-0.0056871277902393,186.8924659729004,178.33218139648437,192.0956115722656,0.49909756097560976,0.08700000000000001,0.038609756097560975,0.8744390243902438,41.0,191.25511169433597,187.3097686767578,189.0995330810547,187.2504425048828,62.75896031231917,3.337221366988615,3.4545042487998874
2023-12-07,192.0956115722656,192.817436726138,191.4232147163821,191.4627754603769,47477700,0.0101394452552121,187.46699447631835,178.80807983398438,193.51950073242188,0.5487714285714286,0.113,0.0332,0.8538,35.0,190.16741943359372,191.25511169433597,187.3097686767578,187.82394409179688,63.30215841587714,3.416055347977192,3.4468144686353486
2023-12-08,193.51950073242188,193.79636559429088,191.50232520965804,192.0263919187675,53406400,0.007412398172462,188.1364189147949,179.30732055664063,191.01780700683597,0.44375555555555557,0.07795555555555556,0.02848888888888889,0.893511111111111,45.0,192.0956115722656,190.16741943359372,191.25511169433597,189.0995330810547,66.21766448470613,3.552477056992359,3.4679469863067505
2023-12-11,191.01780700683597,191.32434997590968,189.27751140798415,190.948598334338,60943700,-0.0129273469398053,188.4716255187988,179.7462579345703,192.53065490722656,0.3999333333333333,0.081,0.0647,0.8543333333333333,30.0,193.51950073242188,192.0956115722656,190.16741943359372,187.3097686767578,54.4748762212228,3.4193107818778117,3.458219745420963
2023-12-12,192.53065490722656,192.54053754746204,189.5741159727842,190.91889435682484,52696900,0.0079199312571758,188.9615776062012,180.1652865600586,195.7443084716797,0.48796875,0.108875,0.062343749999999996,0.8289375,32.0,191.01780700683597,193.51950073242188,192.0956115722656,191.25511169433597,60.14955825976127,3.3966947489061,3.44591474611799
2023-12-13,195.7443084716797,195.78385412672148,192.66911702808835,192.90642113434447,70404200,0.0166916461485142,189.4816902160645,180.675251159668,195.89263916015625,0.376,0.0996875,0.03109375,0.8693125,32.0,192.53065490722656,191.01780700683597,193.51950073242188,190.16741943359372,64.69285400123425,3.5966266911905507,3.4760571351325025
2023-12-14,195.89263916015625,197.3857329370989,193.96446770304377,195.80365011321348,66831600,0.0007577777848801,189.98103942871091,181.16329650878907,195.35867309570312,0.7377647058823529,0.105,0.03261764705882353,0.8623529411764705,34.0,195.7443084716797,192.53065490722656,191.01780700683597,192.0956115722656,68.98310891539487,3.7241139750674677,3.525668503119496
2023-12-15,195.35867309570312,196.1793699091571,194.7950456705572,195.3191123528845,128538400,-0.0027258097432469,190.3696411132813,181.61597534179688,193.6974639892578,0.5969565217391305,0.1211304347826087,0.049478260869565215,0.8294347826086955,23.0,195.89263916015625,195.7443084716797,192.53065490722656,193.51950073242188,67.84393866784256,3.738961545897098,3.568327111675017
2023-12-18,193.6974639892578,194.4291868327445,192.21425301938103,193.8952224343076,55751900,-0.0085033803727337,190.676171875,181.98447448730468,194.73570251464844,0.18093103448275863,0.08313793103448276,0.057379310344827586,0.8594827586206897,29.0,195.35867309570312,195.89263916015625,195.7443084716797,191.01780700683597,62.002535692332366,3.575466904341795,3.5697550702083727
2023-12-19,194.73570251464844,194.74558515548247,193.69745188302565,193.96443406555755,40714100,0.0053601038651089,190.9475982666016,182.3441131591797,192.64935302734372,0.5194594594594595,0.09878378378378377,0.0512972972972973,0.8499189189189189,37.0,193.6974639892578,195.35867309570312,195.89263916015625,192.53065490722656,66.53549836314897,3.4894491968370858,3.5536938955341157
2023-12-20,192.64935302734372,195.46744514462725,192.64935302734372,194.6961765577493,52242800,-0.0107137492527737,191.15475463867188,182.6738751220703,192.50099182128903,0.33238888888888884,0.07394444444444444,0.0628888888888889,0.8633888888888889,18.0,194.73570251464844,193.6974639892578,195.35867309570312,195.7443084716797,59.99183561013639,3.215858165510383,3.4861267495293693
2023-12-21,192.50099182128903,194.87413831888384,191.33420648650613,193.90511142023345,46482500,-0.0007701100664149,191.32136764526368,182.972822265625,191.4330902099609,0.4211666666666667,0.09663888888888889,0.0315,0.8718611111111111,36.0,192.64935302734372,194.73570251464844,193.6974639892578,195.89263916015625,57.38820157390115,2.953023179623216,3.3795060355481388
2023-12-22,191.4330902099609,193.22282892375424,190.81013681243016,192.9953923922105,37149600,-0.0055475122555187,191.5008346557617,183.2324383544922,190.88926696777344,0.532,0.12573684210526317,0.04347368421052632,0.8307368421052631,19.0,192.50099182128903,192.64935302734372,194.73570251464844,195.35867309570312,59.246082255525806,2.628256914795145,3.22925621139754
2023-12-26,190.88926696777344,191.7198615425509,190.67172813799797,191.44299668429173,28919300,-0.0028408006243384,191.6620101928711,183.517912902832,190.9881134033203,0.19690625,0.09815625,0.06621875,0.8355625,32.0,191.4330902099609,192.50099182128903,192.64935302734372,193.6974639892578,49.03195954708491,2.3004768542020884,3.0435003399584497
2023-12-27,190.9881134033203,191.3342019743918,188.9511728919884,190.33551208827305,48087700,0.0005178208136948,191.79796981811523,183.80793243408203,191.413330078125,0.11059523809523808,0.06897619047619048,0.057738095238095234,0.8732380952380953,42.0,190.88926696777344,191.4330902099609,192.50099182128903,194.73570251464844,52.29150636560325,2.025338039716104,2.839867879909981
2023-12-28,191.413330078125,192.4812438348005,191.00791544042357,191.9670597842524,34049900,0.0022264038699975,192.00611419677733,184.1374639892578,190.3750762939453,0.4136944444444445,0.09530555555555556,0.04416666666666667,0.860638888888889,36.0,190.9881134033203,190.88926696777344,191.4330902099609,192.64935302734372,47.92042222209828,1.8206130845936457,2.6360169208467137
2023-12-29,190.3750762939453,192.2241411947973,189.5840274029703,191.72973752393827,42672100,-0.0054241456629793,192.1336708068848,184.47210357666012,183.56219482421875,0.7047500000000001,0.13658333333333333,0.02829166666666667,0.8350833333333334,24.0,191.413330078125,190.9881134033203,190.88926696777344,192.50099182128903,40.18513985031446,1.5566446488270458,2.42014246644278
2024-01-02,183.56219482421875,186.33085840634024,181.8317819713932,185.05528848269012,82488700,-0.03578662502652,191.85680389404297,184.67799011230468,182.18772888183597,0.28654545454545455,0.08879545454545455,0.052886363636363634,0.8582954545454545,44.0,190.3750762939453,191.413330078125,190.9881134033203,191.4330902099609,31.663412990237376,0.788614507563608,2.093836874666946
2024-01-03,182.18772888183597,183.7994894661828,181.37689972544035,182.1580658725045,58414500,-0.0074877397478223,191.60070190429687,184.90734283447264,179.87396240234375,0.5222307692307693,0.10117948717948717,0.05887179487179487,0.84,39.0,183.56219482421875,190.3750762939453,191.413330078125,190.88926696777344,24.387917809668508,0.0682504241891877,1.6887195845713945
2024-01-04,179.87396240234375,181.04074792224716,178.85549196107084,180.11126652815247,71983600,-0.012699902972021,191.0316444396973,185.0880499267578,179.15211486816406,0.32385714285714284,0.08745714285714286,0.04982857142857143,0.8627428571428571,35.0,182.18772888183597,183.56219482421875,190.3750762939453,190.9881134033203,8.867234308448573,-0.6814891372082457,1.2146778402154665
2024-01-05,179.15211486816406,180.71443234786256,178.1534248404595,179.95306152436652,62379700,-0.0040130740688585,190.4808792114258,185.2456298828125,183.4830780029297,0.5073636363636363,0.11678787878787879,0.04466666666666667,0.8386060606060606,33.0,179.87396240234375,182.18772888183597,183.56219482421875,191.413330078125,7.8645436871726275,-1.3187089485828665,0.7080004824557999
2024-01-08,183.4830780029297,183.52263874374276,179.46852282651062,180.0519155054874,59144500,0.0241747809561316,190.05025253295895,185.53604461669923,183.0677490234375,0.56615625,0.1104375,0.0394375,0.85003125,32.0,179.15211486816406,179.87396240234375,182.18772888183597,190.3750762939453,24.905898611033194,-1.4574372806633562,0.2749129298319687
2024-01-09,183.0677490234375,183.077631662927,180.68472025053543,181.8614031337526,42841800,-0.0022635819281686,189.52766494750975,185.90130096435547,184.1060028076172,0.624125,0.1119375,0.04275,0.845375,16.0,183.4830780029297,179.15211486816406,179.87396240234375,183.56219482421875,26.290152075699538,-1.5826502539547391,-0.0965997069253729
2024-01-10,184.1060028076172,184.31364385660612,181.8614063874065,182.2866013010497,46792900,0.0056714183121722,189.1820747375488,186.2610546875,183.51272583007807,0.6731111111111111,0.11666666666666667,0.04755555555555556,0.8356296296296297,27.0,183.0677490234375,183.4830780029297,179.15211486816406,182.18772888183597,26.29020225012796,-1.5798920222802906,-0.39325816999635643
2024-01-11,183.51272583007807,184.9563909902637,181.5647744262664,184.45208965863696,49128400,-0.0032224749247259,188.7311782836914,186.5680599975586,183.8390655517578,0.6118620689655172,0.11144827586206897,0.035,0.853551724137931,29.0,184.1060028076172,183.0677490234375,183.4830780029297,179.87396240234375,28.166263376754415,-1.6070534854469543,-0.636017233086476
2024-01-12,183.8390655517578,184.6498948423917,183.11724039185432,183.97749798089004,40477800,0.0017782947760356,188.1359161376953,186.87211181640623,181.5746917724609,0.5089,0.0882,0.05216666666666667,0.8596,30.0,183.51272583007807,184.1060028076172,183.0677490234375,179.15211486816406,29.47524235547992,-1.5839870359370138,-0.8256111936565835
2024-01-16,181.5746917724609,182.1976301200088,178.90489995610474,180.12114381484557,65603000,-0.012317152355517,187.4200187683105,187.0676760864258,180.63531494140625,0.4194782608695652,0.1145,0.04919565217391304,0.8362608695652173,46.0,183.8390655517578,183.51272583007807,184.1060028076172,183.4830780029297,27.893626077637947,-1.7284977027784407,-1.006188495480955
2024-01-17,180.63531494140625,180.8825167727283,178.281963767062,179.24110807963172,47317400,-0.0051735008986376,186.6838508605957,187.17335235595704,186.51870727539065,0.4493617021276596,0.1103191489361702,0.04351063829787234,0.8461914893617022,47.0,181.5746917724609,183.8390655517578,183.51272583007807,183.0677490234375,27.407426334082274,-1.8969563746867095,-1.184342071322106
2024-01-18,186.51870727539065,187.0229935165519,183.75004409317063,184.00712853391943,78005800,0.032570554301039,186.32491302490237,187.4148672485352,189.41590881347656,0.5563181818181818,0.11134090909090909,0.036954545454545455,0.8517499999999999,44.0,180.63531494140625,181.5746917724609,183.8390655517578,184.1060028076172,42.152806838281045,-1.537991485582637,-1.2550719541742121
2024-01-19,189.41590881347656,189.80154302609117,186.7065866846462,187.21087293560348,68903000,0.0155330346237509,186.05892333984372,187.6633706665039,191.71983337402344,0.5963571428571429,0.11035714285714285,0.046285714285714284,0.8432142857142857,28.0,186.51870727539065,180.63531494140625,181.5746917724609,183.51272583007807,46.773119244932154,-1.0081084271428722,-1.2056792487679442
2024-01-22,191.71983337402344,193.14371820043877,190.1080727596782,190.14763349819023,60133900,0.0121633107534575,186.0124473571777,187.906799621582,192.9954071044922,0.5872380952380952,0.12742857142857145,0.047,0.8253333333333334,21.0,189.41590881347656,186.51870727539065,180.63531494140625,183.8390655517578,52.087134366646005,-0.3976806138242921,-1.0440795217792138
2024-01-23,192.9954071044922,193.55903452389103,191.66052626402544,192.83720939883852,42355600,0.0066533217144011,186.03716812133788,188.15460693359373,192.3230438232422,0.46116666666666667,0.10944444444444444,0.03944444444444444,0.851,18.0,191.71983337402344,189.41590881347656,186.51870727539065,181.5746917724609,67.67970258096797,0.18686193766015435,-0.7978912298913402
2024-01-24,192.3230438232422,194.18200660712424,192.16483101440036,193.232744842077,53631300,-0.0034838304773022,186.081665802002,188.3984475708008,191.9967193603516,0.7748999999999999,0.1102,0.0207,0.8691000000000001,20.0,192.9954071044922,191.71983337402344,189.41590881347656,180.63531494140625,69.50901159682824,0.589071573080588,-0.5204986692969547
2024-01-25,191.9967193603516,194.07322080915367,190.94858599423333,193.03497008475264,54822100,-0.001696751758934,186.13703842163085,188.55210845947263,190.2662811279297,0.5701794871794872,0.10925641025641027,0.0401025641025641,0.8506410256410256,39.0,192.3230438232422,192.9954071044922,191.71983337402344,186.51870727539065,75.26780835728727,0.8714484348679434,-0.24210924846397502
2024-01-26,190.2662811279297,192.5800863732271,189.7916578927919,192.09558049769083,44594000,-0.0090128531267978,186.10094680786133,188.7028018188477,189.5840301513672,0.66328125,0.09740625,0.025124999999999998,0.8774375,32.0,191.9967193603516,192.3230438232422,192.9954071044922,189.41590881347656,72.23088342656496,0.9447121748800384,-0.004744963795172308
2024-01-29,189.5840301513672,190.04877081575225,187.4581003710548,189.86089500402176,47145600,-0.0035857692309851,186.00948181152344,188.7876412963867,185.93533325195312,0.7450714285714285,0.09899999999999999,0.026607142857142857,0.8743928571428572,28.0,190.2662811279297,191.9967193603516,192.3230438232422,191.71983337402344,64.28900213710332,0.9369220109485639,0.18358843115357493
2024-01-30,185.93533325195312,189.65325866018404,185.37172089064356,188.80288370915284,55859400,-0.019245803016746,185.78749465942383,188.78823486328125,182.33604431152344,0.6545185185185185,0.12318518518518519,0.027555555555555555,0.8491481481481481,27.0,189.5840301513672,190.2662811279297,191.9967193603516,192.9954071044922,55.83274156544536,0.629077292120769,0.27268620334701377
2024-01-31,182.33604431152344,185.0058358609704,182.28661602120093,184.94649475418208,55467800,-0.0193577459296154,185.72618713378907,188.68322296142577,184.7685394287109,0.6869375,0.1225,0.02675,0.85075,32.0,185.93533325195312,189.5840301513672,190.2662811279297,192.3230438232422,46.739545949252104,0.09359667337960786,0.2368682973535326
2024-02-01,184.7685394287109,184.85752846784007,181.76257176566293,181.93066720224104,64885400,0.0133407255069741,185.8552276611328,188.62725677490235,183.76986694335935,0.698864406779661,0.11428813559322035,0.030525423728813558,0.8553050847457627,59.0,182.33604431152344,185.93533325195312,189.5840301513672,191.9967193603516,52.166537588575615,-0.13296085814772596,0.1629024662532809
2024-02-02,183.76986694335935,185.23329771545795,177.2437318686429,177.84690500460306,102551700,-0.0054049920426896,186.0500228881836,188.5165106201172,185.5793609619141,0.6313225806451613,0.1130483870967742,0.030596774193548386,0.8564677419354838,62.0,184.7685394287109,182.33604431152344,185.93533325195312,190.2662811279297,49.88332478315385,-0.38861415537638777,0.05259914192734716
2024-02-05,185.5793609619141,187.13179578344227,183.75995901240583,186.04410163536497,69668800,0.0098465218953029,186.3713851928711,188.45797332763672,187.1812438964844,0.6754,0.10614285714285715,0.03488571428571429,0.8591714285714285,35.0,183.76986694335935,184.7685394287109,182.33604431152344,189.5840301513672,56.85742922568673,-0.4401365701822044,-0.04594800049456316
2024-02-06,187.1812438964844,187.1911265388062,184.67956238073768,184.76855142564483,43490800,0.0086317946471379,186.55629348754883,188.41822357177733,187.2899627685547,0.7394,0.12073333333333333,0.026533333333333336,0.8529333333333333,15.0,185.5793609619141,183.76986694335935,184.7685394287109,185.93533325195312,60.96029914625999,-0.3477017998771146,-0.10629876037107344
2024-02-07,187.2899627685547,188.91160586389853,186.498914044192,188.5061913180627,53439000,0.0005808213996614,186.76740417480468,188.40714782714844,186.2122039794922,0.521551724137931,0.13293103448275861,0.040793103448275865,0.8262068965517242,29.0,187.1812438964844,185.5793609619141,183.76986694335935,182.33604431152344,51.60095705843258,-0.2626462515825949,-0.13756825861337774
2024-02-08,186.2122039794922,187.418535043408,185.2530596605407,187.2702199788289,40962000,-0.0057544930498723,186.87271423339843,188.37807678222657,186.9745635986328,0.77968,0.16236,0.033159999999999995,0.80452,25.0,187.2899627685547,187.1812438964844,185.5793609619141,184.7685394287109,42.80644506999016,-0.2789892296636083,-0.16585245282342387
2024-02-09,186.9745635986328,188.10324181676,186.1329987846296,186.7765376843336,45155200,0.0040940368184707,187.04580612182616,188.3521896362305,185.2914123535156,0.6074444444444445,0.10377777777777779,0.035833333333333335,0.8603888888888889,18.0,186.2122039794922,187.2899627685547,187.1812438964844,183.76986694335935,38.55255020908181,-0.22779918042621716,-0.17824179834398254
2024-02-12,185.2914123535156,186.796321504533,184.9349868995182,186.54880424779185,41781900,-0.0090020332858233,187.1184234619141,188.31300903320312,183.202392578125,0.8173333333333334,0.133,0.02493333333333333,0.8421333333333333,15.0,186.9745635986328,186.2122039794922,187.2899627685547,185.5793609619141,31.773368249519294,-0.31936548983159696,-0.20646653664150544
2024-02-13,183.202392578125,184.36078680146468,181.68758795653508,183.92515394948336,56529500,-0.0112742395821615,187.19980850219727,188.2205780029297,182.32122802734372,0.5988947368421053,0.10815789473684212,0.04226315789473684,0.8497894736842105,19.0,185.2914123535156,186.9745635986328,186.2122039794922,187.1812438964844,29.777321867305247,-0.554111435239264,-0.2759955163610571
2024-02-14,182.32122802734372,183.68752828939827,180.62821823999963,183.47962222785037,54630500,-0.0048097873525613,187.28410415649412,188.08501190185547,182.0340881347656,0.5865555555555555,0.11561111111111111,0.02211111111111111,0.8621666666666666,18.0,183.202392578125,185.2914123535156,186.9745635986328,187.2899627685547,29.06226576456092,-0.8020068673419303,-0.3811977865572318
2024-02-15,182.0340881347656,182.65783644316613,179.5490203671251,181.72716915991907,65434500,-0.0015749120148261,187.05987319946288,187.97949829101563,180.4994964599609,0.6608571428571428,0.10953571428571429,0.031142857142857142,0.8593571428571429,28.0,182.32122802734372,183.202392578125,185.2914123535156,186.2122039794922,30.99862148829952,-1.00999300224521,-0.5069568296948275
2024-02-16,180.4994964599609,183.0142804515248,179.86585283584154,181.5984737728991,49752500,-0.0084302434259927,186.61405258178712,187.7643859863281,179.75694274902344,0.7759047619047619,0.11347619047619048,0.01576190476190476,0.8708571428571429,21.0,182.0340881347656,182.32122802734372,183.202392578125,186.9745635986328,29.825090511322855,-1.2838527799772521,-0.6623360197513124
2024-02-20,179.75694274902344,180.6182980286837,178.2124373755958,179.98465441119404,53665600,-0.0041138824512023,186.01590805053712,187.55617645263672,180.5094146728516,0.6298947368421053,0.10478947368421053,0.03810526315789473,0.8571052631578947,19.0,180.4994964599609,182.0340881347656,182.32122802734372,185.2914123535156,34.24546456983353,-1.5430195368508919,-0.8384727231712283
2024-02-21,180.5094146728516,181.07374623255757,178.8658962581704,180.13318356154335,41371400,0.0041860520785488,185.39160842895507,187.32445251464844,182.53903198242188,0.585344827586207,0.09875862068965517,0.03351724137931034,0.8676896551724138,29.0,179.75694274902344,180.4994964599609,182.0340881347656,183.202392578125,44.55110698419644,-1.6684598961832648,-1.0044701577736357
2024-02-22,182.53903198242188,183.1231842228548,180.64801151557128,181.6578711029192,52292200,0.0112438307622275,184.90240783691405,187.10484313964844,180.70741271972656,0.6796,0.11313333333333334,0.028933333333333332,0.858,15.0,180.5094146728516,179.75694274902344,180.4994964599609,182.32122802734372,43.185517458167745,-1.5858187980741718,-1.120739885833743
2024-02-23,180.70741271972656,183.20237592421452,180.42028422645075,183.17267506039363,45119700,-0.0100341238956044,184.3379425048828,186.89863525390624,179.3609161376953,0.92625,0.18433333333333335,0.020916666666666667,0.79475,12.0,182.53903198242188,180.5094146728516,179.75694274902344,182.0340881347656,41.09313771174228,-1.6491115678267931,-1.226414222232353
2024-02-26,179.3609161376953,180.9450175834942,178.85597124394113,180.43019254491847,40867400,-0.0074512526175095,183.79267425537108,186.6352404785156,180.81634521484372,0.74752,0.12476,0.0294,0.84588,25.0,180.70741271972656,182.53903198242188,180.5094146728516,180.4994964599609,31.413672260521878,-1.7873194587314458,-1.3385952695321717
2024-02-27,180.81634521484372,182.09352785249357,177.7768254792766,179.3015405274478,54318900,0.0081145274482825,183.3542900085449,186.3366812133789,179.61831665039062,0.6107142857142857,0.09676190476190476,0.0370952380952381,0.866095238095238,21.0,179.3609161376953,180.70741271972656,182.53903198242188,179.75694274902344,30.807914429054435,-1.7591310769756205,-1.4227024310208616
2024-02-28,179.61831665039062,181.30143093346825,178.34113428414614,180.6974882375532,48953900,-0.006625665190996,183.0384391784668,186.0111947631836,178.95497131347656,0.7661666666666668,0.13333333333333333,0.01958333333333333,0.847125,24.0,180.81634521484372,179.3609161376953,180.70741271972656,180.5094146728516,28.2936121086629,-1.8125683149070255,-1.5006756077980945
2024-02-29,178.95497131347656,180.75690414056305,177.74708592784262,179.4698114222519,136682600,-0.0036930829176247,182.8693855285645,185.68312072753903,177.8758087158203,0.6933888888888888,0.10061111111111111,0.04066666666666666,0.8588333333333333,18.0,179.61831665039062,180.81634521484372,179.3609161376953,182.53903198242188,28.97306168066953,-1.8866954847221393,-1.5778795831829036
2024-03-01,177.8758087158203,178.73716395290236,175.61845249589473,177.76690051629518,73563100,-0.0060303583059778,182.5247489929199,185.36668762207032,173.36106872558594,0.7423684210526316,0.10063157894736842,0.027842105263157897,0.8715263157894737,19.0,178.95497131347656,179.61831665039062,180.81634521484372,180.70741271972656,24.112715287449248,-2.0093585687524467,-1.6641753802968124
2024-03-04,173.36106872558594,175.14318064223312,172.06406578926712,174.400628974546,81510100,-0.0253814165221717,182.00430908203128,184.93919494628904,168.43055725097656,0.3472222222222222,0.07955555555555556,0.04803703703703704,0.8722962962962962,27.0,177.8758087158203,178.95497131347656,179.61831665039062,179.3609161376953,20.766671626958114,-2.442713650119657,-1.8198830342613816
2024-03-05,168.43055725097656,170.33148818677603,167.93552268101038,169.06420089624305,95132400,-0.0284407076563072,181.1468688964844,184.4548190307617,167.44049072265625,0.6709285714285714,0.09278571428571428,0.039964285714285716,0.8672500000000001,28.0,173.36106872558594,177.8758087158203,178.95497131347656,180.81634521484372,18.22833764465794,-3.1477168240927824,-2.085449792227662
2024-03-06,167.44049072265625,169.53944760498507,167.00485787713032,169.3612273012443,68587700,-0.0058781882841189,180.15983123779296,183.95360900878907,167.3216552734375,0.29460000000000003,0.0946,0.0444,0.8610666666666666,15.0,168.43055725097656,173.36106872558594,177.8758087158203,179.61831665039062,18.14334358609834,-3.7431779874523556,-2.4169954312726007
2024-03-07,167.3216552734375,169.0344703547855,166.81672553933012,167.47015957545335,71765100,-0.0007097175163897,179.16141586303712,183.4713803100586,169.03448486328125,0.5270526315789473,0.12536842105263157,0.04447368421052631,0.8302631578947368,19.0,167.44049072265625,168.43055725097656,173.36106872558594,178.95497131347656,18.275035634049118,-4.176529840877436,-2.7689023131935677
2024-03-08,169.03448486328125,171.9749911536114,167.26226790901475,167.32166963491963,76267000,0.0102367478199079,178.30252990722656,183.0342846679688,171.034423828125,0.4804117647058823,0.07541176470588236,0.04994117647058823,0.8747058823529411,17.0,167.3216552734375,167.44049072265625,168.43055725097656,177.8758087158203,25.466157729242212,-4.331818763420898,-3.081485603239034
2024-03-11,171.034423828125,172.64824117092596,170.34137853305091,171.22253935977105,60139500,0.0118315441163461,177.50552291870116,182.63521087646484,171.50965881347656,0.5344444444444444,0.09433333333333332,0.030444444444444448,0.8752222222222222,18.0,169.03448486328125,167.3216552734375,167.44049072265625,173.36106872558594,32.28792978120451,-4.244579127039543,-3.314104307999136
2024-03-12,171.50965881347656,172.3017170819102,169.31170429451927,171.43045147590772,59825400,0.002778592605598,176.81643524169922,182.23713745117183,169.43052673339844,0.369,0.12207692307692307,0.03461538461538462,0.8433846153846154,13.0,171.034423828125,169.03448486328125,167.3216552734375,168.43055725097656,31.51686273526653,-4.089947229310582,-3.4692728922614253
2024-03-13,169.43052673339844,171.4700666239107,169.06419090034882,171.05423942259554,52488700,-0.0121225363892727,176.1278419494629,181.81824645996093,171.28192138671875,0.58975,0.12966666666666668,0.02716666666666667,0.8430833333333334,12.0,171.50965881347656,171.034423828125,169.03448486328125,167.44049072265625,23.133211364951237,-4.088044487001355,-3.5930272112094115
2024-03-14,171.28192138671875,172.5789092413306,170.34135894390695,171.19281881058188,72913500,0.0109271610554189,175.57587661743165,181.57264099121093,170.90570068359375,0.5987,0.09995000000000001,0.03125,0.86875,20.0,169.43052673339844,171.50965881347656,171.034423828125,167.3216552734375,30.69745030064287,-3.8922767309443884,-3.6528771151564072
2024-03-15,170.90570068359375,170.90570068359375,168.5988381717502,169.47010369924573,121752700,-0.0021964997828087,175.01945724487305,181.3470004272461,171.9947967529297,0.3215882352941177,0.07370588235294118,0.04305882352941176,0.8831764705882352,17.0,171.28192138671875,169.43052673339844,171.50965881347656,169.03448486328125,31.967877288586948,-3.724552912847656,-3.6672122746946574
2024-03-18,171.9947967529297,175.94517770513775,171.7967859641753,173.82643054023092,75604200,0.0063724970260192,174.59422225952147,181.18941711425785,174.3313751220703,0.7855555555555556,0.10077777777777779,0.024,0.8752777777777777,18.0,170.90570068359375,171.28192138671875,169.43052673339844,171.034423828125,30.887981619530947,-3.463820857094362,-3.6265339911745986
2024-03-19,174.3313751220703,174.8561105550952,171.3116612385504,172.6086493883763,55215200,0.0135851689309944,174.32294387817382,181.09300231933597,176.8956298828125,0.6781666666666666,0.13722222222222225,0.025833333333333333,0.8368888888888889,18.0,171.9947967529297,170.90570068359375,171.28192138671875,171.50965881347656,39.0842743106728,-3.03367614741785,-3.507962422423249
2024-03-20,176.8956298828125,176.8956298828125,173.3511809805003,173.97492929704185,53423100,0.0147090835424583,174.1422546386719,180.9612533569336,169.66812133789062,0.4866875,0.1010625,0.0296875,0.869125,16.0,174.3313751220703,171.9947967529297,170.90570068359375,169.43052673339844,46.057619785133696,-2.457540440718418,-3.297878026082283
2024-03-21,169.66812133789062,175.72735394947048,169.14338597139206,175.29172116809335,106181300,-0.0408574736962685,173.49870910644532,180.69326080322264,170.56910705566406,0.42828571428571427,0.12371428571428571,0.036,0.8402857142857143,21.0,176.8956298828125,174.3313751220703,171.9947967529297,171.28192138671875,37.281348259984,-2.5546992958540216,-3.149242280036631
2024-03-22,170.56910705566406,171.33146450930536,168.37115239719608,170.05426688241553,71160100,0.005310282866745,172.99179382324218,180.4225228881836,169.15330505371094,0.5912727272727273,0.10203030303030303,0.05633333333333333,0.8416363636363636,33.0,169.66812133789062,176.8956298828125,174.3313751220703,170.90570068359375,45.12790662997077,-2.5298340191623367,-3.0253606278617724
2024-03-25,169.15330505371094,170.2324767040703,167.76719930445816,168.87608692531137,54288300,-0.008300459716255,172.48141326904295,180.13533447265624,168.02462768554688,0.6112083333333334,0.09499999999999999,0.039,0.8660833333333334,24.0,170.56910705566406,169.66812133789062,176.8956298828125,171.9947967529297,51.437567225676744,-2.5944641299538773,-2.9391813282801937
2024-03-26,168.02462768554688,169.71763732680742,167.8959138727621,168.31174106723407,57388400,-0.0066725114700282,171.84182739257812,179.81904571533204,171.58888244628906,0.8405263157894737,0.13236842105263158,0.025421052631578945,0.8422631578947368,19.0,169.15330505371094,170.56910705566406,169.66812133789062,174.3313751220703,51.155494651437955,-2.7055706549010097,-2.892459193604357
2024-03-27,171.58888244628906,171.87601096065072,168.42066417893392,168.7176879462108,60273300,0.0212126925072708,171.44035568237305,179.6193295288086,169.77703857421875,0.4094285714285714,0.10571428571428572,0.07064285714285715,0.8235714285714285,14.0,168.02462768554688,169.15330505371094,170.56910705566406,176.8956298828125,57.42852300805549,-2.477459197465322,-2.80945919437655
2024-03-28,169.77703857421875,170.51959037094832,168.81667037520145,170.0443614510728,65672700,-0.0105592148293025,170.98145904541016,179.40216400146485,168.34144592285156,0.672,0.10933333333333334,0.042625,0.8480833333333333,24.0,171.58888244628906,168.02462768554688,169.15330505371094,169.66812133789062,51.28821987200393,-2.415040795280987,-2.7305755145574375
2024-04-01,168.34144592285156,169.54933141950085,167.79690490268092,169.48992969134684,46240500,-0.0084557526943763,170.5047409057617,179.03861877441406,167.1632537841797,0.6239166666666667,0.15733333333333333,0.048249999999999994,0.7945000000000001,12.0,169.77703857421875,171.58888244628906,168.02462768554688,170.56910705566406,45.234776757821884,-2.4531358678065374,-2.6750875852072578
2024-04-02,167.1632537841797,167.65828830624176,166.55931106297376,167.40087579338118,49329500,-0.0069988239213046,170.1948501586914,178.59356567382812,167.9652099609375,0.7042727272727273,0.12836363636363635,0.045909090909090906,0.8257272727272728,11.0,168.34144592285156,169.77703857421875,171.58888244628906,169.15330505371094,42.49572683798657,-2.5490133075675203,-2.6498727296793105
2024-04-03,167.9652099609375,168.98497988400436,166.90584392266877,167.11374996517486,47691700,0.0047974429702906,170.17158279418945,178.1184732055664,167.1434783935547,0.39999999999999997,0.106,0.04492857142857143,0.849,14.0,167.1632537841797,168.34144592285156,169.77703857421875,168.02462768554688,47.35333820970339,-2.5311086629942565,-2.6261199163423
2024-04-04,167.1434783935547,170.2126836435028,167.1434783935547,168.59886612133832,53704400,-0.0048922724388813,170.15673217773437,177.60143463134764,167.8959197998047,0.0009999999999999916,0.09466666666666668,0.07316666666666667,0.832,6.0,167.9652099609375,167.1632537841797,168.34144592285156,171.58888244628906,42.23635163458637,-2.5537875005358615,-2.6116534331810124
2024-04-05,167.8959197998047,168.69787335368648,167.2721714324497,167.90581505219322,42104800,0.0045017694586821,170.18544540405273,177.1128921508789,166.77713012695312,0.5119444444444444,0.10283333333333333,0.04944444444444444,0.8477777777777777,18.0,167.1434783935547,167.9652099609375,167.1632537841797,169.77703857421875,44.43229438055467,-2.4824290132047793,-2.585808549185766
2024-04-08,166.77713012695312,167.51968192191484,166.5692240844266,167.3513719945941,37425500,-0.0066635905993759,170.07257766723632,176.60850036621093,167.9850311279297,0.596,0.13184615384615384,0.028153846153846154,0.8397692307692307,13.0,167.8959197998047,167.1434783935547,167.9652099609375,168.34144592285156,40.358583058941086,-2.4874797561420507,-2.5661427905770227
2024-04-09,167.9850311279297,168.3909631058002,166.6781477036779,167.02466284236104,42373800,0.0072426057461061,169.92010803222655,176.16287536621093,166.11375427246094,0.5738571428571427,0.1591428571428571,0.028285714285714286,0.8127142857142857,7.0,166.77713012695312,167.8959197998047,167.1434783935547,167.1632537841797,37.762513063864645,-2.366732768266928,-2.526260786115004
2024-04-10,166.11375427246094,167.41074207868937,165.45040994054455,167.1236287527637,49709300,-0.0111395452493839,169.6503128051758,175.69346984863282,173.30169677734375,0.7347857142857144,0.122,0.0275,0.8507142857142858,14.0,167.9850311279297,166.77713012695312,167.8959197998047,167.9652099609375,28.63871423743099,-2.3944347603307676,-2.4998955809581567
2024-04-11,173.30169677734375,173.7175391133101,166.49003132152566,166.66823651643443,91070300,0.0432712061464404,169.84387130737304,175.44079711914063,174.7967071533203,0.236,0.0714375,0.06268750000000001,0.8656875,16.0,166.11375427246094,167.9850311279297,166.77713012695312,167.1434783935547,57.21022251074282,-1.8154544715544603,-2.3630073590774177
2024-04-12,174.7967071533203,176.58872985356905,172.47994902506244,172.52944039553972,101670900,0.0086266343825665,170.0196105957031,175.29001037597655,170.9750213623047,0.5345833333333333,0.11833333333333333,0.022833333333333334,0.8589166666666667,12.0,173.30169677734375,166.11375427246094,167.9850311279297,167.8959197998047,58.19575143793936,-1.2218884093691713,-2.1347835691357684
2024-04-15,170.9750213623047,174.8758957155582,170.78690583147454,173.6185038309996,73531800,-0.0218636028862001,170.02307662963867,175.01414001464843,167.69790649414062,0.5655454545454546,0.08945454545454545,0.04854545454545455,0.8619090909090908,22.0,174.7967071533203,173.30169677734375,166.11375427246094,166.77713012695312,53.23030318116733,-1.0477829433007741,-1.9173834439687698
2024-04-16,167.69790649414062,172.0343988146065,166.59892920522176,170.04436539186383,73711200,-0.0191672142635367,169.80823211669923,174.69270080566406,166.3316192626953,0.628,0.11528571428571428,0.03521428571428571,0.8494285714285714,14.0,170.9750213623047,174.7967071533203,173.30169677734375,167.9850311279297,49.461668656203074,-1.1608572491884956,-1.766078205012715
2024-04-17,166.3316192626953,168.95529649982927,166.3316192626953,167.92563121825307,50901200,-0.008147312390528,169.40824432373046,174.30774597167968,165.38113403320312,0.6039,0.0846,0.02435,0.891,20.0,167.69790649414062,170.9750213623047,174.7967071533203,166.11375427246094,40.66131365019201,-1.3452106611623549,-1.6819046962426432
2024-04-18,165.38113403320312,166.96525061902096,164.89600984807865,166.36130787024413,43122900,-0.005714398944142,168.83251953125,173.87174377441406,163.36141967773438,0.6206,0.13032,0.041319999999999996,0.82848,25.0,166.3316192626953,167.69790649414062,170.9750213623047,173.30169677734375,41.944882180376034,-1.5501392425695997,-1.6555516055080344
2024-04-19,163.36141967773438,164.7475105290668,162.4505578172506,164.55941006923095,68149400,-0.0122124834085565,168.51718444824218,173.39317291259766,164.1930389404297,0.653448275862069,0.10372413793103448,0.03958620689655172,0.8566206896551724,29.0,165.38113403320312,166.3316192626953,167.69790649414062,174.7967071533203,41.06578455349317,-1.8541472336518154,-1.6952707311367905
2024-04-22,164.1930389404297,165.59893510418706,163.13367296874276,163.8762247169617,48116400,0.0050906711286904,168.19838104248046,172.9527896118164,165.24252319335938,0.6317857142857143,0.09425000000000001,0.03917857142857143,0.8665,28.0,163.36141967773438,165.38113403320312,166.3316192626953,170.9750213623047,44.6043097665497,-2.0048602514794993,-1.7571886352053325
2024-04-23,165.24252319335938,165.39104261951863,163.28219064755024,163.70792820716713,49537800,0.0063917706846905,168.0028419494629,172.51814880371094,167.3414764404297,0.34704761904761905,0.09133333333333334,0.06028571428571429,0.8484761904761904,21.0,164.1930389404297,163.36141967773438,165.38113403320312,167.69790649414062,45.098053221042264,-2.016373299384526,-1.8090255680411713
2024-04-24,167.3414764404297,167.6186945681344,164.55938480415762,164.88609429896647,48251800,0.0127022585137737,167.96868438720702,172.15915008544923,168.20281982421875,0.7263333333333333,0.08933333333333333,0.025416666666666667,0.8851666666666667,12.0,165.24252319335938,164.1930389404297,163.36141967773438,166.3316192626953,50.34080355679569,-1.8349770146505762,-1.8142158573630525
2024-04-25,168.20281982421875,168.91567070440144,166.48009434590165,167.84639438412742,50558300,0.0051472199368078,167.79938125610352,171.8591586303711,167.6186981201172,-0.01289473684210527,0.07047368421052631,0.06147368421052631,0.868,19.0,167.3414764404297,165.24252319335938,164.1930389404297,165.38113403320312,50.52627777984199,-1.603234846255873,-1.7720196551416167
2024-04-26,167.6186981201172,169.63843239437367,167.49987955768665,168.19293999888993,44838400,-0.0034727224235122,167.69146423339845,171.56510803222656,171.7769775390625,0.513125,0.07806249999999999,0.0366875,0.885,16.0,168.20281982421875,167.3414764404297,165.24252319335938,163.36141967773438,51.470093553104135,-1.4499965899062772,-1.7076150420945488
2024-04-29,171.7769775390625,174.28185098854456,171.38095596804143,171.64826373021612,68169400,0.0248079687145967,167.86324081420898,171.3599658203125,168.63844299316406,0.8110526315789474,0.1558421052631579,0.03431578947368421,0.8097894736842105,19.0,167.6186981201172,168.20281982421875,167.3414764404297,164.1930389404297,56.00498552814653,-0.9816993517688104,-1.5624319040294012
2024-04-30,168.63844299316406,173.25216784182598,168.3117184327478,171.6086497890361,65934800,-0.0182709848017015,167.9370002746582,171.12274475097655,167.6186981201172,0.6160869565217392,0.0781304347826087,0.06695652173913044,0.8548260869565218,23.0,171.7769775390625,167.6186981201172,168.20281982421875,165.24252319335938,53.84385570382485,-0.8539797773821647,-1.420741478699954
2024-05-01,167.6186981201172,170.99483730573115,167.43058257791944,167.8959162536964,50383100,-0.0060469300768402,167.9196746826172,170.87997985839843,171.3116455078125,0.6653125,0.0843125,0.028999999999999998,0.8868125,16.0,168.63844299316406,171.7769775390625,167.6186981201172,167.3414764404297,39.34665941266624,-0.825529789859246,-1.3016991409318124
2024-05-02,171.3116455078125,171.69777183075684,169.19289835753364,170.79680537480178,94214900,0.022031834330612,168.1280830383301,170.69602447509766,181.55886840820312,0.6872962962962963,0.09162962962962963,0.026296296296296293,0.882074074074074,27.0,167.6186981201172,168.63844299316406,171.7769775390625,168.20281982421875,43.96428203346115,-0.49923807309656354,-1.1412069273647627
2024-05-03,181.55886840820312,185.14291355827163,180.84601747897057,184.7963833456082,163224100,0.0598162656719289,168.81123046875,170.67642120361327,179.9054718017578,0.5200357142857143,0.1194642857142857,0.03789285714285714,0.8427142857142857,28.0,171.3116455078125,167.6186981201172,168.63844299316406,167.6186981201172,64.9930462758776,0.5795351907583495,-0.7970585037401403
2024-05-06,179.9054718017578,182.370734315354,178.62827413884693,180.53911545314372,78569700,-0.0091066694837949,169.46764755249023,170.6603823852539,180.5885772705078,0.7183125,0.120625,0.04475,0.83453125,32.0,181.55886840820312,171.3116455078125,167.6186981201172,171.7769775390625,68.12710350168598,1.2862286432273038,-0.38040107434665155
2024-05-07,180.5885772705078,183.0637497391675,179.5193160584302,181.62815272879564,77305800,0.0037970244145921,170.09782485961915,170.68493560791015,180.92523193359372,0.5561142857142857,0.086,0.030828571428571427,0.8832571428571429,35.0,179.9054718017578,181.55886840820312,171.3116455078125,168.63844299316406,71.60868543602021,1.8797407172473584,0.07162728397215046
2024-05-08,180.92523193359372,181.25195654794928,179.6480343404535,181.03414013837892,45057100,0.001864207959187,170.8383987426758,170.68711334228516,182.7370147705078,0.6061818181818182,0.09513636363636363,0.03945454545454546,0.8655909090909091,22.0,180.5885772705078,179.9054718017578,181.55886840820312,167.6186981201172,74.00623828789253,2.3501771504466262,0.5273372572670456
2024-05-09,182.7370147705078,182.8261173412062,180.30143875398937,180.74696671473316,48983000,0.0100139865377044,171.31016464233397,170.7494873046875,181.4779815673828,0.9093333333333333,0.14457142857142857,0.03528571428571429,0.82,21.0,180.92523193359372,180.5885772705078,179.9054718017578,171.3116455078125,80.1170148222886,2.8364997429298455,0.9891697543996056
2024-05-10,181.4779815673828,183.5004555242596,180.56588428269347,183.31208481142477,50759500,-0.0068898641290937,171.64422836303712,170.79994750976562,184.6802215576172,0.52252,0.10524000000000001,0.03832,0.8564,25.0,182.7370147705078,180.92523193359372,180.5885772705078,181.55886840820312,76.51503660843024,3.0847612365870134,1.4082880508370872
2024-05-13,184.6802215576172,185.4931866387208,183.0344740478803,183.84743912898392,72044800,0.0176453361591162,172.32948837280273,170.93603576660155,185.82032775878903,0.5724210526315789,0.10994736842105263,0.044421052631578944,0.8457368421052631,19.0,181.4779815673828,182.7370147705078,180.92523193359372,179.9054718017578,77.97003604860876,3.499563474581123,1.8265431355858945
2024-05-14,185.82032775878903,186.6828664107388,184.6901187820661,185.8996425272296,52393600,0.0061734071551142,173.23560943603516,171.18522094726563,188.09066772460935,0.7417307692307692,0.13084615384615386,0.03930769230769231,0.8297692307692308,26.0,184.6802215576172,181.4779815673828,182.7370147705078,180.5885772705078,77.34487193614056,3.8756185605722067,2.236358220583157
2024-05-15,188.09066772460935,189.0126735344407,185.76084369802737,186.2962145979737,70400000,0.0122179311230545,174.32356185913085,171.57842315673827,188.20962524414065,0.7638695652173912,0.0942608695652174,0.027521739130434784,0.8782608695652173,23.0,185.82032775878903,184.6802215576172,181.4779815673828,180.92523193359372,78.2517826301077,4.307191761279427,2.6505249287224113
2024-05-16,188.20962524414065,189.458813878606,188.03117836935675,188.8342195613733,52845200,0.0006324477496428,175.46498641967773,171.99380584716798,188.2393798828125,0.7954210526315789,0.11710526315789474,0.027947368421052634,0.8551052631578947,19.0,188.09066772460935,185.82032775878903,184.6802215576172,182.7370147705078,79.64229276708438,4.60572359517181,3.0415646620122914
2024-05-17,188.2393798828125,189.1713095252472,187.55530322495105,187.8824709799172,41282900,0.0001580930764475,176.70888442993163,172.41216033935547,189.3993225097656,0.7566363636363637,0.09427272727272727,0.02290909090909091,0.8829090909090909,11.0,188.20962524414065,188.09066772460935,185.82032775878903,181.4779815673828,76.89599192681482,4.789502768455378,3.391152283300909
2024-05-20,189.3993225097656,190.27176982167657,187.38675756521695,187.7040166341828,44361300,0.0061620614542783,177.96919860839844,172.81945709228515,190.69810485839844,0.7651333333333333,0.09406666666666667,0.021066666666666668,0.8847333333333333,15.0,188.2393798828125,188.20962524414065,188.09066772460935,184.6802215576172,86.26325505081869,4.9714391078680364,3.7072096482143344
2024-05-21,190.69810485839844,191.07483113273048,189.2803778274553,189.44891605266244,42309400,0.006857375894604,179.2419776916504,173.21273071289062,189.2605133056641,0.6083181818181818,0.1190909090909091,0.044954545454545455,0.836,22.0,189.3993225097656,188.2393798828125,188.20962524414065,185.82032775878903,89.92387568825986,5.160933816325979,3.997954481836664
2024-05-22,189.2605133056641,191.16403734183464,188.63593413629764,190.6187578068766,34648500,-0.0075385728337564,180.3379295349121,173.56774780273437,185.27505493164065,0.79025,0.12508333333333332,0.06983333333333333,0.80525,12.0,190.69810485839844,189.3993225097656,188.2393798828125,188.09066772460935,83.67655083445807,5.135904602890264,4.225544506047385
2024-05-23,185.27505493164065,189.35966699130785,185.0272019643745,189.33983451815809,51005900,-0.021058055398945,181.1915412902832,173.88463836669922,188.34841918945312,0.6769047619047619,0.11690476190476191,0.0339047619047619,0.8492380952380952,21.0,189.2605133056641,190.69810485839844,189.3993225097656,188.20962524414065,59.114043044940104,4.7398376895596925,4.328403142749846
2024-05-24,188.34841918945312,188.9432723510632,186.4250777783575,187.19839293954828,36327000,0.016588116834975,182.22802734375,174.2259683227539,188.35836791992188,0.6453333333333333,0.11699999999999999,0.0262,0.8567333333333333,15.0,185.27505493164065,189.2605133056641,190.69810485839844,188.2393798828125,69.3582413614797,4.620682268746577,4.386858967949193
2024-05-28,188.35836791992188,191.3425125399711,187.4760118609873,189.86530324069457,52280100,5.282088648028704e-05,183.05709686279295,174.57502166748046,188.65577697753903,0.83435,0.11975,0.022,0.85825,20.0,188.34841918945312,185.27505493164065,189.2605133056641,189.3993225097656,68.38224304800966,4.475463165198249,4.404579807399005
2024-05-29,188.65577697753903,190.59895109353056,187.8824768517226,187.9816240997488,53068000,0.001578953252258,184.0579635620117,174.90824127197266,189.6471710205078,0.8170999999999999,0.11555,0.023049999999999998,0.8615,20.0,188.35836791992188,188.34841918945312,185.27505493164065,190.69810485839844,68.32341986729486,4.3344100241062335,4.390545850740451
2024-05-30,189.6471710205078,190.52952698465035,188.99285067972127,189.12172393667825,49889100,0.005255042060476,185.15938720703124,175.21455718994142,190.5989532470703,0.45876190476190476,0.0919047619047619,0.037142857142857144,0.870904761904762,21.0,188.65577697753903,188.35836791992188,188.34841918945312,189.2605133056641,67.04164527981533,4.253588882528987,4.363154457098158
2024-05-31,190.5989532470703,190.9162123421418,188.2790528434088,189.7959119633218,75158300,0.0050186998384467,186.1237525939941,175.48862365722655,192.3636474609375,0.6712142857142858,0.08750000000000001,0.05864285714285714,0.854,14.0,189.6471710205078,188.65577697753903,188.35836791992188,185.27505493164065,72.84003356356068,4.217719175634102,4.334067400805347
2024-06-03,192.3636474609375,193.3154095298356,190.8666209557148,191.24334718637152,50080500,0.0092586773631417,186.66399154663085,175.9425341796875,192.680908203125,0.6618888888888889,0.10011111111111111,0.026777777777777775,0.873,9.0,190.5989532470703,189.6471710205078,188.65577697753903,188.34841918945312,70.73292647677654,4.282324280732809,4.32371877679084
2024-06-04,192.680908203125,193.64257895328527,191.37223723797064,192.9684109970025,47471400,0.0016492759748274,187.3027633666992,176.38477020263673,194.18785095214844,0.7945384615384616,0.11253846153846155,0.026615384615384614,0.8607692307692307,13.0,192.3636474609375,190.5989532470703,189.6471710205078,188.35836791992188,69.37285908180203,4.3094479489962225,4.320864611231917
2024-06-05,194.18785095214844,195.20900403542356,193.19643901671665,193.72188613227584,54156800,0.0078209240504243,187.98272705078125,176.88546112060547,192.809814453125,0.9433888888888888,0.16,0.02333333333333333,0.8167777777777778,18.0,192.680908203125,192.3636474609375,190.5989532470703,188.65577697753903,67.99292143786681,4.401800125489444,4.337051714083422
2024-06-06,192.809814453125,194.81247106318253,192.50247913295604,194.0094297097739,41181800,-0.0070964094420253,188.57695617675785,177.38116485595702,195.1990966796875,0.7058,0.10056000000000001,0.0264,0.873,25.0,194.18785095214844,192.680908203125,192.3636474609375,189.6471710205078,62.63624246590268,4.314064017401165,4.332454174746971
2024-06-07,195.1990966796875,195.24867030234284,192.4727138388465,192.97832848334124,53103900,0.0123919118606037,189.2000602722168,177.853369140625,191.46148681640625,0.6128181818181818,0.09727272727272727,0.029136363636363637,0.8736363636363635,22.0,192.809814453125,194.18785095214844,192.680908203125,190.5989532470703,66.92382586394214,4.386759791047524,4.343315298007082
2024-06-10,191.46148681640625,195.6055969774052,190.4998159349584,195.20902308787944,97010200,-0.0191476801217707,189.699235534668,178.28705810546876,205.37098693847656,0.6327083333333333,0.08900000000000001,0.034624999999999996,0.8762916666666666,24.0,195.1990966796875,192.809814453125,194.18785095214844,192.3636474609375,54.455928687204725,4.095566692519526,4.293765576909571
2024-06-11,205.37098693847656,205.38091074009856,191.96710777388117,191.9869251216324,172373300,0.0726490760797664,190.73377380371093,179.02764892578125,211.24012756347656,0.7113142857142858,0.12574285714285713,0.028771428571428576,0.8455142857142857,35.0,191.46148681640625,195.1990966796875,192.809814453125,192.680908203125,70.52135573832769,4.930340580134043,4.421080577554466
2024-06-12,211.24012756347656,218.3088836808645,205.1231032111954,205.5890679852297,198134300,0.0285782364514721,192.0047637939453,179.90918640136718,212.4000701904297,0.7535641025641026,0.14205128205128206,0.027153846153846153,0.8306410256410257,39.0,205.37098693847656,191.46148681640625,195.1990966796875,194.18785095214844,77.35019496034717,5.996373042451637,4.7361390705339
2024-06-13,212.4000701904297,214.88850837078888,209.7827436347603,212.8957760920924,97862700,0.0054911092903244,193.22023391723636,180.79788360595705,210.6651153564453,0.6874210526315789,0.11623684210526315,0.025894736842105262,0.8579473684210526,38.0,211.24012756347656,205.37098693847656,191.46148681640625,192.809814453125,86.30580312010989,6.855779961318319,5.160067248690784
2024-06-14,210.6651153564453,213.32209192759063,209.48533280144244,212.01343611534224,70122700,-0.0081683345604777,194.3430084228516,181.66831634521483,214.80923461914065,0.6758823529411765,0.1141764705882353,0.03929411764705882,0.8465882352941176,17.0,212.4000701904297,211.24012756347656,205.37098693847656,195.1990966796875,80.98000863387742,7.312574968416584,5.590568792635944
2024-06-17,214.80923461914065,217.0696527520261,210.89316027395952,211.5375720180444,93728300,0.019671597054327,195.671501159668,182.6065826416016,212.4496612548828,0.5682083333333333,0.09358333333333334,0.04095833333333333,0.8654166666666666,24.0,210.6651153564453,212.4000701904297,211.24012756347656,191.46148681640625,82.93836070906582,7.917713619225253,6.055997757953806
2024-06-18,212.4496612548828,216.75240063817128,211.1707464886947,215.72132373307372,79943300,-0.010984506175637,196.82401809692385,183.52003326416016,207.87924194335935,0.6338108108108108,0.10891891891891893,0.03397297297297298,0.857081081081081,37.0,214.80923461914065,210.6651153564453,212.4000701904297,205.37098693847656,78.18230056763795,8.113366668502323,6.467471540063509
2024-06-20,207.87924194335935,212.4000929584359,207.05638337080816,212.0927425591543,86172500,-0.021512951748321,197.68307495117188,184.31791748046876,205.70806884765625,0.823875,0.12345833333333334,0.029916666666666664,0.8467083333333334,24.0,212.4496612548828,214.80923461914065,210.6651153564453,211.24012756347656,69.90693767333181,7.809604221649153,6.735898076380638
2024-06-21,205.70806884765625,210.0702753319445,205.33132746963065,208.5831574221536,241805100,-0.0104443958685144,198.50545272827148,185.10980377197265,206.35247802734372,0.8318965517241379,0.11624137931034483,0.020689655172413793,0.8629310344827585,29.0,207.87924194335935,212.4496612548828,214.80923461914065,212.4000701904297,66.06920238453421,7.309416368512672,6.850601734807046
2024-06-24,206.35247802734372,210.87331399723783,204.8157865138524,205.93608683303725,80727000,0.0031326392945953,199.55932388305663,185.77081939697263,207.27452087402344,0.50825,0.08099999999999999,0.046964285714285715,0.8719642857142856,28.0,205.70806884765625,207.87924194335935,212.4496612548828,210.6651153564453,65.24091286014568,6.885638966645644,6.857609181174766
2024-06-25,207.27452087402344,209.56468024841507,206.8184646829133,207.3538205241976,55549700,0.0044682906427588,200.5056289672852,186.42037567138672,211.41860961914065,0.7363157894736843,0.09268421052631579,0.02431578947368421,0.8829473684210526,19.0,206.35247802734372,205.70806884765625,207.87924194335935,214.80923461914065,65.69301961088027,6.548704090084385,6.79582816295669
2024-06-26,211.41860961914065,213.0147835489249,208.83102368645305,209.68363861405976,66213200,0.0199932376041329,201.65864105224608,187.22924743652345,212.26129150390625,0.6001176470588235,0.09494117647058824,0.030294117647058826,0.8748823529411764,17.0,207.27452087402344,206.35247802734372,205.70806884765625,212.4496612548828,67.53435101465342,6.540677245208627,6.744797979407078
2024-06-27,212.26129150390625,213.8872063968936,210.52632069800987,212.8462208878068,49772700,0.0039858453628263,202.83891677856445,188.12051513671875,208.8111724853516,0.5833200000000001,0.1118,0.05024,0.83788,25.0,211.41860961914065,207.27452087402344,206.35247802734372,207.87924194335935,70.01224497485069,6.527073260740764,6.701253035673816
2024-06-28,208.8111724853516,214.21437951883613,208.4939285392998,213.9169529190877,82542700,-0.0162541130043543,203.79711685180663,188.9701062011719,214.88853454589844,0.5676315789473684,0.12647368421052632,0.03442105263157895,0.8391052631578947,19.0,212.26129150390625,211.41860961914065,207.27452087402344,205.70806884765625,63.705333809801395,6.166809097518069,6.594364248042667
2024-07-01,214.88853454589844,215.6420021622164,210.10001313722785,210.26855134899324,60402900,0.0291045828066178,205.01159591674804,189.9602542114258,218.3782958984375,0.6446153846153847,0.13784615384615384,0.03746153846153846,0.824923076923077,13.0,208.8111724853516,212.26129150390625,211.41860961914065,206.35247802734372,72.52621234382707,6.299077634324306,6.535306925298995
2024-07-02,218.3782958984375,218.48735180877676,213.2526983679821,214.293668724795,58046200,0.0162398676128237,206.31232833862305,191.06059173583984,219.6472930908203,0.5314444444444445,0.11194444444444446,0.04505555555555555,0.8430555555555556,18.0,214.88853454589844,208.8111724853516,212.26129150390625,207.27452087402344,65.64138433665215,6.609307990322947,6.550107138303786
2024-07-03,219.6472930908203,219.6472930908203,217.1489310533617,218.1106017348668,37369800,0.0058110041895966,207.6606475830078,192.16967681884765,224.39617919921875,0.7046666666666667,0.12595833333333334,0.01991666666666667,0.8540416666666667,24.0,218.3782958984375,214.88853454589844,208.8111724853516,211.41860961914065,61.36728810999638,6.8782767576307435,6.615741062169178
2024-07-05,224.39617919921875,224.50523511983303,219.74645469045157,219.74645469045157,60412400,0.0216205082319629,209.1710639953613,193.35274993896485,225.86349487304688,0.6798,0.10740000000000001,0.03375,0.8587999999999999,20.0,219.6472930908203,218.3782958984375,214.88853454589844,212.26129150390625,64.78497222141775,7.389450874480559,6.770483024631455
2024-07-08,225.86349487304688,225.89323602358715,221.3327346559492,225.1397532025748,59085900,0.006538951238227,210.82374801635743,194.5231903076172,226.71609497070312,0.6157333333333334,0.07713333333333333,0.030333333333333334,0.8926,15.0,224.39617919921875,219.6472930908203,218.3782958984375,208.8111724853516,68.85610619261287,7.822783972779604,6.980943214261085
2024-07-09,226.71609497070312,227.42991284004063,224.4259356098064,225.9725359507888,48076100,0.0037748468300975,212.3995979309082,195.69345581054688,230.97915649414065,0.862,0.12496428571428572,0.024321428571428574,0.8506785714285714,28.0,225.86349487304688,224.39617919921875,219.6472930908203,214.88853454589844,66.08625203570469,8.14115510917702,7.212985593244273
2024-07-10,230.97915649414065,231.0783037422216,227.28119408246096,227.3307677065015,62627700,0.0188035239579633,214.37548141479493,196.96066497802732,225.61561584472656,0.7006,0.12336,0.02152,0.8552,25.0,226.71609497070312,225.86349487304688,224.39617919921875,218.3782958984375,73.80892534968872,8.637887772222115,7.4979660290398416
2024-07-11,225.61561584472656,230.39421338925845,223.83107137940016,229.40280147827104,64710600,-0.0232208859484259,215.38771286010743,198.03743774414065,228.56007385253903,0.7343599999999999,0.1114,0.02836,0.86028,25.0,230.97915649414065,226.71609497070312,225.86349487304688,219.6472930908203,72.33460470567896,8.500767524543846,7.698526328140643
2024-07-12,228.56007385253903,230.6420447213184,226.716047266054,226.95399154834823,53046500,0.0130507722029264,216.25371017456052,199.23587036132807,232.3869781494141,0.5580526315789474,0.11836842105263158,0.020263157894736844,0.8613157894736844,19.0,225.61561584472656,230.97915649414065,226.71609497070312,224.39617919921875,78.22676190501319,8.531347826563916,7.865090627825298
2024-07-15,232.3869781494141,235.19267606238645,231.0882307861392,234.44911702590872,62631300,0.0167435380658129,217.25305557250977,200.5312359619141,232.8033905029297,0.772,0.1076,0.0187,0.8737,20.0,228.56007385253903,225.61561584472656,230.97915649414065,225.86349487304688,79.81380579788856,8.763363530443627,8.044745208348964
2024-07-16,232.8033905029297,234.24093498483407,230.33476899241612,232.9818374149499,43234300,0.0017918919417587,218.359969329834,201.7610708618164,226.9143829345703,0.729923076923077,0.12446153846153847,0.02053846153846154,0.8550769230769231,13.0,232.3869781494141,228.56007385253903,225.61561584472656,226.71609497070312,79.57729846083349,8.878492904641803,8.211494747607532
2024-07-17,226.9143829345703,229.47222770464356,224.6936146131452,227.4794799069808,57345900,-0.0252960558505493,218.96522674560543,202.66818115234372,222.25474548339844,0.7275909090909092,0.12790909090909092,0.027363636363636364,0.8446818181818181,22.0,232.8033905029297,232.3869781494141,228.56007385253903,230.97915649414065,67.25544655664521,8.397736193450555,8.248743036776137
2024-07-18,222.25474548339844,228.46099458072425,220.36115997030524,228.30236502251043,66034600,-0.0205347822862135,219.45548095703128,203.51516662597655,222.3835906982422,0.8220000000000001,0.13466666666666666,0.025666666666666667,0.8397083333333333,24.0,226.9143829345703,232.8033905029297,232.3869781494141,225.61561584472656,60.25641547651002,7.553665284663651,8.10972748635364
2024-07-19,222.3835906982422,224.8522116623324,221.3624376981624,222.88922042587492,49151500,0.0005797186222662,220.1806983947754,204.35106689453124,222.03659057617188,0.9058235294117648,0.1455294117647059,0.018,0.8367058823529412,17.0,222.25474548339844,226.9143829345703,232.8033905029297,228.56007385253903,64.94865424096605,6.816552763183779,7.851092541719668
2024-07-22,222.03659057617188,225.82377573784976,221.17405203421453,225.060384425736,48201800,-0.0015603674757692,220.9971244812012,205.1732940673828,223.0775909423828,0.67,0.09888888888888889,0.025,0.8762222222222222,9.0,222.3835906982422,222.25474548339844,226.9143829345703,232.3869781494141,59.01020896075863,6.1336805185180765,7.50761013707935
2024-07-23,223.0775909423828,224.9910238167192,220.76759935066607,222.44308791792704,39960300,0.0046884180823962,221.83338012695316,205.9801055908203,216.6631622314453,0.6910909090909091,0.1100909090909091,0.03431818181818182,0.8555454545454545,22.0,222.03659057617188,222.3835906982422,222.25474548339844,232.8033905029297,56.31325855429283,5.611809922782356,7.128450094219952
2024-07-24,216.6631622314453,222.86941075843336,215.26528287042115,222.07627816799848,61777600,-0.0287542495139919,222.3028121948242,206.68380920410155,215.62217712402344,0.797875,0.11996875,0.0281875,0.85171875,32.0,223.0775909423828,222.03659057617188,222.3835906982422,226.9143829345703,46.47791239300539,4.627292380261849,6.628218551428332
2024-07-25,215.62217712402344,218.95332167523745,212.77681471652627,217.0497975364767,51391200,-0.004804624361154,222.51299057006835,207.30264831542968,216.0881500244141,0.6067894736842105,0.11894736842105262,0.025631578947368422,0.8552631578947368,19.0,216.6631622314453,223.0775909423828,222.03659057617188,222.25474548339844,38.65094124004712,3.720172503560974,6.046609341854861
2024-07-26,216.0881500244141,217.6050090608147,214.15488466672127,216.8217851678197,41601300,0.002161062032699,222.7043334960937,207.9080047607422,216.36573791503903,0.5625789473684211,0.11978947368421052,0.058,0.8222105263157895,19.0,215.62217712402344,216.6631622314453,223.0775909423828,222.3835906982422,37.019463196853145,3.004242546592195,5.438135982802328
2024-07-29,216.36573791503903,217.41663210574904,213.8971168447476,215.0967318967012,36311800,0.0012846048734909,223.08206176757807,208.4735061645508,216.9209442138672,0.6736666666666666,0.09803703703703703,0.03370370370370371,0.8682962962962962,27.0,216.0881500244141,215.62217712402344,216.6631622314453,222.03659057617188,36.04277203406254,2.431236143699664,4.836756014981796
2024-07-30,216.9209442138672,218.437803332798,214.26395224147615,217.3075942808937,41643800,0.0025660546081751,223.18368225097657,209.0477325439453,220.1727600097656,0.6875555555555555,0.12188888888888888,0.03361111111111111,0.8445,18.0,216.36573791503903,216.0881500244141,215.62217712402344,223.0775909423828,28.936475109064858,1.998883069616852,4.269181425908807
2024-07-31,220.1727600097656,221.89782218872543,218.7352157578384,219.53825698895488,50036300,0.0149907875778578,223.27340545654295,209.6864001464844,216.48471069335935,0.9534,0.14146666666666666,0.02306666666666667,0.8354,15.0,216.9209442138672,216.36573791503903,216.0881500244141,216.6631622314453,41.29401100357457,1.896769720995536,3.794699084926153
2024-08-01,216.48471069335935,222.55214689360596,215.1562223313537,222.44309097566543,62501000,-0.0167507066552767,223.11527633666992,210.22810791015624,217.97183227539065,0.5683684210526315,0.09652631578947368,0.05805263157894737,0.8454736842105263,19.0,220.1727600097656,216.9209442138672,216.36573791503903,215.62217712402344,31.13392732409973,1.5009474115533123,3.335948750251585
2024-08-02,217.97183227539065,223.6625423233413,215.84030263063204,217.2679231335739,105568600,0.0068694069769097,222.7940589904785,210.7735824584961,207.4727935791016,0.5878518518518518,0.11911111111111111,0.03955555555555556,0.8411111111111111,27.0,216.48471069335935,220.1727600097656,216.9209442138672,216.0881500244141,25.701865072975863,1.2923561852115881,2.9272302372435854
2024-08-05,207.4727935791016,211.6664621054212,194.3167520967801,197.3802115476467,119548600,-0.048166951604207,221.8745239257813,211.13782806396483,205.45030212402344,0.36372727272727273,0.09803030303030302,0.06245454545454545,0.8396666666666667,33.0,217.97183227539065,216.48471069335935,220.1727600097656,216.36573791503903,18.134164422710043,0.27667215250244226,2.3971186202953567
2024-08-06,205.45030212402344,208.18660889381388,199.3432157724579,203.53688424769564,69660500,-0.0097482249127137,220.81123428344728,211.5413330078125,208.01806640625,0.52284375,0.09915625,0.04778125,0.853,32.0,207.4727935791016,217.97183227539065,216.48471069335935,216.9209442138672,20.088390722376445,-0.6835829994839457,1.7809782963394962
2024-08-07,208.01806640625,211.80525225793107,204.61751548926864,205.12313014700663,63516400,0.0124982258759418,219.66317977905277,211.93472595214843,211.4780731201172,0.7102,0.11,0.048066666666666674,0.8416,15.0,205.45030212402344,207.4727935791016,217.97183227539065,220.1727600097656,28.931912558681503,-1.2232936402132282,1.1801239090289513
2024-08-08,211.4780731201172,212.36042911915672,207.03655197769595,211.2797937627113,47161100,0.0166332029407001,218.9563026428223,212.39712005615235,214.38291931152344,0.45263636363636367,0.08531818181818182,0.041363636363636366,0.8732727272727273,22.0,208.01806640625,205.45030212402344,207.4727935791016,216.48471069335935,35.309850053194225,-1.3561912574537303,0.672860875732415
2024-08-09,214.38291931152344,214.9182750928265,210.1495861717322,210.2784745623819,42201600,0.0137359214056973,218.2474449157715,212.91166290283203,215.9114532470703,0.7211176470588235,0.13447058823529412,0.04894117647058824,0.816529411764706,17.0,211.4780731201172,208.01806640625,205.45030212402344,217.97183227539065,40.35486132556889,-1.213132529111732,0.2956621947635856
2024-08-12,215.9114532470703,217.8767166928247,213.9958208022464,214.46232494953352,38028100,0.0071299240651059,217.4236686706543,213.43694854736327,219.62364196777344,0.8346363636363635,0.09436363636363637,0.024909090909090912,0.8805454545454545,11.0,214.38291931152344,211.4780731201172,208.01806640625,207.4727935791016,41.07887080584977,-0.9652902766734712,0.04347170047617421
2024-08-13,219.62364196777344,220.23902400333972,217.38044783379533,217.38044783379533,44155300,0.0171931070115822,216.7646812438965,214.0174423217773,220.0702972412109,0.7811739130434782,0.10056521739130435,0.024434782608695655,0.8747391304347826,23.0,215.9114532470703,214.38291931152344,211.4780731201172,205.45030212402344,53.95135156271638,-0.4639824000156807,-0.058019119622196774
2024-08-14,220.0702972412109,221.3705477847693,218.06532277692483,218.92885985517657,41960600,0.0020337303827382,216.4224769592285,214.5715753173828,223.0479736328125,0.7359333333333333,0.11986666666666666,0.026766666666666668,0.8534,30.0,219.62364196777344,215.9114532470703,214.38291931152344,208.01806640625,56.03261242960858,-0.030301649767210392,-0.0524756256511995
2024-08-15,223.0479736328125,223.6732909687273,221.10255033510867,222.9288713384501,46414000,0.0135305692268767,216.4621383666992,215.17891662597657,224.3680725097656,0.923,0.10864285714285714,0.027785714285714285,0.8637857142857143,14.0,220.0702972412109,219.62364196777344,215.9114532470703,211.4780731201172,58.836977441750214,0.5473574724044283,0.06749099395992605
2024-08-16,224.3680725097656,225.1422676891868,221.98592068094567,222.2539159800548,44340200,0.0059184526783744,216.56136245727535,215.7825210571289,224.20925903320312,0.8994285714285715,0.116,0.028142857142857143,0.856,7.0,223.0479736328125,220.0702972412109,219.62364196777344,214.38291931152344,59.89861320776439,1.0990087466558975,0.2737945444991204
2024-08-19,224.20925903320312,224.30852103873067,221.38045847347976,224.0405257400108,40687800,-0.0007078256491043,216.66999588012692,216.4105099487305,224.8246307373047,0.6391176470588236,0.10747058823529411,0.050470588235294114,0.8421176470588234,17.0,224.3680725097656,223.0479736328125,220.0702972412109,215.9114532470703,59.10468017620474,1.5060209634330306,0.5202398282859024
2024-08-20,224.8246307373047,225.4797235950926,223.772520166148,224.09014645304697,30299000,0.0027446310948757,216.75734786987303,217.00302062988283,224.7154541015625,0.806875,0.084875,0.024,0.891375,8.0,224.20925903320312,224.3680725097656,223.0479736328125,219.62364196777344,56.220965325512836,1.8568320274638666,0.7875582681214953
2024-08-21,224.7154541015625,226.2836998547364,223.37550792716291,224.8345715346964,34765500,-0.0004856079842504,217.1599624633789,217.66809997558596,222.859375,0.6507222222222222,0.10761111111111112,0.02711111111111111,0.8652777777777777,18.0,224.8246307373047,224.20925903320312,224.3680725097656,220.0702972412109,62.172132516276626,2.10181427446625,1.0504094693904462
2024-08-22,222.859375,226.64102413052157,222.2340576918725,226.09511339685903,43695300,-0.0082596860504468,217.5218223571777,218.0178677368164,225.1521759033203,0.733,0.14616666666666667,0.028499999999999998,0.8253333333333334,6.0,224.7154541015625,224.8246307373047,224.20925903320312,223.0479736328125,57.14997468679933,2.1217363427969076,1.2646748440717386
2024-08-23,225.1521759033203,226.52191275369316,222.66085720360695,223.9809630537733,38677300,0.0102881061356305,217.97502365112305,218.29610870361327,225.4896545410156,0.6806,0.09713333333333334,0.027266666666666668,0.8755333333333333,15.0,222.859375,224.7154541015625,224.8246307373047,224.3680725097656,84.03480572034867,2.2960669659100574,1.4709532684394024
2024-08-26,225.4896545410156,225.58891654674125,222.22414052811973,225.0727813784282,30602200,0.0014988913002564,218.43121948242188,218.557900390625,226.33334350585935,0.7600714285714286,0.10792857142857142,0.019785714285714285,0.8722857142857142,14.0,225.1521759033203,222.859375,224.7154541015625,224.20925903320312,91.25447240537672,2.433406154935483,1.6634438457386187
2024-08-27,226.33334350585935,227.1472495725316,223.21670725505916,224.31844891527624,35934600,0.0037415861342333,218.90183944702147,218.8712649536133,224.8048095703125,0.624764705882353,0.10435294117647059,0.01388235294117647,0.8817058823529412,17.0,225.4896545410156,225.1521759033203,222.859375,224.8246307373047,90.58622480584516,2.580579782792711,1.8468710331494371
2024-08-28,224.8048095703125,228.149730282918,224.00082364270057,226.2241624042973,38052200,-0.0067534633292213,219.13344192504883,219.0711764526367,228.0802459716797,0.6826666666666666,0.1333888888888889,0.02227777777777778,0.8442777777777777,18.0,226.33334350585935,225.4896545410156,225.1521759033203,224.7154541015625,82.29636833600213,2.5445441085313405,1.9864056482258179
2024-08-29,228.0802459716797,231.1869621230462,227.1770283167567,228.3879521456165,51906300,0.0145701348989275,219.71321868896484,219.38378814697265,227.296142578125,0.6439285714285715,0.09564285714285714,0.027142857142857142,0.877,14.0,224.8048095703125,226.33334350585935,225.4896545410156,222.859375,82.60874935157986,2.7486017506460882,2.1388448687098722
2024-08-30,227.296142578125,228.6857199244299,225.787447784096,228.47729089511276,52990800,-0.0034378400032594,220.1794342041016,219.772126159668,221.11248779296875,0.7249285714285715,0.09792857142857143,0.029642857142857144,0.8724285714285714,14.0,228.0802459716797,224.8048095703125,226.33334350585935,225.1521759033203,78.09910103304011,2.814603316342499,2.273996558236398
2024-09-03,221.11248779296875,227.2961293418145,219.52438650802387,226.84948058831637,50190600,-0.0272052781671419,220.8614189147949,220.0802145385742,219.20675659179688,0.8472857142857143,0.09971428571428571,0.02642857142857143,0.8739999999999999,7.0,227.296142578125,228.0802459716797,224.8048095703125,225.4896545410156,53.275129984123325,2.340955690464341,2.2873883846819867
2024-09-04,219.20675659179688,220.1298295937355,215.86182100754212,220.01072730838987,43840200,-0.0086188311668594,221.5492416381836,220.3373001098633,220.72540283203125,0.7897777777777777,0.15666666666666668,0.026000000000000002,0.817,9.0,221.11248779296875,227.296142578125,228.0802459716797,226.33334350585935,48.2149875065212,1.7911625465578709,2.1881432170571635
2024-09-05,220.72540283203125,223.80232842315377,219.87180099289256,219.98098315180297,36615400,0.0069279171128031,222.18460845947263,220.60631774902345,219.177001953125,0.7936,0.09793333333333333,0.03306666666666667,0.8688666666666667,15.0,219.20675659179688,221.11248779296875,227.296142578125,224.8048095703125,44.890870618310295,1.4611463926149781,2.0427438521687264
2024-09-06,219.177001953125,223.56411324365837,218.13481142105056,222.2837029728863,48423000,-0.0070150551728047,222.56955490112304,220.76148559570316,219.26632690429688,0.5132777777777777,0.08827777777777777,0.0445,0.8671666666666666,18.0,220.72540283203125,219.20675659179688,221.11248779296875,228.0802459716797,38.69437779564928,1.0624163284721533,1.846678347429412
2024-09-09,219.26632690429688,219.6236489368284,215.09757995493325,219.17700018247805,67180000,0.0004075470983537,222.81372528076173,220.90158630371093,218.4722595214844,0.6798928571428571,0.08842857142857143,0.01978571428571429,0.8916428571428572,28.0,219.177001953125,220.72540283203125,219.20675659179688,227.296142578125,39.202115177438074,0.7450393076164801,1.6263505394668256
2024-09-10,218.4722595214844,219.83206111139577,215.1174037589381,217.29111136152255,51591000,-0.0036214743687437,222.94176559448243,221.0948080444336,221.0032958984375,0.6030588235294118,0.08455882352941177,0.031764705882352945,0.8835588235294117,34.0,219.26632690429688,219.177001953125,220.72540283203125,221.11248779296875,36.23068186253207,0.4245472144981477,1.38598987447309
2024-09-11,221.0032958984375,221.43008920211523,216.26878297144037,219.8122275598596,44587100,0.0115851613495314,223.01074829101563,221.2171032714844,221.11248779296875,0.6980625,0.08125,0.044875,0.8735625,16.0,218.4722595214844,219.26632690429688,219.177001953125,219.20675659179688,42.71811240830289,0.37051731161824364,1.1828953619021207
2024-09-12,221.11248779296875,221.8866830044339,218.1844402475294,220.84449248276732,37455600,0.0004940736023295,223.0628578186035,221.271787109375,220.84446716308597,0.8403684210526317,0.14726315789473685,0.024789473684210524,0.8278421052631578,19.0,221.0032958984375,218.4722595214844,219.26632690429688,220.72540283203125,46.32111838206844,0.33267423614370273,1.0128511367504371
2024-09-13,220.84446716308597,222.3730019797634,220.25886075018877,221.91643313573508,36766600,-0.001212146055422,222.9526824951172,221.2957305908203,214.71047973632807,0.535,0.084375,0.03425,0.8815,8.0,221.11248779296875,221.0032958984375,218.4722595214844,219.177001953125,40.082317711517035,0.27785338048332164,0.8658515854970141
2024-09-16,214.71047973632807,215.60377723416104,212.32832783334672,214.92882889414332,59357400,-0.0277751464890813,222.4698028564453,221.1020166015625,215.17697143554688,0.4711,0.09725,0.046,0.8566499999999999,20.0,220.84446716308597,221.11248779296875,221.0032958984375,219.26632690429688,30.411347722258682,-0.25758478697468945,0.6411643110026735
2024-09-17,215.17697143554688,215.28615358843467,212.904016801209,214.14471619981745,45519300,0.002172654542953,222.0181884765625,220.8882861328125,219.04795837402344,0.7582,0.0955,0.0273,0.8773500000000001,20.0,214.71047973632807,220.84446716308597,221.11248779296875,218.4722595214844,29.444070205901255,-0.6369391725158096,0.3855436142989769
2024-09-18,219.04795837402344,221.0529328037412,215.92138686335736,215.9313221513165,59894900,0.0179897826084798,221.72935485839844,220.7349234008789,227.1670837402344,0.6587368421052632,0.10452631578947369,0.048684210526315795,0.8467368421052632,19.0,215.17697143554688,214.71047973632807,220.84446716308597,221.0032958984375,40.23570077968221,-0.6180989020211882,0.18481511103494386
2024-09-19,227.1670837402344,228.11002736409569,222.9586412306041,223.31596324984213,66781300,0.0370655149058616,221.85193634033203,220.6586819458008,226.5020751953125,0.64885,0.08199999999999999,0.03225,0.88565,20.0,219.04795837402344,215.17697143554688,214.71047973632807,221.11248779296875,48.669742777666926,0.051385372189656664,0.1581291632658864
2024-09-20,226.5020751953125,231.3556905514529,225.92638886705737,228.2589097535001,318679900,-0.0029273983447457,222.0340713500977,220.6764111328125,224.7849578857422,0.6797619047619048,0.08676190476190476,0.03185714285714286,0.8811904761904762,21.0,227.1670837402344,219.04795837402344,215.17697143554688,220.84446716308597,48.83920748474731,0.5222753854700386,0.23095840770671686
2024-09-23,224.7849578857422,227.74278104335215,224.12986496132828,225.6484798300337,54146000,-0.0075810224170778,222.01571044921877,220.60090881347656,225.67825317382807,0.8442307692307692,0.10969230769230769,0.022692307692307692,0.8675384615384616,13.0,226.5020751953125,227.1670837402344,219.04795837402344,214.71047973632807,56.174888511344854,0.7482764323140714,0.33442201262818777
2024-09-24,225.67825317382807,227.64353192764617,224.050456167142,226.94872814757065,43556100,0.0039739994014189,222.02514038085937,220.46673431396485,224.6856689453125,0.5876666666666667,0.1071111111111111,0.04622222222222223,0.8466666666666667,9.0,224.7849578857422,226.5020751953125,227.1670837402344,215.17697143554688,61.26468922742169,0.9880754357876924,0.46515269726008873
2024-09-25,224.6856689453125,225.59882178569197,222.35316341740716,223.25638097071695,42308700,-0.0043982271865207,221.94275665283203,220.3043798828125,225.8271331787109,0.7841666666666667,0.10388888888888889,0.0385,0.8576111111111111,18.0,225.67825317382807,224.7849578857422,226.5020751953125,219.04795837402344,57.02208735158488,1.085511520726925,0.589224461953456
2024-09-26,225.8271331787109,226.7998372114188,223.73283210674717,225.60876888531143,36636700,0.0050802716468589,221.99387283325197,220.2826348876953,226.09510803222656,0.5579166666666667,0.10491666666666666,0.031083333333333334,0.864,12.0,224.6856689453125,225.67825317382807,224.7849578857422,227.1670837402344,61.964238751656005,1.2405368079364223,0.7194869311500494
2024-09-27,226.09510803222656,227.81224676693589,225.60876359989413,226.76013618443497,34026000,0.0011866370960107,221.8946159362793,220.35944213867188,231.266357421875,0.5362857142857143,0.1187142857142857,0.041928571428571426,0.8392142857142858,14.0,225.8271331787109,224.6856689453125,225.67825317382807,226.5020751953125,62.2071775959936,1.3692351060826127,0.8494365661365622
2024-09-30,231.266357421875,231.266357421875,227.9412771261621,228.3283747151782,54541900,0.0228720091940748,222.0931266784668,220.5370974731445,224.52688598632807,0.5077692307692308,0.0813076923076923,0.04853846153846154,0.8701538461538461,13.0,226.09510803222656,225.8271331787109,224.6856689453125,224.7849578857422,69.77600182647707,1.8669846060142845,1.0529461741121067
2024-10-01,224.52688598632807,227.9412778656533,222.07526286618744,227.81225543239975,63285000,-0.0291415989367306,222.26384658813475,220.58690338134767,225.09263610839844,0.4922916666666666,0.10229166666666667,0.05379166666666666,0.8438333333333333,24.0,231.266357421875,226.09510803222656,225.8271331787109,225.67825317382807,54.81944558072429,1.6980614546235415,1.1819692302143938
2024-10-02,225.09263610839844,225.6782425626932,221.360617941662,224.20925878310885,32880600,0.0025197433242127,222.55814056396488,220.627204284668,223.9908905029297,0.653875,0.1161875,0.029375,0.8544375,16.0,224.52688598632807,231.266357421875,226.09510803222656,224.6856689453125,55.37675834094981,1.5914941924213224,1.2638742226557795
2024-10-03,223.9908905029297,225.1224076763777,221.65838486968207,223.46483520314055,34044200,-0.0048946319369513,222.72141494750977,220.7737588500977,225.1125030517578,0.7595000000000001,0.12466666666666666,0.033749999999999995,0.8416666666666667,12.0,225.09263610839844,224.52688598632807,231.266357421875,225.8271331787109,54.15684927419831,1.4019760988930443,1.2914945979032324
2024-10-04,225.1125030517578,226.30357145139808,222.46237094034984,226.20430944090452,37245100,0.0050074025167261,223.0181900024414,220.96356536865235,220.04052734375,0.7874,0.15360000000000001,0.0174,0.8289,10.0,223.9908905029297,225.09263610839844,224.52688598632807,226.09510803222656,65.84038207994143,1.3269896922016926,1.2985936167629246
2024-10-07,220.04052734375,224.01076551273388,219.6832053027312,222.8296172342201,39505400,-0.0225308485279542,223.0569000244141,221.04261291503903,224.0901641845703,0.5635625,0.068625,0.050312499999999996,0.8808125,16.0,225.1125030517578,223.9908905029297,225.09263610839844,231.266357421875,56.49524418146856,0.8485152180331852,1.208577937016977
2024-10-08,224.0901641845703,224.298593199742,221.58890998571715,222.631100497344,31855700,0.0184040498798383,223.3377952575684,221.1971014404297,227.8321075439453,0.9031818181818182,0.11163636363636363,0.03127272727272727,0.8572727272727273,11.0,220.04052734375,225.1125030517578,223.9908905029297,224.52688598632807,56.70185054033245,0.787020318530324,1.1242664133196463
2024-10-09,227.8321075439453,228.04055170887608,223.1571606453159,223.554178398676,33591100,0.0166983828718736,223.67923583984376,221.4153247070313,227.3358154296875,0.5970666666666666,0.10406666666666667,0.027800000000000002,0.868,15.0,224.0901641845703,220.04052734375,225.1125030517578,225.09263610839844,51.000311686499344,1.0283742656103811,1.1050879837777932
2024-10-10,227.3358154296875,227.7923994519787,225.47973405841245,226.0851959438118,28183500,-0.0021783238526293,223.9904022216797,221.5585858154297,225.8569183349609,0.7905333333333334,0.13269999999999998,0.03116666666666667,0.8360666666666667,30.0,227.8321075439453,224.0901641845703,220.04052734375,223.9908905029297,51.26048830541835,1.1661596194148274,1.1173023109052
2024-10-11,225.8569183349609,227.70307961960657,225.6484741750507,227.5938974682738,31759200,-0.0065053414127963,224.24102478027345,221.74602996826167,229.5790100097656,0.38492307692307687,0.07738461538461539,0.025153846153846155,0.8973846153846154,13.0,227.3358154296875,227.8321075439453,224.0901641845703,225.1125030517578,51.632399263500965,1.1428468421105435,1.1224112171462688
2024-10-14,229.5790100097656,230.0058033150611,226.89910245149323,226.9983493120185,39882100,0.0164798656700193,224.9844512939453,221.9781735229492,232.11004638671875,0.7184545454545455,0.0910909090909091,0.018000000000000002,0.890909090909091,11.0,225.8569183349609,227.3358154296875,227.8321075439453,220.04052734375,55.46896058942579,1.4084769440120226,1.1796243625194196
2024-10-15,232.11004638671875,235.7229623804217,230.6410474142004,231.87182665313995,64751400,0.0110246854747106,225.83110504150392,222.47091857910155,230.055419921875,0.9492666666666667,0.11779999999999999,0.024533333333333334,0.8578,15.0,229.5790100097656,225.8569183349609,227.3358154296875,224.0901641845703,59.9786957745115,1.8024467126774084,1.3041888325510174
2024-10-16,230.055419921875,230.39288648800357,228.1298522341637,229.87676649695567,34082200,-0.0088519497403423,226.3814781188965,222.96302093505855,230.4226837158203,0.7970344827586208,0.11013793103448276,0.03265517241379311,0.8572068965517241,29.0,232.11004638671875,229.5790100097656,225.8569183349609,227.8321075439453,55.5468503226163,1.926669956314555,1.4286850573037249
2024-10-17,230.4226837158203,232.11004699556463,228.8048220166126,231.69315867439417,32993800,0.0015964144381819,226.54425811767575,223.41111328125,233.25148010253903,0.8169032258064516,0.1032258064516129,0.03064516129032258,0.866,31.0,230.055419921875,232.11004638671875,229.5790100097656,227.3358154296875,55.662351269742494,2.031336903338598,1.5492154265106997
2024-10-18,233.25148010253903,234.4226930307779,232.26884075534687,234.4226930307779,46431500,0.0122765534239133,226.8817283630371,223.84658142089845,234.720458984375,0.9113076923076923,0.11334615384615385,0.022076923076923074,0.8646153846153847,26.0,230.4226837158203,230.055419921875,232.11004638671875,225.8569183349609,52.76701926238621,2.3158507541830318,1.7025424920451662
2024-10-21,234.720458984375,235.0877162866724,232.7055644739604,232.7055644739604,36254500,0.0062978330563654,227.37850341796877,224.25333221435548,234.10508728027344,0.6547142857142857,0.11457142857142857,0.04221428571428571,0.8433571428571429,14.0,233.25148010253903,230.4226837158203,230.055419921875,229.5790100097656,66.65581287734788,2.629552505342218,1.8879444947045765
2024-10-22,234.10508728027344,234.4624093106695,230.86934872103876,232.14974382855843,38846600,-0.0026217216290571,227.79984512329105,224.61720489501957,229.04302978515625,0.39466666666666667,0.07133333333333335,0.03233333333333333,0.896,3.0,234.720458984375,233.25148010253903,230.4226837158203,232.11004638671875,64.70207537626398,2.796274339623011,2.0696104636882633
2024-10-23,229.04302978515625,233.39044533687328,226.0653512199268,232.33833466706656,52287000,-0.0216230136385581,228.0177131652832,224.8055926513672,228.8544464111328,0.04049999999999999,0.01825,0.08524999999999999,0.8965000000000001,4.0,234.10508728027344,234.720458984375,233.25148010253903,230.055419921875,57.29854746347275,2.4912196308066257,2.153932297111936
2024-10-24,228.8544464111328,229.10258628095696,226.71051430099084,228.26882480795348,31109500,-0.0008233534729275,228.1690788269043,224.98127563476564,229.68821716308597,0.53375,0.25725,0.01525,0.7275,4.0,229.04302978515625,234.10508728027344,234.720458984375,230.4226837158203,55.555545487002796,2.208782998554824,2.1649024374005137
2024-10-25,229.68821716308597,231.48474758840828,227.8619111618389,228.03064447383116,38802300,0.0036432359739049,228.34873428344727,225.1140805053711,231.66339111328125,0.4656666666666667,0.09233333333333332,0.008,0.8996666666666666,3.0,228.8544464111328,229.04302978515625,234.10508728027344,233.25148010253903,66.38570659247192,2.028841047532694,2.13769015942695
2024-10-28,231.66339111328125,232.98349712196287,230.81972458948547,231.58399967772365,36087100,0.0085993699397861,228.3685859680176,225.2599868774414,231.93136596679688,0.0,0.0,0.0,1.0,2.0,229.68821716308597,228.8544464111328,229.04302978515625,234.720458984375,63.837491670778974,2.022303924695791,2.1146129124807183
2024-10-29,231.93136596679688,232.5864588417728,230.5914197900792,231.36561495313973,35417200,0.00115674234167,228.73880996704105,225.41442901611327,228.387939453125,0.3233333333333333,0.16866666666666666,0.0,0.8313333333333333,3.0,231.66339111328125,229.68821716308597,228.8544464111328,234.10508728027344,58.579115611717306,2.015512960078979,2.0947929220003707
2024-10-30,228.387939453125,231.7328600109945,227.8420287171323,230.87925826342104,47070900,-0.0152779099062398,228.90357513427733,225.48569519042968,224.22911071777344,0.7909999999999999,0.22099999999999997,0.0125,0.7665,2.0,231.93136596679688,231.66339111328125,229.68821716308597,229.04302978515625,51.95285859618038,1.704557092578284,2.0167457561159536
2024-10-31,224.22911071777344,228.11994197442104,223.693120129287,227.63358238786927,64370100,-0.0182094936593845,228.91548614501957,225.4759683227539,221.25143432617188,0.6596,0.16099999999999998,0.011800000000000001,0.8272,5.0,228.387939453125,231.93136596679688,231.66339111328125,228.8544464111328,47.25199428761022,1.1097471309747107,1.8353460310877052
2024-11-01,221.25143432617188,223.67328184782377,218.6310779402587,219.3258665378009,65276700,-0.0132796155774324,228.72243270874023,225.44380950927732,220.3581085205078,0.2825,0.09675,0.0105,0.89275,4.0,224.22911071777344,228.387939453125,231.93136596679688,229.68821716308597,35.579239194655344,0.393545800690589,1.546985985008282
2024-11-04,220.3581085205078,221.13230364643437,218.07523400035527,219.34570882983752,44944500,-0.0040376045849588,228.73831176757807,225.3479281616211,221.7873992919922,-0.141,0.06433333333333334,0.09966666666666667,0.8363333333333333,3.0,221.25143432617188,224.22911071777344,228.387939453125,231.66339111328125,28.42561244732984,-0.24332790754155553,1.1889232064983148
2024-11-05,221.7873992919922,222.28367900181772,219.49458945583885,220.14968230766976,28111300,0.0064862181885689,228.62317352294923,225.2738830566406,221.06285095214844,0.42400000000000004,0.179,0.0052,0.8158,5.0,220.3581085205078,221.25143432617188,224.22911071777344,231.93136596679688,34.46475150907682,-0.625512570026217,0.8260360511934085
2024-11-06,221.06285095214844,224.387931303672,219.54423614319148,220.95366880237512,54561100,-0.0032668598042842,228.2847106933594,225.1684732055664,225.7874298095703,0.0756,0.11200000000000002,0.05620000000000001,0.8316000000000001,5.0,221.7873992919922,220.3581085205078,221.25143432617188,228.387939453125,32.64628299126042,-0.9756153774872018,0.4657057654572865
2024-11-07,225.7874298095703,226.18446269494837,222.899093187882,222.95864433437472,42137700,0.0213721067880581,228.20729141235356,225.1881256103516,225.51914978027344,0.14400000000000002,0.279,0.0545,0.6665000000000001,2.0,221.06285095214844,221.7873992919922,220.3581085205078,224.22911071777344,37.07012672842737,-0.8619048433960756,0.20018364368661407
2024-11-08,225.51914978027344,227.20835428792037,224.9726384261151,225.72780810336752,38328800,-0.0011881973656511,228.19040298461917,225.13690368652345,222.8064727783203,0.211,0.1185,0.0,0.8815,2.0,225.7874298095703,221.06285095214844,221.7873992919922,221.25143432617188,33.368856234296686,-0.7843943720902473,0.0032680405312417726
2024-11-11,222.8064727783203,224.26714170400084,220.0938084143074,223.57158868270503,42005600,-0.0120285882799581,227.85177612304688,225.0471102905273,222.8064727783203,0.426,0.226,0.0,0.774,3.0,225.51914978027344,225.7874298095703,221.06285095214844,220.3581085205078,31.017235757017673,-0.9311237138487343,-0.18361031034475345
2024-11-12,222.8064727783203,224.15783943194583,221.9420008205612,223.12444853772337,40398300,0.0,227.38659744262696,225.0809899902344,223.69081115722656,-0.201,0.0,0.1065,0.8935,2.0,222.8064727783203,225.51914978027344,225.7874298095703,221.7873992919922,37.37443755996632,-1.035471503387754,-0.35398254895335357
2024-11-13,223.69081115722656,225.21109667354563,221.3457931121334,222.5878574334345,48566200,0.0039690874680562,227.06836700439453,225.17067108154296,226.77114868164065,0.3245,0.0905,0.0,0.9095,2.0,222.8064727783203,222.8064727783203,225.51914978027344,221.06285095214844,39.83291812230879,-1.034879712790314,-0.49016198172074565
2024-11-14,226.77114868164065,227.4170160979644,223.571589608512,223.59146688403663,44923900,0.0137705143473638,226.88579025268555,225.2915859985352,223.57159423828125,0.17,0.069,0.0,0.931,2.0,223.69081115722656,222.8064727783203,222.8064727783203,225.7874298095703,44.723190601977976,-0.7768976274653596,-0.5475091108696685
2024-11-15,223.57159423828125,225.47940335635096,222.8462328667566,224.96270031544069,47923700,-0.01410917774135,226.40179595947265,225.3794778442383,226.5724334716797,0.5445,0.2185,0.0,0.7815000000000001,2.0,226.77114868164065,223.69081115722656,222.8064727783203,225.51914978027344,35.983297439427076,-0.8211564891173282,-0.6022385865192005
2024-11-19,226.83074951171875,228.69881907074452,225.221039030722,225.53899960732684,36211800,0.0011401035690044,225.63067779541012,225.69276977539064,227.54620361328125,0.527,0.12,0.0,0.88,1.0,226.5724334716797,223.57159423828125,226.77114868164065,222.8064727783203,47.25000458099029,-0.41185129759742267,-0.5649375372930726
2024-11-20,227.54620361328125,228.4702922716314,224.45594670445817,226.61216873586116,35169600,0.0031541318939456,225.5558364868164,225.8236279296875,227.0692596435547,0.0,0.0,0.0,1.0,2.0,226.83074951171875,226.5724334716797,223.57159423828125,223.69081115722656,56.66907387216694,-0.19711888535505295,-0.49137380690546867
2024-11-22,228.41065979003903,229.25526960886552,226.6121530455377,226.6121530455377,38168300,0.0059074493332564,225.4026992797852,226.09408721923828,231.39161682128903,0.3185,0.1295,0.0,0.8705,2.0,227.0692596435547,227.54620361328125,226.83074951171875,223.57159423828125,67.64628778323626,0.14682304919705302,-0.29546369598356753
2024-11-25,231.39161682128903,231.7692092379923,228.2814979784893,229.99057974831032,90152800,0.0130508665138053,225.38911056518555,226.4277099609375,233.56771850585935,0.0,0.0,0.0,1.0,1.0,228.41065979003903,227.0692596435547,227.54620361328125,226.5724334716797,69.70643633421741,0.5486558305208007,-0.1266397906826939
2024-11-26,233.56771850585935,234.07449047305911,231.84870566104107,231.84870566104107,45986200,0.0094044102135772,225.47092819213867,226.79552490234371,233.43853759765625,0.0,0.0,0.0,1.0,4.0,231.39161682128903,228.41065979003903,227.0692596435547,226.83074951171875,74.21567555588379,1.03082175277126,0.10485251800809688
2024-11-27,233.43853759765625,234.1937224347506,232.32565277909848,232.9814664022851,33498400,-0.0005530768936284,225.72345809936525,227.0833364868164,235.82330322265625,0.0,0.0,0.0,1.0,1.0,233.56771850585935,231.39161682128903,228.41065979003903,227.54620361328125,68.0243371309476,1.3865347903157215,0.36118897246962184
