Price,Close,High,Low,Open,Volume
Ticker,AAPL,AAPL,AAPL,AAPL,AAPL
Date,,,,,
2016-01-04,23.709102630615234,23.71360460836271,22.9551827560473,23.09246388832103,270597600
2016-01-05,23.114967346191406,23.821626717292084,23.04745313673035,23.799121980805065,223164000
2016-01-06,22.662614822387695,23.038450962466055,22.475823963727517,22.631107847818445,273829600
2016-01-07,21.706153869628906,22.534341069129724,21.70165360809434,22.208018022318978,324377600
2016-01-08,21.820926666259766,22.30478625858172,21.775917190369956,22.178758352489098,283192000
2016-01-11,22.17426300048828,22.293539692538094,21.906451903016617,22.27328593743618,198957600
2016-01-12,22.496076583862305,22.660364414739302,22.244019082941826,22.6288574417494,196616800
2016-01-13,21.917699813842773,22.772893639718973,21.897446063656986,22.577098802915323,249758400
2016-01-14,22.397058486938477,22.613108800881438,21.54636659991894,22.045979731534,252680400
2016-01-15,21.85918426513672,21.989714145273158,21.46084509223923,21.649886945952915,319335600
2016-01-19,21.753414154052734,22.20126482709412,21.492354365866788,22.147253108401078,212350800
2016-01-20,21.78266716003418,22.097738623752576,21.024245345147918,21.402330758209725,289337600
2016-01-21,21.672395706176758,22.027974714138363,21.36632643874029,21.84343310144887,208646000
2016-01-22,22.82465171813965,22.83365395617753,22.138247808514276,22.196759780258493,263202000
2016-01-25,22.379051208496094,22.849406537567848,22.32728877108087,22.847155548897288,207178000
2016-01-26,22.502830505371094,22.703125593310077,22.07073335276125,22.48932800591499,300308000
2016-01-27,21.02424430847168,21.74665713553977,21.006239833260953,21.6138779941135,533478800
2016-01-28,21.175029754638672,21.271801671005875,20.79244406686214,21.107515542267087,222715200
2016-01-29,21.90644645690918,21.90644645690918,21.233544971670028,21.33256788400009,257666000
2016-02-01,21.701658248901367,21.76467222587098,21.46985609776224,21.710660490897325,163774000
2016-02-02,21.262813568115234,21.61389248509814,21.21780234991075,21.47436028416786,149428800
2016-02-03,21.68364143371582,21.79391583070109,21.172776939232083,21.379823236388418,183857200
2016-02-04,21.857877731323242,22.023057072641603,21.53883506702146,21.69043691265648,185886800
2016-02-05,21.274093627929688,21.93028280241884,21.19942517660604,21.839773653124055,185672400
2016-02-08,21.49810218811035,21.654228686840714,21.052346092950472,21.072709743355976,216085600
2016-02-09,21.49357032775879,21.70852969885396,21.253722632367094,21.33518066595632,177324800
2016-02-10,21.33066177368164,21.801307972120107,21.292195946026556,21.7040109380806,169374400
2016-02-11,21.201684951782227,21.432483350272403,20.950522902652605,21.22205032873997,200298800
2016-02-12,21.267305374145508,21.38270458064832,21.045559774862276,21.312560811165437,161405600
2016-02-16,21.866926193237305,21.91444310662527,21.40759430416859,21.50036492754937,196231600
2016-02-17,22.201814651489258,22.222178307800206,21.756058427060474,21.87371913604531,179452800
2016-02-18,21.78093719482422,22.3760317691853,21.742469653434018,22.364717481779145,156084000
2016-02-19,21.73116111755371,21.894077218998742,21.676856325844767,21.722110031215855,141496800
2016-02-22,21.921232223510742,21.925758630555652,21.704011295953993,21.79225724382647,137123200
2016-02-23,21.425701141357422,21.835253002769754,21.394023192205015,21.812626142849286,127770400
2016-02-24,21.744739532470703,21.808095418234426,21.115703629076013,21.265043982363427,145022800
2016-02-25,21.89408302307129,21.89408302307129,21.55241176009324,21.733430082201536,110330800
2016-02-26,21.928016662597656,22.17917695216546,21.853346500833084,21.993634012407416,115964400
2016-02-29,21.878236770629883,22.226695802651435,21.869185684903833,21.916702590227032,140865200
2016-03-01,22.747119903564453,22.80142469069322,22.043413968591395,22.095457279065084,201628400
2016-03-02,22.796907424926758,22.828585371580473,22.545745329087584,22.742602620137337,132678400
2016-03-03,22.96660614013672,23.01412304913054,22.729019868849395,22.758436331310968,147822800
2016-03-04,23.30828094482422,23.475721753965253,22.937194975204367,23.163466992110056,184220400
2016-03-07,23.050323486328125,23.26754434474629,22.844415189284636,23.167984137268743,143315600
2016-03-08,22.860260009765625,23.02543933025596,22.717709270454677,22.803692009453894,126247600
2016-03-09,22.880624771118164,22.98470968172931,22.688292194185372,22.923615276300346,108806800
2016-03-10,22.891944885253906,23.134055930864985,22.661148133659346,22.946251424950535,134054400
2016-03-11,23.138574600219727,23.143099280521703,22.966607401333224,23.134048193599433,109632800
2016-03-14,23.19740867614746,23.285656359560917,23.02996785067511,23.059384320585814,100304400
2016-03-15,23.663522720336914,23.799285555257,23.498343424866768,23.52323347933923,160270800
2016-03-16,23.978038787841797,24.054970422113335,23.665782392387264,23.670308798119695,153214000
2016-03-17,23.9395751953125,24.09117700139507,23.74950584220155,23.87621759339676,137682800
2016-03-18,23.96673011779785,24.09796829371383,23.801552522522893,24.061763944639747,176820800
2016-03-21,23.964466094970703,24.3581788545761,23.790235704617366,23.968990774965118,142010800
2016-03-22,24.147743225097656,24.27671816992111,23.80607209093383,23.81512317625874,129777600
2016-03-23,24.014249801635742,24.22694606118785,23.962208201735915,24.093446392792263,102814000
2016-03-24,23.910165786743164,24.041403982801047,23.733673873715702,23.864912069773585,104532000
2016-03-28,23.801551818847656,24.02782381491597,23.772135354515047,23.984831583241125,77645600
2016-03-29,24.364967346191406,24.389857402577746,23.731405099423505,23.733668302636328,124760400
2016-03-30,24.79035758972168,24.984951630731874,24.573136695962944,24.584450985496314,182404400
2016-03-31,24.6613826751709,24.867291006090742,24.63649261920656,24.826561980541666,103553600
2016-04-01,24.887664794921875,24.889927999018354,24.48263757759776,24.613875794090944,103496000
2016-04-04,25.143346786499023,25.385457772131094,24.951014193778747,24.98495534110106,149424800
2016-04-05,24.84693145751953,25.055103040436407,24.758685502519864,24.77905088322981,106314800
2016-04-06,25.107145309448242,25.11167171697916,24.708906036341926,24.94196768726165,105616400
2016-04-07,24.559566497802734,24.98495729540314,24.46453265892157,24.87860916442339,127207600
2016-04-08,24.58671760559082,24.837877950218115,24.475843076973312,24.64328560848277,94326800
2016-04-11,24.668169021606445,25.02794234592997,24.625178521879334,24.656856459075357,117630000
2016-04-12,24.989477157592773,25.00305292350047,24.586713323361767,24.74057660716404,108929200
2016-04-13,25.351512908935547,25.419393467312176,25.070936136412072,25.070936136412072,133029200
2016-04-14,25.365089416503906,25.430708499941424,25.19086074596297,25.256479829400487,101895600
2016-04-15,24.855979919433594,25.410347378970744,24.828828383114317,25.367355144707314,187756000
2016-04-18,24.31970977783203,24.65232809193066,24.197522718516673,24.638752327446053,243286000
2016-04-19,24.190736770629883,24.437372385517694,24.03687176433501,24.41021912805927,129539600
2016-04-20,24.240516662597656,24.457737556836925,23.99840571238447,24.129643875461802,122444000
2016-04-21,23.978038787841797,24.19525965241305,23.87621537467785,24.19525965241305,126210000
2016-04-22,23.91242218017578,24.093440449136978,23.672574441172625,23.760820372553717,134732400
2016-04-25,23.77666473388672,23.90563971871821,23.64768974905523,23.758562557621605,112126400
2016-04-26,23.61147689819336,23.82643627975588,23.51191841720578,23.51191841720578,224064800
2016-04-27,22.133926391601562,22.33530832822501,21.649704462381326,21.722111431433373,458408400
2016-04-28,21.45737075805664,22.147499212389253,21.326132604634854,22.086406541695986,328970800
2016-04-29,21.21073341369629,21.43248069790953,20.932419864823252,21.267301404674168,274126000
2016-05-02,21.1881103515625,21.287670585909353,20.907533549506745,21.26278052732264,192640400
2016-05-03,21.53656768798828,21.66327944767617,21.19715970912294,21.31482038221623,227325200
2016-05-04,21.31255531311035,21.699480136643114,21.228834070960072,21.541088737411613,164102000
2016-05-05,21.22605323791504,21.41500286744286,21.098569987548814,21.39906746114708,143562000
2016-05-06,21.107675552368164,21.273858822090435,20.90961973417624,21.255648170316455,174799600
2016-05-09,21.123613357543945,21.346709064369357,21.078082380864863,21.171419580435106,131745600
2016-05-10,21.267030715942383,21.301178512140535,20.968810218591916,21.24654308032093,134747200
2016-05-11,21.059873580932617,21.301181699672124,21.048490401553487,21.280694060984878,114876400
2016-05-12,20.565866470336914,21.121332116024682,20.36781240640932,21.10767369418935,305258800
2016-05-13,20.606847763061523,20.868645235994705,20.48847069657504,20.48847069657504,177571200
2016-05-16,21.371753692626953,21.487855528557017,20.86409582280485,21.032556118291026,245039200
2016-05-17,21.28296661376953,21.558422498954688,21.173695747608512,21.52427643879756,187667600
2016-05-18,21.52655029296875,21.67452291245479,21.37402544469915,21.43549182266564,168249600
2016-05-19,21.444589614868164,21.544755985262864,21.30117100557176,21.544755985262864,121768400
2016-05-20,21.676803588867188,21.724609814970933,21.517447765025423,21.544766352868685,128104000
2016-05-23,21.95224952697754,22.125263697700007,21.77923535625507,21.8247663153023,152074400
2016-05-24,22.28689956665039,22.330151816165124,22.045589773017973,22.132097745705188,140560800
2016-05-25,22.67845916748047,22.705776014402833,22.33470770346552,22.462190953980613,152675200
2016-05-26,22.858295440673828,22.93114323769047,22.455354706528286,22.692110481039485,225324800
2016-05-27,22.844640731811523,22.871959313517372,22.59422647840904,22.637480465236077,145364800
2016-05-31,22.733091354370117,22.856022358466806,22.49633553946117,22.673901966435686,169228800
2016-06-01,22.414384841918945,22.660246886366746,22.38479101200226,22.541868093041938,116693200
2016-06-02,22.245922088623047,22.273238932612223,21.997783089138686,22.218603507805028,160766400
2016-06-03,22.291446685791016,22.371123692243952,22.18445110419915,22.261852865345205,114019600
2016-06-06,22.45308494567871,23.19522331053951,22.207224637192535,22.307389304787257,93170000
2016-06-07,22.544143676757812,22.735370278403316,22.52820827135643,22.594226875684704,89638000
2016-06-08,22.52365493774414,22.664796596709508,22.46446554765898,22.541865588145942,83392400
2016-06-09,22.685285568237305,22.76268560736526,22.414381957631843,22.423488151087273,106405600
2016-06-10,22.49861717224121,22.616994235748717,22.418940135569898,22.43032157690629,126851600
2016-06-13,22.159412384033203,22.564630152066556,22.10477696350067,22.466740749496882,152082000
2016-06-14,22.186731338500977,22.418934919147425,22.02510031976761,22.15486053124813,127727600
2016-06-15,22.113889694213867,22.403005759365648,22.08884809056043,22.268691545512738,117780800
2016-06-16,22.207225799560547,22.252755038411323,21.870303526845767,21.956809775393893,125307200
2016-06-17,21.701839447021484,22.00233688641061,21.695010236076318,21.995507675465443,244032800
2016-06-20,21.649478912353516,21.984124137793835,21.63354350813392,21.85436392148318,137647600
2016-06-21,21.833879470825195,21.93404413901869,21.553869628070824,21.61305902529588,142185600
2016-06-22,21.751928329467773,22.056978076957133,21.706397349882533,21.91128241594292,116876400
2016-06-23,21.87712860107422,21.92038258558164,21.68362676731434,21.840705564248605,128960800
2016-06-24,21.262475967407227,21.54931498992115,21.091738743477556,21.150928134085255,301245600
2016-06-27,20.95287322998047,21.182799854404006,20.82994221504597,21.17141667758771,181958400
2016-06-28,21.30573272705078,21.321669872013963,20.97564138563484,21.1486556288244,161779600
2016-06-29,21.490127563476562,21.52427535874932,21.314836358263275,21.392238143336794,146124000
2016-06-30,21.7632999420166,21.80199995456265,21.46735652411164,21.499227327011734,143345600
2016-07-01,21.829326629638672,21.961363854547113,21.701843370736256,21.73826641463874,104106000
2016-07-05,21.62443733215332,21.71777451182094,21.503783309132288,21.715497529265225,110820800
2016-07-06,21.74736213684082,21.77695769114008,21.483289551023773,21.535647977074564,123796400
2016-07-07,21.840715408325195,21.968198699917487,21.767867565011088,21.786078223217423,100558400
2016-07-08,22.009166717529297,22.056972932321376,21.86574807315307,21.96591273121933,115648400
2016-07-11,22.077465057373047,22.229989914574308,22.02055264168639,22.02510487073652,95179600
2016-07-12,22.177627563476562,22.241369184931997,22.109333713415275,22.120715153344364,96670000
2016-07-13,22.052425384521484,22.234544088551846,22.045594435105123,22.175356421577334,103568800
2016-07-14,22.48950958251953,22.53503881870016,22.154864312421935,22.17079971876806,155676000
2016-07-15,22.487224578857422,22.605603329629844,22.42348297620846,22.519095380181902,120548000
2016-07-18,22.72626304626465,22.794556893367258,22.446253236340294,22.469017852041166,145975600
2016-07-19,22.735370635986328,22.764964464531793,22.614714865387988,22.66479806510259,95119600
2016-07-20,22.7558536529541,22.869678452180658,22.70577046340184,22.764959845311658,105104000
2016-07-21,22.635202407836914,22.992612251581413,22.566906825229403,22.726262605703987,130808000
2016-07-22,22.459915161132812,22.6056107972683,22.380236394671762,22.59650460290621,113254800
2016-07-25,22.159412384033203,22.500886801811777,22.06379996389409,22.36657436449665,161531600
2016-07-26,22.00689697265625,22.302842289363245,21.949984545353324,22.041044776403897,224959200
2016-07-27,23.43653106689453,23.755240928260108,23.391001831054744,23.737028539192586,369379200
2016-07-28,23.752962112426758,23.77800371125491,23.406935430991453,23.409212413656437,159479200
2016-07-29,23.72336769104004,23.800769468251264,23.602713665250537,23.71881546265295,110934800
2016-08-01,24.14225196838379,24.165016591572975,23.76890659022699,23.76890659022699,152671600
2016-08-02,23.784835815429688,24.146797919457065,23.675563220974293,24.1422456907347,135266400
2016-08-03,24.083057403564453,24.0944388443081,23.850853780982273,23.859959975674617,120810400
2016-08-04,24.23183250427246,24.261586651709102,24.09679068939377,24.165456255771122,109634800
2016-08-05,24.600330352783203,24.63924001955661,24.30278193880834,24.323380557839805,162213600
2016-08-08,24.804040908813477,24.804040908813477,24.527092804815823,24.609489043629477,112148800
2016-08-09,24.904743194580078,24.93449908368157,24.7216379561109,24.771992464217153,105260800
2016-08-10,24.71934700012207,24.925341907703924,24.66441560684608,24.881853608815113,96034000
2016-08-11,24.703327178955078,24.932210039226604,24.68501613103632,24.838367228321207,109938000
2016-08-12,24.760555267333984,24.820065317672295,24.66900174671462,24.66900174671462,74641600
2016-08-15,25.058095932006836,25.07182834461946,24.73765958322399,24.75139199583661,103472800
2016-08-16,25.035207748413086,25.22975958534201,24.99629807952239,25.09242846604213,135177600
2016-08-17,24.998584747314453,25.032917523500135,24.79716672501847,24.971118177118402,101424000
2016-08-18,24.96654510498047,25.085563434881703,24.95281094466424,25.000877886414337,87938800
2016-08-19,25.03063201904297,25.106163788909825,24.801749137922414,24.895590211138185,101472400
2016-08-22,24.836082458496094,24.971122523094618,24.685018915482996,24.91619111937978,103280800
2016-08-23,24.91389274597168,25.02146794273071,24.84065031889448,24.854382728272327,85030800
2016-08-24,24.726211547851562,24.891007462865762,24.64610290756338,24.849808484112213,94700400
2016-08-25,24.620929718017578,24.691882847370994,24.417224107868105,24.579730732468377,100344800
2016-08-26,24.47673797607422,24.70790844864497,24.332540630944195,24.584313218873458,111065200
2016-08-29,24.44926643371582,24.591174432069376,24.32795880029892,24.403490561337307,99881200
2016-08-30,24.261581420898438,24.37602284269513,24.147139999101746,24.215805550674766,99455600
2016-08-31,24.284475326538086,24.39205056887319,24.179189402148264,24.183768038038835,118649600
2016-09-01,24.428667068481445,24.444688797948064,24.174606968198237,24.29362528048776,106806000
2016-09-02,24.657554626464844,24.719352238716972,24.449270357370363,24.65068667289205,107210000
2016-09-06,24.650678634643555,24.78800972151161,24.60719208695682,24.696456245678675,107521600
2016-09-07,24.80174446105957,24.89329794549112,24.506485390542494,24.680436836338693,169457200
2016-09-08,24.151716232299805,24.55226119771989,24.087629317230586,24.54768430931672,212008000
2016-09-09,23.60468864440918,24.197496157875143,23.60468864440918,23.95030225080275,186228000
2016-09-12,24.133420944213867,24.197507896491704,23.46737066252959,23.49483724760801,181171200
2016-09-13,24.707902908325195,24.90016540997437,24.54539629470703,24.607195641973306,248704800
2016-09-14,25.582239151000977,25.87063207350197,24.856680828536582,24.886436721019322,443554800
2016-09-15,26.451995849609375,26.488617950649573,25.975919013514144,26.060606312491185,359934400
2016-09-16,26.303218841552734,26.58016690302219,26.101802545821595,26.348996463017336,319547600
2016-09-19,25.99651527404785,26.5916103520135,25.920983512266076,26.365016812905786,188092000
2016-09-20,25.994232177734375,26.120118477499037,25.75161685044761,25.875213832151633,138057200
2016-09-21,25.98964500427246,26.090352257998326,25.735584933446983,26.05830880278046,144012800
2016-09-22,26.234560012817383,26.30780247483782,26.092651978673636,26.1727606486588,124296000
2016-09-23,25.79738426208496,26.273460980543124,25.531881080100096,26.188773702492046,209924800
2016-09-26,25.83629608154297,25.95302682671023,25.53188321108831,25.552481829874388,119477600
2016-09-27,25.88435935974121,25.90495972324331,25.712697230919463,25.86376074247659,98429600
2016-09-28,26.08120346069336,26.239133206587653,25.962185131514705,26.021695169222927,118564400
2016-09-29,25.676084518432617,26.046875455570937,25.589109642617057,25.900390535124735,143548000
2016-09-30,25.875207901000977,25.9484503460104,25.58910432733329,25.74016610618626,145516400
2016-10-03,25.7539005279541,25.875209919491997,25.698969126471315,25.797388833340097,86807200
2016-10-04,25.86376190185547,26.163597874842022,25.779074619195026,25.87749431398079,118947200
2016-10-05,25.875207901000977,26.01482658464982,25.79280993208567,25.955316552380403,85812400
2016-10-06,26.067474365234375,26.170470975784916,25.893522865454916,26.023986053730006,115117200
2016-10-07,26.10637664794922,26.220818070037353,25.980492131394783,26.163597358993286,97433600
2016-10-10,26.561859130859375,26.72207644962108,26.257444478974328,26.326108295770283,144944000
2016-10-11,26.61907958984375,27.166109532262723,26.59618990489879,26.93951422421971,256164000
2016-10-12,26.857118606567383,27.003605268881365,26.722078533968947,26.859407924510492,150347200
2016-10-13,26.774717330932617,26.880003235410353,26.486324442696798,26.731229029386608,140769600
2016-10-14,26.92349624633789,27.047093228074598,26.80905479060813,26.98071697420277,142608800
2016-10-17,26.90518569946289,26.97156020403492,26.728944887875503,26.854831181866494,94499600
2016-10-18,26.886871337890625,27.056244174757325,26.88229270254308,27.049377967973744,98214000
2016-10-19,26.80677032470703,26.95325526531432,26.04687904046739,26.83652447799849,80138400
2016-10-20,26.793031692504883,26.866274150593316,26.625948153539685,26.747255811038844,96503200
2016-10-21,26.68773651123047,26.758691373000744,26.61449407854692,26.735801693969297,92770800
2016-10-24,26.92806625366211,26.948664870898615,26.779292059638845,26.802179994203005,94154800
2016-10-25,27.065399169921875,27.090576425127797,26.8502487149759,26.99673361095342,192516000
2016-10-26,26.456575393676758,26.481752654108615,25.93472262515837,26.16360554091121,264536800
2016-10-27,26.202510833740234,26.518368554939595,26.11553422850968,26.410793330304532,138248000
2016-10-28,26.028562545776367,26.369597563133876,25.966763187546174,26.06289532854449,151446800
2016-10-31,25.987354278564453,26.145283975176305,25.909533215655262,26.01253152719061,105677600
2016-11-01,25.518150329589844,26.040002986475454,25.29842298701894,25.969049856566283,175303200
2016-11-02,25.541038513183594,25.71498998256789,25.45864228688336,25.497551955515803,113326800
2016-11-03,25.26726722717285,25.64226108581835,25.202851276505207,25.531834243303255,107730400
2016-11-04,25.039514541625977,25.363897198636803,24.871573166671375,24.96819711570307,123348000
2016-11-07,25.40070343017578,25.423708878055244,25.18214728731297,25.324783872490706,130240000
2016-11-08,25.550241470336914,25.70208059611489,25.237362443161036,25.377697966609183,97016800
2016-11-09,25.508832931518555,25.61005902319711,24.857770061068404,25.278774908760692,236705600
2016-11-10,24.797954559326172,25.557144983620535,24.34704104396992,25.557144983620535,228538000
2016-11-11,24.945192337036133,25.04641843220124,24.512683871227594,24.643816878508083,136575600
2016-11-14,24.31943702697754,24.802558596275126,23.944443025445405,24.779553141585467,204702000
2016-11-15,24.641511917114258,24.77264490369558,24.422957524546458,24.517280389531447,129058000
2016-11-16,25.304080963134766,25.359296151320716,24.524184420842918,24.547189871652037,235362000
2016-11-17,25.29487419128418,25.386897734297026,25.03721037709193,25.262666214510148,110528000
2016-11-18,25.3201847076416,25.43061332773471,25.22816290530128,25.24196582461165,113715600
2016-11-21,25.70438003540039,25.764193849148143,25.308680011145785,25.333986530501825,117058400
2016-11-22,25.720483779907227,25.863118609244935,25.628460233597092,25.754991073970764,103862000
2016-11-23,25.589345932006836,25.65376187561672,25.382293430973053,25.619252832910618,109705600
2016-11-25,25.718189239501953,25.736594304478434,25.524939567656112,25.566350086251393,45903600
2016-11-28,25.667570114135742,25.874622658112738,25.626159605340344,25.635362135650787,108776000
2016-11-29,25.642261505126953,25.773394479759833,25.322481062509873,25.485822013003247,114115200
2016-11-30,25.426006317138672,25.81250378067143,25.36849182408441,25.67446934838181,144649200
2016-12-01,25.189048767089844,25.522633904830364,25.083222302593835,25.391500921084965,148347600
2016-12-02,25.28337860107422,25.327088434537696,25.041816960298217,25.115435461882715,106112000
2016-12-05,25.10162925720215,25.31328220216583,24.90377923097857,25.306380742795778,137298000
2016-12-06,25.29487419128418,25.389198805553196,25.12003139028318,25.191348802396664,104782000
2016-12-07,25.54334259033203,25.580152717341864,25.11313520092625,25.136140652705663,119994800
2016-12-08,25.794105529785156,25.865422953478195,25.444416360599178,25.504231936550035,108273200
2016-12-09,26.215110778808594,26.387654294479216,25.837815764958435,25.837815764958435,137610400
2016-12-12,26.065570831298828,26.45666871015022,25.879222666845706,26.063269759954103,105497600
2016-12-13,26.500383377075195,26.66832474553946,26.169099272965543,26.18980365187071,174935200
2016-12-14,26.500383377075195,26.732740709071145,26.45207140442643,26.465874323696543,136127200
2016-12-15,26.64531135559082,26.854664929891648,26.50957800933649,26.54408529722973,186098000
2016-12-16,26.679821014404297,26.801751448315244,26.606202539861673,26.794849990577323,177404400
2016-12-19,26.833969116210938,27.004211570997985,26.62921760506345,26.6407212089181,111117600
2016-12-20,26.905282974243164,27.031815579034852,26.84316808520206,26.856971003832687,85700000
2016-12-21,26.930591583251953,27.008812223697966,26.86617561771019,26.870777761079413,95132800
2016-12-22,26.75344467163086,26.804057711784225,26.6039066225968,26.767247589780606,104343600
2016-12-23,26.806360244750977,26.806360244750977,26.592406211739476,26.592406211739476,56998000
2016-12-27,26.976598739624023,27.10083025720737,26.79945311530583,26.80635457374884,73187600
2016-12-28,26.861572265625,27.151444078578333,26.732738593553627,27.03641507988799,83623600
2016-12-29,26.854677200317383,26.942098628262887,26.77875762185743,26.79025947134298,60158000
2016-12-30,26.64531135559082,26.962790690628545,26.55558889666271,26.836259872880024,122345200
2017-01-03,26.721227645874023,26.762638141506752,26.40144727884453,26.64070772525556,115127600
2017-01-04,26.691328048706055,26.80405773102062,26.6292131617844,26.65221861045156,84472400
2017-01-05,26.82706642150879,26.884580927728436,26.64301929952454,26.66832582267746,88774400
2017-01-06,27.126140594482422,27.183655096543283,26.794856500946796,26.866173921837206,127007600
2017-01-09,27.374603271484375,27.475829361813165,27.133043403931662,27.13534272038212,134247600
2017-01-10,27.40220832824707,27.464323215522036,27.21586191121894,27.323987696089937,97848400
2017-01-11,27.549449920654297,27.590860437507263,27.284882827160544,27.31709081191246,110354400
2017-01-12,27.434417724609375,27.445921327204168,27.195157183304946,27.3538977720558,108344800
2017-01-13,27.386112213134766,27.51954631181525,27.333198086001563,27.402216207444223,104447600
2017-01-17,27.606966018676758,27.662179459257096,27.1974629702323,27.225068812920654,137759200
2017-01-18,27.604656219482422,27.721986279424815,27.540240266636584,27.60695729071351,94852000
2017-01-19,27.556346893310547,27.627664311475066,27.462024026241657,27.468925485392642,102389200
2017-01-20,27.606966018676758,27.710491439165345,27.544851117424333,27.710491439165345,130391600
2017-01-23,27.625370025634766,27.793311412900668,27.554050839280226,27.606964961078525,88200800
2017-01-24,27.600061416625977,27.629968327868966,27.491933864527088,27.503437467807007,92844000
2017-01-25,28.039474487304688,28.090087539110513,27.67138195853999,27.703589945106675,129510400
2017-01-26,28.053272247314453,28.168301243893303,27.975051616935176,27.991155606248086,105350400
2017-01-27,28.055574417114258,28.14759797477796,27.975054462359783,28.099286001925275,82251600
2017-01-30,27.981956481933594,27.981956481933594,27.758801675778333,27.82091656920229,121510000
2017-01-31,27.91754150390625,27.926744035702466,27.749600125434853,27.871530600128644,196804000
2017-02-01,29.619970321655273,30.020272543535167,29.21966985497879,29.224270243127602,447940000
2017-02-02,29.569355010986328,29.767205035094836,29.396811507766348,29.442824161746977,134841600
2017-02-03,29.69588851928711,29.721195040945894,29.48423557014394,29.518742867675616,98029200
2017-02-06,29.974258422851562,30.022572152503574,29.654477909689444,29.70739378273852,107383600
2017-02-07,30.259538650512695,30.388370612237974,30.01107550558208,30.031779890057713,152735200
2017-02-08,30.376861572265625,30.41827384421646,30.188215807887737,30.218124475940726,92016400
2017-02-09,30.596364974975586,30.60329635703919,30.295992158254823,30.41845127554744,113399600
2017-02-10,30.527042388916016,30.716509534471417,30.51087034208567,30.605603914863373,80262000
2017-02-13,30.797378540039062,30.91984116877839,30.67261015171443,30.748858871211922,92141600
2017-02-14,31.19710350036621,31.213275546287704,30.78813442366091,30.83896689762997,132904800
2017-02-15,31.310319900512695,31.48592428287456,31.104680709820027,31.31263271120233,142492400
2017-02-16,31.273357391357422,31.400435071703008,31.155516852353124,31.347293303978862,90338400
2017-02-17,31.358844757080078,31.384260996633373,31.215591511757644,31.215591511757644,88792800
2017-02-21,31.585283279418945,31.596836758496227,31.418923052461178,31.476686922220768,98028800
2017-02-22,31.68000030517578,31.68230958953289,31.44894494696594,31.522880828268104,83347600
2017-02-23,31.546001434326172,31.765503414548835,31.49285966610156,31.742399984098633,83152800
2017-02-24,31.576030731201172,31.57603073120117,31.257173161896297,31.40273918712252,87106400
2017-02-27,31.63841438293457,31.756254893905698,31.48822978245742,31.68693756844485,81029600
2017-02-28,31.652294158935547,31.7562684286285,31.585286089701402,31.67308830774871,93931600
2017-03-01,32.29922866821289,32.38240874255942,31.793220368698762,31.860224874821586,145658400
2017-03-02,32.107460021972656,32.41245131747088,32.06124612134738,32.34775608734624,104844000
2017-03-03,32.29692077636719,32.30847425050728,32.02196430970943,32.06586539606659,84432400
2017-03-06,32.19526672363281,32.29462240405926,32.024287940837276,32.2021981053339,87000000
2017-03-07,32.236854553222656,32.34313807658122,32.06818155101605,32.13056750423803,69785200
2017-03-08,32.1167106628418,32.30155574588277,32.0751223701116,32.105157184096726,74828800
2017-03-09,32.04277420043945,32.068190445792496,31.66615614282426,32.0566404915996,88623600
2017-03-10,32.14906311035156,32.199895603953436,32.033535356824984,32.1744793571525,78451200
2017-03-13,32.16291809082031,32.21605985740259,32.07511941682055,32.082050798304046,69686800
2017-03-14,32.11439895629883,32.26689287710669,32.0797385226766,32.18602558324106,61236400
2017-03-15,32.45404815673828,32.52105268203677,32.12363704927191,32.211439243327874,102767200
2017-03-16,32.50718688964844,32.583435599648205,32.407831227906016,32.51411827004607,76928000
2017-03-17,32.34544372558594,32.57880838879118,32.322336777471435,32.57880838879118,175540000
2017-03-20,32.68510437011719,32.694345036519806,32.400903638062616,32.44018264011968,86168000
2017-03-21,32.310791015625,32.99471665093121,32.2853747768826,32.83528783751306,158119600
2017-03-22,32.67586135864258,32.71745317302266,32.292308464990825,32.31310613499406,103440800
2017-03-23,32.560333251953125,32.71283069351587,32.488706627299024,32.638891257984966,81385200
2017-03-24,32.49564743041992,32.74980990671602,32.42864288246588,32.694355313989405,89582400
2017-03-27,32.55110168457031,32.629659712562045,32.02891397063479,32.206827702191504,94300400
2017-03-28,33.22575759887695,33.28120862241116,32.49099980642747,32.55800782736408,133499200
2017-03-29,33.299713134765625,33.38520605590323,33.08483324044029,33.19804816408955,116760000
2017-03-30,33.25580978393555,33.38751308494501,33.15645763106996,33.315886458343975,84829200
2017-03-31,33.19342803955078,33.33437201036823,33.04323987603545,33.2072908029711,78646800
2017-04-03,33.202659606933594,33.2997024499063,33.052475010205114,33.20497241728746,79942800
2017-04-04,33.44989776611328,33.477623291318075,33.080207643793266,33.0986925024719,79565600
2017-04-05,33.27660369873047,33.609324078860624,33.22808050761731,33.322814079164985,110871600
2017-04-06,33.19342803955078,33.39213587503724,33.14490484195315,33.33899058109066,84596000
2017-04-07,33.11948013305664,33.31356582257368,33.10330808840969,33.20959159787709,66688800
2017-04-10,33.08021545410156,33.244266410090745,33.01782948203501,33.179571152254006,75733600
2017-04-11,32.72438430786133,33.121799961435954,32.36162556132028,33.02706638137571,121517600
2017-04-12,32.763671875,32.84453918775802,32.58113604857397,32.71746147833437,81400000
2017-04-13,32.59037399291992,32.897678183969354,32.59037399291992,32.78908183353735,71291600
2017-04-17,32.770591735839844,32.782145212350784,32.548776973958354,32.68972092588931,66328400
2017-04-18,32.625022888183594,32.819108584656504,32.604228747624155,32.673546075114686,58790000
2017-04-19,32.5048828125,32.809877734444996,32.45174103996478,32.78215220540519,69313600
2017-04-20,32.91154098510742,33.02244662108617,32.6157902720797,32.629653035873716,93278400
2017-04-21,32.872257232666016,32.96698728012244,32.77521437449348,32.91153623295304,69283600
2017-04-24,33.188804626464844,33.260431251712454,33.08251756841505,33.156457004558625,68537200
2017-04-25,33.394439697265625,33.47992907478972,33.241942273336754,33.25118646452234,75486000
2017-04-26,33.19804763793945,33.4106217690531,33.12873381869219,33.380583430294884,80164800
2017-04-27,33.223453521728516,33.30894641485601,33.11254791988466,33.253491851121325,56985200
2017-04-28,33.19110107421875,33.34128917368637,33.103302434789605,33.29276599678145,83441600
2017-05-01,33.868099212646484,34.01135242507627,33.493790612103915,33.52613822541469,134411600
2017-05-02,34.082984924316406,34.21699749566795,33.928178210589465,34.089916305108204,181408800
2017-05-03,33.97902297973633,34.07837868307375,33.3343796534977,33.63937109555477,182788000
2017-05-04,33.85655212402344,33.99749607838162,33.690191931153905,33.854242838931896,93487600
2017-05-05,34.41801452636719,34.42263309599607,33.90968981713678,33.90968981713678,109310800
2017-05-08,35.35379409790039,35.51322292684159,34.43419436903658,34.43419436903658,195009600
2017-05-09,35.580230712890625,35.78586992640068,35.455458793091545,35.55250166092058,156521600
2017-05-10,35.41154861450195,35.56866811663145,35.1458363201568,35.49704150818844,103222800
2017-05-11,35.71781921386719,35.74566272798145,35.33732422931705,35.369805378967186,109020400
2017-05-12,36.21663284301758,36.2908739365039,35.88485788911661,35.89181788100036,130108000
2017-05-15,36.12382125854492,36.34422922660591,35.97301673833962,36.19574352326371,104038800
2017-05-16,36.070465087890625,36.20734964530216,35.896458214516294,36.179509678419514,80194000
2017-05-17,34.859371185302734,35.861652309017664,34.73408781492753,35.636603173558846,203070800
2017-05-18,35.39067840576172,35.57628645594224,35.063548155767805,35.09602929903596,134272800
2017-05-19,35.51131057739258,35.72475851433993,35.411548368459925,35.585555185119176,107843200
2017-05-22,35.727088928222656,35.863973471889224,35.47651863090263,35.7294077451704,91865600
2017-05-23,35.68301010131836,35.93821805739705,35.569324336589276,35.93821805739705,79675600
2017-05-24,35.57628631591797,35.76885435745666,35.4208405923051,35.69229090430183,76712000
2017-05-25,35.699241638183594,35.81060856307925,35.504354829883454,35.666760503466904,76942400
2017-05-26,35.63890838623047,35.785075212688504,35.56930496695631,35.729391769233786,87710400
2017-05-30,35.65283966064453,35.829165310531,35.573957412551486,35.59483738289763,80507600
2017-05-31,35.44171905517578,35.76885283009231,35.35355797909039,35.722451704755954,97804800
2017-06-01,35.53915786743164,35.57396136205059,35.31643107865565,35.536839050528435,65616400
2017-06-02,36.065818786621094,36.065818786621094,35.471875976360536,35.631962843537316,111082800
2017-06-05,35.713157653808594,35.833803372295485,35.604116638077066,35.80828223069591,101326800
2017-06-06,35.83381652832031,36.14934914931527,35.67837080520811,35.70621077347326,106499600
2017-06-07,36.04725646972656,36.188782177000014,35.8407684909353,35.96605540041843,84278400
2017-06-08,35.959102630615234,36.08670484231927,35.82221452940671,36.019423740514945,85003200
2017-06-09,34.56473159790039,36.00551036982716,33.87798630919757,36.00551036982716,259530800
2017-06-12,33.738765716552734,33.89421140172117,33.06361832949146,33.813010334042374,289229200
2017-06-13,34.01022720336914,34.209755253603035,33.676133394588724,34.14247414441947,136661600
2017-06-14,33.67845153808594,34.221352139331366,33.37219773829891,34.221352139331366,126124800
2017-06-15,33.47660446166992,33.520686774191034,32.9940284619106,33.25155880437353,128661600
2017-06-16,33.00794982910156,33.525329353127965,32.991707485838134,33.35828244614716,201444400
2017-06-19,33.95222473144531,34.04503053351135,33.330441788409985,33.330441788409985,130165600
2017-06-20,33.64364242553711,34.075179545849174,33.62740362744633,34.075179545849174,99600400
2017-06-21,33.84316635131836,33.8895710035528,33.55083615920216,33.76196529026394,85063200
2017-06-22,33.78749465942383,34.035742616466905,33.66916772366512,33.81997579978962,76425200
2017-06-23,33.938297271728516,34.14246645112893,33.66684699830492,33.671488172430905,141757600
2017-06-26,33.831565856933594,34.40230621312439,33.72948129496707,34.144775991864364,102769600
2017-06-27,33.34666442871094,33.910448339947045,33.321143288034776,33.643635771027576,99047600
2017-06-28,33.83390426635742,33.89886656337777,33.21444008679785,33.52301276773436,88329600
2017-06-29,33.3350715637207,33.67148764914415,33.010260183521176,33.57404423508429,125997600
2017-06-30,33.41395568847656,33.63204483576465,33.3582722231546,33.51371791447777,92096400
2017-07-03,33.293304443359375,33.710921513750655,33.20050222335143,33.61347812068899,57111200
2017-07-05,33.430198669433594,33.59260437172023,33.11234725637412,33.33739642246375,86278400
2017-07-06,33.11467361450195,33.29332169778916,33.04043250805533,33.181958268029426,96515200
2017-07-07,33.45107650756836,33.58332341824197,33.15410508801684,33.15410508801684,76806800
2017-07-10,33.655242919921875,33.86173089842264,33.263146934412056,33.43483496042663,84362400
2017-07-11,33.7642822265625,33.83852683386078,33.49747319196195,33.57867424849451,79127200
2017-07-12,33.813018798828125,33.91509986316414,33.59957078037794,33.84317758457734,99538000
2017-07-13,34.28398895263672,34.451035803707775,33.74340727350098,33.75732725439386,100797600
2017-07-14,34.57863998413086,34.645924615900284,34.18190634507622,34.33039205013278,80528400
2017-07-17,34.699283599853516,35.010174972615246,34.46959683558217,34.52759911588152,95174000
2017-07-18,34.81993103027344,34.83153219493407,34.49279730380701,34.61576186081721,71475200
2017-07-19,35.03803253173828,35.130834801378214,34.789780973172995,34.91274557352675,83692000
2017-07-20,34.88025665283203,35.2050716045532,34.845456694516386,35.14938813106929,68974800
2017-07-21,34.864013671875,34.90345479996306,34.541521116163516,34.799051397356024,105010400
2017-07-24,35.28626251220703,35.36746711176589,34.77816202624112,34.93593005219546,85972800
2017-07-25,35.43708419799805,35.69229217743829,35.21899499762855,35.21899499762855,75415600
2017-07-26,35.6041259765625,35.71316702089403,35.51132019177788,35.578604828269064,63124000
2017-07-27,34.93130874633789,35.72710223802041,34.17495993871165,35.67141874892319,129905200
2017-07-28,34.68535614013672,34.854721770842204,34.61343389450195,34.7758395362865,68854800
2017-07-31,34.5067138671875,34.87792985848564,34.367510525584244,34.77816410050082,79383600
2017-08-01,34.81296920776367,34.85241033339182,34.43247439209287,34.59256125152247,141474400
2017-08-02,36.457908630371094,37.06345250301335,36.230540711117264,36.95440794639433,279747200
2017-08-03,36.093666076660156,36.474160950665876,35.966060332900575,36.43703863608513,108389200
2017-08-04,36.28391647338867,36.51824447689042,36.121510751150865,36.2096753747282,82239600
2017-08-07,36.845367431640625,36.87088857620592,36.348868061152366,36.439351475487854,87481200
2017-08-08,37.14002227783203,37.54603825885882,36.72008631531287,36.79664975369933,144823600
2017-08-09,37.367401123046875,37.4161246126443,36.91498389183977,36.94978385570976,104526000
2017-08-10,36.17717361450195,37.267238638725885,36.01645807921951,37.243945192944345,163217200
2017-08-11,36.6802864074707,36.934172225596136,36.35187149847819,36.47531896830066,105028400
2017-08-14,37.232295989990234,37.31614740550101,36.97608234424056,37.10884856633273,88490800
2017-08-15,37.63991165161133,37.77966166110587,37.299846542421186,37.42096606058106,117862000
2017-08-16,37.488502502441406,37.85185741693669,37.30216564642129,37.719094761600296,110686400
2017-08-17,36.768795013427734,37.43261922350006,36.76413561275204,37.38836380228439,111762400
2017-08-18,36.684940338134766,37.150780850365045,36.50326282269144,36.768791772499455,109712400
2017-08-21,36.617393493652344,36.775777555216585,36.128259554669306,36.68493880130041,105474000
2017-08-22,37.216007232666016,37.267249985722934,36.806068762292554,36.85498003761294,86418400
2017-08-23,37.262577056884766,37.37670924800208,37.00636693869412,37.050622350639216,77596400
2017-08-24,37.09720993041992,37.43960298887121,36.929507062848636,37.367394724546074,79275600
2017-08-25,37.234622955322266,37.39766638293493,37.09720089162589,37.18570814999838,101920400
2017-08-28,37.6096305847168,37.73307802479244,37.25093143296134,37.29984624604826,103864000
2017-08-29,37.94504165649414,37.99395292241599,37.26724282464148,37.29053627303937,118067600
2017-08-30,38.047523498535156,38.17329886722519,37.875161237511655,38.15233689812367,109078400
2017-08-31,38.19892120361328,38.320040729401555,38.077801677825,38.115069771003085,107140400
2017-09-01,38.210567474365234,38.41786635335139,38.11274139649231,38.385257660727085,66364400
2017-09-05,37.75171661376953,38.257153157457466,37.397676819239685,38.14069302608012,117874000
2017-09-06,37.712120056152344,37.96367436281888,37.38836103771766,37.89845697450694,86606800
2017-09-07,37.560707092285156,37.788971428503594,37.35108035110812,37.75403126892082,87714000
2017-09-08,36.948143005371094,37.53509951790412,36.92484955709291,37.46755420442734,114446000
2017-09-11,37.61661911010742,37.74472595411591,37.24161737805395,37.38369886793957,126323200
2017-09-12,37.467552185058594,38.189606393791436,36.980749707380006,37.875162629389486,286856000
2017-09-13,37.185726165771484,37.25793444748649,36.78044709993865,37.23696891843019,179629600
2017-09-14,36.866615295410156,37.127484826851486,36.822359881166186,37.03199022957224,95042800
2017-09-15,37.239288330078125,37.49317053339173,36.80139715072568,36.91086994556379,196458400
2017-09-18,36.957454681396484,37.383699154318606,36.80139854443826,37.29286040134051,113077600
2017-09-19,36.97140884399414,37.21364775378127,36.90386357446592,37.15308624929503,83242400
2017-09-20,36.35186004638672,36.86195233721681,35.830117479786594,36.77810091676466,211805600
2017-09-21,35.72764205932617,36.28898079421191,35.57857322040231,36.28898079421191,150046800
2017-09-22,35.37826156616211,35.46677241081668,35.068477163952586,35.29673804565591,186581600
2017-09-25,35.06614685058594,35.36428450753414,34.7423878221462,34.935712069931256,177549200
2017-09-26,35.669410705566406,35.8510882354049,35.33167701825542,35.35263898998724,146640000
2017-09-27,35.92327880859375,36.03741097766786,35.762563313762016,35.82312483591887,102016800
2017-09-28,35.702003479003906,35.934923649693694,35.56690935351426,35.844084925287866,88022000
2017-09-29,35.89765548706055,35.89998696337314,35.4038658636364,35.68570083331964,105199200
2017-10-02,35.8254508972168,35.97451966434531,35.57156876405851,35.93026426324657,74795200
2017-10-03,35.98151779174805,36.123599280752316,35.84875510265796,35.872044994281765,64921200
2017-10-04,35.74858474731445,35.83709554439404,35.51100874580538,35.78352490335723,80655200
2017-10-05,36.193485260009766,36.20513198582134,35.88137291111724,35.91165013332926,85135200
2017-10-06,36.1724967956543,36.21675218887952,36.000134620482136,36.09563272648614,69630400
2017-10-09,36.29829788208008,36.505596802251276,36.21677791136383,36.291310557563875,65051600
2017-10-10,36.312259674072266,36.80139354150929,36.12592634750615,36.34952776101765,62468000
2017-10-11,36.46366500854492,36.56381900777948,36.277328102020135,36.32857084016647,67622400
2017-10-12,36.3355598449707,36.654659457585346,36.27267038086556,36.41708335599889,64500400
2017-10-13,36.56614685058594,36.6336921510215,36.431052695634285,36.50558531838799,65576800
2017-10-16,37.239288330078125,37.26723762098803,36.719873646797474,36.778103705580264,96486000
2017-10-17,37.376708984375,37.469875653227085,37.08788662440458,37.21599345963665,75989200
2017-10-18,37.21133804321289,37.43261512506398,37.17407350413148,37.36506626194702,65496800
2017-10-19,36.33089828491211,36.5871119722712,36.107296843290385,36.51024786606347,170336800
2017-10-20,36.393775939941406,36.743156188964846,36.326230655591935,36.47762734187022,95896400
2017-10-23,36.37515640258789,36.72919619122614,36.21910025562893,36.542859273307,87937200
2017-10-24,36.59177017211914,36.666302798854936,36.38213982913323,36.403101797207604,71028800
2017-10-25,36.43105697631836,36.696585917849305,36.16552803478742,36.54751710074563,84828400
2017-10-26,36.66395950317383,36.761785533917546,36.51721868001864,36.6220320305241,68002000
2017-10-27,37.97764205932617,38.1057488893798,36.96443769463346,37.10185976956351,177816800
2017-10-30,38.832454681396484,39.146898362121874,38.13369410563347,38.17329011177043,178803200
2017-10-31,39.37283706665039,39.51491855976353,38.883706679435335,39.10730812671052,144187200
2017-11-01,38.8720588684082,39.582466314093104,38.57392124433074,39.566160191268466,134551200
2017-11-02,39.15622329711914,39.2470620522876,38.497058564350645,38.80451499973989,165573600
2017-11-03,40.178741455078125,40.588679798570986,39.85731038613164,40.528121815557064,237594400
2017-11-06,40.586341857910156,40.75870407267221,39.997054079679806,40.14845077688652,140105200
2017-11-07,40.716793060302734,40.81927855085233,40.43496151537272,40.50716623260138,97446000
2017-11-08,41.04986572265625,41.04986572265625,40.60498719669403,40.68185130490328,97638000
2017-11-09,40.96601867675781,41.01726142104952,40.327815850449234,40.786669071736846,117930400
2017-11-10,40.83042907714844,40.99639849993857,40.736927487906414,40.93328296542886,100582000
2017-11-13,40.66680908203125,40.790700322015965,40.5335655408074,40.55694272704739,67928400
2017-11-14,40.052024841308594,40.5522659440664,40.01462277065098,40.449412033186846,99130000
2017-11-15,39.52372741699219,39.81358806625075,39.360097843562826,39.731771496107484,116632400
2017-11-16,39.99592590332031,40.175916683207014,39.8089191140793,40.014623372072364,94550000
2017-11-17,39.773841857910156,40.0637024759367,39.65462680301197,39.98188591460903,87598000
2017-11-20,39.734107971191406,39.869687780332924,39.635930226680074,39.80657224212664,65049600
2017-11-21,40.4727897644043,40.603693446612,39.92112169877338,39.92112169877338,100525200
2017-11-22,40.89822006225586,40.9075687942775,40.45174231251265,40.52420657796541,102355600
2017-11-24,40.90055847167969,41.0244496868098,40.82575434420491,40.930948094323455,56106800
2017-11-27,40.69486618041992,40.926287525182296,40.51954795262195,40.91927508141906,82867200
2017-11-28,40.45642852783203,40.87718934377625,40.17358026951966,40.743949369889336,105715200
2017-11-29,39.61722946166992,40.421356022358474,39.07491378830195,40.35356790075893,166665600
2017-11-30,40.17123794555664,40.2390260682573,39.37412381322835,39.83929907290369,166108800
2017-12-01,39.98423767089844,40.12916623961013,39.38815508531585,39.727102887515244,159037200
2017-12-04,39.6920280456543,40.35122240453448,39.652289694840306,40.31849649404904,130169600
2017-12-05,39.65462875366211,40.09409406815887,39.36476812137704,39.51904895308636,109400800
2017-12-06,39.50735092163086,39.78552289712508,38.911272193407385,39.154378406334494,114240000
2017-12-07,39.57982635498047,39.841633644959046,39.48398491245016,39.51203467441735,102693200
2017-12-08,39.59152603149414,39.97255208457209,39.46296219698933,39.85333698523089,93420800
2017-12-11,40.3629035949707,40.41433052585726,39.45592343226898,39.55176485499902,141095200
2017-12-12,40.13616943359375,40.29746270901659,40.08006990604287,40.241359614608676,77636800
2017-12-13,40.2694091796875,40.566278663503006,40.2062936502376,40.323172410848755,95273600
2017-12-14,40.25770950317383,40.47042964494804,40.1244660406815,40.29978413331516,81906000
2017-12-15,40.66680908203125,40.713559887653396,40.31383639769752,40.587332355787815,160677200
2017-12-18,41.23950958251953,41.42184019960957,40.874848348339455,40.87952449840411,117684400
2017-12-19,40.800045013427734,40.99874037620498,40.69485481948698,40.91458750768088,109745600
2017-12-20,40.75563049316406,41.005749218272555,40.498495760008446,40.87718185169475,93902400
2017-12-21,40.909912109375,41.14600954402588,40.69719542593479,40.71355660149593,83799600
2017-12-22,40.909912109375,41.005753571622236,40.790697029632184,40.83277168123875,65397600
2017-12-26,39.87202835083008,40.082408726132456,39.66398070018009,39.925791590410505,132742000
2017-12-27,39.879051208496094,39.92112586780343,39.67100707036292,39.762172399053675,85992800
2017-12-28,39.991241455078125,40.17123576447634,39.850985500534065,39.97254042334844,65920800
2017-12-29,39.55879592895508,39.87670639380417,39.55645963712553,39.8603452172818,103999600
2018-01-02,40.26708221435547,40.27643451563853,39.56580942615581,39.77619340273042,102223600
2018-01-03,40.26005935668945,40.802378551359595,40.196947390215975,40.330187330739136,118071600
2018-01-04,40.447078704833984,40.549932623249475,40.22500969017766,40.33253619262437,89738400
2018-01-05,40.90757751464844,40.994066679999236,40.451750935713896,40.542916251500806,94640000
2018-01-08,40.75563049316406,41.05016372371372,40.657449182790344,40.75563049316406,82271200
2018-01-09,40.75095748901367,40.921599515903196,40.53590095325459,40.80238443961448,86336000
2018-01-10,40.741600036621094,40.74393989480724,40.440054379738385,40.477456442146824,95839600
2018-01-11,40.9730224609375,41.02211311511454,40.7883555686387,40.81172918317203,74670800
2018-01-12,41.3961181640625,41.459233692882485,41.05950676616482,41.18339796582762,101672400
2018-01-16,41.18573760986328,41.933760953052094,41.174049020608194,41.58546096764788,118263600
2018-01-17,41.86598205566406,41.90104426428869,40.923939337469655,41.176394373281866,137547200
2018-01-18,41.903377532958984,42.099736587663685,41.66728368925117,41.9290910063812,124773600
2018-01-19,41.71638488769531,41.97819227099237,41.47093868242528,41.75144710265185,129700400
2018-01-22,41.37508773803711,41.5574183478053,41.28158614164321,41.44521571876117,108434400
2018-01-23,41.38442611694336,41.94544625551665,41.333002748592435,41.445205349564546,130756400
2018-01-24,40.72522735595703,41.44520080302162,40.48679373404816,41.433512215964676,204420400
2018-01-25,39.998252868652344,40.89588096747637,39.86267306723772,40.79302707903376,166116000
2018-01-26,40.09176254272461,40.206305044653156,39.75281475426623,40.206305044653156,156572000
2018-01-29,39.261924743652344,39.77619070677116,39.05388063992829,39.77619070677116,202561600
2018-01-30,39.0305061340332,39.124007745796824,38.499875391787135,38.693894624711604,184192800
2018-01-31,39.13801574707031,39.37411310023853,38.92062298841524,39.00711212032881,129915600
2018-02-01,39.21984100341797,39.41619648711814,38.98140730643512,39.07724875688061,188923200
2018-02-02,37.51808547973633,38.99075870726561,37.424583889707215,38.80375196035035,346375200
2018-02-05,36.58071517944336,38.30818309023463,36.466172711856956,37.19082244248908,290954000
2018-02-06,38.109493255615234,38.27078653650845,35.99866285535439,36.19268205071455,272975200
2018-02-07,37.29368591308594,38.19599039124016,37.183823122658545,38.12352610597919,206434400
2018-02-08,36.26748275756836,37.634965863191155,36.23943299272922,37.46899643189285,217562000
2018-02-09,36.71109390258789,37.05846466441262,35.26292961094662,36.866003792290925,282690400
2018-02-12,38.18976593017578,38.46672273816519,36.96926786105699,37.20163266035302,243278000
2018-02-13,38.572349548339844,38.66858177983185,37.94097729101988,38.01139120629208,130196800
2018-02-14,39.28351593017578,39.32341630642415,38.22966752219258,38.26721850010876,162579600
2018-02-15,40.60260009765625,40.62606901581881,39.666103234935505,39.85152308844231,204588800
2018-02-16,40.47114944458008,41.03211125006785,40.31624316123592,40.454721563931344,160704400
2018-02-20,40.33501052856445,40.900660247326115,40.234083127038424,40.38195192353985,135722000
2018-02-21,40.151947021484375,40.867811539145606,40.13786137607023,40.56503641863772,149886400
2018-02-22,40.487579345703125,40.82790900653201,40.30215954364588,40.32328263855121,123967600
2018-02-23,41.191707611083984,41.22691276622604,40.73167328929835,40.76218681135434,135249600
2018-02-26,42.006160736083984,42.10473876856565,41.358360702033096,41.39122004619365,152648800
2018-02-27,41.87004470825195,42.36058924778314,41.81606224607517,42.03669089332113,155712400
2018-02-28,41.80665588378906,42.39343245337469,41.79022800216865,42.074225856264114,151128400
2018-03-01,41.07435989379883,42.19627640895745,40.52513788389774,41.9052339409774,195208000
2018-03-02,41.35835647583008,41.37947957033199,40.47584232615504,40.55799246886187,153816000
2018-03-05,41.501529693603516,41.71746301418378,40.96169460145311,41.12364548723818,113605600
2018-03-06,41.466331481933594,41.83717475100933,41.33958930254335,41.75737398689694,95154000
2018-03-07,41.08140563964844,41.273870095734,40.90302683123286,41.06028254024403,126814000
2018-03-08,41.529701232910156,41.57194742905669,41.090793481964944,41.187022122543205,95096400
2018-03-09,42.24321746826172,42.2479126835741,41.63531780640628,41.76910458230956,128740800
2018-03-12,42.651615142822266,42.80887083210406,42.29720338770059,42.31597708610445,128828400
2018-03-13,42.240882873535156,43.069411316990255,42.06954507381295,42.85582373103191,126774000
2018-03-14,41.88175964355469,42.36995811673612,41.73389082089603,42.32301671345703,117473600
2018-03-15,41.93104553222656,42.30423809273555,41.79491654145905,41.89584037623486,90975200
2018-03-16,41.78318405151367,42.04136357525891,41.68929765809745,41.931049301369676,157618800
2018-03-19,41.1447639465332,41.654085457493494,40.75983875209598,41.61888030428851,133787200
2018-03-20,41.13068771362305,41.49683568443578,41.06027381583607,41.13068771362305,78597600
2018-03-21,40.198890686035156,41.09548343216158,40.196541287634304,41.08374718435731,148219600
2018-03-22,39.630897521972656,40.52983622418944,39.57221985527231,39.90081335623402,165963200
2018-03-23,38.71316909790039,39.88202694835137,38.71316909790039,39.52291999681884,164115200
2018-03-26,40.550960540771484,40.62841548606614,39.065241676811105,39.44782118743007,150164800
2018-03-27,39.51119613647461,41.10957533975339,39.177907391154584,40.76455034381911,163690400
2018-03-28,39.07463073730469,39.905508501898744,38.771855553481785,39.25535895321478,166674000
2018-03-29,39.37975311279297,40.31155469263699,39.17320659190049,39.38679414587791,153594000
2018-04-02,39.12156295776367,39.65201123119887,38.60285451256873,39.11217610913106,150347200
2018-04-03,39.52292251586914,39.60741848522696,38.69908950068041,39.34688954482369,121112000
2018-04-04,40.27869415283203,40.37257697878735,38.67327419175449,38.69909250610223,138422000
2018-04-05,40.557987213134766,40.89362160917028,40.38899531621928,40.506350601221754,107732800
2018-04-06,39.52057647705078,40.482887897857516,39.478326701909054,40.12847614077942,140021200
2018-04-09,39.912532806396484,40.6260513573316,39.86559140907428,39.872632439602654,116070800
2018-04-10,40.663612365722656,40.839645319686824,40.259909838119526,40.60493471440127,113634400
2018-04-11,40.473506927490234,40.820877702734585,40.29981974916783,40.424216112898584,89726400
2018-04-12,40.87250900268555,41.07436028792793,40.61432587688714,40.70117124541933,91557200
2018-04-13,41.010990142822266,41.27151910294791,40.80444720984534,41.02272639139374,100497200
2018-04-16,41.26681900024414,41.35366077533175,41.03445421925359,41.08139562250636,86313600
2018-04-17,41.834815979003906,41.99911267229984,41.40529517848783,41.42407245506441,106421600
2018-04-18,41.740943908691406,41.970962939576346,41.51562367531091,41.7339028752358,83018000
2018-04-19,40.557987213134766,41.165886729911804,40.525127876590034,40.78330735475603,139235200
2018-04-20,38.89624786376953,40.187156394272286,38.82817977203165,40.041636942336396,261964400
2018-04-23,38.78358459472656,39.17789672189711,38.513665229708735,39.15677362538438,146062000
2018-04-24,38.24374771118164,39.03941654299841,37.84004517183039,38.88450667946601,134768000
2018-04-25,38.41039276123047,38.825831574734394,38.11935387520056,38.16864110139597,113528400
2018-04-26,38.54418182373047,38.89859360300027,38.3446763459467,38.52070932702644,111852000
2018-04-27,38.098228454589844,38.56999549782901,37.70156694524858,38.49254056570322,142623200
2018-04-30,38.78828430175781,39.25770564498742,37.98557423460327,38.05364233495592,169709600
2018-05-01,39.68956756591797,39.71303647925035,38.79062545495093,39.05819542045914,214277600
2018-05-02,41.44285583496094,41.719812647104675,40.792706415671205,41.12834088273352,266157600
2018-05-03,41.51795959472656,41.66113320985868,40.94291931740563,41.28090316830111,136272800
2018-05-04,43.14684295654297,43.24542096261933,41.8183803187254,41.83715759341599,224805200
2018-05-07,43.459022521972656,44.04814493310454,43.36279030101084,43.46371415611706,169805600
2018-05-08,43.66789627075195,43.70779663240718,43.10928404478157,43.41910367372606,113611200
2018-05-09,43.975372314453125,43.98475916138972,43.47309184046762,43.78525732674539,92844800
2018-05-10,44.60440444946289,44.68185938348441,44.043446213428126,44.0645728909975,111957200
2018-05-11,44.434757232666016,44.78111254653238,44.16615551938289,44.64681348749568,104848800
2018-05-14,44.331085205078125,44.656235967916004,44.262758245240285,44.53371481746541,83115200
2018-05-15,43.928199768066406,44.07663883685339,43.61247553480892,44.008308257959634,94780800
2018-05-16,44.33816909790039,44.40414481398957,43.824528500318344,43.84102332814337,76732400
2018-05-17,44.057777404785156,44.510159080061804,43.90933837555642,44.29574794788918,69176000
2018-05-18,43.897560119628906,44.25098366663279,43.85515101968935,44.10490308433846,73190800
2018-05-21,44.208580017089844,44.594989665645436,44.038936405996104,44.29575668563138,73603200
2018-05-22,44.09782028198242,44.50307943581472,44.00828519595627,44.385271625868334,60962800
2018-05-23,44.38056564331055,44.41355169174006,43.76796349223717,43.90697946331335,80233600
2018-05-24,44.331085205078125,44.493660586497064,43.87399384244604,44.47716935972642,92936000
2018-05-25,44.43239974975586,44.68450662598143,44.21327532554309,44.34993283409535,69844000
2018-05-29,44.272193908691406,44.47246871582709,44.02950999616362,44.20151206637124,90056400
2018-05-30,44.177940368652344,44.29574820963541,44.00829679001992,44.22977610630169,74762000
2018-05-31,44.02951431274414,44.349951878449986,43.85751582088478,44.111981263816865,109931200
2018-06-01,44.82353210449219,44.828241829945235,44.23684771666393,44.293396778992886,93770000
2018-06-04,45.19816970825195,45.57279788752274,45.08507515502532,45.15340214056343,105064800
2018-06-05,45.546871185302734,45.69531022935619,45.32303698544506,45.49032571725215,86264000
2018-06-06,45.70472717285156,45.72829017819991,45.219359462438206,45.62226384455202,83734400
2018-06-07,45.58220672607422,45.75656001185925,45.318314744675604,45.742423647629074,85388800
2018-06-08,45.167518615722656,45.23820402855917,44.71278214467778,45.04264261096891,106627200
2018-06-11,45.056785583496094,45.231142481373176,44.81646017789385,45.08506190990398,73234000
2018-06-12,45.30418395996094,45.381937568012425,45.0379370834704,45.09448614256514,67644400
2018-06-13,44.93190002441406,45.44554396849408,44.870641254749685,45.337159196554886,86553600
2018-06-14,44.95547103881836,45.13689611332946,44.818813517322575,45.13218279322,86440400
2018-06-15,44.49366760253906,44.80468204998491,44.35701006610469,44.77405085873973,246876800
2018-06-18,44.4701042175293,44.5831987359482,44.107254061254174,44.26747459129005,73939600
2018-06-19,43.75147247314453,43.90226635171033,43.2236921005594,43.62188314112478,134314000
2018-06-20,43.942317962646484,44.10724819574322,43.76089290863536,43.90697705384341,82514800
2018-06-21,43.697296142578125,44.37822547833607,43.57477495274452,44.11904672969014,102847600
2018-06-22,43.570045471191406,43.8598517133983,43.51820974068812,43.852783531530534,108801600
2018-06-25,42.922115325927734,43.570058556606334,42.5828281135387,43.21192165517229,126652400
2018-06-26,43.45459747314453,43.94939183167297,43.009283988552895,43.11531391910178,98276800
2018-06-27,43.39098358154297,44.12610333725696,43.36035239331826,43.643090484345954,101141200
2018-06-28,43.706703186035156,43.873991879852326,43.306157299059485,43.37684271328096,69460800
2018-06-29,43.61482620239258,44.10490733287168,43.09647233589699,43.89285102711627,90950800
2018-07-02,44.1025505065918,44.13082683886514,43.216636658259354,43.31088510715263,70925200
2018-07-03,43.33444595336914,44.28397708664571,43.2449108227678,44.24627770584401,55819200
2018-07-05,43.68315124511719,43.92112541341989,43.419262800087296,43.65016518948845,66416800
2018-07-06,44.28867721557617,44.39705840908352,43.636020811298415,43.6878565456575,69940800
2018-07-09,44.90364074707031,44.92720016005415,44.60205293727909,44.64917535845704,79026400
2018-07-10,44.849449157714844,45.0685700292257,44.80939132562234,44.934270952056835,63756400
2018-07-11,44.26747131347656,44.71513962901053,44.20385407867217,44.41355187208477,75326000
2018-07-12,45.009666442871094,45.09920155846209,44.60440715522057,44.65624289633007,72164400
2018-07-13,45.080352783203125,45.200515497182295,44.979036161635726,45.021448857587984,50055600
2018-07-16,44.98138427734375,45.391353204429265,44.86593131540765,45.12510996660727,60172400
2018-07-17,45.10862350463867,45.20758166383214,44.5784881977529,44.708077547367004,62138000
2018-07-18,44.86122512817383,45.19108924534587,44.75048546825586,45.18637592497211,65573600
2018-07-19,45.20994186401367,45.36780395227822,44.693942903525354,44.693942903525354,81147200
2018-07-20,45.106266021728516,45.33952324227363,44.80703310367688,45.18637448948724,82704800
2018-07-23,45.146324157714844,45.22879109031837,44.66331125648758,44.92719968848247,63957600
2018-07-24,45.47382354736328,45.62933074980564,45.24998938365914,45.34423421199465,74791600
2018-07-25,45.90266036987305,45.90972855448349,45.339535297694646,45.4879743649357,66839600
2018-07-26,45.7589225769043,46.17125001494184,45.617551731493165,45.85316741037176,76304000
2018-07-27,44.99787902832031,45.98982256720947,44.790539686327264,45.942700152902404,96096000
2018-07-30,44.74577713012695,45.2853354853208,44.547860810814726,45.21465005836353,84118000
2018-07-31,44.835304260253906,45.271194687816894,44.61147009280662,44.83766271788807,157492000
2018-08-01,47.476558685302734,47.53781746675014,46.48932842822588,46.918150683987434,271742800
2018-08-02,48.86433410644531,49.097594916163985,47.20560135629759,47.25979195423673,249616000
2018-08-03,49.005706787109375,49.182418547865296,48.41430912684515,48.7795141514494,133789600
2018-08-06,49.26017379760742,49.30258289590306,48.7889424198688,49.008063284816416,101701600
2018-08-07,48.798362731933594,49.36148405297779,48.715895807364944,49.319074957057836,102349600
2018-08-08,48.83135223388672,48.96329644635382,48.1881224005045,48.548614122141466,90102000
2018-08-09,49.215396881103516,49.4274495226711,48.819560729578775,49.368545611656835,93970400
2018-08-10,49.06880569458008,49.44002134910859,48.865465439702334,49.02861098938335,98444800
2018-08-13,49.38563537597656,49.877435128986555,49.10899869137438,49.48967042478114,103563600
2018-08-14,49.593719482421875,49.7852369637203,49.24141953269484,49.690661587811235,82992000
2018-08-15,49.70956802368164,49.82778902521528,49.25796293194664,49.46839617036378,115230400
2018-08-16,50.43781661987305,50.55367090797726,50.00039741215219,50.066600893302926,114001600
2018-08-17,51.4450569152832,51.53253931119231,50.39998358384993,50.46618706310315,141708000
2018-08-20,50.94380569458008,51.823366801630385,50.86104953392936,51.56801256244055,121150800
2018-08-21,50.844486236572266,51.35283870270329,50.60568111471057,51.26062646675485,104639200
2018-08-22,50.84686279296875,51.156601296459534,50.56076632942316,50.62224357048316,76072400
2018-08-23,50.95090103149414,51.3197500694594,50.74046774148476,50.75228695828093,75532800
2018-08-24,51.10930633544922,51.28427111585805,50.861041500529375,51.21334139829706,73905600
2018-08-27,51.530181884765625,51.71933624974518,51.14951003307881,51.34339064151377,82100400
2018-08-28,51.94630813598633,52.14491855568263,51.761883659437096,51.783162574157686,91107200
2018-08-29,52.72184371948242,52.84243146580002,51.87774753435485,52.05271233047196,109019200
2018-08-30,53.20655059814453,53.9702573574271,52.58470689450583,52.78568406644188,195175200
2018-08-31,53.821292877197266,54.11447864417697,53.43589126797498,53.556475387508385,173360400
2018-09-04,53.99390411376953,54.18778470948037,53.58486039691757,54.00572693727098,109560400
2018-09-05,53.6415901184082,54.30362837496612,53.22309041713026,54.14284956250599,133332000
2018-09-06,52.75021743774414,53.755096048130156,52.324621069428616,53.49027852572328,137160000
2018-09-07,52.32461929321289,53.286936430190956,52.18511936850075,52.45466312464746,150479200
2018-09-10,51.62238311767578,52.45465998116174,51.18260084633692,52.24186001307081,158066000
2018-09-11,52.927547454833984,53.03394564193792,51.203883114038426,51.54672332040395,142996000
2018-09-12,52.27024459838867,53.19946010310294,51.97941828552849,53.18527415765987,197114800
2018-09-13,53.5328369140625,53.99153499554689,52.6249004519719,52.849519642275006,166825600
2018-09-14,52.92518615722656,53.63451228780782,52.613084535836826,53.376791326239925,127997200
2018-09-17,51.5159912109375,52.71475044000342,51.371761426756805,52.52559609238329,148780400
2018-09-18,51.601104736328125,52.454660523096074,51.3362872360447,51.49470294727404,126286800
2018-09-19,51.63184356689453,51.927396096554034,50.90596843011665,51.66258218448119,108495200
2018-09-20,52.02433776855469,52.55633231761007,51.81626763486653,52.073992180573526,106435200
2018-09-21,51.4639778137207,52.33881268301883,51.37649180131732,52.20167586016159,384986800
2018-09-24,52.20402526855469,52.315153292233006,51.22042933428429,51.26535388953533,110773600
2018-09-25,52.53504943847656,52.68400905547717,51.946307549786276,51.958130371548314,98217600
2018-09-26,52.116546630859375,52.903898945307674,51.96049404071963,52.25368342754412,95938800
2018-09-27,53.1876220703125,53.539921915292425,52.85423801645415,52.920445089288755,120724800
2018-09-28,53.37442398071289,53.39806601850307,52.96774340940435,53.14980117088278,91717600
2018-10-01,53.73380661010742,54.24452218637405,53.51864713609809,53.89695216428858,94403200
2018-10-02,54.211429595947266,54.38166815008611,53.584859645171754,53.731452552639425,99152800
2018-10-03,54.87109375,55.202111089246685,54.329639578452706,54.39347992524257,114619200
2018-10-04,53.90641784667969,54.93730520599613,53.60849859022037,54.566089500033,128168000
2018-10-05,53.03158187866211,54.00572550581806,52.15438395852076,53.899327312763546,134322000
2018-10-08,52.90863037109375,53.15216535637329,52.06453065114557,52.53978140728469,118655600
2018-10-09,53.6415901184082,53.73616907381262,52.54922934016951,52.87788354358608,107564000
2018-10-10,51.156593322753906,53.51865029661315,51.08329687705558,53.308217052458474,167962400
2018-10-11,50.704986572265625,51.89901940310349,50.20136756167063,50.721539244147124,212497600
2018-10-12,52.516143798828125,52.69820518727146,51.270093186822955,52.11655615761714,161351600
2018-10-15,51.393035888671875,52.44993197126722,51.37175697346174,52.29151625611603,123164000
2018-10-16,52.525604248046875,52.72421832818737,51.25118163892535,51.76426049633067,116736000
2018-10-17,52.298606872558594,52.64144705306185,51.86118772679396,52.56105763845365,91541600
2018-10-18,51.076202392578125,51.955766930543895,50.36214653480621,51.51125481132157,130325200
2018-10-19,51.854095458984375,52.31515664645652,51.40958333577089,51.558542953192145,132314800
2018-10-22,52.170936584472656,52.81169612366842,51.76662270171441,51.96759627834825,115168400
2018-10-23,52.66272735595703,52.785678210129554,50.76409832307149,51.03127894622945,155071200
2018-10-24,50.85630798339844,53.01738767953561,50.726264164214655,52.63198967990546,163702000
2018-10-25,51.969947814941406,52.34352657548441,51.24879905591277,51.475784943669666,119423200
2018-10-26,51.14240264892578,52.062161836547574,50.28411707927676,51.0478236891772,189033600
2018-10-29,50.18244934082031,51.94394144771941,48.72832893518345,51.825720452520564,183742000
2018-10-30,50.43307876586914,50.87758726765469,49.48021780499368,49.924726306779235,146640000
2018-10-31,51.74769592285156,52.12363783449441,51.218064547531675,51.27954177612992,153435600
2018-11-01,52.54214096069336,52.57524269602282,51.26298888864335,51.79262026173322,233292800
2018-11-02,49.056983947753906,50.51583061906915,48.572277138067086,49.54642060751403,365314800
2018-11-05,47.66434860229492,48.32638701675462,46.85571728176754,48.305108099645274,264654800
2018-11-06,48.1797981262207,48.40441735489596,47.6879982232851,47.74237888525882,127531600
2018-11-07,49.64099884033203,49.66700760551551,48.264908230328544,48.699960659016895,133697600
2018-11-08,49.46780776977539,49.854550593236844,49.05496180600561,49.82133335158234,101450400
2018-11-09,48.51399230957031,48.87938196083556,47.98725918732527,48.77024114907393,137463200
2018-11-12,46.07014083862305,47.417819511836335,45.979978204665024,47.21614107916425,204542000
2018-11-13,45.609832763671875,46.784303647550004,45.42476479992899,45.46747474101187,187531600
2018-11-14,44.32147979736328,46.14368876236647,44.115055029309836,46.006073457133304,243204000
2018-11-15,45.41527557373047,45.54814450930108,44.34519912826086,44.69872824786671,185915200
2018-11-16,45.918277740478516,46.259942766410056,44.952603027303574,45.19935909025038,147713200
2018-11-19,44.098453521728516,45.246825160870316,43.89203234926841,45.080738951970936,167701200
2018-11-20,41.99151611328125,43.05684633458593,41.64273330485172,42.32131712569472,271300800
2018-11-21,41.94405746459961,42.77212054847709,41.889487071573676,42.643994348703465,124496800
2018-11-23,40.87873840332031,41.901362428757146,40.83366070501607,41.50749825732366,94496000
2018-11-26,41.43156051635742,41.50985905728153,40.39707629811021,41.34140152229291,179994000
2018-11-27,41.341400146484375,41.467151357006,40.544182944086934,40.693658680506765,165549600
2018-11-28,42.931087493896484,43.01412876378861,41.50511064186913,41.93219192550799,184250000
2018-11-29,42.601287841796875,43.37240554234032,42.16234247178632,43.33918830928703,167080000
2018-11-30,42.37113952636719,42.78635675904082,42.003374967632006,42.77686405200895,158126000
2018-12-03,43.85169219970703,43.88016308346337,42.995158116098935,43.76627592803061,163210000
2018-12-04,41.92269515991211,43.275115960024046,41.82304348205187,42.933450995699744,165377200
2018-12-06,41.45528793334961,41.46952337319293,40.435039173164846,40.75297606435523,172393600
2018-12-07,39.97711944580078,41.40072149253783,39.93203813505562,41.16345448474832,169126400
2018-12-10,40.24049377441406,40.35675231372011,38.75282833330837,39.14906387872286,248104000
2018-12-11,40.01033401489258,40.76009495801711,39.623587659446784,40.72925271093741,189126800
2018-12-12,40.12184524536133,40.79093620431171,40.10286345370511,40.43028940365676,142510800
2018-12-13,40.560787200927734,40.945162148551596,40.228614895975355,40.451646423760494,127594400
2018-12-14,39.262935638427734,40.11709814501256,39.21548297037447,40.098116353709955,162814800
2018-12-17,38.89755630493164,39.943904744588174,38.61046161430654,39.25582820608512,177151600
2018-12-18,39.40292739868164,39.749335147040604,39.00431700694578,39.23921261031191,135366000
2018-12-19,38.17388153076172,39.73035222871584,37.746800273297104,39.38631585646059,196189200
2018-12-20,37.21058654785156,38.4633561025011,36.84756830306149,38.05762791222595,259092000
2018-12-21,35.76325607299805,37.52615187290748,35.50226452935719,37.21770403005254,382978400
2018-12-24,34.83791732788086,35.95781796306272,34.780971939167266,35.151107914787005,148676800
2018-12-26,37.29125213623047,37.30548757627083,34.81181283127579,35.186695107435334,234330000
2018-12-27,37.04924392700195,37.196351942081705,35.60666362348881,36.97569172966579,212468400
2018-12-28,37.0682258605957,37.611569368803295,36.66961900113825,37.369555992471305,169165600
2018-12-31,37.4265022277832,37.81087365387044,37.12754345601977,37.61394158656188,140014000
2019-01-02,37.46920394897461,37.6898641400753,36.59368814570471,36.75028523353009,148158800
2019-01-03,33.73698806762695,34.574540108213995,33.69190676803851,34.16169431348471,365248800
2019-01-04,35.17720413208008,35.24601358953824,34.11899533904399,34.29219923540596,234428400
2019-01-07,35.09890365600586,35.31244611659193,34.617251961933846,35.281600249745665,219111200
2019-01-08,35.768001556396484,36.021878993464554,35.238897140785376,35.48565323681881,164101200
2019-01-09,36.375404357910156,36.66487039683081,35.50226350768915,35.89612398881753,180396400
2019-01-10,36.491668701171875,36.532003660455786,35.794103077351124,36.18322084854541,143122800
2019-01-11,36.13338851928711,36.46793584598435,35.94832055566885,36.273378795691265,108092800
2019-01-14,35.59005355834961,35.891383692191056,35.40498556947879,35.79173197667657,129756800
2019-01-15,36.31845474243164,36.394378285844226,35.601907520616955,35.654106540640925,114843600
2019-01-16,36.76214599609375,36.98517753374155,36.30184748144305,36.320829274052095,122278800
2019-01-17,36.98044204711914,37.40752345530275,36.36354627747528,36.586577880660485,119284800
2019-01-18,37.208221435546875,37.45972393547824,37.00891435712629,37.36956129572626,135004000
2019-01-22,36.37303924560547,37.18686348386207,36.21169577007339,37.11093991098238,121576000
2019-01-23,36.520137786865234,36.80960382903162,35.99340473442524,36.57470818551413,92522400
2019-01-24,36.23067092895508,36.65300590810053,36.00289663164888,36.565218274806185,101766000
2019-01-25,37.43123245239258,37.51902368512095,36.61503719155783,36.8902641000177,134142000
2019-01-28,37.08483123779297,37.09194895785594,36.4584465294026,36.96382275590851,104768400
2019-01-29,36.70046615600586,37.51904038821024,36.565225817907695,37.07297716838964,166348800
2019-01-30,39.2083740234375,39.42191288765638,38.017292600660475,38.73383999592237,244439200
2019-01-31,39.490718841552734,40.09812176355808,39.044655736776996,39.41242029951825,162958400
2019-02-01,39.509700775146484,40.09337555178489,39.369710497458655,39.614098831561684,130672400
2019-02-04,40.63197708129883,40.72925742817227,39.69002672443846,39.7208725954977,125982000
2019-02-05,41.3271598815918,41.54070233089087,40.89296450420444,41.013969357855885,144406400
2019-02-06,41.341400146484375,41.656965666225744,41.01159918712273,41.43867685735861,112958400
2019-02-07,40.55841827392578,41.27021921626802,40.41605663729461,40.904826038437854,126966800
2019-02-08,40.606082916259766,40.665654071185585,40.13189521411374,40.26771919259328,95280000
2019-02-11,40.37255859375,40.79670853270349,40.32966911040256,40.75858212354943,83973600
2019-02-12,40.7204475402832,40.746658986823185,40.43688833751438,40.532204341266045,89134000
2019-02-13,40.551273345947266,41.099328678315466,40.489320656037144,40.83959932500604,89960800
2019-02-14,40.69902420043945,40.80863311746357,40.36066039007715,40.43929477103916,87342800
2019-02-15,40.60846710205078,40.913471144288906,40.44881683274918,40.80624378561589,98507200
2019-02-19,40.72998046875,40.851507928428646,40.38685373654159,40.4392766336708,75891200
2019-02-20,40.992088317871094,41.29947740453898,40.744274000963244,40.79193018083782,104457600
2019-02-21,40.76095199584961,41.073104155107245,40.57985705809458,40.937283860774336,68998800
2019-02-22,41.216087341308594,41.223235588397145,40.837215701877646,40.884871894446135,75652800
2019-02-25,41.516319274902344,41.90710582108216,41.44959988672047,41.49964124582385,87493600
2019-02-26,41.54015350341797,41.77128984933254,41.263742503117236,41.39241821936573,68280800
2019-02-27,41.668827056884766,41.699805218546146,41.15889815564964,41.2732773821219,111341600
2019-02-28,41.258968353271484,41.6783514880164,41.20416392486593,41.53776447622518,112861600
2019-03-01,41.692657470703125,41.735546954193026,41.19702505785762,41.52824051212283,103544800
2019-03-04,41.902339935302734,42.35507912985598,41.45436381391855,41.86421353434797,109744800
2019-03-05,41.82609176635742,41.93808580910875,41.590188724744905,41.923789316150554,78949600
2019-03-06,41.58543395996094,41.81657033812453,41.44722844052762,41.621175199497635,83241600
2019-03-07,41.10407638549805,41.56634889877118,40.989700843182234,41.43052498807564,99185600
2019-03-08,41.201786041259766,41.239912445241174,40.389234781584264,40.58462987503848,95997600
2019-03-11,42.62910842895508,42.681531325611424,41.78320110804429,41.816560802649775,128044000
2019-03-12,43.108070373535156,43.527449985065225,42.74111003200352,42.89123050226052,129870400
2019-03-13,43.29869079589844,43.67756238941142,43.11044394955633,43.42736286383217,124130000
2019-03-14,43.780029296875,43.86819707283481,43.50123674636694,43.82053724326323,94318000
2019-03-15,44.349525451660156,44.63785139707803,43.7824106162076,44.04690664893718,156171600
2019-03-18,44.80226516723633,44.89042929325558,44.270887966592596,44.273273139252964,104879200
2019-03-19,44.44721603393555,45.033397616371296,44.30186231557087,44.88089565250784,126585600
2019-03-20,44.835628509521484,45.152547444755115,44.018310490038075,44.375737368520994,124140800
2019-03-21,46.4869270324707,46.78240115191629,45.22878503343353,45.27882638341113,204136800
2019-03-22,45.52427291870117,47.10648249507304,45.45993505954188,46.546512238552936,169630800
2019-03-25,44.97384262084961,45.745882499269285,44.46391365530103,45.633888431682614,175381200
2019-03-26,44.50918197631836,45.96033805607303,43.98257500926579,45.66963053267575,199202000
2019-03-27,44.90949249267578,45.2168779833319,44.4519865617811,44.976211880352054,119393600
2019-03-28,44.969085693359375,45.16924395457376,44.685526338671146,45.023890152419945,83121600
2019-03-29,45.26215744018555,45.2931356005877,44.926175293457625,45.23356445269698,94256000
2019-04-01,45.569541931152344,45.67438408651486,44.88804792365926,45.66485430363971,111448000
2019-04-02,46.23197555541992,46.33682135310815,45.52427005695858,45.5337998404147,91062800
2019-04-03,46.54889678955078,46.822922617672326,46.024667775160154,46.048497688881305,93087200
2019-04-04,46.62990188598633,46.79193362679722,46.022275586078464,46.4154436199364,76457200
2019-04-05,46.94207000732422,46.965899923630765,46.68710371939616,46.81101273950768,74106400
2019-04-08,47.68075180053711,47.71172632732698,46.78479934209682,46.80386254716306,103526800
2019-04-09,47.53778076171875,48.336035677504945,47.47344289751336,47.73317589155191,143072800
2019-04-10,47.80465316772461,47.833249790891394,47.22323818776864,47.34238048248308,86781200
2019-04-11,47.406715393066406,47.89519949822014,47.28519156894748,47.85945826640106,83603200
2019-04-12,47.387657165527344,47.690279625122976,46.753822893813584,47.46629151971839,111042800
2019-04-15,47.47343826293945,47.62117718246721,47.18273076972158,47.31855473245824,70146400
2019-04-16,47.47821044921875,47.98337267920693,47.31379347996625,47.528251819139626,102785600
2019-04-17,48.40275573730469,48.46232689195172,47.32570824322464,47.54731119326293,115627200
2019-04-18,48.57669448852539,48.64579541672132,48.25739402484164,48.400362590881734,96783200
2019-04-22,48.73634338378906,48.834040931260986,48.214499587608906,48.33126033721687,77758000
2019-04-23,49.43928909301758,49.50362695477499,48.58622976622122,48.712520316675125,93292000
2019-04-24,49.363033294677734,49.67756704213216,49.33682184606203,49.410689482360645,70162400
2019-04-25,48.91505432128906,49.50599901366292,48.87692791895943,49.28439611749792,74172800
2019-04-26,48.681549072265625,48.84834758072015,48.16208670486749,48.82451766411174,74596400
2019-04-29,48.75539779663086,49.079464902654784,48.57668439924854,48.70535644555312,88818800
2019-04-30,47.816566467285156,48.467082355820594,47.444843102407766,48.38606647084663,186139600
2019-05-01,50.16367721557617,51.30505889994742,49.8562880319381,50.01117521030859,259309200
2019-05-02,49.83721923828125,50.671215281428715,49.594171580722325,50.00163618282265,127985200
2019-05-03,50.45676803588867,50.47821277895846,50.09457439721513,50.25184311826302,83569600
2019-05-06,49.67755889892578,49.76334147706705,48.49090293124945,48.679146114316794,129772400
2019-05-07,48.338417053222656,49.42499431382498,47.854699576559206,49.05803760722793,155054800
2019-05-08,48.347938537597656,48.92935347903369,48.07391273228292,48.10965396395561,105358000
2019-05-09,47.828495025634766,48.057246252491176,46.86105993269764,47.75224219272583,139634400
2019-05-10,47.1659049987793,47.56537602832093,46.11102569153266,47.22331486139337,164834800
2019-05-13,44.42464065551758,45.32403977104099,43.73813138927743,44.90065443085275,229722400
2019-05-14,45.127891540527344,45.37666024246978,44.35048432829495,44.58968654744338,146118800
2019-05-15,45.66848373413086,45.86702199876712,44.49639441030362,44.55619496049758,106178800
2019-05-16,45.467552185058594,46.039245266520595,45.17094015892705,45.42688825122322,132125600
2019-05-17,45.20922088623047,45.66370365738736,44.673406583972145,44.7140705245547,131516400
2019-05-20,43.79553985595703,44.09693703228056,43.12338210548431,43.89839872325471,154449200
2019-05-21,44.6351318359375,44.970013454882476,44.180645467442574,44.30503163302324,113459200
2019-05-22,43.72137451171875,44.422238802588666,43.66635903186872,44.171075781629334,118994400
2019-05-23,42.97507095336914,43.185566421251686,42.53254539430105,43.00855911757338,146118800
2019-05-24,42.810020446777344,43.56829102566304,42.72629821206873,43.10423814743245,94858800
2019-05-28,42.63301086425781,43.19752825231062,42.55646805143749,42.79806098088244,111792800
2019-05-29,42.4296875,42.900916127061286,42.09958729527348,42.20005178150852,113924800
2019-05-30,42.64975357055664,42.87220986761559,42.25985281126963,42.56603133944261,84873600
2019-05-31,41.87712860107422,42.57559854863849,41.857991988135176,42.154600363851024,108174400
2019-06-03,41.453739166259766,42.558852087002684,40.72895684162504,42.003904918771,161584400
2019-06-04,42.97028732299805,43.01573632949458,41.74557310553312,41.96563871336283,123872000
2019-06-05,43.66396713256836,44.25001543111583,43.32908551905767,44.080180266448075,119093600
2019-06-06,44.30502700805664,44.36482755162113,43.57067458111561,43.793134501142,90105200
2019-06-07,45.48430252075195,45.90769148933359,44.43659923654732,44.61360655057878,122737600
2019-06-10,46.065574645996094,46.73294738855598,45.8359388555826,45.88138787190985,104883600
2019-06-11,46.5989875793457,46.88363882764626,46.30955491422111,46.610948421278835,107731600
2019-06-12,46.4506721496582,46.87645174018506,46.25930967471751,46.393262312195304,73012800
2019-06-13,46.44110870361328,47.072602406865755,46.30955040496847,46.57267065219424,86698400
2019-06-14,46.10382843017578,46.307148088553,45.52017454036724,45.81917725851215,75046000
2019-06-17,46.37892532348633,46.63487348967202,45.96749715069551,46.14211377579519,58676400
2019-06-18,47.46968460083008,47.90981585388891,46.69467166608227,46.89560067509566,106204000
2019-06-19,47.3309440612793,47.811742879326864,47.1969913965281,47.76389951339883,84496800
2019-06-20,47.711273193359375,47.98635426785553,47.369212143833636,47.9289444249456,86056000
2019-06-21,47.54862594604492,48.04377638657859,47.397927351110866,47.55341101332739,191202400
2019-06-24,47.500789642333984,47.87872968624275,47.40271583063661,47.49121950708015,72881600
2019-06-25,46.7807731628418,47.663426161251905,46.7137931929715,47.46488790932587,84281200
2019-06-26,47.79259490966797,48.077246079612706,47.206550315629954,47.30701479032771,104270000
2019-06-27,47.77824401855469,48.21598443927139,47.73758008656709,47.90980229559993,83598800
2019-06-28,47.34290313720703,47.720843084338505,47.13479837293914,47.52469551117032,124442400
2019-07-01,48.21121597290039,48.914471197496404,47.9959317500997,48.59872246403011,109012000
2019-07-02,48.49346160888672,48.589144680081205,48.16575575864351,48.17771659878482,67740800
2019-07-03,48.895320892333984,48.90249666609173,48.48389283052297,48.62502124767299,45448000
2019-07-05,48.85226821899414,49.05559156534589,48.534128829376186,48.641772747995475,69062000
2019-07-08,47.84522247314453,48.17531900929946,47.46010680601736,48.034190594932134,101354400
2019-07-09,48.137054443359375,48.20163641262728,47.555791170395594,47.64907988705199,82312000
2019-07-10,48.613067626953125,48.73266874059022,48.21360034539757,48.28297103527144,71588400
2019-07-11,48.2590446472168,48.89053831965134,48.24947816503057,48.6321995013914,80767200
2019-07-12,48.629798889160156,48.79723966783726,48.36667505842812,48.426475597236745,70380800
2019-07-15,49.08668518066406,49.244555859075206,48.797248912027776,48.81877623409258,67789600
2019-07-16,48.9168586730957,49.301974430162524,48.677656430195476,48.938385998971945,67467200
2019-07-17,48.64177322387695,49.057982753514956,48.62263660815599,48.80921404901501,56430000
2019-07-18,49.194332122802734,49.246956906066245,48.725494140074105,48.797255539973115,74162400
2019-07-19,48.45997619628906,49.39525773939744,48.40496070844038,49.2254225596,83717200
2019-07-22,49.56747817993164,49.56986888785843,48.70395812670782,48.71352460835078,89111600
2019-07-23,49.954994201660156,49.971740110187,49.58423000504602,49.864099833734244,73420800
2019-07-24,49.914329528808594,50.029145578681785,49.5555261792605,49.67512729577653,59966400
2019-07-25,49.51963806152344,50.050667211733845,49.45026738292767,49.96694498582467,55638400
2019-07-26,49.69187927246094,50.16788943836609,49.54835645514004,49.62968434831801,70475600
2019-07-29,50.15592575073242,50.38556151543497,49.85931729833176,49.86410236528758,86693600
2019-07-30,49.940643310546875,50.27074356929918,49.5890157262072,49.935858243770845,135742800
2019-07-31,50.95963668823242,52.95219151502836,50.54342718307284,51.76814131769529,277125600
2019-08-01,49.8569221496582,52.15326516054023,49.45267342174729,51.16535872118057,216071600
2019-08-02,48.802040100097656,49.37851470178692,48.23034691506533,49.163234154260714,163448400
2019-08-05,46.24735641479492,47.51751962109188,46.0655640412733,47.35964892958403,209572000
2019-08-06,47.12284469604492,47.37879286336873,46.41480440834536,46.95779455449021,143299200
2019-08-07,47.61080551147461,47.73519168066867,46.362173353172416,46.742503985009016,133457600
2019-08-08,48.66090393066406,48.684825611688794,47.694528606203654,47.888281812721345,108038000
2019-08-09,48.25992965698242,48.684923651503915,47.85173786990309,48.33436350922728,98478800
2019-08-12,48.13745880126953,48.51443488116721,47.8181106881789,47.93096316663212,89927600
2019-08-13,50.176002502441406,50.93715403198438,48.137458527792965,48.267120536421295,188874000
2019-08-14,48.682525634765625,49.56853618197208,48.644106979365894,48.78097206530071,146189600
2019-08-15,48.44001388549805,49.2563901473788,47.94298215754146,48.8530052642296,108909600
2019-08-16,49.582942962646484,49.74141717055693,48.944246546865365,49.04989601880567,110481600
2019-08-19,50.507354736328125,51.07881647496091,50.43051745097723,50.5721820740641,97654400
2019-08-20,50.50975799560547,51.227691316707656,50.50015516617898,50.634616760971866,107537200
2019-08-21,51.057220458984375,51.299731333447795,50.80750654514709,51.14126080341854,86141600
2019-08-22,51.01399230957031,51.48941113488219,50.603400826025755,51.18927233994728,89014800
2019-08-23,48.65610122680664,50.91554700309597,48.2623192659155,50.28645358396467,187272000
2019-08-26,49.580535888671875,49.74861290398016,49.23717515529538,49.429264742992345,104174400
2019-08-27,49.02107238769531,50.07515974076012,48.86980125519638,49.90948253160488,103493200
2019-08-28,49.35003662109375,49.395658318642454,48.81939311460726,49.00667948910894,63755200
2019-08-29,50.18560791015625,50.26004541127674,49.621349155907794,50.06315259687426,83962000
2019-08-30,50.12077713012695,50.53136493485516,49.75100409655746,50.461734349049834,84573600
2019-09-03,49.390838623046875,49.69818045135938,49.03547532102372,49.56611865080238,80092000
2019-09-04,50.22883224487305,50.29846283883695,49.77982574387522,50.036742667870506,76752400
2019-09-05,51.21088409423828,51.376561303793046,50.78588651283309,50.90354224548307,95654800
2019-09-06,51.20608139038086,51.48461108870742,51.0259981022255,51.39577117230135,77449200
2019-09-09,51.4245719909668,51.96962498217467,50.68023009560839,51.5854459199359,109237600
2019-09-10,52.032066345214844,52.05127566981013,50.833914491991756,51.3501518092004,127111600
2019-09-11,53.686431884765625,53.71524770381324,52.27938090410862,52.36102145030546,177158400
2019-09-12,53.56637191772461,54.365942133767874,53.511147403478866,53.97696341496987,128906800
2019-09-13,52.5242919921875,53.01411692029238,52.10890090309722,52.82443080357143,159053200
2019-09-16,52.800418853759766,52.855647033642335,52.23855987155783,52.27937831072937,84632400
2019-09-17,52.992515563964844,53.02133138546332,52.61313961117362,52.81483570644543,73274800
2019-09-18,53.48954391479492,53.508753239988586,52.6899736146539,53.07895237436418,101360000
2019-09-19,53.05493927001953,53.72724727960935,52.91327096589523,53.307052941713785,88242400
2019-09-20,52.27937698364258,53.43911377467882,52.216949430695024,53.15578449922015,221652400
2019-09-23,52.51709747314453,52.78602071935204,52.26017685029636,52.57232199753262,76662000
2019-09-24,52.267372131347656,53.42230937106519,52.14972006049818,53.071745622463716,124763200
2019-09-25,53.071739196777344,53.184591670853635,52.137707462518556,52.47626488474743,87613600
2019-09-26,52.798011779785156,53.05012908229732,52.5434946860541,52.82442413840649,75334000
2019-09-27,52.541107177734375,53.05494473156102,52.17133407059121,52.95409485593707,101408000
2019-09-30,53.777671813964844,53.92413970007018,53.01411677472275,53.040529136604164,103909600
2019-10-01,53.926544189453125,54.79814854366671,53.832901018952796,54.04180014068749,139223200
2019-10-02,52.57471466064453,53.68402648733403,52.32739692001443,53.5591677213098,138449200
2019-10-03,53.02132797241211,53.05494337549281,51.65509540469614,52.447459000713295,114426000
2019-10-04,54.50761413574219,54.62287009035569,53.75846874977578,54.178663133484626,138478800
2019-10-07,54.51961135864258,55.208728860944525,54.22667560102354,54.32992525189106,122306000
2019-10-08,53.880924224853516,54.75973164617533,53.86411835463812,54.221885178414524,111820000
2019-10-09,54.512413024902344,54.694896109411246,54.17865880193493,54.512413024902344,74770400
2019-10-10,55.24716567993164,55.33120603586923,54.57725727983536,54.72852479119621,113013600
2019-10-11,56.71663284301758,57.059989886560345,55.78019754791175,55.93386847365883,166795600
2019-10-14,56.63499450683594,57.17764784685901,56.34686196781524,56.40208648570823,96427600
2019-10-15,56.502933502197266,57.06238901917909,56.397284055002885,56.75985041805286,87360000
2019-10-16,56.274837493896484,56.48373664287502,55.993907945757734,56.03472639321673,73903200
2019-10-17,56.49333190917969,56.70222736637808,56.070737747547255,56.447710219951496,67585200
2019-10-18,56.7646598815918,57.045589398505086,56.255621913343404,56.327655968301634,97433600
2019-10-21,57.74909973144531,57.86435565824575,56.9831486601448,57.03117013107662,87247200
2019-10-22,57.61705780029297,58.15490428802028,57.53541724657344,57.90519037069038,82293600
2019-10-23,58.39020538330078,58.40461512439032,57.91958976088768,58.130888664552984,75828800
2019-10-24,58.48625564575195,58.77919144814045,58.06125802035155,58.7095571851868,69275200
2019-10-25,59.20659637451172,59.242611574535424,58.3181860238151,58.38541683972914,73477200
2019-10-28,59.79964828491211,59.84766975456233,59.24018918716893,59.40826616284637,96572800
2019-10-29,58.416622161865234,59.96774132739238,58.24374555756727,59.78045498091568,142839600
2019-10-30,58.40941619873047,58.89924482176762,57.91719144782321,58.76958279527963,124522000
2019-10-31,59.73002624511719,59.82847265948915,56.96874904224295,59.365060070154456,139162000
2019-11-01,61.42521667480469,61.45162537567779,59.826076043549875,59.91731576023175,151125200
2019-11-04,61.82860565185547,61.9126459988458,61.319571313663445,61.78778354242281,103272000
2019-11-05,61.73975372314453,61.99427084278033,61.54526436432109,61.720540736224365,79897600
2019-11-06,61.766170501708984,61.82619827037496,61.317163964504836,61.65331800351261,75864400
2019-11-07,62.47903060913086,62.70059923548496,62.161130673338896,62.31285597676723,94940400
2019-11-08,62.65003204345703,62.722278694428965,61.85769280629216,62.30082274800635,69986400
2019-11-11,63.1461296081543,63.211151577858246,62.20206528912608,62.2068792814575,81821200
2019-11-12,63.088321685791016,63.28821627609812,62.837861804605424,62.98957972605956,87388800
2019-11-13,63.69282913208008,63.7674864521532,62.87400193315638,62.88845126287323,102734400
2019-11-14,63.25209045410156,63.79155153017044,63.12203917697569,63.519410321387355,89182800
2019-11-15,64.00348663330078,64.0083006253325,63.34119892343502,63.50255217696832,100206400
2019-11-18,64.32621002197266,64.40568132510607,63.635023558282754,64.01312410296957,86703200
2019-11-19,64.13114929199219,64.5429699152776,63.9144019823477,64.51888524762629,76167200
2019-11-20,63.384552001953125,64.0805524112698,62.71262890433902,63.95050846949165,106234400
2019-11-21,63.100364685058594,63.582028456160344,62.900470104272074,63.50496048887865,121395200
2019-11-22,63.044979095458984,63.38214231017823,62.81859650494602,63.240052360746795,65325200
2019-11-25,64.1504135131836,64.16727351573608,63.22320891771047,63.26896758200509,84020400
2019-11-26,63.64946746826172,64.3406538731176,63.21837629203759,64.28767055900286,105207600
2019-11-27,64.5044174194336,64.53813741439751,63.89511298558591,63.96013495495072,65235600
2019-11-29,64.36231994628906,64.54294385633477,64.03719543828564,64.20578069417058,46617600
2019-12-02,63.6181755065918,64.60317740407082,63.44718686194022,64.36715942230869,94487200
2019-12-03,62.483863830566406,62.50312715627298,61.72283384699571,62.20931182938562,114430400
2019-12-04,63.035343170166016,63.41345104116114,62.780061927870314,62.87398990266559,67181600
2019-12-05,63.96016311645508,64.03482780252034,63.27379775546852,63.52907910262776,74424400
2019-12-06,65.19562530517578,65.26546863947017,64.37438734550834,64.41774268897909,106075600
2019-12-09,64.28288269042969,65.21730470607133,63.79880800336891,65.02464203987111,128042400
2019-12-10,64.65858459472656,65.04150663179412,64.02759851675567,64.6874832617339,90420400
2019-12-11,65.2100601196289,65.28953877362453,64.66337427533851,64.73803158690569,78756800
2019-12-12,65.37623596191406,65.64115256416365,64.3791955584024,64.48997619221315,137310400
2019-12-13,66.26492309570312,66.30104642565348,65.24861176531338,65.37625243087754,133587600
2019-12-16,67.39920806884766,67.623187308464,66.70561841103523,66.71043240289573,128186000
2019-12-17,67.53167724609375,67.85920511821561,67.14393404643634,67.32937932220554,114158400
2019-12-18,67.3703384399414,67.89053641959352,67.22102378228007,67.38478777135322,116028400
2019-12-19,67.43771362304688,67.71707937490825,67.18002919943235,67.31248374101362,98369200
2019-12-20,67.2980728149414,68.07114122602003,67.08613954782287,67.96999593464518,275978000
2019-12-23,68.39627838134766,68.45648637288053,67.52205716835296,67.560591164887,98572000
2019-12-24,68.4612808227539,68.61060277279962,68.136163640974,68.56243345348084,48478800
2019-12-26,69.81958770751953,69.83644770700805,68.56485537418061,68.59375403067095,93121200
2019-12-27,69.7930908203125,70.79736320865955,69.38849493923185,70.11099073385043,146266000
2019-12-30,70.20732879638672,70.48910541724575,68.69009042144484,69.7112155576161,144114400
2019-12-31,70.72029113769531,70.72751580123949,69.72565414200866,69.8243961101836,100805600
2020-01-02,72.3338623046875,72.39407027941263,71.09116882440814,71.34403937841115,135480400
2020-01-03,71.6306381225586,72.38925722098051,71.40666619485818,71.56320547713457,146322800
2020-01-06,72.20142364501953,72.23995764322866,70.5035611498287,70.75402846338375,118387200
2020-01-07,71.86186218261719,72.46634548952974,71.64270418623039,72.2110641639823,108872000
2020-01-08,73.017822265625,73.31886213203573,71.56560624404386,71.56560624404386,132079200
2020-01-09,74.56879425048828,74.76145686133366,73.74274246581768,73.99320238999518,170108400
2020-01-10,74.73735809326172,75.30091119032697,74.23643098983341,74.80238740809561,140644800
2020-01-13,76.3340835571289,76.36057889021191,74.93485068528152,75.05286332420356,121532000
2020-01-14,75.30335235595703,76.4810244319536,75.18053302658049,76.2715017557603,161954400
2020-01-15,74.9806137084961,75.98247543934815,74.54952248725758,75.10344034713454,121923600
2020-01-16,75.91984558105469,76.03063354644571,75.16122656820497,75.52247441714353,108829200
2020-01-17,76.7603530883789,76.76275640961391,75.86204746774389,76.16790133072386,137816400
2020-01-21,76.24016571044922,76.83019952815127,76.10288974668396,76.3894803308505,110843200
2020-01-22,76.5123062133789,77.06380603496487,76.4183782339569,76.72423213565071,101832400
2020-01-23,76.88079071044922,76.96026202494508,76.01860816134078,76.56530142477,104472000
2020-01-24,76.65921783447266,77.86819158420508,76.46895853504518,77.1264324079885,146537600
2020-01-27,74.40504455566406,75.08418516629278,73.42485661478304,74.67236453066312,161940000
2020-01-28,76.50991821289062,76.68090687398296,75.18534222076916,75.28408422213496,162234000
2020-01-29,78.11143493652344,78.95675744540253,77.39857441186852,78.13793027321145,216229200
2020-01-30,77.99823760986328,78.05122092954578,76.76517927864235,77.19627050016777,126743200
2020-01-31,74.53990936279297,77.71166246110458,74.24609404973549,77.29020649112265,199588400
2020-02-03,74.33518981933594,75.4984048922783,72.78423148900761,73.28515870612867,173788400
2020-02-04,76.78924560546875,76.97950484657014,75.53210291102174,75.93669870128832,136616400
2020-02-05,77.4154281616211,78.21258127557842,76.81334832632962,77.91394467954083,118826800
2020-02-06,78.3209457397461,78.32335641079244,77.12883215929374,77.68515330009288,105425600
2020-02-07,77.25636291503906,78.06989154294402,76.76631409771366,77.82124622907054,117684000
2020-02-10,77.62330627441406,77.62330627441406,75.76450341427329,75.84416334192943,109348800
2020-02-11,77.15497589111328,78.19059906005786,76.9377141953968,78.11818095050265,94323200
2020-02-12,78.98722076416016,78.99204618157108,77.60397618630914,77.60397618630914,113730400
2020-02-13,78.42476654052734,78.75066279160559,78.0578358133656,78.26061390209061,94747600
2020-02-14,78.44406127929688,78.69270656111114,77.93711251400148,78.3933612458328,80113600
2020-02-18,77.00772857666016,77.18878123005356,75.94796350927948,76.12901616267288,152531200
2020-02-19,78.12299346923828,78.3523297233802,77.24911404532844,77.24911404532844,93984000
2020-02-20,77.321533203125,78.3716398349872,76.81700080414447,77.88400744802773,100566000
2020-02-21,75.57136535644531,77.35775721221363,74.95578935685651,76.91598466630131,129554000
2020-02-24,71.981689453125,73.43011036441114,69.82113268068633,71.75960237227564,222195200
2020-02-25,69.54350280761719,73.03178561562022,69.07277049917455,72.65037140517215,230673600
2020-02-26,70.646728515625,71.90927139616765,69.16209855410392,69.16934036398257,198054800
2020-02-27,66.02869415283203,69.04141300899963,65.89350875868202,67.85853712666133,320605600
2020-02-28,65.99005126953125,67.20914325476264,61.88860853206062,62.10346116385855,426510000
2020-03-02,72.13379669189453,72.76868922917748,67.0425965295844,68.14339616645945,341397200
2020-03-03,69.84285736083984,73.38665871766685,68.99311238709194,73.3069988099028,319475600
2020-03-04,73.08250427246094,73.2418314905751,70.76261982320094,71.56166493954149,219178400
2020-03-05,70.7119369506836,72.31243643111517,70.34741520260532,71.33958033890666,187572800
2020-03-06,69.77286529541016,70.20497969740977,67.88992061879122,68.07579869358199,226176800
2020-03-09,64.25437927246094,67.1319051551366,63.48912685930832,63.670179502443226,286744800
2020-03-10,68.88208770751953,69.14763308452109,65.0268727397902,66.90258302825225,285290000
2020-03-11,66.4897689819336,67.88749740945617,65.62795665733853,66.96292517997638,255598800
2020-03-12,59.92359924316406,65.17895530003963,59.868077460777144,61.78482214303871,418474000
2020-03-13,67.10293579101562,67.57367559511492,61.06301877546382,63.94538103600016,370732000
2020-03-16,58.47035217285156,62.54282496971143,57.9368487366503,58.40758489593045,322423600
2020-03-17,61.041290283203125,62.1879532458274,57.55059398806874,59.74978006097213,324056000
2020-03-18,59.54700469970703,60.350878847985236,57.24160039100893,57.88132191691277,300233600
2020-03-19,59.09075164794922,61.03646337436918,58.56690646649194,59.72081496454535,271857200
2020-03-20,55.3393440246582,60.79264863512061,55.04000233501268,59.67012006159394,401693200
2020-03-23,54.163692474365234,55.16068993061355,51.324789145799386,55.059300920685246,336752800
2020-03-24,59.59769821166992,59.79323446043245,56.56084169108887,57.05813231967632,287531200
2020-03-25,59.26939392089844,62.34245973328567,58.97488132854125,60.53193331315153,303602000
2020-03-26,62.388328552246094,62.44626304168301,59.47217348326275,59.510798931904375,252087200
2020-03-27,59.805301666259766,61.767909526223264,59.638732669554486,61.01473181958192,204216800
2020-03-30,61.512020111083984,61.683418202528024,60.206026401052306,60.529509863529455,167976400
2020-03-31,61.38650131225586,63.3660094986333,60.8336888557072,61.70274302705608,197002000
2020-04-01,58.156524658203125,60.04188561745125,57.726826674200176,59.50596949204973,176218400
2020-04-02,59.126949310302734,59.18005836764035,57.18847976805371,58.018908282578614,165934000
2020-04-03,58.2772102355957,59.31282945954129,57.68818520309446,58.612760898074754,129880000
2020-04-06,63.361175537109375,63.51566994282337,60.201204676104986,60.568135335844495,201820400
2020-04-07,62.627315521240234,65.58934152567265,62.52351377225885,65.37207245676143,202887200
2020-04-08,64.2302474975586,64.54406918127975,63.061855141740836,63.426369510698045,168895200
2020-04-09,64.69371795654297,65.19584133375365,63.899505790640596,64.86511973614601,161834800
2020-04-13,65.9635238647461,66.07215841536981,64.17230617831575,64.77098966919036,131022800
2020-04-14,69.29489135742188,69.58457858630197,67.12225924197793,67.59299914714502,194994800
2020-04-15,68.66241455078125,69.12107985304799,67.74508394624776,68.17236560618718,131154400
2020-04-16,69.20796203613281,69.57248363661981,68.16027185080422,69.37453102131897,157125200
2020-04-17,68.26890563964844,69.27073604048029,66.83496828577375,68.72516178272222,215250000
2020-04-20,66.85186767578125,67.99853426971617,66.83255863780644,67.09810395402242,130015200
2020-04-21,64.78546905517578,66.92913374203486,64.07574203406564,66.69497200558625,180991600
2020-04-22,66.65149688720703,67.08602016909022,65.71002486509416,66.05039726124157,116862400
2020-04-23,66.39321899414062,68.01545116760279,66.35459354155203,66.59599709494192,124814400
2020-04-24,68.3099365234375,68.31959472449138,66.86875759043463,66.91704122865521,126161200
2020-04-27,68.35823059082031,68.68895219864656,67.58091104598891,68.02750161594408,117087600
2020-04-28,67.25019073486328,69.00036629064134,67.1584635837108,68.81931364694016,112004800
2020-04-29,69.45903778076172,69.92736120107678,68.53204914375017,68.73482721743544,137280800
2020-04-30,70.92435455322266,71.10058178322025,69.60870972779222,69.99736587702316,183064000
2020-05-01,69.78251647949219,72.17965163700352,69.00519685948858,69.1017567929507,240616800
2020-05-04,70.76985168457031,70.89779524622708,69.11865261133845,69.80665406694762,133568000
2020-05-05,71.83203125,72.66245995311394,71.0836788601292,71.2285224464027,147751200
2020-05-06,72.5731430053711,73.20320267035598,72.14827044329485,72.5321011645588,142333600
2020-05-07,73.32389068603516,73.66910326152602,72.89660917840814,73.19836352852457,115215200
2020-05-08,75.06913757324219,75.12239040799929,73.65552559886389,73.98230402182824,133838400
2020-05-11,76.25037384033203,76.74416477518758,74.36958632362644,74.57775917368724,145946400
2020-05-12,75.37896728515625,77.38319884408511,75.25793879153254,76.93296900656856,162301200
2020-05-13,74.46884155273438,76.47791927324582,73.39410778103768,75.55809815483286,200622400
2020-05-14,74.92631530761719,74.98682954910396,72.98743664654351,73.70876906438306,158929200
2020-05-15,74.48335266113281,74.52934407916516,72.66792527667609,72.70181680027588,166348400
2020-05-18,76.23825073242188,76.61102048338427,75.11511038710799,75.80497413426188,135178400
2020-05-19,75.79772186279297,77.09998213452099,75.76625327530091,76.25520568719914,101729600
2020-05-20,77.27185821533203,77.34204942619355,76.6158784313997,76.65460843756124,111504800
2020-05-21,76.69575500488281,77.67366726497515,76.4585365069764,77.13387754437865,102688800
2020-05-22,77.18955993652344,77.27185842972254,76.33267609193112,76.43433589476804,81803200
2020-05-26,76.66668701171875,78.48452936483687,76.61101126364815,78.30540961703058,125522000
2020-05-27,77.00074768066406,77.14598335609439,75.78562421645006,76.52390248864035,112945200
2020-05-28,77.03462219238281,78.29089831885972,76.4004341829612,76.67637525704153,133560800
2020-05-29,76.9595947265625,77.73659554294788,76.60377068012559,77.27668877080987,153532400
2020-06-01,77.90602111816406,78.02704957806893,76.78287346449119,76.91358626954592,80791200
2020-06-02,78.26671600341797,78.2909231828301,77.19924365819143,77.63978920771235,87642800
2020-06-03,78.69756317138672,78.95898884323296,78.01496072344597,78.58621903033732,104491200
2020-06-04,78.0197982788086,78.81858326292213,77.64702850562604,78.52085794063949,87560400
2020-06-05,80.24190521240234,80.30241946972693,78.24009623942295,78.26914190101967,137250400
2020-06-08,80.71630096435547,80.75019247995644,79.23007527095147,79.9393002955481,95654400
2020-06-09,83.26517486572266,83.65730597576551,80.36533708864444,80.3968056767083,147712400
2020-06-10,85.40739440917969,85.8745626649843,83.77350959383725,84.2116321903992,166651600
2020-06-11,81.30693817138672,84.97652287764004,81.20527837641917,84.55292316229209,201662400
2020-06-12,82.00891876220703,84.18743203095863,80.90030081571983,83.44189962926336,200146000
2020-06-15,83.02311706542969,83.6742509001126,80.50330314287096,80.6654845616587,138808800
2020-06-16,85.22340393066406,85.49451390772815,83.44186840333514,85.07332981023045,165428800
2020-06-17,85.10481262207031,86.02704912393895,84.98378413219785,85.96653487900272,114406400
2020-06-18,85.13871002197266,85.55504835135272,84.53114459703605,85.06125001022909,96820400
2020-06-19,84.65217590332031,86.3078449275457,83.54597361995395,85.84309961565448,264476000
2020-06-22,86.86698150634766,87.00979422869749,84.99830144840965,85.04429286253834,135445200
2020-06-23,88.72114562988281,90.13718045697547,87.68998051908838,88.1087417587427,212155600
2020-06-24,87.15502166748047,89.26818142371512,86.78225190963218,88.35078354810454,192623200
2020-06-25,88.31206512451172,88.35079512662277,86.55231359048508,87.3099530977363,137522400
2020-06-26,85.59861755371094,88.42826445687878,85.45095894340278,88.20799170182455,205256800
2020-06-29,87.57136535644531,87.66577111516035,85.02976731524565,85.50661981464565,130646000
2020-06-30,88.30237579345703,88.58800861953088,87.1405053436716,87.1598666501381,140223200
2020-07-01,88.13536071777344,88.92204587845694,88.08695375546539,88.37984062385425,110737200
2020-07-02,88.13536071777344,89.67484690422407,88.02160103220285,89.04065881814572,114041600
2020-07-06,90.49300384521484,90.9601720457748,89.52961440129422,89.56108299075036,118655600
2020-07-07,90.21221923828125,91.6476154008952,90.10087509241899,90.87061453958542,112424400
2020-07-08,92.31327819824219,92.34474679060094,91.10057024745561,91.1877146099101,117092000
2020-07-09,92.71025848388672,93.25730230757911,91.66457041968785,93.20404946948581,125642800
2020-07-10,92.87239837646484,92.93049706109667,91.696005277293,92.3059860634942,90257200
2020-07-13,92.44398498535156,96.77922651804644,92.23097365442625,94.17469096863013,191649200
2020-07-14,93.97378540039062,94.16500509879575,90.89482027358295,91.82673375082925,170989200
2020-07-15,94.62007141113281,96.09419752364778,93.42430934647335,95.84487913129125,153198000
2020-07-16,93.45577239990234,94.31023318785083,92.85789140298706,93.49450240060445,110577600
2020-07-17,93.2669677734375,94.06091431617955,92.79495374103925,93.90600170117715,92186800
2020-07-20,95.23247528076172,95.37044953138843,93.01039399095433,93.35411815070974,90318000
2020-07-21,93.91810607910156,96.09661884897764,93.66878769091768,96.02158177786353,103433200
2020-07-22,94.18195343017578,94.86213298167614,93.53324246932021,93.62037944003524,89001600
2020-07-23,89.8951187133789,93.99314144318696,89.08664931990235,93.91568143989768,197004400
2020-07-24,89.67242431640625,90.01614846898383,86.31267234298356,88.09663844239333,185438800
2020-07-27,91.79769134521484,91.88967418415685,90.50995376100627,90.73264205708286,121214000
2020-07-28,90.2896728515625,91.54594911832494,90.2848269844815,91.36924487069622,103625600
2020-07-29,92.0203857421875,92.20435141750036,90.73506372270917,90.77137079362801,90329200
2020-07-30,93.13385009765625,93.23793283077006,90.7883172670131,91.1949712384762,158130000
2020-07-31,102.88390350341797,103.03397765297315,97.62157959922047,99.61613418906329,374336800
2020-08-03,105.47631072998047,108.09052270549662,104.4645145020522,104.7622398081077,308151200
2020-08-04,106.18070983886719,107.26996618839969,104.94379489849536,105.6651273181697,173071600
2020-08-05,106.56559753417969,106.88511455690511,105.43761099297775,105.90236369757778,121776800
2020-08-06,110.28357696533203,110.77737527223312,106.30900549573542,106.89720218347466,202428800
2020-08-07,107.77618408203125,110.26174118969138,106.98080610359243,109.80585245809037,198045600
2020-08-10,109.34271240234375,110.35876045671141,106.69710821737102,109.21903838608283,212403600
2020-08-11,106.09085083007812,109.10504168444446,105.8313811445449,108.60793322925056,187902400
2020-08-12,109.61672973632812,109.87377217439806,106.98567459916234,107.17966637873178,165598000
2020-08-13,111.55667114257812,112.55817011651827,110.50667052619417,110.99408465160128,210082000
2020-08-14,111.45724487304688,111.54696624880587,109.65066604650143,111.3820725095563,165565200
2020-08-17,111.1662826538086,112.6018472908006,110.5406527405879,112.57759646308833,119561600
2020-08-18,112.09257507324219,112.51693852673742,110.58426581680665,110.91890789561272,105633600
2020-08-19,112.23322296142578,113.64453639963617,112.13865437861999,112.49996719549999,145538000
2020-08-20,114.72362518310547,114.8375973733061,112.2574641314498,112.27444044495672,126907200
2020-08-21,120.63561248779297,121.11817195845913,115.66934527196243,115.6814669811538,338054800
2020-08-24,122.07844543457031,124.91804835697145,120.21609797723066,124.83316679017967,345937600
2020-08-25,121.07697296142578,121.42131690614454,119.35769534098384,120.95330633788029,211495600
2020-08-26,122.7234878540039,123.17937664467517,121.32672345710665,122.39127306939878,163022400
2020-08-27,121.25640106201172,123.65708422717836,120.11425182681509,123.32486945527224,155552400
2020-08-28,121.05998229980469,122.64588380173389,120.83688511649021,122.2287948592591,187630000
2020-08-31,125.16539764404297,127.06655257654671,122.21668415759454,123.74924435405829,225702700
2020-09-01,130.1510467529297,130.75244043183687,126.61064913629612,128.77368605712132,151948100
2020-09-02,127.45452117919922,133.8369490459464,123.18664339139957,133.45865994566697,200119000
2020-09-03,117.25041198730469,124.97140134269283,116.8818246649217,123.09935930505591,257599600
2020-09-04,117.32801818847656,119.98574406174012,107.56038329847304,116.46474218511382,332607200
2020-09-08,109.43242645263672,115.41716207276087,109.29663073421304,110.52849400857393,231366600
2020-09-09,113.79731750488281,115.56266939432574,111.799173992742,113.7391214492864,176940500
2020-09-10,110.08230590820312,116.88182317054356,109.12203408038299,116.74602745349068,182274400
2020-09-11,108.63705444335938,111.77007275174712,106.6971070425851,111.12988655734183,180860300
2020-09-14,111.89614868164062,112.4490333059739,109.41301877590674,111.27536620520715,140150100
2020-09-15,112.07074737548828,115.26196131479541,110.19869808587379,114.77697452888815,184642000
2020-09-16,108.76312255859375,112.51692255269627,108.67582849841733,111.77004623671577,154679000
2020-09-17,107.02687072753906,108.83102200073318,105.44581661191643,106.42549190334795,178011000
2020-09-18,103.6319580078125,107.55065156434694,102.90447793321525,107.08506846077829,287104900
2020-09-21,106.77471923828125,106.88141694986336,100.00429875934016,101.40106341982381,195713800
2020-09-22,108.4527587890625,109.47123415071694,105.88233436259476,109.29663858587081,183055400
2020-09-23,103.90359497070312,108.74376210707231,103.56409822420848,108.26847702241763,150718700
2020-09-24,104.97054290771484,106.93958810787352,101.84722676940335,102.01212050333626,167743300
2020-09-25,108.90863037109375,109.06382969318265,104.43705165768294,105.17423363698332,149981400
2020-09-28,111.50816345214844,111.85735453793174,109.39362072171006,111.5566650919616,137672400
2020-09-29,110.66429901123047,111.84766814275456,110.1599159291002,111.11049343812664,99382200
2020-09-30,112.3326416015625,113.73910777869786,110.2084044241761,110.37329816208843,142675200
2020-10-01,113.2832260131836,114.18530182393523,112.35205217632898,114.10770215411938,116120400
2020-10-02,109.62640380859375,111.90584749739754,108.85042943395283,109.50030991529614,144712000
2020-10-05,113.001953125,113.14745068204762,110.14053323775403,110.48972441454302,106243800
2020-10-06,109.7622299194336,112.63335124814374,108.87955028037823,112.2259566607193,161498200
2020-10-07,111.62458038330078,112.08046922763401,110.70310088509402,111.17839334850785,96849000
2020-10-08,111.51786041259766,112.90492288741173,111.14926572678705,112.75942537460811,83477200
2020-10-09,113.45780181884766,113.48689983988513,111.4693531777682,111.81854423083884,100506900
2020-10-12,120.66472625732422,121.42130453731181,115.6984583933761,116.45503667336371,240226800
2020-10-13,117.46379852294922,121.62498605023444,116.05733979847938,121.50858655705257,262330500
2020-10-14,117.5511245727539,119.33587277286527,116.02826603667377,117.36682718675729,150712000
2020-10-15,117.08551025390625,117.56079523723751,114.60238025084043,115.15526489684527,112559200
2020-10-16,115.44628143310547,117.90032142742069,115.24258781782645,117.63842435040979,115393800
2020-10-19,112.49755096435547,116.80422908289772,112.1871596819352,116.35804207693808,120639300
2020-10-20,113.98162078857422,115.40748342708119,112.15806534871491,112.71095010647143,124423700
2020-10-21,113.36082458496094,115.14557257156684,112.9534300225298,113.16682541230045,89946000
2020-10-22,112.27444458007812,114.49568501963495,111.14927164811971,113.92339674553574,101988000
2020-10-23,111.58576202392578,113.05042420827988,110.84858002778377,112.89522488264528,82572600
2020-10-26,111.595458984375,113.05041929759861,109.49061077367527,110.58668561250266,111850700
2020-10-27,113.09891510009766,113.75849741390176,111.10077194371063,112.02224386138344,92276800
2020-10-28,107.86105346679688,111.9640447506843,107.76405759395712,111.5954574737689,143937800
2020-10-29,111.85736846923828,113.41902674173545,108.83104781563942,108.99594897135509,146129200
2020-10-30,105.59130859375,108.62732277738229,104.48553947126106,107.72524718795079,190272600
2020-11-02,105.5040054321289,107.35665821287549,104.0975469359875,105.83380024244883,122866900
2020-11-03,107.1239013671875,108.14236934595198,105.46524717293197,106.3673230400161,107624400
2020-11-04,111.49845123291016,112.1192336829344,108.97652160464787,110.71277506341616,138235500
2020-11-05,115.4559555053711,116.02824377297978,113.3608163942021,114.40838224963099,126387100
2020-11-06,115.3248062133789,115.82034093796346,112.83738439067113,114.96529408792372,114457900
2020-11-09,113.02198791503906,118.53122507296646,112.7596464655049,117.08347300114552,154515300
2020-11-10,112.68192291259766,114.25598657554706,110.8940882741732,112.27383288243148,138023400
2020-11-11,116.10210418701172,116.23813418126791,113.13858512576901,113.86732041488949,112295000
2020-11-12,115.8300552368164,117.11262917137141,115.2082016572188,116.22843412444456,103162300
2020-11-13,115.87865447998047,116.27702600238625,114.52806537956721,116.05355128357041,81581900
2020-11-16,116.88914489746094,117.55957633149036,114.80010222486767,115.54826720324448,91183000
2020-11-17,116.00493621826172,117.24864320805052,115.58712770640344,116.16040329852451,74271000
2020-11-18,114.68351745605469,116.42276682795455,114.65436922624248,115.24707460935673,76322100
2020-11-19,115.27618408203125,115.68427398835739,113.49806853051076,114.25595190313857,74113000
2020-11-20,114.01307678222656,115.40253254906611,113.9644988709724,115.27622108410968,73604300
2020-11-23,110.62201690673828,114.2851304944073,110.5248536828197,113.85760341347095,127959300
2020-11-24,111.90458679199219,112.56530706965945,109.39773567263003,110.68031687022992,113874200
2020-11-25,112.74018859863281,113.439775552587,111.90457167175171,112.27380223804838,76499200
2020-11-27,113.28433227539062,114.158816151439,112.92482759135008,113.26490259506915,46691300
2020-11-30,115.67459869384766,117.5401594833683,113.49810369299398,113.6535707986605,169410200
2020-12-01,119.24053955078125,119.9692749139944,116.60737666127397,117.57902381222483,127728200
2020-12-02,119.59031677246094,119.87209529729249,117.46240743053765,118.56036589233359,89004200
2020-12-03,119.45429992675781,120.27047995352808,118.74499426371094,120.01784962535093,78967600
2020-12-04,118.78384399414062,119.37654924842553,118.07453843287111,119.12391895649799,78260400
2020-12-07,120.2413330078125,121.038083362331,118.7838623046875,118.84215876062711,86712000
2020-12-08,120.85346984863281,121.43646406909802,119.60004413555974,120.84375871454999,82225500
2020-12-09,118.32717895507812,122.37894545635208,117.5692954268489,120.99920839659741,115089200
2020-12-10,119.74576568603516,120.35790799685957,116.74338022789215,117.08345517108472,81312200
2020-12-11,118.9393310546875,119.27940607418536,117.13206676469383,118.95876073591047,86939800
2020-12-14,118.32717895507812,119.85266455789507,118.09398573402578,119.12392925566253,79184500
2020-12-15,124.25424194335938,124.27367903878984,120.6105649235341,120.81460994707473,157243700
2020-12-16,124.18620300292969,124.73032296084445,122.97164423038534,123.79755012617825,98208600
2020-12-17,125.05097198486328,125.90602613060179,124.40968137555939,125.24529842903367,94359800
2020-12-18,123.06884002685547,125.43966160781517,122.5441496402621,125.30363159052206,192541500
2020-12-21,124.59429168701172,124.67202522679207,119.94982017477122,121.47530568083864,121251600
2020-12-22,128.14077758789062,130.59904266881472,125.97399466980123,127.87842881518668,168904800
2020-12-23,127.24688720703125,128.6751945398209,127.07198305177502,128.41286054616967,88223700
2020-12-24,128.22828674316406,129.67604646021374,127.38295839338778,127.59672197110412,54930100
2020-12-28,132.814453125,133.44601785068772,129.72460743607215,130.1910087492954,124486200
2020-12-29,131.0460205078125,134.85487480481046,130.53104880605997,134.1358655444837,121047300
2020-12-30,129.92864990234375,132.13429294527648,129.61771571736733,131.7359140805847,96452100
2020-12-31,128.92787170410156,130.91975146585497,127.9853727167279,130.27846074381847,99116600
2021-01-04,125.74087524414062,129.82179076341993,123.16600852724952,129.73434606845893,143301900
2021-01-05,127.29549407958984,128.00480720900393,124.7886425294723,125.23560676408721,97664900
2021-01-06,123.01053619384766,127.33437075749549,122.79677262000745,124.09878374563415,155088000
2021-01-07,127.20804595947266,127.89792197499627,124.2348079857969,124.72063157172194,109578200
2021-01-08,128.3059844970703,128.86954151504634,126.53757990692247,128.67520026141898,105158200
2021-01-11,125.32301330566406,126.4792754915705,124.85662694388971,125.5270656786526,100384500
2021-01-12,125.14814758300781,126.01291289609365,123.26314986487158,124.85665049211372,91951100
2021-01-13,127.17888641357422,127.72300640920702,124.84693933910279,125.10927337732423,88636800
2021-01-14,125.2550277709961,127.28576659581172,125.10927181431389,127.09144014639318,90221800
2021-01-15,123.53520202636719,126.52787663913662,123.39917203606663,125.1287025525268,111598500
2021-01-19,124.20563507080078,125.06068915645737,123.34086985277312,124.15704975663279,90757300
2021-01-20,128.2865753173828,128.7335395413519,124.90524730001776,125.01212908230433,104319500
2021-01-21,132.98931884765625,135.70993338633443,129.80231790485385,130.00637029637122,120150900
2021-01-22,135.126953125,135.88483658611096,131.19177987621222,132.41604973812463,114459400
2021-01-25,138.8677978515625,140.97627022018892,132.6686847833474,139.01355380816258,157611700
2021-01-26,139.10096740722656,140.20864422957436,137.3617112330404,139.52849439587914,98390600
2021-01-27,138.03219604492188,140.20869106595407,136.42898412808006,139.36334793740457,140843800
2021-01-28,133.20310974121094,137.9641898687069,132.82416793009364,135.56422012291074,142621100
2021-01-29,128.21856689453125,132.86303917443942,126.51818434944722,131.97883669271752,177523800
2021-02-01,130.33676147460938,131.54160940158948,127.21776727973175,129.95781964029345,106239800
2021-02-02,131.1626434326172,132.4452098565485,130.79341280132044,131.8816527763116,83305400
2021-02-03,130.14239501953125,131.92051071941538,129.82174974648763,131.91078476116337,89880900
2021-02-04,133.49461364746094,133.50432478243863,130.7739984115147,132.43552171463995,84183100
2021-02-05,133.0810089111328,133.72325779067754,132.20522578325316,133.65514858435046,75693800
2021-02-08,133.2270050048828,133.27566293088242,131.29053239728702,132.37067302189544,71297200
2021-02-09,132.35121154785156,134.1709170758531,132.1955269668042,132.9448026300194,76774200
2021-02-10,131.7479248046875,133.30488975603777,130.78455107060373,132.80859956803178,73046600
2021-02-11,131.49484252929688,132.72094164331565,130.17142759822354,132.24411789704274,64280000
2021-02-12,131.7283935546875,131.88409294253404,130.09359452723146,130.7358433658653,60145100
2021-02-16,129.60702514648438,132.3511559058319,129.21777673672364,131.84515524560578,80576300
2021-02-17,127.32028198242188,128.6631634845205,125.98714097419074,127.71925617483,97918500
2021-02-18,126.22068786621094,126.50288006540657,123.98255701846796,125.7243978338029,96856700
2021-02-19,126.37638092041016,127.19379548505816,125.3351725587671,126.7364377000899,87668800
2021-02-22,122.61048126220703,126.23041094448011,122.22124015432108,124.56640502266376,103916400
2021-02-23,122.47425079345703,123.30138352656303,115.20519947854247,120.43074421044315,158273000
2021-02-24,121.97796630859375,122.1823162213377,118.94190197736167,121.57899955251936,111039900
2021-02-25,117.73526763916016,123.05812133844819,117.29737597808456,121.32600598694728,148199500
2021-02-26,117.99799346923828,121.49141551253575,117.93960247752109,119.29220956982277,164560400
2021-03-01,124.35232543945312,124.48855870917815,119.48683030882653,120.42100448300808,116307900
2021-03-02,121.75415802001953,125.25731317881322,121.6471165286429,124.95565484356455,102260900
2021-03-03,118.77648162841797,122.32829506323422,118.5623986243893,121.4525043304613,112966300
2021-03-04,116.89839172363281,120.27504677444026,115.4290174341431,118.47481493176636,178155000
2021-03-05,118.15367889404297,118.65969453198089,114.40724922583529,117.72552038212189,153766600
2021-03-08,113.22981262207031,117.74499188213018,113.08384627126932,117.67687524164398,154376600
2021-03-09,117.83257293701172,118.77648030379827,115.5944493383936,115.82799105647607,129525800
2021-03-10,116.75241088867188,118.88349246045178,116.2366622283132,118.41640913957764,111943300
2021-03-11,118.67914581298828,119.89551948779854,117.99797952475683,119.2435449798976,103026500
2021-03-12,117.77417755126953,117.91041082516712,115.9544870681418,117.16112781873039,88105100
2021-03-15,120.65453338623047,120.66426645422422,117.18057052802266,118.14394380720245,92403800
2021-03-16,122.19204711914062,123.79766203262986,121.36491441345117,122.31854732264155,115227900
2021-03-17,121.4038314819336,122.47423888090718,119.04892629520441,120.71293209328559,111932600
2021-03-18,117.28762817382812,119.86634216018179,117.08327826271949,119.57440947336566,121229700
2021-03-19,116.76213836669922,118.16340319964601,116.46048007455593,116.67456302671786,185549500
2021-03-22,120.07068634033203,120.53777713211232,117.02488910943605,117.09300574322106,111912300
2021-03-23,119.2435531616211,120.89781850320577,118.85431207414345,120.01230226774646,95467100
2021-03-24,116.85945892333984,119.59387224546333,116.84000020937296,119.51602254128295,88530500
2021-03-25,117.34600830078125,118.38723138862223,115.79878440882977,116.32425877519718,98844700
2021-03-26,117.94932556152344,118.2120664416162,115.72092802368101,117.1124598512715,94071200
2021-03-29,118.12449645996094,119.28248673827066,117.48225492917581,118.3775042989523,80819200
2021-03-30,116.6745834350586,117.16113298447573,115.66255948137214,116.87893335491496,85671900
2021-03-31,118.86405944824219,120.19720049628938,117.8909603245139,118.37750988637804,118323800
2021-04-01,119.69117736816406,120.83943448866229,119.19489479787379,120.33342627373456,75089100
2021-04-05,122.51317596435547,122.76618380455446,119.75930377924526,120.53778601486208,88651200
2021-04-06,122.81483459472656,123.71008397089403,122.26990148299974,123.09703422020135,80171300
2021-04-07,124.4593734741211,124.47883218903853,121.77361794195266,122.44505868103397,83466700
2021-04-08,126.8531723022461,126.88236408117511,125.06267390248307,125.48109929933943,88844600
2021-04-09,129.4221649169922,129.4610823431084,125.987126690143,126.3082511367721,106686700
2021-04-12,127.70952606201172,129.2762161435529,127.11593504109703,128.95509167174853,91420000
2021-04-13,130.8136749267578,131.0374983592836,128.3809277339075,128.8772176641677,91266500
2021-04-14,128.47825622558594,131.36836136344672,128.11821435701262,131.3099778007929,87222800
2021-04-15,130.88185119628906,131.36840082898902,130.04498523411246,130.220150823009,89347100
2021-04-16,130.5509490966797,131.0472241792983,129.6946173321828,130.68718234573052,84922400
2021-04-19,131.21266174316406,131.82571884662076,129.75301328602865,129.91843832937323,94264200
2021-04-20,129.52920532226562,131.88410306298763,128.26417368348118,131.38782793049364,94812300
2021-04-21,129.90872192382812,130.15199668398512,127.76790700410929,128.7993896114448,68847100
2021-04-22,128.39071655273438,130.54125756563838,127.87497514158638,129.46111681150813,84566500
2021-04-23,130.70668029785156,131.48514771146148,128.60478264515086,128.60478264515086,78657500
2021-04-26,131.0959014892578,131.426751593288,129.9671030596472,131.20294297565732,66905100
2021-04-27,130.77479553222656,131.76736083305914,130.5023289552631,131.3781122600293,66015800
2021-04-28,129.98660278320312,131.38786811328342,129.50005314627617,130.69696109558785,107760100
2021-04-29,129.88925170898438,133.38268843991688,128.886960916459,132.79882309453924,151101000
2021-04-30,127.92362213134766,129.96712145874997,127.5441140528076,128.23500614148355,109839500
2021-05-03,128.97451782226562,130.4633727552625,128.283625938946,128.48796838679135,75135100
2021-05-04,124.41069793701172,127.95278490720769,123.2916326716947,127.66085225567952,137564700
2021-05-05,124.65397644042969,126.94074997232987,124.52746883053813,125.7243763335603,84000900
2021-05-06,126.24986267089844,126.25958831497178,123.71006640231249,124.44962368045476,78128300
2021-05-07,126.92243957519531,127.9459170756659,126.21086004578889,127.54628013792039,78973300
2021-05-10,123.64728546142578,126.26936319427197,123.60829449035425,126.14265555263232,88071200
2021-05-11,122.73102569580078,123.08192956770212,119.67029762868589,120.38186984814409,126142800
2021-05-12,119.6702880859375,121.4930768252382,119.16342036759427,120.28438654552215,112172300
2021-05-13,121.81473541259766,122.96494285084451,121.12266251691543,121.43458279999426,105861300
2021-05-14,124.23212432861328,124.66101753625983,122.67252280548946,123.06242504546209,81918000
2021-05-17,123.08191680908203,123.72525662054227,122.0096912267483,123.61803331863223,74244600
2021-05-18,121.69776916503906,123.78373756646234,121.62953683178752,123.36459396598383,63342900
2021-05-19,121.54183197021484,121.76602077062454,119.75803398561095,120.0504625668393,92612000
2021-05-20,124.09565734863281,124.49530918227134,121.94145662294912,122.06817912472063,76857100
2021-05-21,122.26313781738281,124.76825004025154,122.04869119774337,124.59279439116175,79295400
2021-05-24,123.89095306396484,124.70974844818083,122.76024483604364,122.8284771649978,63092900
2021-05-25,123.69601440429688,125.08016771850949,123.13065653206684,124.59278434432386,72009500
2021-05-26,123.64728546142578,124.17365241574042,123.228141818366,123.75450877268065,56575900
2021-05-27,122.11693572998047,124.41735116472775,121.92198829453461,123.2476516785167,94625600
2021-05-28,121.46381378173828,122.62377072126802,121.40533105764956,122.39957455098539,71311100
2021-06-01,121.14216613769531,122.18515038351808,120.8107540580726,121.9219706400981,67637100
2021-06-02,121.90248107910156,122.07793673418138,120.91798692698966,121.14217571934485,59278900
2021-06-03,120.42086029052734,121.69778300232346,120.02120840977952,121.5320769508381,76229200
2021-06-04,122.7115249633789,122.97471215998662,120.72303005127523,120.93747667465416,75169300
2021-06-07,122.72127532958984,123.13066937489863,121.67829101219802,122.9844550910691,71057600
2021-06-08,123.5400619506836,125.21664395698274,123.02344459916287,123.40359727053726,74403800
2021-06-09,123.92020416259766,124.52455300706954,123.32560491924683,123.99818609803275,56877900
2021-06-10,122.92595672607422,124.95344236430199,122.7602506959565,123.81297704481983,71186400
2021-06-11,124.1346435546875,124.22237508614661,122.91620377217826,123.33534735483208,53522400
2021-06-14,127.18558502197266,127.24406773840047,123.86168592215144,124.59274962455733,96906500
2021-06-15,126.3668441772461,127.30261260822043,126.12315618593904,126.65927274152149,62746300
2021-06-16,126.86397552490234,127.58529740869534,125.21665702603657,127.07842216944793,91815000
2021-06-17,128.46255493164062,129.20337594415264,126.37658632134162,126.52280804022224,96721700
2021-06-18,127.16612243652344,128.1895998960208,126.95167585727805,127.40981037898122,108953300
2021-06-21,128.9596405029297,129.06686377457612,125.94766160876556,127.01013729010695,79663300
2021-06-22,130.59722900390625,130.69471012361893,128.29681438987527,128.79394727746697,74783600
2021-06-23,130.32432556152344,130.92868185123652,129.8661909803765,130.39256533356104,60214200
2021-06-24,130.04165649414062,131.240597184488,129.5737648661965,131.05539194095186,68711000
2021-06-25,129.7492218017578,130.50952706925113,129.45679326652197,130.09039090512184,70783700
2021-06-28,131.37705993652344,131.83519451956099,129.98317185834844,130.04165459260284,62111300
2021-06-29,132.887939453125,133.04390333984907,130.95793469390316,131.39657011097157,64556100
2021-06-30,133.50201416015625,133.94064949902392,132.43952338561445,132.73195190270366,63261400
2021-07-01,133.80419921875,133.86268195374564,132.3323143115352,133.15111722207564,52485800
2021-07-02,136.42626953125,136.46525305919846,134.27206149217562,134.41826831389758,78852600
2021-07-06,138.43423461914062,139.53569387856405,136.53347186094717,136.53347186094717,108181800
2021-07-07,140.91986083984375,141.23177365056304,139.05808151749494,139.91585290212097,104911600
2021-07-08,139.6234588623047,140.42274763655988,137.11833949517367,138.00536723887996,105575500
2021-07-09,141.4462432861328,141.97260274724476,139.04834716131978,139.1458282969305,99890800
2021-07-12,140.8516387939453,142.62569425576672,140.36426288116348,142.51847096001342,76299700
2021-07-13,141.96287536621094,143.7369310790402,140.00362927408963,140.39352411006757,100827100
2021-07-14,145.3842315673828,145.79364043052715,143.95134516697595,144.3607540301203,127050800
2021-07-15,144.73118591308594,146.21281325196273,143.37628110522587,145.4720070192926,106820300
2021-07-16,142.69395446777344,145.9788641734468,142.196836268165,144.71169838540143,93251400
2021-07-19,138.85340881347656,140.43251704679776,138.0931035014654,140.12058929133983,121434600
2021-07-20,142.45997619628906,143.3860023478585,139.35053030452949,139.83790622702588,96350000
2021-07-21,141.7289276123047,142.4405072449087,140.97837931958148,141.85565012536404,74993500
2021-07-22,143.09356689453125,144.45821346206498,142.1285572602189,142.25527975346566,77338200
2021-07-23,144.80911254882812,144.96507639303513,143.2105203295334,143.82461867014172,71447400
2021-07-26,145.2283172607422,146.04710543551434,143.9708787526298,144.5264945756414,72434100
2021-07-27,143.06436157226562,145.44275893789174,141.87516288945258,145.35501995009983,104818600
2021-07-28,141.3195037841797,143.25926511063363,138.9411071473103,141.1537977724019,118931200
2021-07-29,141.96287536621094,142.84990322262558,140.92964066468824,141.03686397561236,56699500
2021-07-30,142.1772918701172,142.63542638578699,140.4714762953773,140.73466343435456,70440600
2021-08-02,141.845947265625,143.23983580138477,141.58276000154768,142.66473556104495,62880000
2021-08-03,143.63946533203125,144.30228959895823,141.51449808960257,142.12859665195967,64786600
2021-08-04,143.2398223876953,144.05861060643986,142.58674024606307,143.55175020828588,56368300
2021-08-05,143.34701538085938,144.107320690727,142.47948676454712,143.26903344221475,46397700
2021-08-06,142.6636505126953,143.6105775396916,142.16578765248929,142.86866162914254,54126800
2021-08-09,142.61485290527344,143.21034301067533,142.05841963396023,142.72223685529076,48908700
2021-08-10,142.1365203857422,144.19632898598317,141.84365370926938,142.95653516321173,69023100
2021-08-11,142.3903350830078,143.2298783064216,142.06818321748432,142.57581781429272,48493500
2021-08-12,145.3482208251953,145.50441833818107,142.37077090309373,142.71245110077322,72282600
2021-08-13,145.55325317382812,145.88516176552068,144.74299521470792,145.42634081402107,59375000
2021-08-16,147.5252227783203,147.59356480078714,142.9858407795006,145.00659283395282,103296000
2021-08-17,146.61734008789062,148.07188700426227,145.5435005089824,146.6563820290242,92229700
2021-08-18,142.87844848632812,147.13473517673972,142.67343732669485,146.2366215497856,86326000
2021-08-19,143.2103729248047,144.47945217305653,141.06270837166667,141.5800998127829,86960300
2021-08-20,144.66488647460938,144.9675098694575,143.28842371499448,143.93272733385453,60549600
2021-08-23,146.14874267578125,146.6173203855108,144.3720292286724,144.78203658666285,60131800
2021-08-24,146.06088256835938,147.27139120779157,145.60206158624175,145.89492826143862,48606400
2021-08-25,144.8308868408203,146.7442698916124,144.28421022511418,146.24639198416384,58991300
2021-08-26,144.03036499023438,145.57278230599707,144.00107981111,144.82110951404735,48597200
2021-08-27,145.06517028808594,145.2115961914639,143.33727014912955,143.97180225819312,55802400
2021-08-30,149.4776153564453,149.83882401907485,145.07490345956626,145.45562564226032,90956700
2021-08-31,148.21835327148438,149.1652806367618,147.6911901527622,149.02861147557854,86453100
2021-09-01,148.88211059570312,151.29335581344367,148.71615631662897,149.19450563571235,80313700
2021-09-02,149.99501037597656,151.03956466217258,148.77474502994417,150.20977826854366,71115500
2021-09-03,150.62957763671875,150.95172951907767,149.44835406806936,150.10241459437898,57808700
2021-09-07,152.9627227783203,153.51915609845358,150.71743128739138,151.28363626481305,82278300
2021-09-08,151.42031860351562,153.30440154284446,150.31719373274197,153.24583117728486,74420200
2021-09-09,150.405029296875,152.39649574316758,150.2878736971047,151.7912489116524,57305700
2021-09-10,145.4263458251953,151.78148246152148,145.16276433644302,151.3129047338198,140893200
2021-09-13,145.99252319335938,147.81803506194143,145.21155053067017,147.04683405361763,102404300
2021-09-14,144.59652709960938,147.47636462391318,143.41531883609252,146.77349074156675,109296300
2021-09-15,145.4849090576172,145.88515965134906,142.88818092204215,145.02608811276684,83281300
2021-09-16,145.25062561035156,145.42635157507343,143.71798000246844,144.90896023332135,68034100
2021-09-17,142.58554077148438,145.2798957731565,142.2926741544572,145.2798957731565,129868800
2021-09-20,139.53977966308594,141.39457695669392,137.90950701335717,140.37932278347847,123478900
2021-09-21,140.01812744140625,141.16030897663776,139.38359538478255,140.5062336067531,75834000
2021-09-22,142.38058471679688,142.94677480134484,140.28171911608493,141.01387841720836,76404300
2021-09-23,143.3372344970703,143.58128753921014,142.17553963315416,143.16150856090553,64838200
2021-09-24,143.4250946044922,143.96201429353556,142.09744541695585,142.19507259526048,53477900
2021-09-27,141.9119873046875,142.48796392317834,140.39887004950094,142.00961449990794,74150700
2021-09-28,138.5343017578125,141.30674132874793,138.31953384357482,139.8424227657557,108972300
2021-09-29,139.4324188232422,141.013878143942,138.65144592439347,139.08098176355122,74602000
2021-09-30,138.134033203125,140.94552924628812,137.91926531672686,140.24265523549735,89056700
2021-10-01,139.25665283203125,139.5202342750178,135.80086848455736,138.52449374270236,94639600
2021-10-04,135.83018493652344,138.82716398233575,134.98088496397907,138.38785651091933,98322000
2021-10-05,137.75332641601562,138.8564511470798,136.0449547897289,136.17186716291496,80861100
2021-10-06,138.62217712402344,138.7686030429388,135.07852092806354,136.15236065284557,83221100
2021-10-07,139.88148498535156,140.7893703718494,139.32505159657362,139.65696027730579,61732700
2021-10-08,139.50074768066406,140.75029837603776,139.16883903566588,140.60387247260306,58773200
2021-10-11,139.41287231445312,141.36529686032225,138.43666004151856,138.88572424122802,64452200
2021-10-12,138.143798828125,139.84241361250955,137.68497785008697,139.82288519545196,73035900
2021-10-13,137.55810546875,138.03644005527403,135.88877555756454,137.8802573777795,78762700
2021-10-14,140.3402557373047,140.45741132647578,138.14377836199483,138.72951162040368,69907100
2021-10-15,141.39459228515625,141.45316264244676,140.0962280805495,140.35005282323274,67940300
2021-10-18,143.06393432617188,143.347029376178,139.75457479053856,140.03766984054468,85589200
2021-10-19,145.22134399414062,145.62159463310732,143.06392303976392,143.51297237963328,76378900
2021-10-20,145.7094268798828,146.1877762179813,144.5965455732881,145.1627504339508,58418800
2021-10-21,145.92422485351562,146.0804224119474,144.35252229936606,145.27016433537898,61421000
2021-10-22,145.15304565429688,146.60759281256946,145.10423204789777,146.12925819899365,58883400
2021-10-25,145.1041717529297,145.81680244360976,144.10843120026792,145.14321368433312,50720600
2021-10-26,145.76806640625,147.25189877039264,145.46542800058126,145.77782316934065,60893400
2021-10-27,145.30921936035156,146.16827612937263,144.9577823061733,145.80708231384622,56094900
2021-10-28,148.9407196044922,149.52643805425132,146.1585085567286,146.256135746264,100077900
2021-10-29,146.23663330078125,146.37330245291255,142.92727357091124,143.718003300801,124953200
2021-11-01,145.4165802001953,146.13896771640327,144.28417043944881,145.44586537540286,74588300
2021-11-02,146.45140075683594,147.96453308347574,145.113979527006,145.12375118515345,69122000
2021-11-03,147.88641357421875,148.35499132920407,146.25614074482093,146.81257403590004,54511500
2021-11-04,147.3690185546875,148.80403696262286,147.0566234619275,147.97426542713765,60394600
2021-11-05,147.89697265625,148.79639720102944,146.70425393179946,148.49333201847526,65463900
2021-11-08,147.07571411132812,148.18044870579655,146.80197694204415,148.02402320404659,55020900
2021-11-09,147.4374542236328,148.0435844748696,146.70422637098488,146.8410949734435,56787900
2021-11-10,144.612060546875,146.7726448402154,144.54363371528353,146.66510417552323,65187100
2021-11-11,144.56317138671875,146.0882826457482,144.37741797894228,145.6288070022433,41000000
2021-11-12,146.6357879638672,147.03660782102534,144.18190939663026,145.11066161989166,63804000
2021-11-15,146.64553833007812,148.48350051743287,146.08827812399716,147.00725921767452,59222800
2021-11-16,147.62322998046875,148.1022776202638,146.00034850775356,146.58693684556133,59256200
2021-11-17,150.05751037597656,151.53373689410836,147.61341784542643,147.62318884522813,88807000
2021-11-18,154.33953857421875,155.12165110785514,149.62733629184328,150.27258025090998,137827700
2021-11-19,156.9596405029297,157.41913113659675,153.02953515610952,154.12448394226502,117305600
2021-11-22,157.41912841796875,161.99446283900974,157.39957149925132,158.0643575600625,117467900
2021-11-23,157.80043029785156,158.18170822428823,155.50297681960475,157.5169071447605,96041900
2021-11-24,158.31854248046875,158.5140669022848,156.0699743356913,157.1551520319611,69463600
2021-11-26,153.30331420898438,156.86191365315102,152.86338037425756,156.00160290809217,76959800
2021-11-29,156.65658569335938,157.5853380225465,155.23899986098183,155.80603121042097,88748200
2021-11-30,161.60342407226562,161.8185054389282,156.34373142534065,156.41217318635103,174048100
2021-12-01,161.0852813720703,166.49161375206606,160.8506430799377,163.73466976035556,152052500
2021-12-02,160.0978546142578,160.52801734787488,154.27114554315142,155.1901268526862,136739200
2021-12-03,158.2207794189453,161.27101721338744,156.14819360952984,160.35203598315746,118023100
2021-12-06,161.62298583984375,164.12573463510114,160.60623481829575,160.61600581977925,107497000
2021-12-07,167.35191345214844,167.7429772469704,164.57542763792551,165.2988844701773,120405400
2021-12-08,171.1647186279297,172.02504411674911,166.882663021836,168.28069194116756,116998900
2021-12-09,170.6563262939453,172.79735388590385,170.03063915946248,170.9985052389604,108923700
2021-12-10,175.43699645996094,175.61297891700764,170.78344865474102,171.29182418696914,115402700
2021-12-13,171.80995178222656,178.05705234389498,171.60464142456377,177.06962931153166,153237000
2021-12-14,170.43145751953125,173.76520322122326,168.35887188331523,171.3308817563336,139380400
2021-12-15,175.29031372070312,175.48583813344078,168.45662585148168,171.1940123824784,131063300
2021-12-16,168.40774536132812,177.08916675225177,166.9315188519041,175.27076132354634,150185800
2021-12-17,167.31283569335938,169.59073223954843,165.8952646870351,166.12988807604526,195432700
2021-12-20,165.95388793945312,166.76532847471316,163.71510567618958,164.51676029378936,107499100
2021-12-21,169.12142944335938,169.3267248588515,165.33796412188073,167.72340078083394,91185900
2021-12-22,171.7122039794922,171.92728536537462,168.30024464668514,169.1703411922784,92135300
2021-12-23,172.33787536621094,172.8951357013555,171.35046721642092,171.9174985527305,68356600
2021-12-27,176.2972869873047,176.38527073958,173.11019564746687,173.12973764737882,74919600
2021-12-28,175.28053283691406,177.27492068975482,174.5375340801528,176.1310871789595,79144300
2021-12-29,175.36851501464844,176.59056116138325,174.15623986676752,175.31963018526795,62348900
2021-12-30,174.21495056152344,176.53196092937984,174.10740987004013,175.4565540145469,59773000
2021-12-31,173.59902954101562,175.2218958133562,173.29594950484335,174.1073900997929,64062300
2022-01-03,177.9397430419922,178.79029755777358,173.73591497728762,173.8532266687499,104487900
2022-01-04,175.68136596679688,178.84891521802436,175.11433471652768,178.54585013474667,99310400
2022-01-05,171.00827026367188,176.14086475419518,170.73453308424857,175.59339039534856,94537600
2022-01-06,168.15357971191406,171.3797850968752,167.80162976232634,168.83792269234627,96904000
2022-01-07,168.3197784423828,170.24572473108867,167.2052727402814,169.02367835082143,86709100
2022-01-10,168.3392791748047,168.64234418914765,164.40917515069916,165.29882819880834,106765600
2022-01-11,171.1647186279297,171.26247339503044,166.99998962694013,168.46644539148625,76138300
2022-01-12,171.60462951660156,173.21772467571947,170.91051556767007,172.1814317936139,74805200
2022-01-13,168.3392791748047,172.67020294051196,167.9482155131094,171.84899162728195,84505800
2022-01-14,169.1996612548828,169.89377524696252,167.26392904254132,167.50833831927105,80440800
2022-01-18,166.00277709960938,168.6814931182034,165.6214992398613,167.67452813175186,90956700
2022-01-19,162.5126495361328,167.25419656378617,162.2291412735544,166.19834645502328,94815000
2022-01-20,160.8310546875,165.8854360990158,160.50843269303434,163.24581922868165,91420500
2022-01-21,158.778076171875,162.61041256635795,158.67053547305395,160.74312175844747,122848900
2022-01-24,158.00570678710938,158.67050778679211,151.24045969712583,156.44149634340394,162294600
2022-01-25,156.20684814453125,159.1202024043847,153.5085752311325,155.4247355135648,115798400
2022-01-26,156.11886596679688,160.7137572085088,154.29068942101793,159.84366081362626,108275300
2022-01-27,155.65939331054688,160.17607231774176,154.74041197266266,158.81715723147198,121954600
2022-01-28,166.52093505859375,166.54049197821774,159.15932862262193,162.00425626677838,179935700
2022-01-31,170.8713836669922,171.0864649878099,165.7192328015865,166.35470576493188,115541600
2022-02-01,170.7052001953125,170.93005253238587,168.4566320719076,170.1186120178827,86213900
2022-02-02,171.90768432617188,171.94679815950911,169.45382085751916,170.8420635898593,84914300
2022-02-03,169.033447265625,172.29876649074853,168.27089152715305,170.57811566132818,89418100
2022-02-04,168.7495880126953,170.4234840013588,167.07569202403184,168.05457472378333,82465400
2022-02-07,168.03500366210938,170.2766384169295,167.33999039041194,169.20965988540354,77251200
2022-02-08,171.13803100585938,171.64705409326743,167.80982151011347,168.10348925040896,74829200
2022-02-09,172.55740356445312,172.91958530484067,171.20654095307694,172.3322647747442,71285000
2022-02-10,168.48524475097656,171.77429042410176,167.92728951408122,170.46259150846328,90865900
2022-02-11,165.07876586914062,169.42500712943504,164.49143031742815,168.6908451580762,98670700
2022-02-14,165.31373596191406,165.99895095084156,163.04272064253541,163.83561333947773,86185500
2022-02-15,169.14111328125,169.29773807776493,166.654758116967,167.35955476472148,62527400
2022-02-16,168.90618896484375,169.67949961629867,166.4589825612284,168.22097415914394,61177400
2022-02-17,165.31373596191406,168.27974972128825,164.9123904196256,167.41832805716996,69589300
2022-02-18,163.76710510253906,166.93867600251053,162.68054453288332,166.23389408651346,82772700
2022-02-22,160.8500213623047,163.16996871038384,158.7258326412145,161.49607262837773,91162800
2022-02-23,156.6897430419922,162.64133603328534,156.37649344425944,162.04421705709984,90009200
2022-02-24,159.3033905029297,159.411068207212,148.79018396900835,149.35793777917277,141147500
2022-02-25,161.36880493164062,161.6330924831591,157.47284137265066,160.38012393186045,91974200
2022-02-28,161.6331024169922,161.9267702066246,158.99990563300975,159.6166064975814,95056600
2022-03-01,159.75364685058594,163.0818568508139,158.5496253630897,161.22197083806662,83474400
2022-03-02,163.04269409179688,163.82580321014547,159.50892707803538,160.91852050375005,79724800
2022-03-03,162.7196502685547,165.3430634011942,162.05401727070716,164.91235266773373,76678400
2022-03-04,159.72427368164062,162.05401907314567,158.67687705595137,161.01640589639365,83737200
2022-03-07,155.9359893798828,161.53519862355543,155.6814703637219,159.91025004561254,96418800
2022-03-08,154.1152801513672,159.44040392728598,152.50991327214726,155.46614292973925,131148300
2022-03-09,159.5089569091797,159.95924959082657,156.04371820337047,158.0699979293642,91454900
2022-03-10,155.17250061035156,157.00300660733848,152.6861300144377,156.81701649151432,105342000
2022-03-11,151.46250915527344,155.91642822664025,151.23737032666907,155.57381332247203,96970100
2022-03-14,147.43934631347656,150.8654366655289,146.93033792978673,148.25182096078007,108732100
2022-03-15,151.81494140625,152.28481594029148,147.20441143229365,147.7134197726543,92964300
2022-03-16,156.21987915039062,156.6212246232631,151.19822129277074,153.73352378158447,102300200
2022-03-17,157.22811889648438,157.60009906528276,154.30126947324382,155.2605702418383,75615400
2022-03-18,160.5171661376953,161.0066074424884,156.3862803303168,157.1204422875064,123511700
2022-03-21,161.88763427734375,162.8371517415441,159.5676719986422,160.0571133745572,95811400
2022-03-22,165.25498962402344,165.84231029999864,161.42755456550663,162.01487524148183,81532000
2022-03-23,166.61561584472656,168.9942934206818,164.1096638130363,164.4424952526729,98062700
2022-03-24,170.39413452148438,170.4626485498089,166.6156463524789,167.44768776251115,90131400
2022-03-25,171.03042602539062,171.57859807409892,169.10202546624805,170.20816795232818,80546200
2022-03-28,171.89181518554688,172.01905978493204,168.3678313455488,168.53423961902578,90371900
2022-03-29,175.18087768554688,175.22980987775352,172.61619451618012,172.95880948102644,100589400
2022-03-30,174.01597595214844,175.81711647524634,172.96856432856262,174.77950323773482,92633200
2022-03-31,170.92271423339844,174.27049138056105,170.7171422878286,174.0845012718467,103049300
2022-04-01,170.6290283203125,171.18699858724577,168.30908127405286,170.35494237968112,78751300
2022-04-04,174.67181396484375,174.72076108227714,170.75628355518236,170.8835430731966,76468400
2022-04-05,171.36318969726562,174.53477477488693,170.73670541562527,173.7516656886956,73401800
2022-04-06,168.201416015625,169.9634078617043,166.537318414103,168.7202226513366,89058800
2022-04-07,168.50486755371094,169.69910564386342,166.26323274049562,167.54556668896316,77594700
2022-04-08,166.49815368652344,168.15246782773184,165.62694868711696,168.15246782773184,76575500
2022-04-11,162.24981689453125,165.46055114101816,162.0050962053992,165.14731642594322,72246700
2022-04-12,164.11947631835938,166.28279871101802,163.12101178667447,164.47187468621496,79265200
2022-04-13,166.8015899658203,167.42807423573976,163.24825626550125,163.8551587010773,70618900
2022-04-14,161.79953002929688,167.65325987659003,161.55480933143042,167.01697710019764,75329400
2022-04-18,161.58413696289062,163.08182595142617,160.1158132536157,160.4584131571765,69023900
2022-04-19,163.86495971679688,164.27610359926777,160.44866861751814,161.53522902332887,67723800
2022-04-20,163.6985626220703,165.3137281661249,162.59243524088046,165.1962520760154,67929800
2022-04-21,162.90565490722656,167.90774603308134,162.4064301142371,165.34307817395856,87227800
2022-04-22,158.37338256835938,164.32498956486253,158.08951323432865,162.94477668345723,84882400
2022-04-25,159.4404296875,159.72429911751857,155.11376965466397,157.71758646013552,96046400
2022-04-26,153.4888153076172,158.91181906878418,153.4105028966986,158.82372320771267,95623200
2022-04-27,153.263671875,156.41566043489684,152.09879906936447,152.61760570667977,88063200
2022-04-28,160.18435668945312,161.04577820352466,155.57381282317428,155.88706244158715,130216800
2022-04-29,154.3208465576172,162.69029635210208,153.92929946524063,158.42236732431553,131747600
2022-05-02,154.6243438720703,154.88863149119723,150.03338084701502,153.40074029125887,123055300
2022-05-03,156.1121826171875,157.31621889046943,153.01892515604405,154.8102670522691,88966500
2022-05-04,162.51414489746094,162.9644226715747,155.89688686657877,156.2982324444477,108256500
2022-05-05,153.4594268798828,160.61505617925764,151.6778534074066,160.38991736716943,130525300
2022-05-06,154.1848602294922,156.30235682996496,151.1458596477854,152.93984857664353,116124600
2022-05-09,149.0675811767578,152.7633948486293,148.50880608897836,151.8810971374127,131577900
2022-05-10,151.46939086914062,153.6555174482576,149.92048190900607,152.45952464307157,115366700
2022-05-11,143.61700439453125,152.39087300235883,142.9405806152843,150.47925033829725,142689800
2022-05-12,139.7545623779297,143.32293029647687,136.0685607235715,139.96043637411066,182602000
2022-05-13,144.2150115966797,145.18553469561974,140.2937279042498,141.74459868206603,113990900
2022-05-16,142.6758575439453,144.6169031565104,141.34262089221127,142.6856703236639,86643800
2022-05-17,146.30307006835938,146.82263885480765,143.79343645262884,145.93054340694096,78336300
2022-05-18,138.048828125,144.46012170643934,137.14691952570857,143.96016331731076,109742900
2022-05-19,134.64706420898438,138.87224434894858,133.91182362893935,137.127274568989,136095600
2022-05-20,134.88235473632812,137.93115346240322,130.00036063657,136.3528361484188,137426100
2022-05-23,140.29373168945312,140.44077384848245,134.94117272312687,135.07841705772444,117726300
2022-05-24,137.5978240966797,139.1761411372566,134.62745335548652,138.0389654521871,104132700
2022-05-25,137.7547149658203,138.99971190055481,135.61760734755066,135.70583264997845,92482700
2022-05-26,140.9505615234375,141.4995389264538,134.44123025043575,134.68631051667606,90601500
2022-05-27,146.69520568847656,146.73441193920726,142.4013957458045,142.5288422380691,90978500
2022-05-31,145.91094970703125,147.69514080945274,143.9503080341332,146.1364342695409,103718400
2022-06-01,145.78350830078125,148.753879037452,144.77376414576858,146.95007745203338,74286600
2022-06-02,148.23434448242188,148.29316134885798,143.96994216366954,144.92085472708317,72348100
2022-06-03,142.51904296875,145.05807025566116,141.61714962601158,144.00911981753086,88570300
2022-06-06,143.26412963867188,145.64631776796745,142.04852604987164,144.13661484785112,71598400
2022-06-07,145.78350830078125,146.06779474236185,141.26422895235845,141.5093091448792,67808200
2022-06-08,145.04827880859375,146.9206802540853,144.55811838609154,145.6560729457736,53950200
2022-06-09,139.83297729492188,145.0384790561678,139.72514139394366,144.18560463111925,69473000
2022-06-10,134.431396484375,137.98995082700978,134.36276684809005,137.51940103001422,91437900
2022-06-13,129.2847442626953,132.53940235521404,128.85340060932865,130.2552525242583,122207100
2022-06-14,130.1473846435547,131.25515193955982,128.8925752102517,130.51011351307002,84784300
2022-06-15,132.76483154296875,134.63724775917188,129.5591934714462,131.64726649009233,91533000
2022-06-16,127.50054931640625,129.78469908531477,126.50061768881059,129.48080196283757,108123900
2022-06-17,128.97103881835938,130.46113104749855,127.25547692933145,127.51036998343507,134520300
2022-06-21,133.1962127685547,134.36279718069025,130.69640612370614,130.79442925101708,81000500
2022-06-22,132.68643188476562,135.04899374439105,131.27476747959807,132.13743964836019,73409200
2022-06-23,135.5489501953125,135.86264504741038,132.9609040918498,134.12748814246305,72433800
2022-06-24,138.87229919433594,139.1173794844748,137.01949279922658,137.14692437830942,89116800
2022-06-27,138.87229919433594,140.66628871317417,138.19587520019041,139.89182661956758,70207900
2022-06-28,134.73533630371094,140.5976523771425,134.61770255675322,139.33304472180774,67083400
2022-06-29,136.49009704589844,137.90176176618252,133.9804775247322,134.75493953918553,66242400
2022-06-30,134.02944946289062,135.64697266058235,131.13750634293814,134.54901824559195,98964500
2022-07-01,136.19595336914062,136.3037892489926,132.99031531614665,133.36282702594735,71051600
2022-07-05,138.7742462158203,138.82326526029516,134.23535494237336,135.05883599741875,73353800
2022-07-06,140.1074676513672,141.28384979355582,138.30368070277723,138.5683715462856,74064300
2022-07-07,143.469970703125,143.66603189279604,140.4603783389641,140.47017616296918,66253700
2022-07-08,144.14639282226562,144.64636610420064,142.1465445700594,142.40142264422443,64547800
2022-07-11,142.0191192626953,143.75429187495894,140.9505728063945,142.80337916914598,63141600
2022-07-12,142.98959350585938,145.5286208059207,142.19553604555907,142.89155544175705,77588800
2022-07-13,142.6268768310547,143.5679764107693,139.32318560371215,140.1760748610569,71185600
2022-07-14,145.5482177734375,146.01876752832248,140.43094244372892,141.2446104323155,78140700
2022-07-15,147.21478271484375,147.8912065060331,145.2835494113212,146.83245817528143,76259900
2022-07-18,144.17578125,148.58722466683977,143.81305239727462,147.77355664160174,81420900
2022-07-19,148.02845764160156,148.25392726287154,144.01894870347078,145.0090674390563,82982400
2022-07-20,150.02830505371094,150.6949310490213,147.41085002655058,148.14609070693865,64823400
2022-07-21,152.2928466796875,152.50851845862235,148.94994906470606,151.45956799212024,65086600
2022-07-22,151.0576629638672,153.2045683993023,150.39105184778396,152.33208328648058,66675400
2022-07-25,149.94007873535156,151.9889458272938,149.28326552705713,150.97921649648936,53623900
2022-07-26,148.6166534423828,150.07732200029463,147.83239373585778,149.2636538636445,55138700
2022-07-27,153.70449829101562,154.23387992265205,149.16562296270044,149.57735592146827,78620700
2022-07-28,154.2534942626953,154.53778073211737,151.37134852302864,153.8907653704556,81378700
2022-07-29,159.31198120117188,160.40995103683753,156.36121998956833,158.06698413815568,101786900
2022-08-01,158.3316192626953,160.3706884793457,157.72382510643268,157.84145882480365,67829400
2022-08-02,156.86114501953125,159.21392420256825,156.48863324172908,156.94938527079637,59907000
2022-08-03,162.86074829101562,163.31168761792614,157.5866160134525,157.67484132195506,82507500
2022-08-04,162.54702758789062,163.89987539598906,161.19417977979222,162.7430888021846,55474100
2022-08-05,162.32122802734375,162.81206933981917,160.01426786699392,160.22042780912037,56697000
2022-08-08,161.8500213623047,164.7361708864107,161.19229575323052,163.32254540690658,60276900
2022-08-09,161.89907836914062,162.78260161908204,160.2596703687026,161.01557009848563,63135500
2022-08-10,166.1399688720703,166.23812814464867,163.8428202002786,164.60853143111325,70170500
2022-08-11,165.4036865234375,167.85789272456063,165.10917878344554,166.94492022851418,57149200
2022-08-12,168.9475860595703,169.01629605421468,166.29703098384923,166.70935086886797,68039400
2022-08-15,170.01763916015625,170.21397271578905,168.2113464814704,168.37823075272277,54091700
2022-08-16,169.8605499267578,170.52810192661653,168.51564947224608,169.61512926108554,56377100
2022-08-17,171.3527069091797,172.92339013736907,169.4089794863745,169.60531301748716,79542000
2022-08-18,170.96005249023438,171.69631458533323,169.94892041130856,170.5673853645646,62290100
2022-08-19,168.37820434570312,170.55754092380556,168.1720444080825,169.86053968443733,70346300
2022-08-22,164.50057983398438,166.74862666169574,164.07844847706937,166.58174239756778,69026800
2022-08-23,164.1667938232422,165.61969500518398,163.597416059393,164.0195474098714,54147100
2022-08-24,164.4613037109375,165.03068148199358,163.20475103663767,164.2551587296091,53841500
2022-08-25,166.91549682617188,167.0234825149317,165.26627719342727,165.68839353539587,51218200
2022-08-26,160.6229248046875,167.91683533755338,160.5640262370915,167.44563181749547,78961000
2022-08-29,158.42391967773438,159.9160662270411,156.89249744175427,158.19812192757627,73314000
2022-08-30,155.99916076660156,159.58229569538483,154.83095626158936,159.1601794345339,77906200
2022-08-31,154.34010314941406,157.63855650622187,154.26156676243244,157.37349807256936,87991100
2022-09-01,155.0665740966797,155.51813965771387,151.83683028732437,153.77074600824523,74229900
2022-09-02,152.95596313476562,157.42262194968552,152.13135334781393,156.82379496598037,76957800
2022-09-06,151.6994171142578,154.21252227519972,150.87480729194033,153.60388383195894,73714800
2022-09-07,153.10324096679688,153.80022729759784,150.79628062278962,151.9841232844313,87449600
2022-09-08,151.63072204589844,153.4959132532277,149.88331299426738,151.80741774838046,84923800
2022-09-09,154.48739624023438,154.92916542303703,151.91539245059826,152.62220516793604,68028800
2022-09-12,160.4363555908203,161.25115382171967,156.3820172588061,156.66669857838036,104956000
2022-09-13,151.02203369140625,157.5993035102858,150.5606417135221,156.97102730327344,122656600
2022-09-14,152.46511840820312,154.22233860679495,150.79626102566698,151.95463927472932,87965400
2022-09-15,149.5789794921875,152.3964188629796,148.60712326254628,151.81721471946022,90481100
2022-09-16,147.9395751953125,148.57767791761873,145.6522527794473,148.4402429431555,162278800
2022-09-19,151.6503448486328,151.7288812650201,146.368901915373,146.57504690151106,81474200
2022-09-20,154.02597045898438,155.1843635395565,150.2759512881002,150.59008188296497,107689800
2022-09-21,150.90423583984375,155.83228620825895,150.78643873263653,154.45792171393398,101696800
2022-09-22,149.94223022460938,151.6405372059972,148.1457489754599,149.58882383167358,86652500
2022-09-23,147.6745147705078,148.69547312127722,145.83877299693037,148.4206031759059,96029900
2022-09-26,148.00831604003906,150.95336436223522,146.89900971197227,146.91864756165486,93339400
2022-09-27,148.9801483154297,151.88593544780034,147.20330517830297,149.9422080635759,84442700
2022-09-28,147.09535217285156,147.88070143548975,142.18693800547697,144.935652935065,146691400
2022-09-29,139.8701171875,144.03245634378814,138.103085707034,143.4238179924611,128138200
2022-09-30,135.6685333251953,140.4787870882612,135.47219979960417,138.69211755301987,124925300
2022-10-03,139.84068298339844,140.44933637961338,135.1678792129988,135.67835835777296,114311700
2022-10-04,143.42379760742188,143.54159469628158,141.6174906956308,142.37339030080975,87830100
2022-10-05,143.7183380126953,144.68039782185656,140.39043433471556,141.43103055560152,79471000
2022-10-06,142.76608276367188,144.8374334955695,142.5599378213271,143.13912691743977,68402200
2022-10-07,137.52392578125,140.47880029356153,136.8956494527264,139.9290453992253,85925600
2022-10-10,137.8478546142578,139.2909290851068,136.0317509799681,137.8478546142578,74899000
2022-10-11,136.4342498779297,138.76084793369003,135.68817645989057,137.33739611427865,77033700
2022-10-12,135.80596923828125,137.78897231294513,135.62927355780315,136.58150689181417,70433700
2022-10-13,140.3708038330078,140.9598044199806,131.90868942611982,132.5173428390662,113224000
2022-10-14,135.84523010253906,141.87276009592642,135.65870802953629,141.66660017858484,88598000
2022-10-17,139.8014373779297,140.282452315822,137.7006369919499,138.48598615048115,85250900
2022-10-18,141.1168670654297,144.0128276023933,138.03438444661543,142.82500010106065,99136600
2022-10-19,141.22488403320312,142.2949146585481,138.9081120945048,139.09463421767856,61758300
2022-10-20,140.76345825195312,143.21766459219867,140.0370077826972,140.40024050696854,64522000
2022-10-21,144.57241821289062,145.14179598739213,140.03703386545854,140.2530052619691,86548600
2022-10-24,146.71246337890625,147.47817461798252,143.3256613631015,144.49386606815804,75981900
2022-10-25,149.54954528808594,149.6968066869272,146.62413491177585,147.34075911907576,74732300
2022-10-26,146.61428833007812,149.20592954793565,145.32827166402765,148.19479776463467,88194300
2022-10-27,142.1476593017578,146.3198108162611,141.48993368404496,145.35776595535313,109180200
2022-10-28,152.88723754882812,154.61499335183578,145.11231396636444,145.4853431294892,164762400
2022-10-31,150.5311737060547,151.41469684238612,149.13718651330186,150.3544780663591,97943200
2022-11-01,147.89047241210938,152.60255171953904,146.3983256985316,152.2393339638939,80379300
2022-11-02,142.37342834472656,149.3826416112209,142.34397906464244,146.22162239502856,93604600
2022-11-03,136.33607482910156,140.18426855678922,136.20845130657773,139.45781809061094,97918500
2022-11-04,136.07057189941406,140.28896920604143,132.1373281619349,139.71864706361086,140814800
2022-11-07,136.6015625,136.827719829141,133.40580174577732,134.82177198830993,83374600
2022-11-08,137.171875,139.06965789658196,135.19542542837,138.06669154902085,89908500
2022-11-09,132.61917114257812,136.23776400792798,132.34384521853534,136.18859544917657,74917800
2022-11-10,144.4188995361328,144.4188995361328,137.171901375878,138.88286812786214,118854000
2022-11-11,147.20166015625,147.50648417895965,141.96061049585242,143.38642351170455,93979700
2022-11-14,145.80535888671875,147.77198095425382,144.96953850636208,146.48384590068005,73374100
2022-11-15,147.53598022460938,151.02673737922098,146.08068410249945,149.67960607049233,89868300
2022-11-16,146.3068389892578,147.36881668355312,144.83187247009243,146.6411761367448,64218300
2022-11-17,148.20465087890625,148.95196191687904,143.71091192910288,143.98623783804743,80389400
2022-11-18,148.76513671875,150.15160903599656,147.46717380781297,149.76811828911318,74829600
2022-11-21,145.53988647460938,147.8605015253363,145.25473282614936,147.6540145740021,58724100
2022-11-22,147.67364501953125,147.9096450709946,144.47788413446048,145.65786938764137,51804100
2022-11-23,148.548828125,149.29613922514196,146.84768896962234,146.95585380028717,58301400
2022-11-25,145.63819885253906,146.3953525551104,144.66471552066162,145.8348580598712,35195900
2022-11-28,141.81312561035156,144.19273663104678,140.98714790150922,142.71777000634125,69246000
2022-11-29,138.8140106201172,142.39326202258005,138.00770341068628,141.8819361067611,83763800
2022-11-30,145.5595245361328,146.23801151936658,138.20436253781247,139.04016787618127,111380900
2022-12-01,145.8348846435547,146.64120704597443,144.16325857031342,145.73656252403373,71250400
2022-12-02,145.34320068359375,145.53003217962117,143.21924526160134,143.52408428382984,65447400
2022-12-05,144.18289184570312,148.40128929094377,143.3372438141924,145.30386574755366,68826400
2022-12-06,140.52500915527344,144.84174478338647,139.55152565219004,144.61558740538712,64727200
2022-12-07,138.587890625,140.97732977170875,137.663575645007,139.817029693259,69721100
2022-12-08,140.26931762695312,141.12480845757423,138.7451974772698,139.9841640195035,62128300
2022-12-09,139.78753662109375,143.14063172179561,138.54855479274573,139.96452545134943,76097000
2022-12-12,142.07862854003906,142.08845624970894,138.70586361029962,140.31849324023466,70462700
2022-12-13,143.04226684570312,147.4671667934874,141.83279839446703,147.00500937638787,93886200
2022-12-14,140.82000732421875,144.2124280542218,138.80421630941913,142.9242927483946,82291200
2022-12-15,134.221923828125,139.43347405451232,133.75976655307488,138.754987203731,98931900
2022-12-16,132.26515197753906,135.35274779526193,131.49817062820333,134.4087776749108,160156900
2022-12-19,130.16087341308594,132.94364536804903,129.12840885731634,132.8551509782634,79592600
2022-12-20,130.09205627441406,131.0261987808424,127.72227301817315,129.19723960857664,77432800
2022-12-21,133.18946838378906,134.52677190815584,130.53453175568677,130.76068907847488,85928000
2022-12-22,130.02325439453125,132.31437161912214,128.1254707087497,132.10788463987004,77852100
2022-12-23,129.65939331054688,130.21004508793624,127.47644161865645,128.73507853958517,63814900
2022-12-27,127.85991668701172,129.21689054689435,126.5717817929533,129.18739241986506,69007800
2022-12-28,123.93653106689453,128.84325132058044,123.76936998157427,127.50594763388183,85438400
2022-12-29,127.44696044921875,128.30243635978945,125.59833816334043,125.85399366425621,75703700
2022-12-30,127.76160430908203,127.78127473228464,125.30333405560762,126.26698223669045,77034200
2023-01-03,122.98271942138672,128.7154174535332,122.09773792777466,128.10576937065363,112117500
2023-01-04,124.25118255615234,126.51280092971427,122.9925456360047,124.77233620258212,89113600
2023-01-05,122.93355560302734,125.63766124201173,122.67790010774006,125.00834271164995,80962700
2023-01-06,127.4567642211914,128.11558077623516,122.80570749443298,123.90701849100518,87754700
2023-01-09,127.9779281616211,131.18353181246084,127.72227268810083,128.2925949020793,70790800
2023-01-10,128.5482635498047,129.06941726347972,125.98182082594903,128.08610610497774,63896200
2023-01-11,131.26220703125,131.28186245070447,128.28277553296553,129.0595847172529,69458900
2023-01-12,131.1835479736328,132.019353473187,129.2464237509339,131.6457054280313,71379600
2023-01-13,132.51100158691406,132.6683349676498,129.46274610687883,129.8265664212103,57809700
2023-01-17,133.67127990722656,134.99874055778392,131.89148966196402,132.57980425900854,63646600
2023-01-18,132.9534912109375,136.29674271738915,132.7764874230637,134.53662257229425,69672800
2023-01-19,133.01248168945312,133.97612225756075,131.53751520588366,131.8423392118264,58280400
2023-01-20,135.56907653808594,135.71658218378784,131.97999755468973,133.02230476612493,80223600
2023-01-23,138.75503540039062,140.92815961902411,135.59860004292767,135.81492969380113,81760300
2023-01-24,140.1513214111328,140.77081216801105,137.95854199183503,137.9683697007518,66435100
2023-01-25,139.49252319335938,140.05300275817604,136.49342112366645,138.53871015801215,65799300
2023-01-26,141.5574493408203,141.8426029112318,139.53181620357194,140.78062529691158,54105100
2023-01-27,143.49456787109375,144.77287517943125,140.69214050710963,140.77080718806803,70555800
2023-01-30,140.61346435546875,143.12091025214485,140.46597371619012,142.54076039880331,64015300
2023-01-31,141.88194274902344,141.93111130163894,139.9054929686203,140.31848180314623,65874500
2023-02-01,143.00289916992188,144.1632138517995,138.96150571314269,141.56727363630213,77663600
2023-02-02,148.30300903320312,148.6569866770964,145.69722523392414,146.41503824093917,118339000
2023-02-03,151.92156982421875,154.75351068440185,145.36288637728777,145.55954560277002,154357300
2023-02-06,149.1977996826172,150.5449461888697,148.2636570715711,150.02379246889225,69858300
2023-02-07,152.0690460205078,152.63936822302708,148.12597415973434,148.12597415973434,83322600
2023-02-08,149.38465881347656,152.00027061110777,148.64717529938704,151.31195566545233,64120100
2023-02-09,148.3521728515625,151.7544365931666,147.90968576195635,151.21361237069686,56007100
2023-02-10,148.7165069580078,149.0414968354293,146.95369947058745,147.1900598433605,57450700
2023-02-13,151.51339721679688,151.91715888947925,148.62788900472555,148.65743217523777,62199000
2023-02-14,150.8732452392578,151.4345954776921,148.56878800441328,149.80964612462722,61707600
2023-02-15,152.97091674804688,153.13833305811258,150.5581292969133,150.78463194852628,65573800
2023-02-16,151.37551879882812,153.95572244720177,151.02098573800205,151.17854429955682,68167900
2023-02-17,150.23313903808594,150.67630162569367,148.55896091432058,150.03617955770974,59144100
2023-02-21,146.22496032714844,149.00213887625634,146.15603126407484,147.9188390818426,58867200
2023-02-22,146.64842224121094,147.67262055430007,144.9250004924314,146.60902132895072,51011300
2023-02-23,147.13095092773438,148.0566768897737,145.0037677901394,147.810473815914,48394200
2023-02-24,144.48182678222656,144.95453250364176,143.50685714395402,144.87574571223192,55469600
2023-02-27,145.67344665527344,146.90446214048941,145.21058363066865,145.46664446890208,44998500
2023-02-28,145.1711883544922,146.81582313308783,144.5999954030627,144.81665531660641,50547000
2023-03-01,143.10308837890625,144.9939263960711,142.80764165155819,144.60000744430354,55479000
2023-03-02,143.69398498535156,144.481837933212,141.71450238763347,142.1872231725768,52238100
2023-03-03,148.73623657226562,148.81502337863614,145.09243318314816,145.79164167073546,70732300
2023-03-06,151.49371337890625,153.926201531547,151.1293375512549,151.4543124625378,87558000
2023-03-07,149.2975616455078,151.69064849711955,148.83469862838186,151.3656586110283,56182000
2023-03-08,150.5482635498047,151.1391569879468,149.5240652876753,150.48917721139935,47204800
2023-03-09,148.30291748046875,152.19292402611515,147.94838436334126,151.22781194000862,53833600
2023-03-10,146.2446746826172,148.64761988981078,145.36819204822754,147.92871088177273,68572400
2023-03-13,148.18472290039062,150.81417020284252,145.4567883472071,145.56511831219402,84457100
2023-03-14,150.27252197265625,151.07021762009597,147.82034869008896,148.98242012042218,73695900
2023-03-15,150.6664581298828,150.92250395033966,147.64307677577528,148.8937927615987,77167900
2023-03-16,153.4830322265625,154.08376844517147,149.33696504123728,149.84907174243986,76161100
2023-03-17,152.64593505859375,154.35951419092353,151.93686886777078,153.70953434482817,98944600
2023-03-20,155.0094451904297,155.4230795673691,151.80880531492744,152.7148458265595,73641400
2023-03-21,156.86093139648438,156.9791040860205,154.16253977805687,154.93070734117964,73938300
2023-03-22,155.4329376220703,159.6774765177441,155.41323716716616,156.88061300312046,75701800
2023-03-23,156.5162811279297,159.09650071807965,155.28526520629035,156.41780887042844,67622100
2023-03-24,157.8162078857422,157.9048374069247,155.4526638252611,156.44731907052963,59196500
2023-03-27,155.87611389160156,158.32830230982592,155.47233717929535,157.5109061704178,52390300
2023-03-28,155.2556915283203,156.08294548571627,153.61105638332387,155.57083875533723,45992200
2023-03-29,158.3282928466797,158.60403911493316,156.92986104995282,156.94954647836764,51305700
2023-03-30,159.89413452148438,160.0024644815908,158.82069266127598,159.07673846378026,49501700
2023-03-31,162.39553833007812,162.49402556851254,159.45095924162882,159.972908545837,68749800
2023-04-03,163.6462860107422,163.76445869825218,161.7259047034759,161.77514833228696,56976200
2023-04-04,163.11448669433594,164.30610131295074,162.60238002597387,164.06975594835677,46278300
2023-04-05,161.27288818359375,162.54330471265868,159.34266411557562,162.2380152446489,51511700
2023-04-06,162.15919494628906,162.4546416380935,159.5395906537556,159.963052724609,45390100
2023-04-10,159.5691375732422,159.5691375732422,157.6487565719111,158.96840146235982,47716900
2023-04-11,158.35781860351562,159.89412336543904,158.0722146254148,159.88428065231392,47644200
2023-04-12,157.66848754882812,159.59871163720814,157.35334033527027,158.77147274218814,50133100
2023-04-13,163.0455322265625,163.28189260314673,158.96840964951016,159.17522685740187,68445600
2023-04-14,162.7008819580078,163.79402444901268,161.3319931654023,162.09028798128088,49386500
2023-04-17,162.72055053710938,162.8781241294329,161.53877864877254,162.5826774005875,41516200
2023-04-18,163.9416961669922,164.86742208466634,163.1341429104535,163.57732044379625,49923000
2023-04-19,165.0841064453125,165.60605581206516,163.0258371209191,163.28189796071484,47720200
2023-04-20,164.11898803710938,165.32046042282218,163.04554607797024,163.56749547193866,52456400
2023-04-21,162.51377868652344,163.9220534848416,161.9918292131701,162.54332186221907,58337300
2023-04-24,162.8190155029297,163.08491902519904,161.4008834202169,162.49402564838778,41949600
2023-04-25,161.28274536132812,163.78416246885476,161.24334444666383,162.68117729099055,48714100
2023-04-26,161.27288818359375,162.7698073781101,160.32747660698578,160.58352244501583,45498800
2023-04-27,165.85227966308594,165.99999552987848,162.68118215487013,162.68118215487013,64902300
2023-04-28,167.1029815673828,167.27041291997128,165.33033104891717,165.93106728858945,55275900
2023-05-01,167.01434326171875,167.86128258741087,166.07877442017465,166.70905380019818,52472900
2023-05-02,165.98028564453125,167.76280882251325,164.9954731830596,167.50674796522142,48425700
2023-05-03,164.90687561035156,168.32417671575038,164.62128655310647,166.9257445528309,65136000
2023-05-04,163.2720489501953,164.50306450874902,161.81453073644045,162.3857237588548,81235400
2023-05-05,170.9339141845703,171.65282310766082,168.1665784150509,168.3832383689214,113453200
2023-05-08,170.86495971679688,171.20965008439242,169.49607101524845,169.86044681233003,55962800
2023-05-09,169.1612548828125,170.90436226614003,168.9938385535857,170.42181373691182,45326900
2023-05-10,170.92404174804688,171.38690478906514,169.28924951921832,170.39224965147537,53724500
2023-05-11,171.11117553710938,171.9384144483228,169.5551699505623,171.20966280003566,49514700
2023-05-12,170.1841583251953,171.653548851867,168.6358569767775,171.21962961924467,45533100
2023-05-15,169.6910400390625,170.8152782783789,169.09932936665282,170.76596654770685,37266700
2023-05-16,169.6910400390625,170.7462388458725,169.4247687316954,169.6121442795527,42110300
2023-05-17,170.30250549316406,170.53917778241149,168.06388478776768,169.3360585337975,57951600
2023-05-18,172.62985229492188,172.81722786089622,170.19400003291315,170.60819152451643,65496700
2023-05-19,172.73837280273438,173.95136353170963,172.52141315393132,173.95136353170963,55809500
2023-05-22,171.79161071777344,172.2945693897219,171.05197977463047,171.57465110395842,43570900
2023-05-23,169.1881103515625,170.9829553293692,168.9119826700276,170.7364116817252,50747300
2023-05-24,169.46426391601562,170.03624707165045,168.16252108250686,168.724632860117,45143500
2023-05-25,170.59835815429688,171.49576564962197,169.31632809947834,170.02637505144457,56058300
2023-05-26,173.0045928955078,173.3399036765556,170.7166757800904,170.92377905521317,54835000
2023-05-30,174.84873962402344,176.5153769153671,174.12883646161984,174.51344390978926,55964400
2023-05-31,174.79945373535156,176.87042648421155,174.3162227478627,174.87834951174753,99625300
2023-06-01,177.60018920898438,177.62977324467488,174.4838737017158,175.24323239604442,68901800
2023-06-02,178.44830322265625,179.26683000310032,176.7816656255451,178.52719900186148,61996900
2023-06-05,177.0972137451172,182.3929658521557,175.57849662924414,180.10504889865823,121946500
2023-06-06,176.73236083984375,177.62976831057978,174.97695616659206,177.4818481362361,64848400
2023-06-07,175.36158752441406,178.70471906299082,174.86850018805862,175.9730110061888,61944600
2023-06-08,178.07354736328125,178.3398036598064,175.00654388250445,175.44044804834044,50214900
2023-06-09,178.45816040039062,179.71059129506313,178.13272098000036,178.99068805786467,48900000
2023-06-12,181.24900817871094,181.34763164971682,178.46800386072707,178.76385922591572,54274900
2023-06-13,180.77566528320312,181.60404834381112,179.91769818813273,180.2727216495119,54929100
2023-06-14,181.40682983398438,181.84074910193183,179.50351991974284,180.8348467124019,57462900
2023-06-15,183.43833923339844,183.94129793003785,181.23917400121888,181.4166932611595,65433200
2023-06-16,182.36341857910156,184.4048073735327,181.7224110612984,184.14839232814637,101256200
2023-06-20,182.45216369628906,183.52710548415504,181.86046794433722,181.86046794433722,49799100
2023-06-21,181.41668701171875,182.84663717983523,180.0656175699355,182.34367850052172,49515700
2023-06-22,184.4146270751953,184.46393880857786,181.13066426325057,181.1997036995518,51245300
2023-06-23,184.0990753173828,184.96691381940127,182.45216546765664,182.98470820219737,53117000
2023-06-26,182.70858764648438,185.45015206010262,182.66913223239737,184.2470177435845,48088700
2023-06-27,185.45997619628906,185.78541559077308,183.10301971608257,183.31997931240525,50730800
2023-06-28,186.63356018066406,187.2745677103686,185.00637796044083,185.33180236622022,51216800
2023-06-29,186.96884155273438,187.4422162021352,186.32783407243755,186.4658979165552,46347300
2023-06-30,191.2882843017578,191.79122791985353,188.6157445714927,188.98063939826477,85213200
2023-07-03,189.79917907714844,191.19954526937022,189.10884478636748,191.10092178559267,31458200
2023-07-05,188.68478393554688,190.311965971159,187.98459336367247,188.92147125163748,46920300
2023-07-06,189.15814208984375,189.36524537083605,186.5842258571581,187.2153769807983,45094300
2023-07-07,188.04376220703125,190.0062550438309,187.60985803081866,188.7636804868427,46815000
2023-07-10,186.00242614746094,187.36335216128748,184.45412451748925,186.6434337363263,59922200
2023-07-11,185.479736328125,186.68287064614393,184.02020200954667,186.54480679233018,46638100
2023-07-12,187.14633178710938,189.04964127499804,185.86430197749195,187.057564649218,60750200
2023-07-13,187.9056854248047,188.5467078881079,187.15619821079162,187.86624506525828,41342300
2023-07-14,188.05361938476562,188.53683526319492,187.00827681367923,187.59997248992855,41616200
2023-07-17,191.30801391601562,191.63345333608896,189.15814548736353,189.24689758888442,50520200
2023-07-18,191.05160522460938,191.64331601668746,189.75971887799713,190.6768691009351,48288200
2023-07-19,192.40267944335938,195.48939585264796,189.9865395225249,190.4303301514657,80507300
2023-07-20,190.45989990234375,193.75371936128715,189.83860510668907,192.39279363664537,59581200
2023-07-21,189.2863311767578,192.27443863277517,188.58614067832426,191.4164716546598,71951700
2023-07-24,190.0851593017578,192.21530010696893,189.59207198839397,190.73603816687742,45377800
2023-07-25,190.943115234375,191.75178560391285,190.2527960456413,190.65713123041024,37283200
2023-07-26,191.81097412109375,192.93521264770516,190.64729522856234,190.9924473358141,47471900
2023-07-27,190.54867553710938,194.4736466049838,189.88794029801272,193.3099676892758,47460200
2023-07-28,193.12255859375,193.91150122150714,191.45592124266818,191.9785925358936,48291400
2023-07-31,193.73399353027344,193.77344894031904,192.56044337061044,193.34938604539337,38824100
2023-08-01,192.9056396484375,194.01015053136803,192.58020018161,193.52693454400202,35175100
2023-08-02,189.9175262451172,192.48157144604934,189.19762292480593,192.34350758944402,50389300
2023-08-03,188.52699279785156,189.7103992851957,188.05363321247987,188.92147165885288,61235200
2023-08-04,179.47390747070312,184.78938756590674,179.4048680308995,182.95510234495143,115956800
2023-08-07,176.37734985351562,180.59817633552169,174.8980878140883,179.61200164257014,97576100
2023-08-08,177.31417846679688,177.77768168655697,175.1248698685598,177.20569866966517,67823000
2023-08-09,175.72645568847656,178.42856448196,174.56276182695083,178.3693964131728,60378500
2023-08-10,175.50949096679688,178.25105509162734,175.14461118800062,176.99860916334498,54686900
2023-08-11,175.56874084472656,176.3883728930982,174.34424265962002,175.10462674008653,52036700
2023-08-14,177.2178955078125,177.44501774834183,175.09474782272636,175.74650562753334,43675600
2023-08-15,175.2329864501953,177.23762299403361,174.8379899652799,176.6451282666605,43622600
2023-08-16,174.36399841308594,176.30937200366554,174.29486573787133,174.91699954220002,46964900
2023-08-17,171.8261260986328,175.29226839022536,171.31261851419777,174.92689581745674,66062900
2023-08-18,172.30999755859375,172.9123770667114,169.8116075662743,170.14735612669347,61172200
2023-08-21,173.64309692382812,173.92948217703207,171.56934282132403,172.88272795365145,46311900
2023-08-22,175.01576232910156,175.46013721394584,174.04801023595033,174.8478880423005,42038900
2023-08-23,178.85711669921875,179.28175219727777,176.1019810531239,176.28960964053493,52722800
2023-08-24,174.17637634277344,178.8374075605793,173.8109887437673,178.41277199096436,54945800
2023-08-25,176.3785400390625,176.91178692956993,173.62340347982567,175.16391123924012,51449600
2023-08-28,177.9387664794922,178.33376298082638,176.31925671498092,177.8400098200833,43820700
2023-08-29,181.81964111328125,182.58989476243158,177.25736718090633,177.4548654120463,53003900
2023-08-30,185.3055419921875,185.50305529692773,182.43191025327192,182.62940848986258,60813900
2023-08-31,185.52281188964844,186.75719481874472,185.13768501849643,185.4931879048022,60794500
2023-09-01,187.09292602539062,187.54717042646476,185.92766090669275,187.1225500051064,45766500
2023-09-05,187.32994079589844,187.6064413525269,185.26605625958229,185.92768366781115,45280000
2023-09-06,180.62477111816406,186.49056063180015,179.2027597126584,186.0461707664675,81755800
2023-09-07,175.3416290283203,175.98351721110967,171.3718491931888,172.99135904079122,112488800
2023-09-08,175.95388793945312,177.9881638364286,175.56876103562882,176.121777292026,65551300
2023-09-11,177.11915588378906,178.0474143493556,175.12438865362392,177.82029208697838,58953100
2023-09-12,174.0973663330078,177.87951732730735,172.6358612060169,177.24751388848827,90370200
2023-09-13,172.03346252441406,175.08485308011382,171.80632524830068,174.30471474035696,84267900
2023-09-14,173.5443572998047,173.89986015970092,171.4113401404273,171.82609096561458,60895800
2023-09-15,172.8234405517578,174.29483009436805,171.64832092677912,174.27507575289644,109259500
2023-09-18,175.7465057373047,177.13889330258442,173.96899129951683,174.27511585610648,67257600
2023-09-19,176.832763671875,177.38576479928514,174.91699900323943,175.30212586469654,51826900
2023-09-20,173.2974853515625,177.45487842056565,173.20859833310675,177.0203732393163,58436200
2023-09-21,171.75697326660156,174.09737357666756,171.68785565712008,172.36923745366522,63149100
2023-09-22,172.60623168945312,174.8676297137013,171.87548661966315,172.48773574692532,56725400
2023-09-25,173.88009643554688,174.75897636563758,171.97420160197885,172.02357992644104,46172700
2023-09-26,169.81158447265625,173.01109513731117,169.51532957863083,172.63585300181884,64588900
2023-09-27,168.30068969726562,170.87808171574733,166.93794126401278,170.46333088230946,66921800
2023-09-28,168.55746459960938,169.8807195182162,165.5258128129139,167.2243249736919,56294400
2023-09-29,169.07093811035156,170.9077001905232,168.211797495528,169.87081569769032,51861100
2023-10-02,171.5792236328125,172.12235512412923,168.79444856905252,169.0808338409062,52164500
2023-10-03,170.24607849121094,171.46072207785286,168.6858318118607,170.1078282132375,49594600
2023-10-04,171.49037170410156,172.03350325883684,168.8339769739755,168.9524729247714,53020300
2023-10-05,172.7247314453125,173.2579782200924,170.52258153582127,171.61871413723316,48527900
2023-10-06,175.2725067138672,175.76625988669193,171.0163417068709,171.6286058875163,57266700
2023-10-09,176.75376892089844,176.81301689163445,173.60362121945622,174.6009972191987,42390800
2023-10-10,176.1612548828125,177.47464011941017,175.72674968355904,175.8748846750232,43698000
2023-10-11,177.5536346435547,177.60301297187604,175.3811238107674,175.9736185461729,47551100
2023-10-12,178.45228576660156,180.0619109305439,176.80313684087554,177.8202822818536,56743100
2023-10-13,176.61553955078125,179.65704624189655,175.91440332167903,179.15342336284206,51427100
2023-10-16,176.4871368408203,176.84263973108403,174.3047411678942,174.54174811745375,52517000
2023-10-17,174.93675231933594,176.19088966345473,172.61612132571108,174.44299912050275,57549400
2023-10-18,173.64309692382812,175.36136323860268,172.92222157401596,173.38635072108465,54764400
2023-10-19,173.2678680419922,175.61812287122567,173.00123711265553,173.84060845589931,59302900
2023-10-20,170.7200927734375,173.22835212793277,170.4830858385587,173.11972583296543,64244000
2023-10-23,170.83860778808594,171.8359838309846,167.80695589693704,168.77472302133776,55980100
2023-10-24,171.2731170654297,171.50023932449824,169.30797385167378,170.88799016172553,43816600
2023-10-25,168.96234130859375,170.89784530264086,168.51795139973865,169.73259505065448,57157000
2023-10-26,164.804931640625,169.2388405091802,163.600172706508,168.2414494672427,70625300
2023-10-27,166.11831665039062,166.8490767618186,164.7456834493569,164.82468576422622,58499100
2023-10-30,168.16246032714844,169.03147079181505,166.76020302980592,166.90833803254793,51131000
2023-10-31,168.636474609375,168.76484019690602,165.80232095364974,167.23421730907862,44846000
2023-11-01,171.79647827148438,172.05322449399938,167.99457285522465,168.86358325166134,56934900
2023-11-02,175.35150146484375,175.5588693503195,173.26786256268767,173.32711052996643,77334800
2023-11-03,174.44296264648438,174.61085195895754,171.18420427007575,172.06308417750907,79829200
2023-11-06,176.99073791503906,177.18823614800198,174.00847994055556,174.17635419198152,63841300
2023-11-07,179.5483856201172,180.1606346460721,176.73398690556192,176.94135477067297,70530000
2023-11-08,180.60504150390625,181.15804266662394,179.3212801943679,180.07179468790036,49340300
2023-11-09,180.13101196289062,181.81963914926845,179.5385022077218,180.67414339377055,53763500
2023-11-10,184.3136749267578,184.48178544542026,181.475802800193,181.9108804268445,66133400
2023-11-13,182.7316131591797,183.94784205398747,182.14822040593083,183.74020094629049,43627500
2023-11-14,185.34205627441406,186.0045554032819,184.21481647353394,185.59914075952597,60108400
2023-11-15,185.90565490722656,187.3789832148446,185.67823345303117,185.7474572062222,53790500
2023-11-16,187.58663940429688,188.82264852852316,186.5384909930313,187.44820698590362,54412900
2023-11-17,187.5668487548828,188.24912816814668,186.4593894684262,188.12057839811112,50922700
2023-11-20,189.3071746826172,189.76203272766995,187.75475490242272,187.7646375447921,46505100
2023-11-21,188.5062255859375,189.37638084971888,187.61630503925363,189.2676114417462,38134500
2023-11-22,189.16873168945312,190.77059476808083,188.69410838615653,189.34672485819107,39617700
2023-11-24,187.84375,188.76333367409984,187.13180743837248,188.73367065803237,24048300
2023-11-27,187.66575622558594,188.53591159550703,186.78571821300812,187.79430602014355,40552600
2023-11-28,188.2689208984375,188.94131776896225,187.28011350908017,187.65586514519703,38415400
2023-11-29,187.2504425048828,189.93999969621768,186.85492560121705,188.76331653900834,43014200
2023-11-30,187.82394409179688,188.18981305356235,186.08364867108205,187.71517468500207,48794400
2023-12-01,189.0995330810547,189.4159436040849,187.11202054575708,188.19971472368132,45704800
2023-12-04,187.3097686767578,187.9228394923183,185.35193435249073,187.85361573572166,43389500
2023-12-05,191.25511169433594,192.22413865175915,188.05137051787239,188.08104861869373,66628400
2023-12-06,190.16741943359375,192.58009647341478,189.95976327032974,192.27356863697858,41089700
2023-12-07,192.09561157226562,192.817436726138,191.42321471638212,191.4627754603769,47477700
2023-12-08,193.51950073242188,193.79636559429088,191.50232520965804,192.0263919187675,53406400
2023-12-11,191.01780700683594,191.32434997590968,189.27751140798418,190.948598334338,60943700
2023-12-12,192.53065490722656,192.54053754746204,189.5741159727842,190.91889435682484,52696900
2023-12-13,195.7443084716797,195.78385412672148,192.66911702808835,192.90642113434447,70404200
2023-12-14,195.89263916015625,197.38573293709894,193.96446770304377,195.80365011321348,66831600
2023-12-15,195.35867309570312,196.1793699091571,194.79504567055722,195.3191123528845,128538400
2023-12-18,193.6974639892578,194.4291868327445,192.21425301938103,193.8952224343076,55751900
2023-12-19,194.73570251464844,194.74558515548247,193.69745188302565,193.96443406555753,40714100
2023-12-20,192.64935302734375,195.46744514462725,192.64935302734375,194.69617655774934,52242800
2023-12-21,192.50099182128906,194.87413831888384,191.33420648650613,193.90511142023345,46482500
2023-12-22,191.43309020996094,193.22282892375426,190.81013681243016,192.9953923922105,37149600
2023-12-26,190.88926696777344,191.71986154255086,190.67172813799795,191.44299668429173,28919300
2023-12-27,190.9881134033203,191.3342019743918,188.9511728919884,190.33551208827305,48087700
2023-12-28,191.413330078125,192.4812438348005,191.00791544042355,191.96705978425237,34049900
2023-12-29,190.3750762939453,192.2241411947973,189.5840274029703,191.72973752393827,42672100
2024-01-02,183.56219482421875,186.33085840634024,181.83178197139316,185.05528848269014,82488700
2024-01-03,182.18772888183594,183.79948946618282,181.37689972544035,182.15806587250447,58414500
2024-01-04,179.87396240234375,181.04074792224714,178.85549196107084,180.11126652815247,71983600
2024-01-05,179.15211486816406,180.71443234786256,178.1534248404595,179.95306152436652,62379700
2024-01-08,183.4830780029297,183.52263874374273,179.46852282651062,180.0519155054874,59144500
2024-01-09,183.0677490234375,183.077631662927,180.68472025053543,181.8614031337526,42841800
2024-01-10,184.1060028076172,184.31364385660615,181.8614063874065,182.2866013010497,46792900
2024-01-11,183.51272583007812,184.9563909902637,181.56477442626638,184.45208965863696,49128400
2024-01-12,183.8390655517578,184.64989484239166,183.11724039185432,183.97749798089004,40477800
2024-01-16,181.57469177246094,182.1976301200088,178.90489995610474,180.12114381484557,65603000
2024-01-17,180.63531494140625,180.8825167727283,178.281963767062,179.24110807963172,47317400
2024-01-18,186.51870727539062,187.0229935165519,183.75004409317066,184.00712853391946,78005800
2024-01-19,189.41590881347656,189.80154302609114,186.7065866846462,187.21087293560348,68903000
2024-01-22,191.71983337402344,193.14371820043874,190.1080727596782,190.14763349819026,60133900
2024-01-23,192.9954071044922,193.55903452389106,191.66052626402544,192.83720939883855,42355600
2024-01-24,192.3230438232422,194.18200660712424,192.16483101440033,193.232744842077,53631300
2024-01-25,191.99671936035156,194.07322080915367,190.94858599423335,193.03497008475262,54822100
2024-01-26,190.2662811279297,192.5800863732271,189.7916578927919,192.09558049769083,44594000
2024-01-29,189.5840301513672,190.04877081575225,187.45810037105477,189.86089500402176,47145600
2024-01-30,185.93533325195312,189.65325866018404,185.37172089064353,188.80288370915284,55859400
2024-01-31,182.33604431152344,185.0058358609704,182.28661602120093,184.94649475418208,55467800
2024-02-01,184.76853942871094,184.85752846784007,181.76257176566293,181.93066720224104,64885400
2024-02-02,183.76986694335938,185.23329771545795,177.2437318686429,177.84690500460306,102551700
2024-02-05,185.57936096191406,187.13179578344227,183.75995901240586,186.04410163536497,69668800
2024-02-06,187.18124389648438,187.1911265388062,184.67956238073768,184.76855142564483,43490800
2024-02-07,187.2899627685547,188.91160586389853,186.49891404419196,188.5061913180627,53439000
2024-02-08,186.2122039794922,187.418535043408,185.2530596605407,187.27021997882892,40962000
2024-02-09,186.9745635986328,188.10324181676,186.1329987846296,186.77653768433356,45155200
2024-02-12,185.29141235351562,186.796321504533,184.9349868995182,186.54880424779185,41781900
2024-02-13,183.202392578125,184.36078680146468,181.68758795653508,183.92515394948336,56529500
2024-02-14,182.32122802734375,183.68752828939827,180.62821823999963,183.47962222785034,54630500
2024-02-15,182.03408813476562,182.65783644316613,179.5490203671251,181.72716915991907,65434500
2024-02-16,180.49949645996094,183.0142804515248,179.86585283584154,181.5984737728991,49752500
2024-02-20,179.75694274902344,180.6182980286837,178.2124373755958,179.98465441119404,53665600
2024-02-21,180.50941467285156,181.07374623255754,178.8658962581704,180.13318356154335,41371400
2024-02-22,182.53903198242188,183.1231842228548,180.64801151557128,181.65787110291916,52292200
2024-02-23,180.70741271972656,183.20237592421455,180.42028422645075,183.17267506039363,45119700
2024-02-26,179.3609161376953,180.9450175834942,178.85597124394113,180.43019254491847,40867400
2024-02-27,180.81634521484375,182.09352785249354,177.7768254792766,179.3015405274478,54318900
2024-02-28,179.61831665039062,181.30143093346823,178.34113428414614,180.69748823755316,48953900
2024-02-29,178.95497131347656,180.75690414056305,177.74708592784262,179.46981142225187,136682600
2024-03-01,177.8758087158203,178.73716395290236,175.61845249589473,177.76690051629518,73563100
2024-03-04,173.36106872558594,175.14318064223312,172.06406578926712,174.400628974546,81510100
2024-03-05,168.43055725097656,170.33148818677603,167.93552268101038,169.06420089624305,95132400
2024-03-06,167.44049072265625,169.53944760498507,167.00485787713032,169.3612273012443,68587700
2024-03-07,167.3216552734375,169.0344703547855,166.81672553933012,167.47015957545335,71765100
2024-03-08,169.03448486328125,171.9749911536114,167.26226790901475,167.32166963491963,76267000
2024-03-11,171.034423828125,172.64824117092596,170.34137853305091,171.22253935977105,60139500
2024-03-12,171.50965881347656,172.3017170819102,169.31170429451927,171.43045147590772,59825400
2024-03-13,169.43052673339844,171.4700666239107,169.06419090034882,171.05423942259554,52488700
2024-03-14,171.28192138671875,172.5789092413306,170.34135894390695,171.19281881058188,72913500
2024-03-15,170.90570068359375,170.90570068359375,168.5988381717502,169.47010369924573,121752700
2024-03-18,171.9947967529297,175.94517770513775,171.7967859641753,173.82643054023092,75604200
2024-03-19,174.3313751220703,174.8561105550952,171.31166123855039,172.6086493883763,55215200
2024-03-20,176.8956298828125,176.8956298828125,173.3511809805003,173.97492929704185,53423100
2024-03-21,169.66812133789062,175.72735394947048,169.14338597139206,175.29172116809335,106181300
2024-03-22,170.56910705566406,171.33146450930536,168.37115239719608,170.05426688241553,71160100
2024-03-25,169.15330505371094,170.2324767040703,167.76719930445816,168.87608692531137,54288300
2024-03-26,168.02462768554688,169.71763732680742,167.8959138727621,168.31174106723407,57388400
2024-03-27,171.58888244628906,171.87601096065072,168.42066417893392,168.7176879462108,60273300
2024-03-28,169.77703857421875,170.51959037094832,168.81667037520143,170.0443614510728,65672700
2024-04-01,168.34144592285156,169.54933141950085,167.79690490268092,169.48992969134684,46240500
2024-04-02,167.1632537841797,167.65828830624176,166.55931106297376,167.40087579338118,49329500
2024-04-03,167.9652099609375,168.98497988400436,166.90584392266877,167.11374996517486,47691700
2024-04-04,167.1434783935547,170.2126836435028,167.1434783935547,168.59886612133832,53704400
2024-04-05,167.8959197998047,168.69787335368648,167.2721714324497,167.90581505219322,42104800
2024-04-08,166.77713012695312,167.51968192191484,166.5692240844266,167.3513719945941,37425500
2024-04-09,167.9850311279297,168.3909631058002,166.6781477036779,167.02466284236104,42373800
2024-04-10,166.11375427246094,167.41074207868937,165.45040994054457,167.1236287527637,49709300
2024-04-11,173.30169677734375,173.7175391133101,166.49003132152566,166.66823651643443,91070300
2024-04-12,174.7967071533203,176.58872985356905,172.47994902506244,172.52944039553972,101670900
2024-04-15,170.9750213623047,174.8758957155582,170.78690583147454,173.6185038309996,73531800
2024-04-16,167.69790649414062,172.0343988146065,166.59892920522176,170.04436539186383,73711200
2024-04-17,166.3316192626953,168.95529649982927,166.3316192626953,167.92563121825307,50901200
2024-04-18,165.38113403320312,166.96525061902096,164.89600984807865,166.36130787024413,43122900
2024-04-19,163.36141967773438,164.7475105290668,162.4505578172506,164.55941006923095,68149400
2024-04-22,164.1930389404297,165.59893510418706,163.13367296874276,163.8762247169617,48116400
2024-04-23,165.24252319335938,165.39104261951863,163.28219064755024,163.70792820716713,49537800
2024-04-24,167.3414764404297,167.6186945681344,164.55938480415762,164.88609429896647,48251800
2024-04-25,168.20281982421875,168.91567070440144,166.48009434590165,167.84639438412742,50558300
2024-04-26,167.6186981201172,169.63843239437367,167.49987955768663,168.19293999888993,44838400
2024-04-29,171.7769775390625,174.28185098854456,171.38095596804143,171.64826373021612,68169400
2024-04-30,168.63844299316406,173.25216784182598,168.3117184327478,171.6086497890361,65934800
2024-05-01,167.6186981201172,170.99483730573115,167.43058257791944,167.8959162536964,50383100
2024-05-02,171.3116455078125,171.69777183075684,169.19289835753364,170.79680537480178,94214900
2024-05-03,181.55886840820312,185.14291355827163,180.84601747897057,184.7963833456082,163224100
2024-05-06,179.9054718017578,182.37073431535399,178.62827413884693,180.53911545314375,78569700
2024-05-07,180.5885772705078,183.0637497391675,179.5193160584302,181.62815272879564,77305800
2024-05-08,180.92523193359375,181.25195654794928,179.6480343404535,181.03414013837894,45057100
2024-05-09,182.7370147705078,182.8261173412062,180.30143875398937,180.74696671473313,48983000
2024-05-10,181.4779815673828,183.5004555242596,180.56588428269347,183.31208481142474,50759500
2024-05-13,184.6802215576172,185.49318663872077,183.0344740478803,183.84743912898392,72044800
2024-05-14,185.82032775878906,186.68286641073877,184.69011878206607,185.89964252722956,52393600
2024-05-15,188.09066772460938,189.0126735344407,185.76084369802737,186.29621459797372,70400000
2024-05-16,188.20962524414062,189.45881387860598,188.03117836935675,188.83421956137332,52845200
2024-05-17,188.2393798828125,189.1713095252472,187.55530322495105,187.8824709799172,41282900
2024-05-20,189.39932250976562,190.27176982167657,187.38675756521698,187.7040166341828,44361300
2024-05-21,190.69810485839844,191.07483113273048,189.2803778274553,189.44891605266244,42309400
2024-05-22,189.26051330566406,191.16403734183464,188.63593413629764,190.6187578068766,34648500
2024-05-23,185.27505493164062,189.35966699130785,185.0272019643745,189.33983451815809,51005900
2024-05-24,188.34841918945312,188.94327235106317,186.4250777783575,187.19839293954828,36327000
2024-05-28,188.35836791992188,191.3425125399711,187.4760118609873,189.86530324069457,52280100
2024-05-29,188.65577697753906,190.59895109353056,187.8824768517226,187.98162409974876,53068000
2024-05-30,189.6471710205078,190.52952698465035,188.99285067972127,189.12172393667825,49889100
2024-05-31,190.5989532470703,190.9162123421418,188.27905284340878,189.7959119633218,75158300
2024-06-03,192.3636474609375,193.31540952983562,190.86662095571478,191.24334718637152,50080500
2024-06-04,192.680908203125,193.64257895328527,191.37223723797064,192.96841099700254,47471400
2024-06-05,194.18785095214844,195.20900403542353,193.19643901671662,193.72188613227584,54156800
2024-06-06,192.809814453125,194.81247106318253,192.50247913295604,194.0094297097739,41181800
2024-06-07,195.1990966796875,195.24867030234284,192.47271383884646,192.97832848334124,53103900
2024-06-10,191.46148681640625,195.6055969774052,190.4998159349584,195.20902308787942,97010200
2024-06-11,205.37098693847656,205.38091074009856,191.96710777388114,191.98692512163242,172373300
2024-06-12,211.24012756347656,218.30888368086454,205.1231032111954,205.5890679852297,198134300
2024-06-13,212.4000701904297,214.88850837078886,209.78274363476027,212.8957760920924,97862700
2024-06-14,210.6651153564453,213.32209192759066,209.48533280144244,212.01343611534222,70122700
2024-06-17,214.80923461914062,217.06965275202606,210.89316027395952,211.53757201804441,93728300
2024-06-18,212.4496612548828,216.75240063817128,211.1707464886947,215.72132373307375,79943300
2024-06-20,207.87924194335938,212.4000929584359,207.05638337080816,212.0927425591543,86172500
2024-06-21,205.70806884765625,210.07027533194446,205.33132746963062,208.58315742215362,241805100
2024-06-24,206.35247802734375,210.87331399723786,204.8157865138524,205.93608683303725,80727000
2024-06-25,207.27452087402344,209.56468024841507,206.8184646829133,207.35382052419757,55549700
2024-06-26,211.41860961914062,213.0147835489249,208.83102368645302,209.68363861405976,66213200
2024-06-27,212.26129150390625,213.88720639689362,210.52632069800987,212.84622088780682,49772700
2024-06-28,208.81117248535156,214.21437951883613,208.4939285392998,213.91695291908772,82542700
2024-07-01,214.88853454589844,215.64200216221636,210.10001313722785,210.26855134899324,60402900
2024-07-02,218.3782958984375,218.48735180877674,213.2526983679821,214.293668724795,58046200
2024-07-03,219.6472930908203,219.6472930908203,217.1489310533617,218.11060173486678,37369800
2024-07-05,224.39617919921875,224.50523511983306,219.74645469045154,219.74645469045154,60412400
2024-07-08,225.86349487304688,225.89323602358715,221.33273465594922,225.1397532025748,59085900
2024-07-09,226.71609497070312,227.42991284004066,224.4259356098064,225.97253595078877,48076100
2024-07-10,230.97915649414062,231.0783037422216,227.28119408246098,227.3307677065015,62627700
2024-07-11,225.61561584472656,230.39421338925845,223.83107137940016,229.40280147827102,64710600
2024-07-12,228.56007385253906,230.6420447213184,226.71604726605398,226.95399154834826,53046500
2024-07-15,232.38697814941406,235.19267606238645,231.08823078613918,234.44911702590872,62631300
2024-07-16,232.8033905029297,234.24093498483407,230.33476899241614,232.9818374149499,43234300
2024-07-17,226.9143829345703,229.47222770464353,224.6936146131452,227.4794799069808,57345900
2024-07-18,222.25474548339844,228.46099458072425,220.36115997030524,228.30236502251043,66034600
2024-07-19,222.3835906982422,224.85221166233242,221.3624376981624,222.88922042587495,49151500
2024-07-22,222.03659057617188,225.82377573784976,221.17405203421455,225.06038442573598,48201800
2024-07-23,223.0775909423828,224.9910238167192,220.76759935066607,222.44308791792702,39960300
2024-07-24,216.6631622314453,222.86941075843336,215.26528287042115,222.07627816799848,61777600
2024-07-25,215.62217712402344,218.95332167523742,212.77681471652627,217.0497975364767,51391200
2024-07-26,216.08815002441406,217.6050090608147,214.15488466672127,216.8217851678197,41601300
2024-07-29,216.36573791503906,217.41663210574902,213.89711684474761,215.0967318967012,36311800
2024-07-30,216.9209442138672,218.43780333279796,214.26395224147618,217.3075942808937,41643800
2024-07-31,220.17276000976562,221.89782218872546,218.7352157578384,219.53825698895486,50036300
2024-08-01,216.48471069335938,222.55214689360594,215.15622233135366,222.44309097566543,62501000
2024-08-02,217.97183227539062,223.66254232334134,215.84030263063204,217.2679231335739,105568600
2024-08-05,207.47279357910156,211.6664621054212,194.3167520967801,197.3802115476467,119548600
2024-08-06,205.45030212402344,208.18660889381388,199.3432157724579,203.53688424769564,69660500
2024-08-07,208.01806640625,211.80525225793107,204.61751548926864,205.12313014700663,63516400
2024-08-08,211.4780731201172,212.36042911915672,207.03655197769595,211.27979376271134,47161100
2024-08-09,214.38291931152344,214.91827509282652,210.1495861717322,210.2784745623819,42201600
2024-08-12,215.9114532470703,217.8767166928247,213.99582080224636,214.46232494953352,38028100
2024-08-13,219.62364196777344,220.23902400333975,217.38044783379533,217.38044783379533,44155300
2024-08-14,220.07029724121094,221.37054778476931,218.06532277692483,218.92885985517657,41960600
2024-08-15,223.0479736328125,223.67329096872731,221.10255033510867,222.9288713384501,46414000
2024-08-16,224.36807250976562,225.14226768918678,221.98592068094572,222.25391598005478,44340200
2024-08-19,224.20925903320312,224.30852103873067,221.38045847347976,224.0405257400108,40687800
2024-08-20,224.8246307373047,225.4797235950926,223.77252016614798,224.09014645304697,30299000
2024-08-21,224.7154541015625,226.2836998547364,223.37550792716294,224.83457153469638,34765500
2024-08-22,222.859375,226.64102413052154,222.2340576918725,226.09511339685906,43695300
2024-08-23,225.1521759033203,226.52191275369313,222.66085720360698,223.98096305377334,38677300
2024-08-26,225.48965454101562,225.58891654674125,222.22414052811973,225.0727813784282,30602200
2024-08-27,226.33334350585938,227.14724957253156,223.21670725505913,224.31844891527626,35934600
2024-08-28,224.8048095703125,228.149730282918,224.00082364270057,226.22416240429726,38052200
2024-08-29,228.0802459716797,231.18696212304621,227.1770283167567,228.3879521456165,51906300
2024-08-30,227.296142578125,228.6857199244299,225.787447784096,228.47729089511273,52990800
2024-09-03,221.11248779296875,227.2961293418145,219.52438650802387,226.84948058831634,50190600
2024-09-04,219.20675659179688,220.1298295937355,215.86182100754215,220.01072730838987,43840200
2024-09-05,220.72540283203125,223.80232842315377,219.87180099289256,219.98098315180297,36615400
2024-09-06,219.177001953125,223.56411324365834,218.13481142105056,222.2837029728863,48423000
2024-09-09,219.26632690429688,219.6236489368284,215.09757995493325,219.17700018247805,67180000
2024-09-10,218.47225952148438,219.83206111139577,215.1174037589381,217.29111136152258,51591000
2024-09-11,221.0032958984375,221.43008920211523,216.26878297144034,219.81222755985956,44587100
2024-09-12,221.11248779296875,221.8866830044339,218.1844402475294,220.84449248276735,37455600
2024-09-13,220.84446716308594,222.3730019797634,220.25886075018875,221.91643313573508,36766600
2024-09-16,214.71047973632812,215.60377723416104,212.32832783334672,214.92882889414335,59357400
2024-09-17,215.17697143554688,215.28615358843467,212.904016801209,214.14471619981742,45519300
2024-09-18,219.04795837402344,221.05293280374121,215.92138686335736,215.9313221513165,59894900
2024-09-19,227.16708374023438,228.11002736409566,222.95864123060412,223.31596324984213,66781300
2024-09-20,226.5020751953125,231.3556905514529,225.92638886705737,228.2589097535001,318679900
2024-09-23,224.7849578857422,227.74278104335218,224.12986496132828,225.64847983003366,54146000
2024-09-24,225.67825317382812,227.64353192764617,224.05045616714196,226.94872814757065,43556100
2024-09-25,224.6856689453125,225.59882178569194,222.35316341740713,223.25638097071698,42308700
2024-09-26,225.82713317871094,226.7998372114188,223.73283210674714,225.60876888531146,36636700
2024-09-27,226.09510803222656,227.81224676693589,225.60876359989413,226.76013618443497,34026000
2024-09-30,231.266357421875,231.266357421875,227.9412771261621,228.3283747151782,54541900
2024-10-01,224.52688598632812,227.9412778656533,222.07526286618742,227.81225543239978,63285000
2024-10-02,225.09263610839844,225.67824256269316,221.360617941662,224.20925878310885,32880600
2024-10-03,223.9908905029297,225.12240767637772,221.65838486968212,223.46483520314058,34044200
2024-10-04,225.1125030517578,226.30357145139808,222.46237094034984,226.20430944090455,37245100
2024-10-07,220.04052734375,224.01076551273388,219.68320530273118,222.8296172342201,39505400
2024-10-08,224.0901641845703,224.298593199742,221.58890998571715,222.63110049734397,31855700
2024-10-09,227.8321075439453,228.04055170887608,223.1571606453159,223.554178398676,33591100
2024-10-10,227.3358154296875,227.7923994519787,225.47973405841245,226.0851959438118,28183500
2024-10-11,225.85691833496094,227.70307961960657,225.6484741750507,227.5938974682738,31759200
2024-10-14,229.57901000976562,230.0058033150611,226.89910245149323,226.99834931201846,39882100
2024-10-15,232.11004638671875,235.7229623804217,230.6410474142004,231.87182665313995,64751400
2024-10-16,230.055419921875,230.39288648800354,228.1298522341637,229.87676649695567,34082200
2024-10-17,230.4226837158203,232.11004699556463,228.8048220166126,231.69315867439417,32993800
2024-10-18,233.25148010253906,234.4226930307779,232.26884075534687,234.4226930307779,46431500
2024-10-21,234.720458984375,235.08771628667242,232.7055644739604,232.7055644739604,36254500
2024-10-22,234.10508728027344,234.4624093106695,230.86934872103873,232.14974382855843,38846600
2024-10-23,229.04302978515625,233.39044533687328,226.0653512199268,232.33833466706656,52287000
2024-10-24,228.8544464111328,229.10258628095696,226.71051430099084,228.26882480795348,31109500
2024-10-25,229.68821716308594,231.48474758840828,227.86191116183892,228.03064447383113,38802300
2024-10-28,231.66339111328125,232.98349712196287,230.81972458948547,231.58399967772363,36087100
2024-10-29,231.93136596679688,232.5864588417728,230.59141979007921,231.36561495313973,35417200
2024-10-30,228.387939453125,231.7328600109945,227.8420287171323,230.87925826342104,47070900
2024-10-31,224.22911071777344,228.11994197442104,223.693120129287,227.63358238786932,64370100
2024-11-01,221.25143432617188,223.67328184782377,218.6310779402587,219.32586653780092,65276700
2024-11-04,220.3581085205078,221.13230364643434,218.07523400035532,219.34570882983752,44944500
2024-11-05,221.7873992919922,222.28367900181775,219.49458945583885,220.14968230766976,28111300
2024-11-06,221.06285095214844,224.387931303672,219.54423614319148,220.95366880237512,54561100
2024-11-07,225.7874298095703,226.18446269494834,222.89909318788202,222.95864433437472,42137700
2024-11-08,225.51914978027344,227.20835428792034,224.9726384261151,225.72780810336752,38328800
2024-11-11,222.8064727783203,224.26714170400084,220.0938084143074,223.57158868270503,42005600
2024-11-12,222.8064727783203,224.15783943194586,221.9420008205612,223.12444853772337,40398300
2024-11-13,223.69081115722656,225.21109667354565,221.3457931121334,222.5878574334345,48566200
2024-11-14,226.77114868164062,227.41701609796436,223.57158960851197,223.59146688403666,44923900
2024-11-15,223.57159423828125,225.47940335635096,222.8462328667566,224.96270031544069,47923700
2024-11-18,226.5724334716797,228.28151537171908,223.74052045447314,223.82001439888424,44633700
2024-11-19,226.83074951171875,228.69881907074455,225.22103903072198,225.53899960732684,36211800
2024-11-20,227.54620361328125,228.4702922716314,224.45594670445817,226.61216873586113,35169600
2024-11-21,227.0692596435547,228.6988476019872,224.27710117470866,227.42697481306035,42108300
2024-11-22,228.41065979003906,229.25526960886552,226.6121530455377,226.6121530455377,38168300
2024-11-25,231.39161682128906,231.7692092379923,228.28149797848934,229.99057974831032,90152800
2024-11-26,233.56771850585938,234.07449047305911,231.84870566104107,231.84870566104107,45986200
2024-11-27,233.43853759765625,234.1937224347506,232.32565277909848,232.9814664022851,33498400
2024-11-29,235.82330322265625,236.3002516789311,232.48463370489634,233.3192972938568,28481400
2024-12-02,238.0689697265625,239.26134854667043,235.65440375298792,235.76370602927642,48137100
2024-12-03,241.1095428466797,241.21884512379424,237.38334952948236,238.2875760799829,38861000
2024-12-04,241.4672393798828,242.5602620666903,239.71841824290905,241.32812877991805,44383900
2024-12-05,241.49708557128906,242.98756301682806,240.59287411072174,242.44106674966693,40033900
2024-12-06,241.29833984375,243.0769846168902,240.5431701206591,241.36790273028285,36870600
2024-12-09,245.18350219726562,245.67039687977774,240.21524480725012,240.29473874492055,44649200
2024-12-10,246.19705200195312,246.63426111556626,243.78247081974237,245.3226337747269,36914800
2024-12-11,244.9251708984375,249.20780656351602,244.69662013013263,246.3858398593606,45205800
2024-12-12,246.3858184814453,247.1608653940442,244.1202792424049,245.32260415969785,32777500
2024-12-13,246.5547637939453,247.7073880681415,244.676762972136,246.24673423955153,33155300
2024-12-16,249.4462432861328,249.78409628857773,246.07776561283137,246.41561861527626,51694800
2024-12-17,251.8707733154297,252.21855739876366,248.19426586582333,248.49236434269267,51356400
2024-12-18,246.4752655029297,252.6657103008961,246.1672359539693,250.55917390522964,56774100
2024-12-19,248.20419311523438,250.400169527173,245.5213371883983,245.92873792847348,60882300
2024-12-20,252.87437438964844,253.38113119374523,244.13023820234332,246.46531011815415,147495300
2024-12-23,253.64939880371094,254.02697602810866,251.84094596601008,253.15257310041957,40858800
2024-12-24,256.56085205078125,256.5707679464462,253.6693071300515,253.86804957710976,23234700
2024-12-26,257.3755798339844,258.44874034869076,255.99442012888886,256.55086249805703,27237100
2024-12-27,253.9673614501953,257.0576331183779,251.45342458389948,256.1931309155478,42355300
2024-12-30,250.59889221191406,251.8906421270002,249.15810064436016,250.6287005424076,35557500
